name,group,category,S1,ST,ST_lo,ST_hi,raw_case,background
raw_timber|product|product size formula||depth_ratio,design,acidification,0.28526504069958825,0.5446204646483213,0.48103686810341995,0.6209506473406592,raw_timber,2050
raw_timber|product|product size formula||depth_ratio,design,climate change,0.3274193738487295,0.6046184385050365,0.5405466114518008,0.6845678583161359,raw_timber,2050
raw_timber|product|product size formula||depth_ratio,design,climate change: biogenic,0.31007787502020323,0.5829543165764709,0.5139294094375275,0.6564131263609467,raw_timber,2050
raw_timber|product|product size formula||depth_ratio,design,climate change: fossil,0.3084725078340377,0.6020670210411609,0.5378536809242572,0.6861829996538329,raw_timber,2050
raw_timber|product|product size formula||depth_ratio,design,climate change: land use and land use change,0.07000870183607906,0.16509527131787638,0.14084105815834624,0.1939824877356826,raw_timber,2050
raw_timber|product|product size formula||depth_ratio,design,ecotoxicity: freshwater,-0.006046101281216967,0.02674567031784188,0.021319673814889906,0.03465432218398108,raw_timber,2050
raw_timber|product|product size formula||depth_ratio,design,"ecotoxicity: freshwater, inorganics",-0.005920713785726689,0.02807140690833767,0.022882144961850526,0.03532214698591461,raw_timber,2050
raw_timber|product|product size formula||depth_ratio,design,"ecotoxicity: freshwater, organics",0.20289194556525375,0.4033568238161483,0.3475509101743002,0.4587950703365733,raw_timber,2050
raw_timber|product|product size formula||depth_ratio,design,energy resources: non-renewable,0.3127205726120278,0.6055224352842778,0.5418598837853367,0.6917774183326386,raw_timber,2050
raw_timber|product|product size formula||depth_ratio,design,eutrophication: freshwater,0.07905554272003829,0.16394142840599582,0.1391927296991713,0.1927936267609356,raw_timber,2050
raw_timber|product|product size formula||depth_ratio,design,eutrophication: marine,0.3143372090611502,0.586938494306401,0.520395304479964,0.6693663587806141,raw_timber,2050
raw_timber|product|product size formula||depth_ratio,design,eutrophication: terrestrial,0.3083689338775179,0.5816554406408194,0.5150011355896468,0.6624408653939311,raw_timber,2050
raw_timber|product|product size formula||depth_ratio,design,human toxicity: carcinogenic,0.06003477420244347,0.13071340179342597,0.11094739437403461,0.15488600849049405,raw_timber,2050
raw_timber|product|product size formula||depth_ratio,design,"human toxicity: carcinogenic, inorganics",-0.0030950843597145703,0.02609007892801742,0.01925056693963622,0.035396865843815704,raw_timber,2050
raw_timber|product|product size formula||depth_ratio,design,"human toxicity: carcinogenic, organics",0.09219270668713149,0.19333257547587698,0.16271316087815374,0.22483405295337291,raw_timber,2050
raw_timber|product|product size formula||depth_ratio,design,human toxicity: non-carcinogenic,0.18885948585520657,0.3564383282719689,0.3091688629208821,0.40414428090992655,raw_timber,2050
raw_timber|product|product size formula||depth_ratio,design,"human toxicity: non-carcinogenic, inorganics",0.18250808709990576,0.34454288880025896,0.2987040997491075,0.3903419908062161,raw_timber,2050
raw_timber|product|product size formula||depth_ratio,design,"human toxicity: non-carcinogenic, organics",0.26203565056495143,0.4969520939189465,0.4377024032584075,0.5683295058868068,raw_timber,2050
raw_timber|product|product size formula||depth_ratio,design,ionising radiation: human health,0.21663422677823616,0.42752762056785804,0.37843935369648746,0.4875550821885555,raw_timber,2050
raw_timber|product|product size formula||depth_ratio,design,land use,0.29660734314756393,0.5591789982085534,0.49345696868707584,0.6281230073960018,raw_timber,2050
raw_timber|product|product size formula||depth_ratio,design,material resources: metals/minerals,0.09142789672690706,0.1867980592407811,0.15659288177362868,0.21858199378818557,raw_timber,2050
raw_timber|product|product size formula||depth_ratio,design,ozone depletion,0.2880446519911846,0.5577436820513484,0.4925027569772197,0.6326589073018798,raw_timber,2050
raw_timber|product|product size formula||depth_ratio,design,particulate matter formation,0.28059797233427075,0.5423100643301741,0.47846926935833517,0.6168186381203076,raw_timber,2050
raw_timber|product|product size formula||depth_ratio,design,photochemical oxidant formation: human health,0.28627455825290643,0.5445370669213325,0.4793949053542949,0.6187917853089263,raw_timber,2050
raw_timber|product|product size formula||depth_ratio,design,water use,0.157056550774363,0.31671132409734715,0.27856722526972816,0.363895060223601,raw_timber,2050
raw_timber|product|product size formula||width_ratio,design,acidification,-0.08827712355967572,0.1575213047556043,0.13714983808298797,0.18016452469302077,raw_timber,2050
raw_timber|product|product size formula||width_ratio,design,climate change,-0.10339577362074176,0.17346548765488765,0.15312113229998658,0.19847875774721235,raw_timber,2050
raw_timber|product|product size formula||width_ratio,design,climate change: biogenic,-0.09010052490718236,0.16581724401999415,0.1464307684194169,0.19128839592907057,raw_timber,2050
raw_timber|product|product size formula||width_ratio,design,climate change: fossil,-0.09498707619471207,0.17470345933526893,0.15453944737326147,0.19981839611713456,raw_timber,2050
raw_timber|product|product size formula||width_ratio,design,climate change: land use and land use change,0.00333085980112477,0.04945254242532734,0.04189074815970849,0.05828203827667458,raw_timber,2050
raw_timber|product|product size formula||width_ratio,design,ecotoxicity: freshwater,0.009737789566272574,0.00731300913788117,0.005527645778564011,0.009684021935167162,raw_timber,2050
raw_timber|product|product size formula||width_ratio,design,"ecotoxicity: freshwater, inorganics",0.009996093111475274,0.007750567517471784,0.005996522318906544,0.01023136381124569,raw_timber,2050
raw_timber|product|product size formula||width_ratio,design,"ecotoxicity: freshwater, organics",-0.06910123169921908,0.1166863027761064,0.10093128209621281,0.13380709488132406,raw_timber,2050
raw_timber|product|product size formula||width_ratio,design,energy resources: non-renewable,-0.09300147539162706,0.17594893661321062,0.15501658176858757,0.20195700146620577,raw_timber,2050
raw_timber|product|product size formula||width_ratio,design,eutrophication: freshwater,-0.024110213260422106,0.046217671925349,0.039020356467325816,0.054883129750733874,raw_timber,2050
raw_timber|product|product size formula||width_ratio,design,eutrophication: marine,-0.09466820138488329,0.16755909720248108,0.14703904925895145,0.19012728146733918,raw_timber,2050
raw_timber|product|product size formula||width_ratio,design,eutrophication: terrestrial,-0.09258770458898347,0.16765826089015803,0.14718074626861818,0.1929776278315935,raw_timber,2050
raw_timber|product|product size formula||width_ratio,design,human toxicity: carcinogenic,-0.022666677000162772,0.03667564010548876,0.03079306552053634,0.04425243757987843,raw_timber,2050
raw_timber|product|product size formula||width_ratio,design,"human toxicity: carcinogenic, inorganics",0.008414528235012299,0.007159673047511718,0.00533722403128855,0.009597370604628154,raw_timber,2050
raw_timber|product|product size formula||width_ratio,design,"human toxicity: carcinogenic, organics",-0.03788978085416272,0.05497894647307013,0.04678166591885157,0.06486327828058544,raw_timber,2050
raw_timber|product|product size formula||width_ratio,design,human toxicity: non-carcinogenic,-0.05920924055897034,0.10170397680701627,0.08775898813437176,0.11766506262250091,raw_timber,2050
raw_timber|product|product size formula||width_ratio,design,"human toxicity: non-carcinogenic, inorganics",-0.05722824265568557,0.09820790028853628,0.08450631703813177,0.11402924458337517,raw_timber,2050
raw_timber|product|product size formula||width_ratio,design,"human toxicity: non-carcinogenic, organics",-0.08099425353720517,0.14336186597910894,0.12451454838173595,0.16469641769015017,raw_timber,2050
raw_timber|product|product size formula||width_ratio,design,ionising radiation: human health,-0.03728320551134538,0.12555177445568874,0.11016322686055358,0.14300251277315976,raw_timber,2050
raw_timber|product|product size formula||width_ratio,design,land use,-0.0862532212836044,0.1584920157459441,0.14087155578759497,0.18232131658243583,raw_timber,2050
raw_timber|product|product size formula||width_ratio,design,material resources: metals/minerals,-0.03444391316516635,0.0532074405042383,0.04505504599967335,0.06277060530827791,raw_timber,2050
raw_timber|product|product size formula||width_ratio,design,ozone depletion,-0.09478833894035697,0.1615574920418878,0.14254846207083358,0.18501446101342325,raw_timber,2050
raw_timber|product|product size formula||width_ratio,design,particulate matter formation,-0.09190402700875393,0.15680473109111037,0.13817085927495995,0.1789465593767207,raw_timber,2050
raw_timber|product|product size formula||width_ratio,design,photochemical oxidant formation: human health,-0.09044257493685431,0.15694080261778875,0.13792839873686027,0.1799017854879566,raw_timber,2050
raw_timber|product|product size formula||width_ratio,design,water use,-0.01649053172038711,0.09276669231476192,0.08058932451151353,0.10629933884957177,raw_timber,2050
raw_timber|product|product size formula||density,design,acidification,0.09984609654923998,0.13230181425532253,0.11363816336968466,0.15114138402174,raw_timber,2050
raw_timber|product|product size formula||density,design,climate change,0.0807545759290377,0.14898343576841683,0.12902422553854864,0.1669213289585104,raw_timber,2050
raw_timber|product|product size formula||density,design,climate change: biogenic,0.0724246784989782,0.13808286146881513,0.11989249888826908,0.15677494487787824,raw_timber,2050
raw_timber|product|product size formula||density,design,climate change: fossil,0.09767908836705144,0.14569570335918142,0.12456480691171463,0.16664714701397215,raw_timber,2050
raw_timber|product|product size formula||density,design,climate change: land use and land use change,0.0009630146559766168,0.03911926775625155,0.03245664014095817,0.046123526581565794,raw_timber,2050
raw_timber|product|product size formula||density,design,ecotoxicity: freshwater,0.0024331841483315074,0.007075317459008281,0.005296914604616497,0.009138126733565942,raw_timber,2050
raw_timber|product|product size formula||density,design,"ecotoxicity: freshwater, inorganics",0.000884049064953036,0.007342287358435462,0.005636016441678569,0.009328274011907035,raw_timber,2050
raw_timber|product|product size formula||density,design,"ecotoxicity: freshwater, organics",0.09053935310070274,0.09921450046296812,0.0833562940346003,0.11374036221915104,raw_timber,2050
raw_timber|product|product size formula||density,design,energy resources: non-renewable,0.09752228291292131,0.1464938724919133,0.12487813202306551,0.16681750609575008,raw_timber,2050
raw_timber|product|product size formula||density,design,eutrophication: freshwater,0.05595778789764567,0.04090730730872038,0.03366240054938087,0.04818550172834206,raw_timber,2050
raw_timber|product|product size formula||density,design,eutrophication: marine,0.08728913999581622,0.14027127240566706,0.12111645419533866,0.1580755724607385,raw_timber,2050
raw_timber|product|product size formula||density,design,eutrophication: terrestrial,0.09828946965512067,0.14038895103197435,0.12134031536217207,0.1602883716761236,raw_timber,2050
raw_timber|product|product size formula||density,design,human toxicity: carcinogenic,0.03703955343165492,0.03337813642464733,0.027228328909389116,0.03945590758311499,raw_timber,2050
raw_timber|product|product size formula||density,design,"human toxicity: carcinogenic, inorganics",0.005385476283535138,0.007116995957086726,0.005202401752363136,0.009426299416191974,raw_timber,2050
raw_timber|product|product size formula||density,design,"human toxicity: carcinogenic, organics",0.04528915352622295,0.04890091243192288,0.040309014939875126,0.056996826170272304,raw_timber,2050
raw_timber|product|product size formula||density,design,human toxicity: non-carcinogenic,0.0862072248815479,0.08700108855006501,0.07376919760279457,0.10050440606648076,raw_timber,2050
raw_timber|product|product size formula||density,design,"human toxicity: non-carcinogenic, inorganics",0.08465924348067695,0.0841301709189815,0.07137657440462897,0.09739485219825078,raw_timber,2050
raw_timber|product|product size formula||density,design,"human toxicity: non-carcinogenic, organics",0.09917201533494938,0.12089848599501647,0.10301813369202795,0.13851430317326544,raw_timber,2050
raw_timber|product|product size formula||density,design,ionising radiation: human health,0.04693492671857366,0.10160738824878113,0.08528014582370849,0.11575192246307266,raw_timber,2050
raw_timber|product|product size formula||density,design,land use,0.06508667265817192,0.13194866003250635,0.11461414975433348,0.150299949060149,raw_timber,2050
raw_timber|product|product size formula||density,design,material resources: metals/minerals,0.04813626125686367,0.04738150489590814,0.03928085690485068,0.05508203150047785,raw_timber,2050
raw_timber|product|product size formula||density,design,ozone depletion,0.09322925646109649,0.13590379180913018,0.11638287420010579,0.15613868248361756,raw_timber,2050
raw_timber|product|product size formula||density,design,particulate matter formation,0.09518689627795533,0.1320275220544924,0.11271269268317796,0.15129679266306428,raw_timber,2050
raw_timber|product|product size formula||density,design,photochemical oxidant formation: human health,0.09702733006459886,0.13205540129783452,0.11328637957013787,0.15083480337138863,raw_timber,2050
raw_timber|product|product size formula||density,design,water use,0.025317985505145777,0.07431944019856812,0.062202455574235926,0.08635172410366707,raw_timber,2050
raw_timber|production|Hard wood|recycled|share of input mass,design,acidification,-7.504776113496053e-18,1.2614765792023326e-32,7.457862652947077e-33,1.914346928338124e-32,raw_timber,2050
raw_timber|production|Hard wood|recycled|share of input mass,design,climate change,1.2317779475951248e-17,1.5289176076310507e-31,1.2286997973155741e-31,1.9127900187227375e-31,raw_timber,2050
raw_timber|production|Hard wood|recycled|share of input mass,design,climate change: biogenic,3.810732054024769e-17,1.4571563606140765e-31,1.1447493697135466e-31,1.8061415851236795e-31,raw_timber,2050
raw_timber|production|Hard wood|recycled|share of input mass,design,climate change: fossil,4.904594159101317e-17,6.080750481785505e-33,2.41752530217532e-33,1.052940290379036e-32,raw_timber,2050
raw_timber|production|Hard wood|recycled|share of input mass,design,climate change: land use and land use change,-1.5050544233265358e-17,1.5039792418866794e-32,1.1199880707613826e-32,2.003651738990337e-32,raw_timber,2050
raw_timber|production|Hard wood|recycled|share of input mass,design,ecotoxicity: freshwater,-1.4908023674863116e-17,6.91527993835121e-32,3.8491104849208807e-32,1.0851151990836202e-31,raw_timber,2050
raw_timber|production|Hard wood|recycled|share of input mass,design,"ecotoxicity: freshwater, inorganics",-3.002057345649604e-17,7.280398218060422e-32,3.827638499538802e-32,1.1083110839922946e-31,raw_timber,2050
raw_timber|production|Hard wood|recycled|share of input mass,design,"ecotoxicity: freshwater, organics",-1.672928677476994e-18,4.408425090002865e-33,2.1303368312032762e-33,7.589555512140707e-33,raw_timber,2050
raw_timber|production|Hard wood|recycled|share of input mass,design,energy resources: non-renewable,4.091378110738717e-18,2.750730535079112e-34,0.0,1.0610572198502449e-33,raw_timber,2050
raw_timber|production|Hard wood|recycled|share of input mass,design,eutrophication: freshwater,-6.397898055844107e-17,1.0109390436311431e-31,5.647007170958724e-32,1.507594785321216e-31,raw_timber,2050
raw_timber|production|Hard wood|recycled|share of input mass,design,eutrophication: marine,-7.716653098495971e-17,1.0065158564064901e-31,7.645729540797868e-32,1.3188525178188955e-31,raw_timber,2050
raw_timber|production|Hard wood|recycled|share of input mass,design,eutrophication: terrestrial,-5.757435889842215e-17,4.208115067862239e-32,2.963523437164477e-32,5.43456264014429e-32,raw_timber,2050
raw_timber|production|Hard wood|recycled|share of input mass,design,human toxicity: carcinogenic,-1.661923876174823e-17,2.3926866763118535e-32,1.6004471218053297e-32,3.267239290392113e-32,raw_timber,2050
raw_timber|production|Hard wood|recycled|share of input mass,design,"human toxicity: carcinogenic, inorganics",9.16271985200169e-18,1.716471313182958e-31,1.2797612346073485e-31,2.2655240129690294e-31,raw_timber,2050
raw_timber|production|Hard wood|recycled|share of input mass,design,"human toxicity: carcinogenic, organics",-1.1852509978716267e-17,6.697374295304256e-33,3.895819335009539e-33,9.259451072885437e-33,raw_timber,2050
raw_timber|production|Hard wood|recycled|share of input mass,design,human toxicity: non-carcinogenic,-5.959883923598372e-17,4.606461174594701e-32,3.322241393290871e-32,5.98262619972166e-32,raw_timber,2050
raw_timber|production|Hard wood|recycled|share of input mass,design,"human toxicity: non-carcinogenic, inorganics",8.21236112142986e-17,5.22239462598072e-32,3.86254282224493e-32,6.639715402354731e-32,raw_timber,2050
raw_timber|production|Hard wood|recycled|share of input mass,design,"human toxicity: non-carcinogenic, organics",8.1530854798366e-18,1.8251697422871378e-32,1.2522499728954433e-32,2.61707481884113e-32,raw_timber,2050
raw_timber|production|Hard wood|recycled|share of input mass,design,ionising radiation: human health,-6.3013595296942136e-18,1.3426698288474419e-33,0.0,3.34896878555199e-33,raw_timber,2050
raw_timber|production|Hard wood|recycled|share of input mass,design,land use,-6.625745427589733e-17,1.9562268193217035e-31,1.553891945867873e-31,2.3709503626426414e-31,raw_timber,2050
raw_timber|production|Hard wood|recycled|share of input mass,design,material resources: metals/minerals,-1.238679977774044e-18,9.976591974177986e-35,0.0,3.23066642591372e-34,raw_timber,2050
raw_timber|production|Hard wood|recycled|share of input mass,design,ozone depletion,8.277963768332763e-18,7.98375355216211e-34,0.0,2.487563214058507e-33,raw_timber,2050
raw_timber|production|Hard wood|recycled|share of input mass,design,particulate matter formation,-1.954603730596079e-17,6.127710833512855e-33,2.9660165218379427e-33,1.0692895823294264e-32,raw_timber,2050
raw_timber|production|Hard wood|recycled|share of input mass,design,photochemical oxidant formation: human health,2.1524247592644874e-17,2.766766234273948e-32,1.9903176824531453e-32,3.738783864711906e-32,raw_timber,2050
raw_timber|production|Hard wood|recycled|share of input mass,design,water use,-5.999939914618611e-18,1.453596841343923e-32,9.570316617328833e-33,1.943841317091473e-32,raw_timber,2050
raw_timber|repair|Hard wood|recycled|share of input mass,design,acidification,1.3114873504674193e-17,4.5413156851283974e-33,1.489581762570589e-33,8.298278940579328e-33,raw_timber,2050
raw_timber|repair|Hard wood|recycled|share of input mass,design,climate change,-1.0850134720649272e-17,7.699585074400974e-33,3.2389938102594205e-33,1.2552124431864456e-32,raw_timber,2050
raw_timber|repair|Hard wood|recycled|share of input mass,design,climate change: biogenic,-4.06719691505452e-17,2.264196806492642e-32,1.5047040342627991e-32,3.0881369185086843e-32,raw_timber,2050
raw_timber|repair|Hard wood|recycled|share of input mass,design,climate change: fossil,0.0,0.0,0.0,0.0,raw_timber,2050
raw_timber|repair|Hard wood|recycled|share of input mass,design,climate change: land use and land use change,8.260833221090982e-18,3.74851969102455e-33,1.8586890715974637e-33,6.143746330784164e-33,raw_timber,2050
raw_timber|repair|Hard wood|recycled|share of input mass,design,ecotoxicity: freshwater,-1.3092013414685081e-18,1.270153458064508e-32,0.0,2.9235055930687034e-32,raw_timber,2050
raw_timber|repair|Hard wood|recycled|share of input mass,design,"ecotoxicity: freshwater, inorganics",3.0342100398538262e-18,8.736477861672505e-33,0.0,1.9058235738830104e-32,raw_timber,2050
raw_timber|repair|Hard wood|recycled|share of input mass,design,"ecotoxicity: freshwater, organics",-2.4720287981723556e-19,9.042923261544337e-34,0.0,2.3989906183402657e-33,raw_timber,2050
raw_timber|repair|Hard wood|recycled|share of input mass,design,energy resources: non-renewable,-5.1135700346921616e-18,2.750730535079112e-34,0.0,8.98798277319683e-34,raw_timber,2050
raw_timber|repair|Hard wood|recycled|share of input mass,design,eutrophication: freshwater,-1.2063067068363311e-17,2.2694549959066477e-32,3.884675314838324e-33,4.9272112093060654e-32,raw_timber,2050
raw_timber|repair|Hard wood|recycled|share of input mass,design,eutrophication: marine,-4.9238596797363385e-17,1.512030546619615e-32,9.54849781232193e-33,2.1933391332109188e-32,raw_timber,2050
raw_timber|repair|Hard wood|recycled|share of input mass,design,eutrophication: terrestrial,-1.7382335833142432e-17,7.56808291274449e-33,2.7917448937060075e-33,1.24187859678797e-32,raw_timber,2050
raw_timber|repair|Hard wood|recycled|share of input mass,design,human toxicity: carcinogenic,6.514312952417961e-18,5.5271789483191755e-33,2.3250595567046607e-33,9.809169233140039e-33,raw_timber,2050
raw_timber|repair|Hard wood|recycled|share of input mass,design,"human toxicity: carcinogenic, inorganics",7.224687077802106e-18,5.03498251867001e-32,2.4893048208243085e-32,8.189922934527835e-32,raw_timber,2050
raw_timber|repair|Hard wood|recycled|share of input mass,design,"human toxicity: carcinogenic, organics",-1.1597497728505791e-18,1.0621386547619084e-33,2.3079060901373825e-34,2.2279989970603356e-33,raw_timber,2050
raw_timber|repair|Hard wood|recycled|share of input mass,design,human toxicity: non-carcinogenic,-9.258184789752688e-18,9.964997643000781e-33,5.412283040415828e-33,1.5292665541869116e-32,raw_timber,2050
raw_timber|repair|Hard wood|recycled|share of input mass,design,"human toxicity: non-carcinogenic, inorganics",1.0464199350658666e-17,9.791989923713851e-33,4.721006895161451e-33,1.583932912586408e-32,raw_timber,2050
raw_timber|repair|Hard wood|recycled|share of input mass,design,"human toxicity: non-carcinogenic, organics",-2.8084410062009868e-18,2.881846961506007e-33,5.481924972094709e-34,5.627827127412164e-33,raw_timber,2050
raw_timber|repair|Hard wood|recycled|share of input mass,design,ionising radiation: human health,0.0,0.0,0.0,0.0,raw_timber,2050
raw_timber|repair|Hard wood|recycled|share of input mass,design,land use,-1.0335662646746712e-17,2.3165843913020175e-32,1.3685853767703974e-32,3.5196658789125045e-32,raw_timber,2050
raw_timber|repair|Hard wood|recycled|share of input mass,design,material resources: metals/minerals,0.0,0.0,0.0,0.0,raw_timber,2050
raw_timber|repair|Hard wood|recycled|share of input mass,design,ozone depletion,-4.452023570652735e-18,1.9959383880405273e-34,0.0,6.229857313946832e-34,raw_timber,2050
raw_timber|repair|Hard wood|recycled|share of input mass,design,particulate matter formation,1.5524297483824315e-17,3.0638554167564273e-33,9.78205298025082e-34,5.729743241989372e-33,raw_timber,2050
raw_timber|repair|Hard wood|recycled|share of input mass,design,photochemical oxidant formation: human health,-3.981673293081783e-18,3.640481887202563e-33,1.1898138911863806e-33,6.753153267897303e-33,raw_timber,2050
raw_timber|repair|Hard wood|recycled|share of input mass,design,water use,2.8384807011449125e-17,4.203171589428211e-33,1.6030421110510215e-33,6.648969972956752e-33,raw_timber,2050
raw_timber|production|Scanning||machine weight,manufacturing,acidification,2.220847730547633e-05,1.4520496863612097e-07,1.1305093853020747e-07,1.867287042841625e-07,raw_timber,2050
raw_timber|production|Scanning||machine weight,manufacturing,climate change,6.413770790508184e-06,1.747004622485945e-09,1.3670598254470615e-09,2.239811746298272e-09,raw_timber,2050
raw_timber|production|Scanning||machine weight,manufacturing,climate change: biogenic,3.5841468030223075e-07,6.559862463960219e-12,5.0778889293138685e-12,8.452425659328623e-12,raw_timber,2050
raw_timber|production|Scanning||machine weight,manufacturing,climate change: fossil,3.265408229293339e-05,1.7461263684211722e-07,1.3527230470045028e-07,2.2439394271455365e-07,raw_timber,2050
raw_timber|production|Scanning||machine weight,manufacturing,climate change: land use and land use change,1.1267087530125284e-05,1.5140347043248377e-08,1.1915138942061787e-08,1.9263262714447697e-08,raw_timber,2050
raw_timber|production|Scanning||machine weight,manufacturing,ecotoxicity: freshwater,-0.00013123517084825175,2.604984199539471e-06,2.007564370170401e-06,3.254995442789442e-06,raw_timber,2050
raw_timber|production|Scanning||machine weight,manufacturing,"ecotoxicity: freshwater, inorganics",-0.00013386832026447362,2.5923783562722277e-06,2.003875334562147e-06,3.2362357225542202e-06,raw_timber,2050
raw_timber|production|Scanning||machine weight,manufacturing,"ecotoxicity: freshwater, organics",2.0734603382136476e-05,1.0938671314542592e-06,8.412246572491917e-07,1.3865511287420095e-06,raw_timber,2050
raw_timber|production|Scanning||machine weight,manufacturing,energy resources: non-renewable,1.911239954911164e-05,6.136961601479716e-08,4.819261221024502e-08,7.934535177936854e-08,raw_timber,2050
raw_timber|production|Scanning||machine weight,manufacturing,eutrophication: freshwater,-2.5887212737736405e-05,2.914642117896295e-06,2.179479609880308e-06,3.6601769209536035e-06,raw_timber,2050
raw_timber|production|Scanning||machine weight,manufacturing,eutrophication: marine,1.9842639727000964e-05,3.101110234729516e-08,2.400979658241384e-08,3.981233830475895e-08,raw_timber,2050
raw_timber|production|Scanning||machine weight,manufacturing,eutrophication: terrestrial,2.0148113085381226e-05,6.343555377209895e-08,4.914317803306451e-08,8.137653477572085e-08,raw_timber,2050
raw_timber|production|Scanning||machine weight,manufacturing,human toxicity: carcinogenic,-2.310456848160627e-05,7.312402721183313e-07,5.511089429505971e-07,9.126786672764016e-07,raw_timber,2050
raw_timber|production|Scanning||machine weight,manufacturing,"human toxicity: carcinogenic, inorganics",-9.546559760788091e-05,3.1753733272458204e-06,2.441824537919611e-06,3.936235388822493e-06,raw_timber,2050
raw_timber|production|Scanning||machine weight,manufacturing,"human toxicity: carcinogenic, organics",-8.875418900472206e-06,2.673474462522767e-07,2.0099908444834293e-07,3.3471707646233526e-07,raw_timber,2050
raw_timber|production|Scanning||machine weight,manufacturing,human toxicity: non-carcinogenic,3.336037571699234e-05,1.2127652844685768e-06,9.184175324617967e-07,1.53963289988405e-06,raw_timber,2050
raw_timber|production|Scanning||machine weight,manufacturing,"human toxicity: non-carcinogenic, inorganics",3.2813225821841735e-05,1.3011156146356957e-06,9.84075124427362e-07,1.6499503764768644e-06,raw_timber,2050
raw_timber|production|Scanning||machine weight,manufacturing,"human toxicity: non-carcinogenic, organics",2.726682897290005e-05,3.1340009819015723e-07,2.4255042249596485e-07,4.0187632523358983e-07,raw_timber,2050
raw_timber|production|Scanning||machine weight,manufacturing,ionising radiation: human health,1.0363749110071152e-05,9.732707623496055e-09,7.708443915767685e-09,1.2813794511327883e-08,raw_timber,2050
raw_timber|production|Scanning||machine weight,manufacturing,land use,-2.315930005919873e-06,2.3565244236003787e-10,1.8165633905631136e-10,3.0504286735317236e-10,raw_timber,2050
raw_timber|production|Scanning||machine weight,manufacturing,material resources: metals/minerals,-6.344455708156198e-06,4.7738140055991715e-08,3.5884755445782294e-08,5.999236934226586e-08,raw_timber,2050
raw_timber|production|Scanning||machine weight,manufacturing,ozone depletion,2.9624045963759365e-06,2.5594561039959554e-09,1.990776944637821e-09,3.2857015295579037e-09,raw_timber,2050
raw_timber|production|Scanning||machine weight,manufacturing,particulate matter formation,1.7294068471137954e-05,8.833609098701582e-08,6.830522284003341e-08,1.1302145025033869e-07,raw_timber,2050
raw_timber|production|Scanning||machine weight,manufacturing,photochemical oxidant formation: human health,2.3782548203013133e-05,1.2969568347696186e-07,9.988393285972219e-08,1.6600534300191827e-07,raw_timber,2050
raw_timber|production|Scanning||machine weight,manufacturing,water use,3.126208986578713e-05,7.05184729357146e-08,5.573226442549905e-08,9.190849880519543e-08,raw_timber,2050
raw_timber|production|Scanning||power,manufacturing,acidification,0.0033241947578995378,2.223417683655328e-05,1.910528119827712e-05,2.595682355245619e-05,raw_timber,2050
raw_timber|production|Scanning||power,manufacturing,climate change,0.00012786019504243683,3.6196242578664514e-08,3.091618024418523e-08,4.254611533603312e-08,raw_timber,2050
raw_timber|production|Scanning||power,manufacturing,climate change: biogenic,3.141258292755495e-05,2.436918850594433e-09,2.100403145248257e-09,2.7929685016679957e-09,raw_timber,2050
raw_timber|production|Scanning||power,manufacturing,climate change: fossil,0.0013193537192497625,3.4175672845925466e-06,2.9414356453618194e-06,4.0132379189035975e-06,raw_timber,2050
raw_timber|production|Scanning||power,manufacturing,climate change: land use and land use change,0.0006817888722685982,1.8288222487093146e-05,1.5507415091648058e-05,2.150906204660001e-05,raw_timber,2050
raw_timber|production|Scanning||power,manufacturing,ecotoxicity: freshwater,0.0019204530767402354,0.00017865959887200256,0.00015094857198243915,0.0002083797248852223,raw_timber,2050
raw_timber|production|Scanning||power,manufacturing,"ecotoxicity: freshwater, inorganics",0.0017150721254949094,0.0001804297891488595,0.0001523949833462898,0.00021058331351755306,raw_timber,2050
raw_timber|production|Scanning||power,manufacturing,"ecotoxicity: freshwater, organics",0.0033772503604883037,2.661366798220919e-05,2.2850950036926718e-05,3.080747717023093e-05,raw_timber,2050
raw_timber|production|Scanning||power,manufacturing,energy resources: non-renewable,0.0019200332996994554,7.439204108473582e-06,6.4372427663551316e-06,8.651491679654094e-06,raw_timber,2050
raw_timber|production|Scanning||power,manufacturing,eutrophication: freshwater,0.005370566908166788,0.00012507707776658052,0.00010585609565367745,0.00014677293897830143,raw_timber,2050
raw_timber|production|Scanning||power,manufacturing,eutrophication: marine,0.0015596994211063606,5.007590044045617e-06,4.345107035557455e-06,5.820556465698695e-06,raw_timber,2050
raw_timber|production|Scanning||power,manufacturing,eutrophication: terrestrial,0.00295901150327841,1.741542842813894e-05,1.4999048975510897e-05,2.0566070125252775e-05,raw_timber,2050
raw_timber|production|Scanning||power,manufacturing,human toxicity: carcinogenic,0.002550600585030337,3.4056778576268324e-05,2.8440366648243097e-05,4.0391440352945e-05,raw_timber,2050
raw_timber|production|Scanning||power,manufacturing,"human toxicity: carcinogenic, inorganics",0.002448363517300461,0.00019259096933045997,0.00016246962733344918,0.00022797318668075253,raw_timber,2050
raw_timber|production|Scanning||power,manufacturing,"human toxicity: carcinogenic, organics",0.0014828890831844138,9.398096901949972e-06,7.614212455993214e-06,1.1580420417860712e-05,raw_timber,2050
raw_timber|production|Scanning||power,manufacturing,human toxicity: non-carcinogenic,0.0055634150043350145,7.912442033939506e-05,6.768255277456799e-05,9.033848266729704e-05,raw_timber,2050
raw_timber|production|Scanning||power,manufacturing,"human toxicity: non-carcinogenic, inorganics",0.005608421530328814,8.222190726920296e-05,7.04026315369455e-05,9.394168456449945e-05,raw_timber,2050
raw_timber|production|Scanning||power,manufacturing,"human toxicity: non-carcinogenic, organics",0.00439953009158534,4.064743834952402e-05,3.477851003873379e-05,4.703512104642695e-05,raw_timber,2050
raw_timber|production|Scanning||power,manufacturing,ionising radiation: human health,0.002409872287921323,2.8194123223878876e-05,2.412584276569125e-05,3.250497632173581e-05,raw_timber,2050
raw_timber|production|Scanning||power,manufacturing,land use,-0.0005032849798855925,6.30087483419654e-07,5.348588492981695e-07,7.287292141357374e-07,raw_timber,2050
raw_timber|production|Scanning||power,manufacturing,material resources: metals/minerals,0.0028182377687830974,3.1978279305505046e-05,2.6701806569027964e-05,3.7870385533419725e-05,raw_timber,2050
raw_timber|production|Scanning||power,manufacturing,ozone depletion,0.0011375170878340586,2.564038784663236e-06,2.167913423868069e-06,3.0460271286230832e-06,raw_timber,2050
raw_timber|production|Scanning||power,manufacturing,particulate matter formation,0.0017828325833180955,6.313416160437386e-06,5.436024117091438e-06,7.395049411692923e-06,raw_timber,2050
raw_timber|production|Scanning||power,manufacturing,photochemical oxidant formation: human health,0.0027172260205577175,1.476172839776028e-05,1.2729512654442566e-05,1.7334377330082836e-05,raw_timber,2050
raw_timber|production|Scanning||power,manufacturing,water use,0.0019303881723933872,3.2001991738195846e-05,2.7132954041521487e-05,3.6876180413655285e-05,raw_timber,2050
raw_timber|production|Scanning||output rate,manufacturing,acidification,0.004077829463082161,2.648876301641141e-05,2.3134241140923387e-05,3.107408137538254e-05,raw_timber,2050
raw_timber|production|Scanning||output rate,manufacturing,climate change,0.00019646161813208796,5.2108391721931344e-08,4.453061701853554e-08,6.283367280622127e-08,raw_timber,2050
raw_timber|production|Scanning||output rate,manufacturing,climate change: biogenic,4.074185222942771e-05,2.7852207069686e-09,2.4164211418621845e-09,3.269322426695188e-09,raw_timber,2050
raw_timber|production|Scanning||output rate,manufacturing,climate change: fossil,0.0018928934933849471,4.96064756058852e-06,4.3247655804235865e-06,5.87939004932809e-06,raw_timber,2050
raw_timber|production|Scanning||output rate,manufacturing,climate change: land use and land use change,0.001335792053788625,2.0185034622335205e-05,1.6875432961136805e-05,2.4148144761565392e-05,raw_timber,2050
raw_timber|production|Scanning||output rate,manufacturing,ecotoxicity: freshwater,0.00015067293667428628,0.00022478904184587047,0.00018498303610542635,0.000268847034191414,raw_timber,2050
raw_timber|production|Scanning||output rate,manufacturing,"ecotoxicity: freshwater, inorganics",-0.00014215749048374784,0.0002267420018455517,0.00018672956213395167,0.00027128089480762084,raw_timber,2050
raw_timber|production|Scanning||output rate,manufacturing,"ecotoxicity: freshwater, organics",0.00434573032133323,3.738940634373462e-05,3.129178859304113e-05,4.4102454103269736e-05,raw_timber,2050
raw_timber|production|Scanning||output rate,manufacturing,energy resources: non-renewable,0.0024845880542312426,8.988400525198354e-06,7.873582848987692e-06,1.0701198391967306e-05,raw_timber,2050
raw_timber|production|Scanning||output rate,manufacturing,eutrophication: freshwater,0.005694423941951726,0.0001643517108753937,0.00013586530839186905,0.00020024062733095017,raw_timber,2050
raw_timber|production|Scanning||output rate,manufacturing,eutrophication: marine,0.0019630495601188937,5.951480136021919e-06,5.187642719803115e-06,6.978787207569773e-06,raw_timber,2050
raw_timber|production|Scanning||output rate,manufacturing,eutrophication: terrestrial,0.0036255742897556417,2.0178321334656216e-05,1.7531312836864844e-05,2.3957130753841142e-05,raw_timber,2050
raw_timber|production|Scanning||output rate,manufacturing,human toxicity: carcinogenic,0.002599378680918632,4.428388842799829e-05,3.630384884701061e-05,5.392091196650671e-05,raw_timber,2050
raw_timber|production|Scanning||output rate,manufacturing,"human toxicity: carcinogenic, inorganics",0.0007423480462147779,0.00024486000010697607,0.0002035784373501959,0.00029226167494517217,raw_timber,2050
raw_timber|production|Scanning||output rate,manufacturing,"human toxicity: carcinogenic, organics",0.001647250124776337,1.2474098207285816e-05,9.842260469324505e-06,1.536872482196488e-05,raw_timber,2050
raw_timber|production|Scanning||output rate,manufacturing,human toxicity: non-carcinogenic,0.006504560542201076,9.996950707835754e-05,8.476856708880437e-05,0.00011776325487715594,raw_timber,2050
raw_timber|production|Scanning||output rate,manufacturing,"human toxicity: non-carcinogenic, inorganics",0.006530971922344213,0.00010416503053178076,8.81588176354659e-05,0.0001231844961751107,raw_timber,2050
raw_timber|production|Scanning||output rate,manufacturing,"human toxicity: non-carcinogenic, organics",0.00531062939132009,4.889238874176646e-05,4.23403534002274e-05,5.794266509788333e-05,raw_timber,2050
raw_timber|production|Scanning||output rate,manufacturing,ionising radiation: human health,0.0033763827954650942,3.074131306538588e-05,2.604580820996451e-05,3.723930353807867e-05,raw_timber,2050
raw_timber|production|Scanning||output rate,manufacturing,land use,-0.0006284400298456913,6.894673032674126e-07,6.046046392206079e-07,8.026461542127007e-07,raw_timber,2050
raw_timber|production|Scanning||output rate,manufacturing,material resources: metals/minerals,0.0027675003987782305,3.596831806001735e-05,2.9465831216269348e-05,4.323389484077652e-05,raw_timber,2050
raw_timber|production|Scanning||output rate,manufacturing,ozone depletion,0.0013290642968212317,2.858277019245659e-06,2.4272983347279873e-06,3.3485893588158703e-06,raw_timber,2050
raw_timber|production|Scanning||output rate,manufacturing,particulate matter formation,0.0022462628576325914,7.91155160023526e-06,6.828669051516336e-06,9.386788961095182e-06,raw_timber,2050
raw_timber|production|Scanning||output rate,manufacturing,photochemical oxidant formation: human health,0.0033586001299638385,1.7910469557729843e-05,1.5597691020283563e-05,2.1076581835709247e-05,raw_timber,2050
raw_timber|production|Scanning||output rate,manufacturing,water use,0.0029980069062183435,3.6269541924878136e-05,3.0465724654061696e-05,4.372235711735496e-05,raw_timber,2050
raw_timber|production|Scanning||machine lifetime,manufacturing,acidification,7.933930428145921e-05,1.4508809804423843e-07,1.1877804665644811e-07,1.803702154509116e-07,raw_timber,2050
raw_timber|production|Scanning||machine lifetime,manufacturing,climate change,7.6084811331430056e-06,1.7455914549064638e-09,1.3858120256624606e-09,2.1957263702822344e-09,raw_timber,2050
raw_timber|production|Scanning||machine lifetime,manufacturing,climate change: biogenic,4.722253354477788e-07,6.5545904491842316e-12,5.1914155944937495e-12,8.169770103696264e-12,raw_timber,2050
raw_timber|production|Scanning||machine lifetime,manufacturing,climate change: fossil,8.667772863041308e-05,1.744713818932746e-07,1.433080538056951e-07,2.1813303252266287e-07,raw_timber,2050
raw_timber|production|Scanning||machine lifetime,manufacturing,climate change: land use and land use change,1.6679873107710936e-06,1.5128179817274492e-08,1.2359557136364232e-08,1.850304211893425e-08,raw_timber,2050
raw_timber|production|Scanning||machine lifetime,manufacturing,ecotoxicity: freshwater,0.00010421693747757527,2.6028906900867734e-06,2.0727479073836868e-06,3.2666118152255216e-06,raw_timber,2050
raw_timber|production|Scanning||machine lifetime,manufacturing,"ecotoxicity: freshwater, inorganics",9.625404016520205e-05,2.59029499275741e-06,2.0657484007128064e-06,3.248228430244156e-06,raw_timber,2050
raw_timber|production|Scanning||machine lifetime,manufacturing,"ecotoxicity: freshwater, organics",0.0002163282731483072,1.0929874027947956e-06,8.796161133463656e-07,1.3627663426243164e-06,raw_timber,2050
raw_timber|production|Scanning||machine lifetime,manufacturing,energy resources: non-renewable,5.0078226085548344e-05,6.131980874870766e-08,5.0414972736862445e-08,7.663555698144668e-08,raw_timber,2050
raw_timber|production|Scanning||machine lifetime,manufacturing,eutrophication: freshwater,0.00027063962201893916,2.912300029501909e-06,2.349243707353988e-06,3.6121426065285e-06,raw_timber,2050
raw_timber|production|Scanning||machine lifetime,manufacturing,eutrophication: marine,3.4967660109039606e-05,3.098569348233366e-08,2.478566812189368e-08,3.877817944613035e-08,raw_timber,2050
raw_timber|production|Scanning||machine lifetime,manufacturing,eutrophication: terrestrial,5.136579712999957e-05,6.338351902785e-08,5.211396013514103e-08,7.893648003624771e-08,raw_timber,2050
raw_timber|production|Scanning||machine lifetime,manufacturing,human toxicity: carcinogenic,0.0001375085978854518,7.30652612754168e-07,5.822635903702446e-07,9.209599378914686e-07,raw_timber,2050
raw_timber|production|Scanning||machine lifetime,manufacturing,"human toxicity: carcinogenic, inorganics",0.00012725185378802088,3.1728216754020123e-06,2.5015032427869705e-06,3.9795486787122695e-06,raw_timber,2050
raw_timber|production|Scanning||machine lifetime,manufacturing,"human toxicity: carcinogenic, organics",9.40308518949072e-05,2.671325569171399e-07,2.1348388501396105e-07,3.3828128521227523e-07,raw_timber,2050
raw_timber|production|Scanning||machine lifetime,manufacturing,human toxicity: non-carcinogenic,0.0002122257888620832,1.211790696497638e-06,9.770555649643139e-07,1.5090270380217022e-06,raw_timber,2050
raw_timber|production|Scanning||machine lifetime,manufacturing,"human toxicity: non-carcinogenic, inorganics",0.000218026559224873,1.300070045151308e-06,1.0451675002091225e-06,1.6196395917964668e-06,raw_timber,2050
raw_timber|production|Scanning||machine lifetime,manufacturing,"human toxicity: non-carcinogenic, organics",0.00011496019145277346,3.1314793961390863e-07,2.555905493476822e-07,3.887928874831817e-07,raw_timber,2050
raw_timber|production|Scanning||machine lifetime,manufacturing,ionising radiation: human health,1.0472464677119339e-05,9.724885613084334e-09,8.027978787574977e-09,1.1923165974189338e-08,raw_timber,2050
raw_timber|production|Scanning||machine lifetime,manufacturing,land use,-2.696533601410956e-06,2.354585597499431e-10,1.8486932107571034e-10,2.929406686170623e-10,raw_timber,2050
raw_timber|production|Scanning||machine lifetime,manufacturing,material resources: metals/minerals,3.815090579444937e-05,4.7699771667798254e-08,3.8514216910942813e-08,5.984421607430037e-08,raw_timber,2050
raw_timber|production|Scanning||machine lifetime,manufacturing,ozone depletion,1.0824737758086154e-05,2.5573765041805686e-09,2.082782446217503e-09,3.1952512767528893e-09,raw_timber,2050
raw_timber|production|Scanning||machine lifetime,manufacturing,particulate matter formation,6.347841894087172e-05,8.8264620885388e-08,7.17722608810464e-08,1.099748279825214e-07,raw_timber,2050
raw_timber|production|Scanning||machine lifetime,manufacturing,photochemical oxidant formation: human health,7.53032820840493e-05,1.2958947149047472e-07,1.058008881455711e-07,1.613661695009334e-07,raw_timber,2050
raw_timber|production|Scanning||machine lifetime,manufacturing,water use,1.746961630693502e-05,7.046180462092378e-08,5.8317741373987605e-08,8.563412435085358e-08,raw_timber,2050
raw_timber|production|Scanning||process yield,manufacturing,acidification,-0.004110954324077836,0.00039688340413739114,0.0003353076443380688,0.00045798333148280043,raw_timber,2050
raw_timber|production|Scanning||process yield,manufacturing,climate change,0.00028272068050958984,0.04359499486027004,0.03732426004639799,0.04995941331669085,raw_timber,2050
raw_timber|production|Scanning||process yield,manufacturing,climate change: biogenic,-0.008481303233733922,0.037925196003329616,0.03235177953133245,0.043867098339356786,raw_timber,2050
raw_timber|production|Scanning||process yield,manufacturing,climate change: fossil,-0.00185700419215548,7.11502103198345e-05,6.024654161046557e-05,8.206277988224e-05,raw_timber,2050
raw_timber|production|Scanning||process yield,manufacturing,climate change: land use and land use change,0.0055485842029358605,0.002028909314195167,0.0017153225581942517,0.0024212998799829737,raw_timber,2050
raw_timber|production|Scanning||process yield,manufacturing,ecotoxicity: freshwater,-0.0008266131114641306,0.0017829515384127964,0.0014736220140333166,0.0021162446826728655,raw_timber,2050
raw_timber|production|Scanning||process yield,manufacturing,"ecotoxicity: freshwater, inorganics",-0.0005858821426890521,0.0018776135623136414,0.0015533587715170019,0.002224382634729472,raw_timber,2050
raw_timber|production|Scanning||process yield,manufacturing,"ecotoxicity: freshwater, organics",0.0034145253106119358,0.0002497171678105015,0.00020835761905474973,0.00029245392080521357,raw_timber,2050
raw_timber|production|Scanning||process yield,manufacturing,energy resources: non-renewable,-0.00015473812860562641,7.787710823819205e-07,6.320984947726144e-07,9.284063123082609e-07,raw_timber,2050
raw_timber|production|Scanning||process yield,manufacturing,eutrophication: freshwater,-0.00639713885487003,0.003408062734975091,0.002804407979507232,0.0040766939273111525,raw_timber,2050
raw_timber|production|Scanning||process yield,manufacturing,eutrophication: marine,-0.013939900815417669,0.022674482178224382,0.01921253277043969,0.026227024709371445,raw_timber,2050
raw_timber|production|Scanning||process yield,manufacturing,eutrophication: terrestrial,-0.01050471149000604,0.003632034638031966,0.003070517981836608,0.004206777897160524,raw_timber,2050
raw_timber|production|Scanning||process yield,manufacturing,human toxicity: carcinogenic,-0.004425804741372357,0.0018303681108543166,0.001490320606253917,0.0022280115479133837,raw_timber,2050
raw_timber|production|Scanning||process yield,manufacturing,"human toxicity: carcinogenic, inorganics",0.005751058226239881,0.016183570252155305,0.01335446179460687,0.01922949364672541,raw_timber,2050
raw_timber|production|Scanning||process yield,manufacturing,"human toxicity: carcinogenic, organics",-0.0020729068834528437,0.00018650791968152598,0.00015251467594754324,0.00022558244351082084,raw_timber,2050
raw_timber|production|Scanning||process yield,manufacturing,human toxicity: non-carcinogenic,-0.010548162584575636,0.006048917669891576,0.005013763712028575,0.007157718332909238,raw_timber,2050
raw_timber|production|Scanning||process yield,manufacturing,"human toxicity: non-carcinogenic, inorganics",-0.010608157459807806,0.0065910383834748435,0.0054615462831441456,0.00781228215905015,raw_timber,2050
raw_timber|production|Scanning||process yield,manufacturing,"human toxicity: non-carcinogenic, organics",-0.006094549278442356,0.0009965062154642921,0.000839522506372604,0.0011555711144535976,raw_timber,2050
raw_timber|production|Scanning||process yield,manufacturing,ionising radiation: human health,0.0013884154287260389,4.5022592320802876e-05,3.832949897392309e-05,5.338042924270865e-05,raw_timber,2050
raw_timber|production|Scanning||process yield,manufacturing,land use,-0.0026441652938978496,0.04998631839190274,0.04292848941679402,0.058035721338632405,raw_timber,2050
raw_timber|production|Scanning||process yield,manufacturing,material resources: metals/minerals,0.0003995451750796849,1.054478750320969e-05,8.708313892007566e-06,1.2634470341298284e-05,raw_timber,2050
raw_timber|production|Scanning||process yield,manufacturing,ozone depletion,-0.00038152633810556333,2.555845921777957e-06,2.169548642241972e-06,2.9737485259070966e-06,raw_timber,2050
raw_timber|production|Scanning||process yield,manufacturing,particulate matter formation,-0.0032658563914143924,0.0002388096362623307,0.00020239999048387574,0.00027642860432612983,raw_timber,2050
raw_timber|production|Scanning||process yield,manufacturing,photochemical oxidant formation: human health,-0.008606209707319321,0.0021917877030780517,0.0018513726635786044,0.002549496624442704,raw_timber,2050
raw_timber|production|Scanning||process yield,manufacturing,water use,-0.003261963762745276,0.0010609051526354917,0.0009002867231432143,0.001255206838899178,raw_timber,2050
raw_timber|production|Scanning||machine source,manufacturing,acidification,0.00011937590044242279,1.2663925522528128e-05,1.1164908828592717e-05,1.4522526313429773e-05,raw_timber,2050
raw_timber|production|Scanning||machine source,manufacturing,climate change,2.1551452186043906e-05,1.517099659402702e-07,1.3540890259599843e-07,1.7315128606174861e-07,raw_timber,2050
raw_timber|production|Scanning||machine source,manufacturing,climate change: biogenic,1.125473507468583e-06,5.737738715913605e-10,5.09231231770913e-10,6.51731021927108e-10,raw_timber,2050
raw_timber|production|Scanning||machine source,manufacturing,climate change: fossil,0.0001036532442659953,1.516273220182276e-05,1.3487204157645794e-05,1.7195535366353893e-05,raw_timber,2050
raw_timber|production|Scanning||machine source,manufacturing,climate change: land use and land use change,-0.00010486995107278834,1.3246554191029212e-06,1.1609345563911987e-06,1.5093551222386157e-06,raw_timber,2050
raw_timber|production|Scanning||machine source,manufacturing,ecotoxicity: freshwater,0.0008970358746436428,0.00022787852555454223,0.00019284258652345747,0.0002669739957731618,raw_timber,2050
raw_timber|production|Scanning||machine source,manufacturing,"ecotoxicity: freshwater, inorganics",0.0008880566688378546,0.0002267834306373794,0.00019197080714895544,0.0002656956543696091,raw_timber,2050
raw_timber|production|Scanning||machine source,manufacturing,"ecotoxicity: freshwater, organics",0.00048402905083649243,9.551221321295644e-05,8.25232434324163e-05,0.00010804510456147802,raw_timber,2050
raw_timber|production|Scanning||machine source,manufacturing,energy resources: non-renewable,4.106076377310711e-05,5.319082464721482e-06,4.7178765381701075e-06,6.052948272449025e-06,raw_timber,2050
raw_timber|production|Scanning||machine source,manufacturing,eutrophication: freshwater,0.0010452980578229368,0.0002551827875769002,0.00021782061217365722,0.00030006306192559984,raw_timber,2050
raw_timber|production|Scanning||machine source,manufacturing,eutrophication: marine,8.112324728893468e-05,2.6764994097668977e-06,2.3803470437387143e-06,3.0626456963057927e-06,raw_timber,2050
raw_timber|production|Scanning||machine source,manufacturing,eutrophication: terrestrial,7.926866687446522e-05,5.472634274976669e-06,4.82736722795696e-06,6.2852446679907235e-06,raw_timber,2050
raw_timber|production|Scanning||machine source,manufacturing,human toxicity: carcinogenic,0.0006631812001998832,6.39702809293602e-05,5.3671972900156964e-05,7.599600641758408e-05,raw_timber,2050
raw_timber|production|Scanning||machine source,manufacturing,"human toxicity: carcinogenic, inorganics",0.0012272692719034286,0.00027794486702919184,0.0002386495739240718,0.0003250435766020376,raw_timber,2050
raw_timber|production|Scanning||machine source,manufacturing,"human toxicity: carcinogenic, organics",0.00039636341945807185,2.3373408697413865e-05,1.966438991196926e-05,2.763050978743664e-05,raw_timber,2050
raw_timber|production|Scanning||machine source,manufacturing,human toxicity: non-carcinogenic,0.0006000772637393352,0.00010612283701811064,9.182233362278306e-05,0.0001211160532593407,raw_timber,2050
raw_timber|production|Scanning||machine source,manufacturing,"human toxicity: non-carcinogenic, inorganics",0.0006362617011729211,0.00011386647165685947,9.840230116181605e-05,0.00013000566705404016,raw_timber,2050
raw_timber|production|Scanning||machine source,manufacturing,"human toxicity: non-carcinogenic, organics",0.00020196603316734936,2.7345719841873907e-05,2.4015646345398986e-05,3.1081512685258053e-05,raw_timber,2050
raw_timber|production|Scanning||machine source,manufacturing,ionising radiation: human health,-5.022436479208287e-05,8.512716564330511e-07,7.638343962358576e-07,9.715671392486053e-07,raw_timber,2050
raw_timber|production|Scanning||machine source,manufacturing,land use,-7.339157550990348e-06,2.0307856530645518e-08,1.7997225222546225e-08,2.309531408067816e-08,raw_timber,2050
raw_timber|production|Scanning||machine source,manufacturing,material resources: metals/minerals,0.00013945291677522695,4.17457323054796e-06,3.5116696894602627e-06,4.888121658721997e-06,raw_timber,2050
raw_timber|production|Scanning||machine source,manufacturing,ozone depletion,1.825200825218085e-05,2.2170578430559323e-07,1.9510003792874237e-07,2.5383246209984875e-07,raw_timber,2050
raw_timber|production|Scanning||machine source,manufacturing,particulate matter formation,0.0001173763551400874,7.6701311309869e-06,6.7253510576392835e-06,8.748782327716846e-06,raw_timber,2050
raw_timber|production|Scanning||machine source,manufacturing,photochemical oxidant formation: human health,0.0001428232539092294,1.1195934153059098e-05,9.86835949441155e-06,1.279463900571695e-05,raw_timber,2050
raw_timber|production|Scanning||machine source,manufacturing,water use,-0.00015984083640539556,6.171349601423207e-06,5.4857332513075656e-06,7.00407555048009e-06,raw_timber,2050
raw_timber|production|CNC milling||machine weight,manufacturing,acidification,0.001662696591417376,1.7938375472175344e-05,1.3995572434049019e-05,2.301094419698817e-05,raw_timber,2050
raw_timber|production|CNC milling||machine weight,manufacturing,climate change,0.00020778181939233483,2.1582176746485315e-07,1.7249506136613144e-07,2.740619606461803e-07,raw_timber,2050
raw_timber|production|CNC milling||machine weight,manufacturing,climate change: biogenic,1.1846015836065442e-05,8.103945219314847e-10,6.436923268961732e-10,1.0148752771878498e-09,raw_timber,2050
raw_timber|production|CNC milling||machine weight,manufacturing,climate change: fossil,0.0018733066074361783,2.157132666863416e-05,1.683027664803266e-05,2.745850686200084e-05,raw_timber,2050
raw_timber|production|CNC milling||machine weight,manufacturing,climate change: land use and land use change,0.0002262684993366538,1.8704133692987223e-06,1.4735867771704473e-06,2.447460949335829e-06,raw_timber,2050
raw_timber|production|CNC milling||machine weight,manufacturing,ecotoxicity: freshwater,0.000804642365821405,0.00032181542653765197,0.0002437963360930668,0.00041676637426198897,raw_timber,2050
raw_timber|production|CNC milling||machine weight,manufacturing,"ecotoxicity: freshwater, inorganics",0.0006429916197622132,0.0003202581220447941,0.00024377562617929012,0.00041434693203913365,raw_timber,2050
raw_timber|production|CNC milling||machine weight,manufacturing,"ecotoxicity: freshwater, organics",0.003994825427367628,0.0001351345109802626,0.00010432272730983301,0.00017474316754252702,raw_timber,2050
raw_timber|production|CNC milling||machine weight,manufacturing,energy resources: non-renewable,0.0011075680277404085,7.581485400875814e-06,5.904722638054386e-06,9.672573123356041e-06,raw_timber,2050
raw_timber|production|CNC milling||machine weight,manufacturing,eutrophication: freshwater,0.004705706019344382,0.00036007006075864864,0.0002728195128255424,0.00047239041673864803,raw_timber,2050
raw_timber|production|CNC milling||machine weight,manufacturing,eutrophication: marine,0.0008241742963949908,3.83104500416249e-06,2.9746062898519755e-06,4.8043489159980915e-06,raw_timber,2050
raw_timber|production|CNC milling||machine weight,manufacturing,eutrophication: terrestrial,0.001145939739404243,7.836690284263129e-06,6.073594273016724e-06,9.997102602053824e-06,raw_timber,2050
raw_timber|production|CNC milling||machine weight,manufacturing,human toxicity: carcinogenic,0.0020340827873087854,9.033621032456103e-05,6.924960491725743e-05,0.00011676451124278434,raw_timber,2050
raw_timber|production|CNC milling||machine weight,manufacturing,"human toxicity: carcinogenic, inorganics",0.001596445428882298,0.00039228036103753044,0.000294285912579956,0.000508600154555651,raw_timber,2050
raw_timber|production|CNC milling||machine weight,manufacturing,"human toxicity: carcinogenic, organics",0.0014182224870330302,3.3027658939047364e-05,2.5124446014923872e-05,4.314833840722554e-05,raw_timber,2050
raw_timber|production|CNC milling||machine weight,manufacturing,human toxicity: non-carcinogenic,0.004211687048036109,0.00014982301313934174,0.00011557784996650863,0.0001943828881335404,raw_timber,2050
raw_timber|production|CNC milling||machine weight,manufacturing,"human toxicity: non-carcinogenic, inorganics",0.004311672409536342,0.00016073766703654526,0.00012411841165077647,0.00020830957118994495,raw_timber,2050
raw_timber|production|CNC milling||machine weight,manufacturing,"human toxicity: non-carcinogenic, organics",0.0023794279249590017,3.871691911311433e-05,3.004411674044322e-05,5.003592488314416e-05,raw_timber,2050
raw_timber|production|CNC milling||machine weight,manufacturing,ionising radiation: human health,0.0003465064965930559,1.2023625456396792e-06,9.43936184598859e-07,1.551593174684939e-06,raw_timber,2050
raw_timber|production|CNC milling||machine weight,manufacturing,land use,-7.035268849629874e-05,2.9111971866452455e-08,2.3261698055163997e-08,3.641157572141497e-08,raw_timber,2050
raw_timber|production|CNC milling||machine weight,manufacturing,material resources: metals/minerals,0.0005850970141503628,5.8974905234868494e-06,4.512824692301027e-06,7.730775525207872e-06,raw_timber,2050
raw_timber|production|CNC milling||machine weight,manufacturing,ozone depletion,0.0002192186022758968,3.1619025578775975e-07,2.4770262997983234e-07,4.0205845341666693e-07,raw_timber,2050
raw_timber|production|CNC milling||machine weight,manufacturing,particulate matter formation,0.0012874279720044594,1.0912879260882471e-05,8.544654784046192e-06,1.3905055398370471e-05,raw_timber,2050
raw_timber|production|CNC milling||machine weight,manufacturing,photochemical oxidant formation: human health,0.001591599467287477,1.6022327958531063e-05,1.2490677332373895e-05,2.0450606856573015e-05,raw_timber,2050
raw_timber|production|CNC milling||machine weight,manufacturing,water use,0.000796850459503266,8.711735293248907e-06,6.8566541537236515e-06,1.1469139610135543e-05,raw_timber,2050
raw_timber|production|CNC milling||power,manufacturing,acidification,0.04991904314250956,0.00812539116586627,0.006834544201783819,0.009625954208734968,raw_timber,2050
raw_timber|production|CNC milling||power,manufacturing,climate change,0.001999074706942112,1.3208207504994205e-05,1.1232735012831422e-05,1.514409196597203e-05,raw_timber,2050
raw_timber|production|CNC milling||power,manufacturing,climate change: biogenic,0.0005109348880060003,9.057983251433062e-07,7.757985792710855e-07,1.0487201652753727e-06,raw_timber,2050
raw_timber|production|CNC milling||power,manufacturing,climate change: fossil,0.01919082065460858,0.0012452164561078747,0.0010472658780389006,0.0014595135694190277,raw_timber,2050
raw_timber|production|CNC milling||power,manufacturing,climate change: land use and land use change,0.03764089904464008,0.006881717129798243,0.005879373773557404,0.0081037605591516,raw_timber,2050
raw_timber|production|CNC milling||power,manufacturing,ecotoxicity: freshwater,0.029870482980121033,0.06526319980829504,0.05471794367823897,0.07761007765294499,raw_timber,2050
raw_timber|production|CNC milling||power,manufacturing,"ecotoxicity: freshwater, inorganics",0.027144391623381003,0.06591443183924423,0.055370069145555485,0.07841674726114352,raw_timber,2050
raw_timber|production|CNC milling||power,manufacturing,"ecotoxicity: freshwater, organics",0.04454440566579622,0.009656667529785314,0.008008442935832298,0.01189765803531675,raw_timber,2050
raw_timber|production|CNC milling||power,manufacturing,energy resources: non-renewable,0.03031507467140396,0.0027299300405601266,0.0022991242507676606,0.00320890557585377,raw_timber,2050
raw_timber|production|CNC milling||power,manufacturing,eutrophication: freshwater,0.07952716438124804,0.045673034441461736,0.037902417574993595,0.05554145372597472,raw_timber,2050
raw_timber|production|CNC milling||power,manufacturing,eutrophication: marine,0.022663957020798917,0.0018270686950793058,0.0015419248868389632,0.0021261200483343296,raw_timber,2050
raw_timber|production|CNC milling||power,manufacturing,eutrophication: terrestrial,0.045635211098070304,0.006377060080209207,0.005382621268404399,0.007539733774990917,raw_timber,2050
raw_timber|production|CNC milling||power,manufacturing,human toxicity: carcinogenic,0.023071963516738073,0.01224818630070897,0.010185944778732255,0.015142732680484683,raw_timber,2050
raw_timber|production|CNC milling||power,manufacturing,"human toxicity: carcinogenic, inorganics",0.03946451570800865,0.07038595793861938,0.05926787070617607,0.08358110078547125,raw_timber,2050
raw_timber|production|CNC milling||power,manufacturing,"human toxicity: carcinogenic, organics",0.010517855722977327,0.003291841644304676,0.0025898774402129867,0.004235093606049066,raw_timber,2050
raw_timber|production|CNC milling||power,manufacturing,human toxicity: non-carcinogenic,0.08367970476685536,0.028911218495187907,0.02401555108389046,0.03562478397020382,raw_timber,2050
raw_timber|production|CNC milling||power,manufacturing,"human toxicity: non-carcinogenic, inorganics",0.08425394423494297,0.030041607505444653,0.024924099078687863,0.037090578428820666,raw_timber,2050
raw_timber|production|CNC milling||power,manufacturing,"human toxicity: non-carcinogenic, organics",0.0672053521656251,0.014864580600094547,0.012610920019429098,0.017713570438436067,raw_timber,2050
raw_timber|production|CNC milling||power,manufacturing,ionising radiation: human health,0.06510201039759708,0.010537643165619271,0.009009241842272753,0.01237588302672389,raw_timber,2050
raw_timber|production|CNC milling||power,manufacturing,land use,-0.007446477176866537,0.00023130805924885664,0.00019658825422363328,0.00026720531462670074,raw_timber,2050
raw_timber|production|CNC milling||power,manufacturing,material resources: metals/minerals,0.028398818731152336,0.011512907206657921,0.009548618330666007,0.014272471334122466,raw_timber,2050
raw_timber|production|CNC milling||power,manufacturing,ozone depletion,0.013564407678677356,0.0009135192561264134,0.0007520097243777818,0.001119305032337372,raw_timber,2050
raw_timber|production|CNC milling||power,manufacturing,particulate matter formation,0.022966746857269585,0.0022768938735392374,0.0019003156310590864,0.0027286661974858266,raw_timber,2050
raw_timber|production|CNC milling||power,manufacturing,photochemical oxidant formation: human health,0.03852368856269211,0.005375082486192434,0.004542428409465148,0.006347105380593145,raw_timber,2050
raw_timber|production|CNC milling||power,manufacturing,water use,0.06405476629482211,0.01198460733410098,0.010191389574590893,0.014097053250455467,raw_timber,2050
raw_timber|production|CNC milling||output rate,manufacturing,acidification,0.007712960667246833,0.008451315976004143,0.007405295889805381,0.01012092280553136,raw_timber,2050
raw_timber|production|CNC milling||output rate,manufacturing,climate change,7.293284532129111e-05,1.5213806544558434e-05,1.3293629592628193e-05,1.8258369108605446e-05,raw_timber,2050
raw_timber|production|CNC milling||output rate,manufacturing,climate change: biogenic,4.28136359827631e-05,9.108024717232384e-07,7.83805514272922e-07,1.103883624064994e-06,raw_timber,2050
raw_timber|production|CNC milling||output rate,manufacturing,climate change: fossil,0.0017552493360015501,0.0014422012518185347,0.0012517359308399291,0.0017190712727834037,raw_timber,2050
raw_timber|production|CNC milling||output rate,manufacturing,climate change: land use and land use change,0.02018576737589048,0.006735908731854416,0.005699214886678238,0.00817429737842571,raw_timber,2050
raw_timber|production|CNC milling||output rate,manufacturing,ecotoxicity: freshwater,0.04197477402371516,0.06987998084352594,0.05930036005519326,0.08256375015623013,raw_timber,2050
raw_timber|production|CNC milling||output rate,manufacturing,"ecotoxicity: freshwater, inorganics",0.04229858667645863,0.07052867541815333,0.05993981037966541,0.0832895029856012,raw_timber,2050
raw_timber|production|CNC milling||output rate,manufacturing,"ecotoxicity: freshwater, organics",0.006291320797560417,0.01101820981275434,0.00951396489771141,0.012889068684864042,raw_timber,2050
raw_timber|production|CNC milling||output rate,manufacturing,energy resources: non-renewable,0.004408941310807974,0.0028523487585930393,0.0024810119331412517,0.0034293412686210796,raw_timber,2050
raw_timber|production|CNC milling||output rate,manufacturing,eutrophication: freshwater,0.031988932814286455,0.050055668069526646,0.04292870289242499,0.05849506212432024,raw_timber,2050
raw_timber|production|CNC milling||output rate,manufacturing,eutrophication: marine,0.001137398276405545,0.0019003240512416523,0.0016386107694926957,0.0022767089964150864,raw_timber,2050
raw_timber|production|CNC milling||output rate,manufacturing,eutrophication: terrestrial,0.0065218745959521335,0.006528059541611567,0.005650569043226519,0.007840628391674142,raw_timber,2050
raw_timber|production|CNC milling||output rate,manufacturing,human toxicity: carcinogenic,0.0015103436743305113,0.01349197243119559,0.011312047704486362,0.0159746919034545,raw_timber,2050
raw_timber|production|CNC milling||output rate,manufacturing,"human toxicity: carcinogenic, inorganics",0.04327175464815119,0.07575651839052541,0.06422139628621809,0.08897334173977098,raw_timber,2050
raw_timber|production|CNC milling||output rate,manufacturing,"human toxicity: carcinogenic, organics",-0.0036632437829054385,0.0037338144548151888,0.0030312867164535183,0.004586732926916677,raw_timber,2050
raw_timber|production|CNC milling||output rate,manufacturing,human toxicity: non-carcinogenic,0.021623623966775873,0.031018840098512235,0.026516865222227168,0.03668600882077607,raw_timber,2050
raw_timber|production|CNC milling||output rate,manufacturing,"human toxicity: non-carcinogenic, inorganics",0.022231502536968994,0.03227892665689616,0.027710171385310105,0.03810803245905828,raw_timber,2050
raw_timber|production|CNC milling||output rate,manufacturing,"human toxicity: non-carcinogenic, organics",0.013253545070536908,0.015531383053548304,0.01350119048632578,0.018472735104180665,raw_timber,2050
raw_timber|production|CNC milling||output rate,manufacturing,ionising radiation: human health,0.024678442680050563,0.010297304755289508,0.008823765902923851,0.012507362468995411,raw_timber,2050
raw_timber|production|CNC milling||output rate,manufacturing,land use,0.00018405101923059253,0.00022939154631365012,0.00019737406398533306,0.0002754531496498678,raw_timber,2050
raw_timber|production|CNC milling||output rate,manufacturing,material resources: metals/minerals,0.0021374966126518286,0.011745545798233883,0.009763752882512997,0.013903137478737882,raw_timber,2050
raw_timber|production|CNC milling||output rate,manufacturing,ozone depletion,-0.0010782930351466422,0.0009347522760300113,0.0007631571176066347,0.0011526086252691755,raw_timber,2050
raw_timber|production|CNC milling||output rate,manufacturing,particulate matter formation,0.0004215875668040643,0.0024551268010443075,0.0021268873558091,0.002964981918432854,raw_timber,2050
raw_timber|production|CNC milling||output rate,manufacturing,photochemical oxidant formation: human health,0.003904886092264981,0.005659828966193609,0.004908690564718664,0.006773772883481253,raw_timber,2050
raw_timber|production|CNC milling||output rate,manufacturing,water use,0.027693291783208004,0.011934748907402905,0.010155794239862894,0.014599848663200755,raw_timber,2050
raw_timber|production|CNC milling||machine lifetime,manufacturing,acidification,0.0006525290576020867,2.1624942749996712e-05,1.6665452742387892e-05,2.627822823219069e-05,raw_timber,2050
raw_timber|production|CNC milling||machine lifetime,manufacturing,climate change,0.00010001090366977372,2.6017508430994365e-07,2.0635405527309828e-07,3.177514458401952e-07,raw_timber,2050
raw_timber|production|CNC milling||machine lifetime,manufacturing,climate change: biogenic,6.39068442971019e-06,9.769419614856284e-10,7.724071146365464e-10,1.1557409667999444e-09,raw_timber,2050
raw_timber|production|CNC milling||machine lifetime,manufacturing,climate change: fossil,0.0008731060645264167,2.600442747008946e-05,2.018427066052989e-05,3.155941980619875e-05,raw_timber,2050
raw_timber|production|CNC milling||machine lifetime,manufacturing,climate change: land use and land use change,0.00024246718108843592,2.254809634943651e-06,1.7454126064062004e-06,2.7573717081581473e-06,raw_timber,2050
raw_timber|production|CNC milling||machine lifetime,manufacturing,ecotoxicity: freshwater,-0.002424717296890793,0.0003879530168497307,0.00029482312357588487,0.00047628209677797416,raw_timber,2050
raw_timber|production|CNC milling||machine lifetime,manufacturing,"ecotoxicity: freshwater, inorganics",-0.0025040426212511488,0.00038607566620967276,0.00029400656179501565,0.00047331117897262076,raw_timber,2050
raw_timber|production|CNC milling||machine lifetime,manufacturing,"ecotoxicity: freshwater, organics",0.0010949758469771267,0.00016290647562330367,0.00012222491377787744,0.00020092832632140928,raw_timber,2050
raw_timber|production|CNC milling||machine lifetime,manufacturing,energy resources: non-renewable,0.0005249243106991288,9.139529391192614e-06,7.0878606192133785e-06,1.1157610827110411e-05,raw_timber,2050
raw_timber|production|CNC milling||machine lifetime,manufacturing,eutrophication: freshwater,-0.00011158647224480692,0.00043406954882230366,0.00032107164902893626,0.0005447441940419515,raw_timber,2050
raw_timber|production|CNC milling||machine lifetime,manufacturing,eutrophication: marine,0.0003904201988459156,4.6183208884136e-06,3.5979912329103966e-06,5.546549743594487e-06,raw_timber,2050
raw_timber|production|CNC milling||machine lifetime,manufacturing,eutrophication: terrestrial,0.0004978461728194399,9.44711524188354e-06,7.309427630712171e-06,1.142284064389304e-05,raw_timber,2050
raw_timber|production|CNC milling||machine lifetime,manufacturing,human toxicity: carcinogenic,-0.0001510502134197909,0.00010890157107691942,8.126034524526883e-05,0.00013807663253131465,raw_timber,2050
raw_timber|production|CNC milling||machine lifetime,manufacturing,"human toxicity: carcinogenic, inorganics",-0.0022998619433457217,0.00047289951521533414,0.0003556310669617253,0.0005888746565068213,raw_timber,2050
raw_timber|production|CNC milling||machine lifetime,manufacturing,"human toxicity: carcinogenic, organics",9.83339779561299e-05,3.98153027058457e-05,2.9938954866362747e-05,5.014886091588341e-05,raw_timber,2050
raw_timber|production|CNC milling||machine lifetime,manufacturing,human toxicity: non-carcinogenic,0.0009636930127073389,0.00018061375351882659,0.0001339690463666066,0.00022318680155738926,raw_timber,2050
raw_timber|production|CNC milling||machine lifetime,manufacturing,"human toxicity: non-carcinogenic, inorganics",0.0009416684262626269,0.00019377152466902575,0.00014363919497573734,0.0002395587920363968,raw_timber,2050
raw_timber|production|CNC milling||machine lifetime,manufacturing,"human toxicity: non-carcinogenic, organics",0.0008259899370414192,4.667375508558546e-05,3.5586024954901096e-05,5.7213935220409886e-05,raw_timber,2050
raw_timber|production|CNC milling||machine lifetime,manufacturing,ionising radiation: human health,0.00023689282676910982,1.4494649051633727e-06,1.115991111624221e-06,1.7893428193013605e-06,raw_timber,2050
raw_timber|production|CNC milling||machine lifetime,manufacturing,land use,-3.94602765283002e-05,3.5094357740576484e-08,2.760134536495002e-08,4.2113096412485225e-08,raw_timber,2050
raw_timber|production|CNC milling||machine lifetime,manufacturing,material resources: metals/minerals,1.8459474143977116e-05,7.109507260840286e-06,5.321481423996092e-06,8.939987701396035e-06,raw_timber,2050
raw_timber|production|CNC milling||machine lifetime,manufacturing,ozone depletion,9.19833887646234e-05,3.811691065920453e-07,2.960963855517658e-07,4.59484576852072e-07,raw_timber,2050
raw_timber|production|CNC milling||machine lifetime,manufacturing,particulate matter formation,0.000514735851382873,1.3155572538263322e-05,1.0162638646361083e-05,1.5920115030545043e-05,raw_timber,2050
raw_timber|production|CNC milling||machine lifetime,manufacturing,photochemical oxidant formation: human health,0.0006349733762879758,1.931490657326934e-05,1.489495021198803e-05,2.3437079414707127e-05,raw_timber,2050
raw_timber|production|CNC milling||machine lifetime,manufacturing,water use,0.0006212521689827302,1.0502119761001284e-05,7.947283636626402e-06,1.2841853868475383e-05,raw_timber,2050
raw_timber|production|CNC milling||process yield,manufacturing,acidification,0.009295319961341185,0.0027473545123969027,0.002345992459211553,0.00329535825237617,raw_timber,2050
raw_timber|production|CNC milling||process yield,manufacturing,climate change,0.017805055761812977,0.07466457332456299,0.0654415299411606,0.08595087709144184,raw_timber,2050
raw_timber|production|CNC milling||process yield,manufacturing,climate change: biogenic,0.034554226592469976,0.0663802070721796,0.0581192334496287,0.07695134204889521,raw_timber,2050
raw_timber|production|CNC milling||process yield,manufacturing,climate change: fossil,0.0041765406385394594,0.0004663811576978558,0.0003935874516626478,0.0005590078981336363,raw_timber,2050
raw_timber|production|CNC milling||process yield,manufacturing,climate change: land use and land use change,0.031381931339188686,0.016387427231646497,0.014273813874867284,0.019119265514551665,raw_timber,2050
raw_timber|production|CNC milling||process yield,manufacturing,ecotoxicity: freshwater,0.025534972452895426,0.02909452380080305,0.024846129843190973,0.034712923725408705,raw_timber,2050
raw_timber|production|CNC milling||process yield,manufacturing,"ecotoxicity: freshwater, inorganics",0.024898344616271932,0.028956559664099192,0.024676688223158386,0.034492308615748334,raw_timber,2050
raw_timber|production|CNC milling||process yield,manufacturing,"ecotoxicity: freshwater, organics",0.021367557916740536,0.012200126045593564,0.01054715407402419,0.014555742007136262,raw_timber,2050
raw_timber|production|CNC milling||process yield,manufacturing,energy resources: non-renewable,0.007730558302395889,0.0019747406902155765,0.0017104919603122457,0.0023188491980752337,raw_timber,2050
raw_timber|production|CNC milling||process yield,manufacturing,eutrophication: freshwater,0.021945775420672834,0.01331063266407081,0.01133291471070175,0.016368161745810333,raw_timber,2050
raw_timber|production|CNC milling||process yield,manufacturing,eutrophication: marine,0.009997726541151043,0.026646016727072085,0.023486396753915378,0.031069572035937226,raw_timber,2050
raw_timber|production|CNC milling||process yield,manufacturing,eutrophication: terrestrial,0.00128824173752068,0.00023281946346560348,0.00019528165391218818,0.0002785857973387659,raw_timber,2050
raw_timber|production|CNC milling||process yield,manufacturing,human toxicity: carcinogenic,0.005371038652770603,0.0021399401969214586,0.001689516367400211,0.0028616827545066277,raw_timber,2050
raw_timber|production|CNC milling||process yield,manufacturing,"human toxicity: carcinogenic, inorganics",0.007550697977803247,0.0053235256003131065,0.00427953187333562,0.006543358119553921,raw_timber,2050
raw_timber|production|CNC milling||process yield,manufacturing,"human toxicity: carcinogenic, organics",0.0029459247600340894,0.0013221895757433127,0.0010004665474875561,0.0018121553821273794,raw_timber,2050
raw_timber|production|CNC milling||process yield,manufacturing,human toxicity: non-carcinogenic,0.011005987931810304,0.0025946614218972422,0.002143268965714136,0.0032476298684515617,raw_timber,2050
raw_timber|production|CNC milling||process yield,manufacturing,"human toxicity: non-carcinogenic, inorganics",0.010864200906456052,0.002482090421720619,0.00204176468879255,0.0031154324121440923,raw_timber,2050
raw_timber|production|CNC milling||process yield,manufacturing,"human toxicity: non-carcinogenic, organics",0.012521714618057738,0.004245825423055807,0.0036267866096999085,0.005119693905606537,raw_timber,2050
raw_timber|production|CNC milling||process yield,manufacturing,ionising radiation: human health,0.02391466052587331,0.00903513392589673,0.007961299451716626,0.010518734565481608,raw_timber,2050
raw_timber|production|CNC milling||process yield,manufacturing,land use,0.05609097669112802,0.09578950122406289,0.08361500896833912,0.11099725314606218,raw_timber,2050
raw_timber|production|CNC milling||process yield,manufacturing,material resources: metals/minerals,0.011526547754529933,0.009297444439988553,0.00785159555245158,0.01124495685919367,raw_timber,2050
raw_timber|production|CNC milling||process yield,manufacturing,ozone depletion,0.001970290007218271,0.0005797060254622979,0.00048346533987198866,0.0007417322860071601,raw_timber,2050
raw_timber|production|CNC milling||process yield,manufacturing,particulate matter formation,0.0031014825396805507,0.0005200996042024492,0.00043395571277638487,0.0006688263950955877,raw_timber,2050
raw_timber|production|CNC milling||process yield,manufacturing,photochemical oxidant formation: human health,0.0022404107504272134,0.00011905541008501964,8.488832218657693e-05,0.00016821369056978423,raw_timber,2050
raw_timber|production|CNC milling||process yield,manufacturing,water use,0.012991052053278402,0.0026649546567475905,0.0022913445525117003,0.003081179268965389,raw_timber,2050
raw_timber|production|CNC milling||machine source,manufacturing,acidification,-0.0006622817713182823,0.0015594290593102908,0.0013870589728571718,0.0017828090281736186,raw_timber,2050
raw_timber|production|CNC milling||machine source,manufacturing,climate change,-0.0002565352955312211,1.8681484588122623e-05,1.653249626078778e-05,2.1860150912532224e-05,raw_timber,2050
raw_timber|production|CNC milling||machine source,manufacturing,climate change: biogenic,-1.1686105840458205e-05,7.065420964755598e-08,6.2574445285448e-08,8.32473266981534e-08,raw_timber,2050
raw_timber|production|CNC milling||machine source,manufacturing,climate change: fossil,-0.0003774599772177173,0.0018671307859477945,0.001670508886850199,0.002166506761838053,raw_timber,2050
raw_timber|production|CNC milling||machine source,manufacturing,climate change: land use and land use change,0.0006622266953268914,0.0001631173643944158,0.00014368427985836984,0.0001851297186008598,raw_timber,2050
raw_timber|production|CNC milling||machine source,manufacturing,ecotoxicity: freshwater,0.018371275528708507,0.028060840543509023,0.02445022581078938,0.03255514711285213,raw_timber,2050
raw_timber|production|CNC milling||machine source,manufacturing,"ecotoxicity: freshwater, inorganics",0.01844077020876469,0.027925991137336566,0.024347085622736415,0.032437764432081254,raw_timber,2050
raw_timber|production|CNC milling||machine source,manufacturing,"ecotoxicity: freshwater, organics",0.004048313482906889,0.01176132318042814,0.010317607065916536,0.01356084452349167,raw_timber,2050
raw_timber|production|CNC milling||machine source,manufacturing,energy resources: non-renewable,-0.0005299291594446903,0.0006549889881773733,0.0005835347242054983,0.0007647119546610147,raw_timber,2050
raw_timber|production|CNC milling||machine source,manufacturing,eutrophication: freshwater,0.018110387728946884,0.0314230728596217,0.02734145682466446,0.03629439498422164,raw_timber,2050
raw_timber|production|CNC milling||machine source,manufacturing,eutrophication: marine,-0.0006348304151882665,0.0003295827150430154,0.0002941579031135611,0.0003830986820611412,raw_timber,2050
raw_timber|production|CNC milling||machine source,manufacturing,eutrophication: terrestrial,-0.0006901527498134284,0.0006738972764957047,0.0006032635641287263,0.000775555175101842,raw_timber,2050
raw_timber|production|CNC milling||machine source,manufacturing,human toxicity: carcinogenic,0.00109840292614363,0.007877266400219067,0.0067101697788860895,0.009053013273624263,raw_timber,2050
raw_timber|production|CNC milling||machine source,manufacturing,"human toxicity: carcinogenic, inorganics",0.022557100775976148,0.034225983227744824,0.029603773681480764,0.03954119416488984,raw_timber,2050
raw_timber|production|CNC milling||machine source,manufacturing,"human toxicity: carcinogenic, organics",-0.001254907550993252,0.002878189126510817,0.002451685220976562,0.003314122470777877,raw_timber,2050
raw_timber|production|CNC milling||machine source,manufacturing,human toxicity: non-carcinogenic,0.00500766899992362,0.013067909757373163,0.01147862824042379,0.01506146966542362,raw_timber,2050
raw_timber|production|CNC milling||machine source,manufacturing,"human toxicity: non-carcinogenic, inorganics",0.005597895625795497,0.014021456811867821,0.01232234090462259,0.016140293712641945,raw_timber,2050
raw_timber|production|CNC milling||machine source,manufacturing,"human toxicity: non-carcinogenic, organics",-0.00010955363336573878,0.003367337409977376,0.002987302481677113,0.0038323355558149822,raw_timber,2050
raw_timber|production|CNC milling||machine source,manufacturing,ionising radiation: human health,0.0001699980052301358,0.00010482513941252448,9.409925803671559e-05,0.00012305866124780082,raw_timber,2050
raw_timber|production|CNC milling||machine source,manufacturing,land use,7.087113840945502e-05,2.5006986617112554e-06,2.219570068287507e-06,2.953501331968432e-06,raw_timber,2050
raw_timber|production|CNC milling||machine source,manufacturing,material resources: metals/minerals,-0.0010531182774518348,0.000514054729266579,0.00044116012303884616,0.0005904646113808338,raw_timber,2050
raw_timber|production|CNC milling||machine source,manufacturing,ozone depletion,-0.00027066494931790304,2.7300732466272432e-05,2.451623281909049e-05,3.132193206505968e-05,raw_timber,2050
raw_timber|production|CNC milling||machine source,manufacturing,particulate matter formation,-0.000906421479307005,0.000944495871608197,0.0008468349341495812,0.0010827946929817562,raw_timber,2050
raw_timber|production|CNC milling||machine source,manufacturing,photochemical oxidant formation: human health,-0.0008205591751673762,0.0013786613821556513,0.0012324121284253088,0.0015795530144181221,raw_timber,2050
raw_timber|production|CNC milling||machine source,manufacturing,water use,0.0012849735203488192,0.0007599367105012148,0.0006769415407759224,0.0008727820967544368,raw_timber,2050
raw_timber|repair|Scanning||machine weight,manufacturing,acidification,1.4259019840808667e-05,6.397780524781999e-09,4.709117562518758e-09,8.360454110191882e-09,raw_timber,2050
raw_timber|repair|Scanning||machine weight,manufacturing,climate change,2.093971118507703e-06,7.697309842434757e-11,5.714075739507106e-11,1.0107982709376331e-10,raw_timber,2050
raw_timber|repair|Scanning||machine weight,manufacturing,climate change: biogenic,1.2645016357170696e-07,2.890303576445807e-13,2.1652418595826972e-13,3.846190308552895e-13,raw_timber,2050
raw_timber|repair|Scanning||machine weight,manufacturing,climate change: fossil,1.7988690948443417e-05,7.693439568726956e-09,5.588114929576795e-09,1.008310744305378e-08,raw_timber,2050
raw_timber|repair|Scanning||machine weight,manufacturing,climate change: land use and land use change,3.532141057159354e-06,6.670902477240047e-10,4.923259946923021e-10,8.804504682080076e-10,raw_timber,2050
raw_timber|repair|Scanning||machine weight,manufacturing,ecotoxicity: freshwater,-2.952749284237419e-05,1.1477672698072891e-07,8.45153143947308e-08,1.6095344720791216e-07,raw_timber,2050
raw_timber|repair|Scanning||machine weight,manufacturing,"ecotoxicity: freshwater, inorganics",-3.116325199255581e-05,1.1422130921385348e-07,8.420450808384462e-08,1.6014368924069375e-07,raw_timber,2050
raw_timber|repair|Scanning||machine weight,manufacturing,"ecotoxicity: freshwater, organics",2.883387876984699e-05,4.819621038442919e-08,3.585306069597093e-08,6.408109049740178e-08,raw_timber,2050
raw_timber|repair|Scanning||machine weight,manufacturing,energy resources: non-renewable,1.0630654144175374e-05,2.703935722353824e-09,1.9718729105346516e-09,3.548981265818921e-09,raw_timber,2050
raw_timber|repair|Scanning||machine weight,manufacturing,eutrophication: freshwater,1.4965352091575257e-05,1.2842040902042113e-07,9.60953840795241e-08,1.7804601824557835e-07,raw_timber,2050
raw_timber|repair|Scanning||machine weight,manufacturing,eutrophication: marine,8.011065375690448e-06,1.366326566775623e-09,1.0121435871058864e-09,1.8117769958706666e-09,raw_timber,2050
raw_timber|repair|Scanning||machine weight,manufacturing,eutrophication: terrestrial,1.0405112215718093e-05,2.794919902993362e-09,2.0516215937198207e-09,3.678347374339633e-09,raw_timber,2050
raw_timber|repair|Scanning||machine weight,manufacturing,human toxicity: carcinogenic,6.296067291650016e-06,3.221876209408177e-08,2.3573220877600698e-08,4.502279120910206e-08,raw_timber,2050
raw_timber|repair|Scanning||machine weight,manufacturing,"human toxicity: carcinogenic, inorganics",-2.490405755771683e-05,1.3990833664034758e-07,1.0249222709401262e-07,1.9493447668421622e-07,raw_timber,2050
raw_timber|repair|Scanning||machine weight,manufacturing,"human toxicity: carcinogenic, organics",7.171580870300182e-06,1.177944122650826e-08,8.591102868163992e-09,1.6271109191636965e-08,raw_timber,2050
raw_timber|repair|Scanning||machine weight,manufacturing,human toxicity: non-carcinogenic,2.7207337148423473e-05,5.3434965559564074e-08,3.9736627473581386e-08,7.18343212980008e-08,raw_timber,2050
raw_timber|repair|Scanning||machine weight,manufacturing,"human toxicity: non-carcinogenic, inorganics",2.7284468130626116e-05,5.732772080352626e-08,4.2671822683773444e-08,7.730771260321297e-08,raw_timber,2050
raw_timber|repair|Scanning||machine weight,manufacturing,"human toxicity: non-carcinogenic, organics",1.892362391557974e-05,1.3808521796611193e-08,1.0270559534209907e-08,1.7993322442144053e-08,raw_timber,2050
raw_timber|repair|Scanning||machine weight,manufacturing,ionising radiation: human health,4.028602144707524e-06,4.2882727437489373e-10,3.1805414758650326e-10,5.708369705291853e-10,raw_timber,2050
raw_timber|repair|Scanning||machine weight,manufacturing,land use,-7.698490218345792e-07,1.038261561105419e-11,7.831504693223856e-12,1.3884530714989003e-11,raw_timber,2050
raw_timber|repair|Scanning||machine weight,manufacturing,material resources: metals/minerals,2.4727040408897894e-06,2.1033627836967624e-09,1.5376605575021427e-09,2.891848049438232e-09,raw_timber,2050
raw_timber|repair|Scanning||machine weight,manufacturing,ozone depletion,1.987763302062122e-06,1.1276906293034219e-10,8.28754732395291e-11,1.480614679260359e-10,raw_timber,2050
raw_timber|repair|Scanning||machine weight,manufacturing,particulate matter formation,1.1341217736276399e-05,3.892090895430484e-09,2.873178347077194e-09,5.084060962593197e-09,raw_timber,2050
raw_timber|repair|Scanning||machine weight,manufacturing,photochemical oxidant formation: human health,1.3856335917149336e-05,5.7143012637376725e-09,4.212737398790844e-09,7.47037978327781e-09,raw_timber,2050
raw_timber|repair|Scanning||machine weight,manufacturing,water use,1.0060349846413932e-05,3.1070746347283317e-09,2.297107497443833e-09,4.083810695163639e-09,raw_timber,2050
raw_timber|repair|Scanning||power,manufacturing,acidification,-6.685182697563787e-05,8.784323072130661e-07,7.448126565031068e-07,1.034931619467575e-06,raw_timber,2050
raw_timber|repair|Scanning||power,manufacturing,climate change,-2.9099310247808705e-06,1.4245838267440872e-09,1.237284685127281e-09,1.681816392939918e-09,raw_timber,2050
raw_timber|repair|Scanning||power,manufacturing,climate change: biogenic,-7.38990130900038e-07,1.0053379064549931e-10,8.679774684369941e-11,1.1965443911771298e-10,raw_timber,2050
raw_timber|repair|Scanning||power,manufacturing,climate change: fossil,-2.6966324117807045e-05,1.339829538202163e-07,1.1366676805361524e-07,1.5867745283335708e-07,raw_timber,2050
raw_timber|repair|Scanning||power,manufacturing,climate change: land use and land use change,-5.796694483869932e-05,7.779375496190783e-07,6.631191816433336e-07,9.412225374640178e-07,raw_timber,2050
raw_timber|repair|Scanning||power,manufacturing,ecotoxicity: freshwater,-1.6778653496663736e-05,7.050911630862168e-06,5.920254351681632e-06,8.684425387707464e-06,raw_timber,2050
raw_timber|repair|Scanning||power,manufacturing,"ecotoxicity: freshwater, inorganics",-1.2525460887382957e-05,7.122056116602536e-06,5.9894051937085095e-06,8.767655685362755e-06,raw_timber,2050
raw_timber|repair|Scanning||power,manufacturing,"ecotoxicity: freshwater, organics",-6.01032099149202e-05,1.0321326485887725e-06,8.68446480455261e-07,1.2271011467996997e-06,raw_timber,2050
raw_timber|repair|Scanning||power,manufacturing,energy resources: non-renewable,-4.2073234290087556e-05,2.9706644021791866e-07,2.5241570792991504e-07,3.4943663342885765e-07,raw_timber,2050
raw_timber|repair|Scanning||power,manufacturing,eutrophication: freshwater,-0.00010014303657340103,4.931547531751808e-06,4.076256127307155e-06,6.012861898916707e-06,raw_timber,2050
raw_timber|repair|Scanning||power,manufacturing,eutrophication: marine,-3.1821522976613464e-05,1.970210813094016e-07,1.6978198987675588e-07,2.3370979202638514e-07,raw_timber,2050
raw_timber|repair|Scanning||power,manufacturing,eutrophication: terrestrial,-6.169294314320106e-05,6.915885953704454e-07,5.887202567972703e-07,8.175972673275118e-07,raw_timber,2050
raw_timber|repair|Scanning||power,manufacturing,human toxicity: carcinogenic,-2.9197082003490873e-05,1.2902956780959006e-06,1.0594461607567866e-06,1.5833856671910431e-06,raw_timber,2050
raw_timber|repair|Scanning||power,manufacturing,"human toxicity: carcinogenic, inorganics",-3.1897214839868406e-05,7.610139490692739e-06,6.334336839135707e-06,9.306080430570606e-06,raw_timber,2050
raw_timber|repair|Scanning||power,manufacturing,"human toxicity: carcinogenic, organics",-1.3809660496308103e-05,3.314574881680776e-07,2.667412879689267e-07,4.135257428692209e-07,raw_timber,2050
raw_timber|repair|Scanning||power,manufacturing,human toxicity: non-carcinogenic,-0.00010892010058939485,3.12481073129875e-06,2.6314124154653105e-06,3.72821464758848e-06,raw_timber,2050
raw_timber|repair|Scanning||power,manufacturing,"human toxicity: non-carcinogenic, inorganics",-0.00010955066617197726,3.2467468964423503e-06,2.7338707750956188e-06,3.87623942628686e-06,raw_timber,2050
raw_timber|repair|Scanning||power,manufacturing,"human toxicity: non-carcinogenic, organics",-8.860993615103663e-05,1.6087383117732362e-06,1.366645351829825e-06,1.8956302182914827e-06,raw_timber,2050
raw_timber|repair|Scanning||power,manufacturing,ionising radiation: human health,-9.203882468062783e-05,1.1793161160264587e-06,1.0163144455545426e-06,1.3871901142830553e-06,raw_timber,2050
raw_timber|repair|Scanning||power,manufacturing,land use,1.1040145462649786e-05,2.5185525448770657e-08,2.1774676052806248e-08,3.006976033323487e-08,raw_timber,2050
raw_timber|repair|Scanning||power,manufacturing,material resources: metals/minerals,-3.238025193380667e-05,1.2149650800104462e-06,1.0026873826680722e-06,1.4791215567082428e-06,raw_timber,2050
raw_timber|repair|Scanning||power,manufacturing,ozone depletion,-1.7697569569498746e-05,9.473730527013999e-08,7.913074947470287e-08,1.131003758717601e-07,raw_timber,2050
raw_timber|repair|Scanning||power,manufacturing,particulate matter formation,-3.0953153855503485e-05,2.409634889536089e-07,2.0508901462514442e-07,2.862914925160663e-07,raw_timber,2050
raw_timber|repair|Scanning||power,manufacturing,photochemical oxidant formation: human health,-5.204244974383665e-05,5.777538631802251e-07,4.926591295115576e-07,6.838451681169858e-07,raw_timber,2050
raw_timber|repair|Scanning||power,manufacturing,water use,-9.14701055016161e-05,1.3452299384708326e-06,1.1454712360091775e-06,1.6034653460783254e-06,raw_timber,2050
raw_timber|repair|Scanning||output rate,manufacturing,acidification,2.6616634190857606e-06,1.1100933839201071e-06,9.529505170693247e-07,1.3241952337577103e-06,raw_timber,2050
raw_timber|repair|Scanning||output rate,manufacturing,climate change,5.896905841868821e-07,2.217076107783075e-09,1.888207809146258e-09,2.5954301977175126e-09,raw_timber,2050
raw_timber|repair|Scanning||output rate,manufacturing,climate change: biogenic,8.120380185132378e-07,1.1706687920223638e-10,9.969278192820579e-11,1.3768542932893303e-10,raw_timber,2050
raw_timber|repair|Scanning||output rate,manufacturing,climate change: fossil,-1.610950140459349e-06,2.1103733025650613e-07,1.821408669505264e-07,2.5085751398701635e-07,raw_timber,2050
raw_timber|repair|Scanning||output rate,manufacturing,climate change: land use and land use change,-1.4195284502451092e-05,8.494780733824279e-07,7.188038110873106e-07,1.0249219812929452e-06,raw_timber,2050
raw_timber|repair|Scanning||output rate,manufacturing,ecotoxicity: freshwater,-7.556178103767959e-05,9.465216863521757e-06,7.78590958583349e-06,1.151527764601211e-05,raw_timber,2050
raw_timber|repair|Scanning||output rate,manufacturing,"ecotoxicity: freshwater, inorganics",-7.763804650720343e-05,9.546740573501716e-06,7.862402566786376e-06,1.1607036753345156e-05,raw_timber,2050
raw_timber|repair|Scanning||output rate,manufacturing,"ecotoxicity: freshwater, organics",-1.6648409693837592e-05,1.583641136116108e-06,1.3525730474404173e-06,1.9198656834828233e-06,raw_timber,2050
raw_timber|repair|Scanning||output rate,manufacturing,energy resources: non-renewable,1.2141339885484752e-05,3.778130463752207e-07,3.2850228253745784e-07,4.4318257856294303e-07,raw_timber,2050
raw_timber|repair|Scanning||output rate,manufacturing,eutrophication: freshwater,-3.551586142214681e-05,6.945033049752248e-06,5.7836688769244945e-06,8.491903178713688e-06,raw_timber,2050
raw_timber|repair|Scanning||output rate,manufacturing,eutrophication: marine,8.574464478391423e-07,2.491751239478423e-07,2.1435337339960258e-07,2.9578965748219257e-07,raw_timber,2050
raw_timber|repair|Scanning||output rate,manufacturing,eutrophication: terrestrial,9.098755870080694e-06,8.440544820641629e-07,7.287135922241627e-07,9.992003741836621e-07,raw_timber,2050
raw_timber|repair|Scanning||output rate,manufacturing,human toxicity: carcinogenic,-3.757545549341235e-05,1.8569818224183526e-06,1.5093857088695601e-06,2.27051816372978e-06,raw_timber,2050
raw_timber|repair|Scanning||output rate,manufacturing,"human toxicity: carcinogenic, inorganics",-8.166643046358337e-05,1.0322002943748945e-05,8.476243816288834e-06,1.2522786298112183e-05,raw_timber,2050
raw_timber|repair|Scanning||output rate,manufacturing,"human toxicity: carcinogenic, organics",-5.8111335535435767e-05,5.178680545566773e-07,4.0053446474325436e-07,6.410713091590791e-07,raw_timber,2050
raw_timber|repair|Scanning||output rate,manufacturing,human toxicity: non-carcinogenic,-1.7921917841103156e-05,4.2114623006320495e-06,3.601228948102224e-06,5.129618192801969e-06,raw_timber,2050
raw_timber|repair|Scanning||output rate,manufacturing,"human toxicity: non-carcinogenic, inorganics",-1.9307706051615313e-05,4.3891589491586504e-06,3.7471395397940913e-06,5.340923089996489e-06,raw_timber,2050
raw_timber|repair|Scanning||output rate,manufacturing,"human toxicity: non-carcinogenic, organics",-3.795935675193679e-07,2.051378119735578e-06,1.752968937538761e-06,2.4536240011943884e-06,raw_timber,2050
raw_timber|repair|Scanning||output rate,manufacturing,ionising radiation: human health,3.9014594349356545e-05,1.2879440228434149e-06,1.0964777901571465e-06,1.530151622309982e-06,raw_timber,2050
raw_timber|repair|Scanning||output rate,manufacturing,land use,-5.155141595139634e-06,2.8706367885961444e-08,2.457279930004298e-08,3.3465669009876696e-08,raw_timber,2050
raw_timber|repair|Scanning||output rate,manufacturing,material resources: metals/minerals,-4.4478473314898414e-05,1.4910287448428828e-06,1.2112859277790361e-06,1.7986516401714578e-06,raw_timber,2050
raw_timber|repair|Scanning||output rate,manufacturing,ozone depletion,-2.2599128544498845e-05,1.1795564819876129e-07,9.554910449769136e-08,1.4122212059689192e-07,raw_timber,2050
raw_timber|repair|Scanning||output rate,manufacturing,particulate matter formation,-1.771827614909605e-05,3.3115698831310577e-07,2.7978402011959e-07,3.933123543611555e-07,raw_timber,2050
raw_timber|repair|Scanning||output rate,manufacturing,photochemical oxidant formation: human health,-5.360065255861079e-06,7.506248909361997e-07,6.421668551865968e-07,8.950278481011184e-07,raw_timber,2050
raw_timber|repair|Scanning||output rate,manufacturing,water use,1.2169971524525665e-05,1.5280435396563132e-06,1.2935091647793213e-06,1.8136055119667105e-06,raw_timber,2050
raw_timber|repair|Scanning||machine lifetime,manufacturing,acidification,-1.749354100998976e-05,6.607693368059301e-09,5.146171006231188e-09,8.437700870465533e-09,raw_timber,2050
raw_timber|repair|Scanning||machine lifetime,manufacturing,climate change,-2.080699791149396e-06,7.949869097459117e-11,6.449228468852835e-11,9.950360457026162e-11,raw_timber,2050
raw_timber|repair|Scanning||machine lifetime,manufacturing,climate change: biogenic,-1.3148824074534663e-07,2.9851342481999826e-13,2.4199391794346765e-13,3.718562862696941e-13,raw_timber,2050
raw_timber|repair|Scanning||machine lifetime,manufacturing,climate change: fossil,-2.1344666257525473e-05,7.945871946102532e-09,6.295025320633357e-09,1.0077344527633471e-08,raw_timber,2050
raw_timber|repair|Scanning||machine lifetime,manufacturing,climate change: land use and land use change,-4.519424656977832e-06,6.8897742641325e-10,5.311086470803244e-10,8.742285310958716e-10,raw_timber,2050
raw_timber|repair|Scanning||machine lifetime,manufacturing,ecotoxicity: freshwater,3.0789279970172174e-05,1.1854254320681776e-07,9.018002973974875e-08,1.513248400093502e-07,raw_timber,2050
raw_timber|repair|Scanning||machine lifetime,manufacturing,"ecotoxicity: freshwater, inorganics",3.275489448685267e-05,1.1796890203949143e-07,8.971710847565961e-08,1.5049898953314206e-07,raw_timber,2050
raw_timber|repair|Scanning||machine lifetime,manufacturing,"ecotoxicity: freshwater, organics",-3.6045710069569e-05,4.9777532285470525e-08,3.912660242423781e-08,6.433164847641928e-08,raw_timber,2050
raw_timber|repair|Scanning||machine lifetime,manufacturing,energy resources: non-renewable,-1.2888329375370107e-05,2.7926575364291336e-09,2.202973688083714e-09,3.5394424821523895e-09,raw_timber,2050
raw_timber|repair|Scanning||machine lifetime,manufacturing,eutrophication: freshwater,-1.8766982228911317e-05,1.3263387011292408e-07,1.0060863659046893e-07,1.7260743392473264e-07,raw_timber,2050
raw_timber|repair|Scanning||machine lifetime,manufacturing,eutrophication: marine,-8.64496417659335e-06,1.4111615123850763e-09,1.1335387265226408e-09,1.7703986489641027e-09,raw_timber,2050
raw_timber|repair|Scanning||machine lifetime,manufacturing,eutrophication: terrestrial,-1.2241400426305395e-05,2.8866337413190306e-09,2.2923730987217493e-09,3.667681077679488e-09,raw_timber,2050
raw_timber|repair|Scanning||machine lifetime,manufacturing,human toxicity: carcinogenic,-7.992024582429826e-06,3.32758573107382e-08,2.5462345842873685e-08,4.3090402527347665e-08,raw_timber,2050
raw_timber|repair|Scanning||machine lifetime,manufacturing,"human toxicity: carcinogenic, inorganics",3.105258744212735e-05,1.44498716125351e-07,1.0896814385623943e-07,1.8622214633944947e-07,raw_timber,2050
raw_timber|repair|Scanning||machine lifetime,manufacturing,"human toxicity: carcinogenic, organics",-9.047037773566464e-06,1.2165924264638549e-08,9.490811384202313e-09,1.5744739309723354e-08,raw_timber,2050
raw_timber|repair|Scanning||machine lifetime,manufacturing,human toxicity: non-carcinogenic,-3.2290574827584516e-05,5.5188162277187875e-08,4.337092699776784e-08,7.150030869443466e-08,raw_timber,2050
raw_timber|repair|Scanning||machine lifetime,manufacturing,"human toxicity: non-carcinogenic, inorganics",-3.2236430594620934e-05,5.92086382813652e-08,4.652814691974178e-08,7.671573606111867e-08,raw_timber,2050
raw_timber|repair|Scanning||machine lifetime,manufacturing,"human toxicity: non-carcinogenic, organics",-2.3343839857879965e-05,1.4261581944268322e-08,1.1138891221052979e-08,1.8372987239701193e-08,raw_timber,2050
raw_timber|repair|Scanning||machine lifetime,manufacturing,ionising radiation: human health,-5.019219142507684e-06,4.428970698943642e-10,3.5011826180333493e-10,5.604935179777371e-10,raw_timber,2050
raw_timber|repair|Scanning||machine lifetime,manufacturing,land use,7.717628337326365e-07,1.0723322746957261e-11,8.727826417854069e-12,1.3308725615884388e-11,raw_timber,2050
raw_timber|repair|Scanning||machine lifetime,manufacturing,material resources: metals/minerals,-3.793132102909604e-06,2.172374007339635e-09,1.6830710051224993e-09,2.8269002344884568e-09,raw_timber,2050
raw_timber|repair|Scanning||machine lifetime,manufacturing,ozone depletion,-2.4213011211816015e-06,1.1646928133876208e-10,9.233459591395381e-11,1.4809833852561186e-10,raw_timber,2050
raw_timber|repair|Scanning||machine lifetime,manufacturing,particulate matter formation,-1.3648825517131238e-05,4.0197958884699915e-09,3.170172464939369e-09,5.141915966303407e-09,raw_timber,2050
raw_timber|repair|Scanning||machine lifetime,manufacturing,photochemical oxidant formation: human health,-1.637840385910999e-05,5.901810974522702e-09,4.6590564124683245e-09,7.538807234983986e-09,raw_timber,2050
raw_timber|repair|Scanning||machine lifetime,manufacturing,water use,-1.2029945913830727e-05,3.2090174808487403e-09,2.539461390767578e-09,4.025154398880444e-09,raw_timber,2050
raw_timber|repair|Scanning||process yield,manufacturing,acidification,0.0009272448766748325,1.704425284067361e-05,1.393913326728882e-05,2.0113025965403573e-05,raw_timber,2050
raw_timber|repair|Scanning||process yield,manufacturing,climate change,0.0034906474618761033,0.00011068970077040302,8.995170697983837e-05,0.0001349744507538794,raw_timber,2050
raw_timber|repair|Scanning||process yield,manufacturing,climate change: biogenic,0.010794437648592486,0.001623044138300628,0.0013426502712638331,0.0019312236503392138,raw_timber,2050
raw_timber|repair|Scanning||process yield,manufacturing,climate change: fossil,0.00039292164083450895,3.051585622843215e-06,2.550662655609411e-06,3.604235533812294e-06,raw_timber,2050
raw_timber|repair|Scanning||process yield,manufacturing,climate change: land use and land use change,-0.0005728793757063343,8.607315947611629e-05,7.184433168788141e-05,0.00010178581527341716,raw_timber,2050
raw_timber|repair|Scanning||process yield,manufacturing,ecotoxicity: freshwater,0.00025568522324285244,7.664327404714447e-05,6.252753799707113e-05,9.002586971638144e-05,raw_timber,2050
raw_timber|repair|Scanning||process yield,manufacturing,"ecotoxicity: freshwater, inorganics",0.0002185504959273771,8.07081133184347e-05,6.585809238563982e-05,9.464052991535376e-05,raw_timber,2050
raw_timber|repair|Scanning||process yield,manufacturing,"ecotoxicity: freshwater, organics",-0.0006722644399741502,1.0677118564636656e-05,8.486980040847538e-06,1.269136867104478e-05,raw_timber,2050
raw_timber|repair|Scanning||process yield,manufacturing,energy resources: non-renewable,4.1964553383444625e-05,3.534520374684433e-08,2.9336453568787294e-08,4.2865605644058976e-08,raw_timber,2050
raw_timber|repair|Scanning||process yield,manufacturing,eutrophication: freshwater,0.0017740207041619428,0.00014623006572409884,0.00011719641528843552,0.000173168927324283,raw_timber,2050
raw_timber|repair|Scanning||process yield,manufacturing,eutrophication: marine,0.008195479642331409,0.000970536972845242,0.0008069066413702609,0.0011357350967465772,raw_timber,2050
raw_timber|repair|Scanning||process yield,manufacturing,eutrophication: terrestrial,0.003007432158866833,0.00015563252599141387,0.000129428396343751,0.0001830957774138,raw_timber,2050
raw_timber|repair|Scanning||process yield,manufacturing,human toxicity: carcinogenic,0.0011815730904258827,7.821285195672198e-05,6.214813337006723e-05,9.24406175303766e-05,raw_timber,2050
raw_timber|repair|Scanning||process yield,manufacturing,"human toxicity: carcinogenic, inorganics",0.0016697841339384338,0.0006937231622369977,0.0005638597210687954,0.0008147030173744655,raw_timber,2050
raw_timber|repair|Scanning||process yield,manufacturing,"human toxicity: carcinogenic, organics",0.00040074761800986476,7.898341540161415e-06,6.311516138971375e-06,9.352741319152616e-06,raw_timber,2050
raw_timber|repair|Scanning||process yield,manufacturing,human toxicity: non-carcinogenic,0.0033162244589406997,0.0002593009736693211,0.00020652533424025306,0.0003051332462825986,raw_timber,2050
raw_timber|repair|Scanning||process yield,manufacturing,"human toxicity: non-carcinogenic, inorganics",0.0034323069146067102,0.00028252674061333234,0.0002252255126592247,0.00033240300659392717,raw_timber,2050
raw_timber|repair|Scanning||process yield,manufacturing,"human toxicity: non-carcinogenic, organics",0.001441484249356426,4.278409588109192e-05,3.452739613975133e-05,4.995020542408085e-05,raw_timber,2050
raw_timber|repair|Scanning||process yield,manufacturing,ionising radiation: human health,-0.00015374075098814298,1.8344495285755958e-06,1.514731753859076e-06,2.1920967202445046e-06,raw_timber,2050
raw_timber|repair|Scanning||process yield,manufacturing,land use,0.012467604082031304,0.0021390088725873678,0.0017500882450341654,0.0025429072670091063,raw_timber,2050
raw_timber|repair|Scanning||process yield,manufacturing,material resources: metals/minerals,-0.000114176759942448,4.6198105464610236e-07,3.460100162703493e-07,5.619692879416858e-07,raw_timber,2050
raw_timber|repair|Scanning||process yield,manufacturing,ozone depletion,5.5611365152288364e-05,1.0717010636460675e-07,8.818170164374298e-08,1.2789816964341946e-07,raw_timber,2050
raw_timber|repair|Scanning||process yield,manufacturing,particulate matter formation,0.0007062959274796683,1.020854033984429e-05,8.340351793679761e-06,1.2077600370032673e-05,raw_timber,2050
raw_timber|repair|Scanning||process yield,manufacturing,photochemical oxidant formation: human health,0.0022588004161688273,9.386433747959518e-05,7.663777198948112e-05,0.00011063369514577606,raw_timber,2050
raw_timber|repair|Scanning||process yield,manufacturing,water use,0.0010310403166765264,4.597209084905676e-05,3.860716024600441e-05,5.430786276081341e-05,raw_timber,2050
raw_timber|repair|Scanning||machine source,manufacturing,acidification,-5.9993142114945515e-06,4.78212497081078e-07,4.1840635169085574e-07,5.611066987368305e-07,raw_timber,2050
raw_timber|repair|Scanning||machine source,manufacturing,climate change,-3.799710184700184e-06,5.7288398858091986e-09,4.975261112347469e-09,6.795642865212923e-09,raw_timber,2050
raw_timber|repair|Scanning||machine source,manufacturing,climate change: biogenic,-1.2821411082692286e-07,2.16667284884205e-11,1.8710329576732455e-11,2.5288452406520005e-11,raw_timber,2050
raw_timber|repair|Scanning||machine source,manufacturing,climate change: fossil,-1.6557574295902423e-05,5.725719103374695e-07,5.012782870131674e-07,6.67897927911625e-07,raw_timber,2050
raw_timber|repair|Scanning||machine source,manufacturing,climate change: land use and land use change,-1.2965910690178774e-05,5.0021359855142805e-08,4.317870006062655e-08,5.917973926143666e-08,raw_timber,2050
raw_timber|repair|Scanning||machine source,manufacturing,ecotoxicity: freshwater,0.00022526500393681959,8.605101044122262e-06,7.178274333251422e-06,1.0127723957060781e-05,raw_timber,2050
raw_timber|repair|Scanning||machine source,manufacturing,"ecotoxicity: freshwater, inorganics",0.00022722260442469683,8.563748299750534e-06,7.150240532839948e-06,1.0060254918802539e-05,raw_timber,2050
raw_timber|repair|Scanning||machine source,manufacturing,"ecotoxicity: freshwater, organics",2.4053909161895536e-05,3.6067121447498128e-06,3.117957944942493e-06,4.199345025674615e-06,raw_timber,2050
raw_timber|repair|Scanning||machine source,manufacturing,energy resources: non-renewable,-1.110204677179953e-05,2.0085807541348238e-07,1.7586693609235833e-07,2.344614647943734e-07,raw_timber,2050
raw_timber|repair|Scanning||machine source,manufacturing,eutrophication: freshwater,0.00015705762937605499,9.636158854707614e-06,8.142074661181274e-06,1.13693986634836e-05,raw_timber,2050
raw_timber|repair|Scanning||machine source,manufacturing,eutrophication: marine,-5.333270168048858e-06,1.0106940884198024e-07,8.83438169022691e-08,1.1897993597112926e-07,raw_timber,2050
raw_timber|repair|Scanning||machine source,manufacturing,eutrophication: terrestrial,-6.507875320307784e-06,2.0665646663764623e-07,1.8023679633712915e-07,2.4274864392542804e-07,raw_timber,2050
raw_timber|repair|Scanning||machine source,manufacturing,human toxicity: carcinogenic,7.016701337513006e-05,2.4156323193617007e-06,2.0088471119052923e-06,2.834825781070093e-06,raw_timber,2050
raw_timber|repair|Scanning||machine source,manufacturing,"human toxicity: carcinogenic, inorganics",0.00025809390843606166,1.0495695720608545e-05,8.776104560157135e-06,1.2420503749982776e-05,raw_timber,2050
raw_timber|repair|Scanning||machine source,manufacturing,"human toxicity: carcinogenic, organics",2.999362585398276e-05,8.826217525208608e-07,7.426139681341956e-07,1.0327491481147955e-06,raw_timber,2050
raw_timber|repair|Scanning||machine source,manufacturing,human toxicity: non-carcinogenic,4.963280249498955e-05,4.007388293422965e-06,3.4192219917694825e-06,4.712462436578929e-06,raw_timber,2050
raw_timber|repair|Scanning||machine source,manufacturing,"human toxicity: non-carcinogenic, inorganics",5.518011518139844e-05,4.2998017990530575e-06,3.6682433523095385e-06,5.057174875004555e-06,raw_timber,2050
raw_timber|repair|Scanning||machine source,manufacturing,"human toxicity: non-carcinogenic, organics",7.98615189647977e-07,1.032623332062367e-06,9.000283848061676e-07,1.2167735544464735e-06,raw_timber,2050
raw_timber|repair|Scanning||machine source,manufacturing,ionising radiation: human health,-9.190475243024465e-06,3.214554158526828e-08,2.7764886027111577e-08,3.763707865361563e-08,raw_timber,2050
raw_timber|repair|Scanning||machine source,manufacturing,land use,7.818686997190479e-07,7.668610151408162e-10,6.604634533491059e-10,8.982122284781262e-10,raw_timber,2050
raw_timber|repair|Scanning||machine source,manufacturing,material resources: metals/minerals,1.2689104634677125e-05,1.576393579760846e-07,1.3274543764321624e-07,1.8415788236294964e-07,raw_timber,2050
raw_timber|repair|Scanning||machine source,manufacturing,ozone depletion,-1.4021826675815656e-06,8.372007284904544e-09,7.2887947457903975e-09,9.891339804713665e-09,raw_timber,2050
raw_timber|repair|Scanning||machine source,manufacturing,particulate matter formation,-5.33366212742511e-06,2.8963788160028344e-07,2.5353641112540226e-07,3.4075070916086533e-07,raw_timber,2050
raw_timber|repair|Scanning||machine source,manufacturing,photochemical oxidant formation: human health,-4.942313342391804e-06,4.2277851515833025e-07,3.696156179477941e-07,4.96698225994263e-07,raw_timber,2050
raw_timber|repair|Scanning||machine source,manufacturing,water use,-2.5200303844335613e-05,2.3304120811567875e-07,2.002624264485297e-07,2.7252252533661307e-07,raw_timber,2050
raw_timber|repair|CNC milling||machine weight,manufacturing,acidification,-0.00014799336342172042,8.607844185750157e-07,6.218626405794016e-07,1.1066847071216547e-06,raw_timber,2050
raw_timber|repair|CNC milling||machine weight,manufacturing,climate change,-2.6016020200054177e-05,1.0356322365797356e-08,7.635495799089136e-09,1.3274704703047811e-08,raw_timber,2050
raw_timber|repair|CNC milling||machine weight,manufacturing,climate change: biogenic,-1.431607682647642e-06,3.888732495485262e-11,2.8993190497878274e-11,4.977891626029511e-11,raw_timber,2050
raw_timber|repair|CNC milling||machine weight,manufacturing,climate change: fossil,-0.00019178613314571654,1.0351115595358317e-06,7.598533668808823e-07,1.323485729805815e-06,raw_timber,2050
raw_timber|repair|CNC milling||machine weight,manufacturing,climate change: land use and land use change,-4.395144405309552e-05,8.975304308078423e-08,6.476268872476411e-08,1.1821776067487702e-07,raw_timber,2050
raw_timber|repair|CNC milling||machine weight,manufacturing,ecotoxicity: freshwater,0.0004523172373151604,1.5442529389261078e-05,1.099574862868138e-05,2.1006489126404546e-05,raw_timber,2050
raw_timber|repair|CNC milling||machine weight,manufacturing,"ecotoxicity: freshwater, inorganics",0.0004698380348288657,1.5367801137014015e-05,1.0932949443389353e-05,2.0926625994681285e-05,raw_timber,2050
raw_timber|repair|CNC milling||machine weight,manufacturing,"ecotoxicity: freshwater, organics",-0.0002667205758973753,6.48451818465467e-06,4.684135010238862e-06,8.457002862455761e-06,raw_timber,2050
raw_timber|repair|CNC milling||machine weight,manufacturing,energy resources: non-renewable,-0.00011418477309039059,3.6380107096228473e-07,2.66537253104674e-07,4.640384062303459e-07,raw_timber,2050
raw_timber|repair|CNC milling||machine weight,manufacturing,eutrophication: freshwater,-4.415789875597418e-05,1.7278204622072815e-05,1.2419331103756542e-05,2.2986737033279453e-05,raw_timber,2050
raw_timber|repair|CNC milling||machine weight,manufacturing,eutrophication: marine,-8.764186490432238e-05,1.8383367158050826e-07,1.350974578398151e-07,2.3213923146099787e-07,raw_timber,2050
raw_timber|repair|CNC milling||machine weight,manufacturing,eutrophication: terrestrial,-0.00011074590357720854,3.7604538845117563e-07,2.741825235801377e-07,4.813126659640687e-07,raw_timber,2050
raw_timber|repair|CNC milling||machine weight,manufacturing,human toxicity: carcinogenic,-1.6488019866710072e-05,4.334843745571078e-06,3.110078034690976e-06,5.817414213388897e-06,raw_timber,2050
raw_timber|repair|CNC milling||machine weight,manufacturing,"human toxicity: carcinogenic, inorganics",0.0004074833283011596,1.882383743157605e-05,1.337082837633948e-05,2.546393843529098e-05,raw_timber,2050
raw_timber|repair|CNC milling||machine weight,manufacturing,"human toxicity: carcinogenic, organics",-5.067793360871397e-05,1.5848542852162142e-06,1.1397666600334585e-06,2.0948492929194855e-06,raw_timber,2050
raw_timber|repair|CNC milling||machine weight,manufacturing,human toxicity: non-carcinogenic,-0.00024666237858564865,7.189358101900388e-06,5.160958564524358e-06,9.468171885099912e-06,raw_timber,2050
raw_timber|repair|CNC milling||machine weight,manufacturing,"human toxicity: non-carcinogenic, inorganics",-0.0002442383002178814,7.713105171144357e-06,5.535210584234574e-06,1.0158421444248156e-05,raw_timber,2050
raw_timber|repair|CNC milling||machine weight,manufacturing,"human toxicity: non-carcinogenic, organics",-0.0001909324221480411,1.8578564070891968e-06,1.3429841186938306e-06,2.3835678861579506e-06,raw_timber,2050
raw_timber|repair|CNC milling||machine weight,manufacturing,ionising radiation: human health,-4.695764636136171e-05,5.7696173438560925e-08,4.309317672775252e-08,7.466148787727925e-08,raw_timber,2050
raw_timber|repair|CNC milling||machine weight,manufacturing,land use,8.739988179516205e-06,1.3969427661421927e-09,1.0405805008997342e-09,1.7911995745800855e-09,raw_timber,2050
raw_timber|repair|CNC milling||machine weight,manufacturing,material resources: metals/minerals,-1.573137683611796e-05,2.8299503273360286e-07,2.0488357009956586e-07,3.7741867437251245e-07,raw_timber,2050
raw_timber|repair|CNC milling||machine weight,manufacturing,ozone depletion,-2.092150633282917e-05,1.517252740830587e-08,1.1030664675083016e-08,1.9501044721834544e-08,raw_timber,2050
raw_timber|repair|CNC milling||machine weight,manufacturing,particulate matter formation,-0.00011778374141202506,5.236602721033717e-07,3.7744012320940046e-07,6.73084856351664e-07,raw_timber,2050
raw_timber|repair|CNC milling||machine weight,manufacturing,photochemical oxidant formation: human health,-0.00014423824355880402,7.688356699204464e-07,5.55343059128899e-07,9.913802426127242e-07,raw_timber,2050
raw_timber|repair|CNC milling||machine weight,manufacturing,water use,-0.0001202125341558146,4.1803848315181187e-07,3.086397705594582e-07,5.448089388452761e-07,raw_timber,2050
raw_timber|repair|CNC milling||power,manufacturing,acidification,0.001252048192485529,0.00030712540679966464,0.0002622822423053188,0.00035525391997324264,raw_timber,2050
raw_timber|repair|CNC milling||power,manufacturing,climate change,2.4780134553883084e-05,4.991003733333827e-07,4.2550284837946155e-07,5.857784494522611e-07,raw_timber,2050
raw_timber|repair|CNC milling||power,manufacturing,climate change: biogenic,1.3486895386392127e-05,3.4351657115749264e-08,2.959125012531308e-08,4.002059044126445e-08,raw_timber,2050
raw_timber|repair|CNC milling||power,manufacturing,climate change: fossil,0.0003572932751954466,4.703912509839644e-05,4.0612613483002046e-05,5.391406850377698e-05,raw_timber,2050
raw_timber|repair|CNC milling||power,manufacturing,climate change: land use and land use change,0.0007361086450237015,0.0002616019880640195,0.00021984778897027744,0.00031069436776542784,raw_timber,2050
raw_timber|repair|CNC milling||power,manufacturing,ecotoxicity: freshwater,0.004221386323091394,0.002466629512335979,0.001982275954720693,0.002974760892734076,raw_timber,2050
raw_timber|repair|CNC milling||power,manufacturing,"ecotoxicity: freshwater, inorganics",0.004197325617958041,0.002491277300521248,0.00200257046526571,0.0029965441515949704,raw_timber,2050
raw_timber|repair|CNC milling||power,manufacturing,"ecotoxicity: freshwater, organics",0.0013184025371113385,0.0003644868590270482,0.0003047247572753854,0.0004332173003539401,raw_timber,2050
raw_timber|repair|CNC milling||power,manufacturing,energy resources: non-renewable,0.0006879750921715739,0.0001032711551651304,8.87625806085634e-05,0.00012014859251361324,raw_timber,2050
raw_timber|repair|CNC milling||power,manufacturing,eutrophication: freshwater,0.003922686795578565,0.0017260911837979692,0.001408640141408288,0.002114942900540087,raw_timber,2050
raw_timber|repair|CNC milling||power,manufacturing,eutrophication: marine,0.00040679031520299844,6.903798617657491e-05,5.896598534871219e-05,7.949625296639346e-05,raw_timber,2050
raw_timber|repair|CNC milling||power,manufacturing,eutrophication: terrestrial,0.001074890182657473,0.00024113638991648775,0.00020582805164400523,0.0002778526435533281,raw_timber,2050
raw_timber|repair|CNC milling||power,manufacturing,human toxicity: carcinogenic,0.001363570938499517,0.0004614792383678638,0.00036717854827839134,0.0005703043929844643,raw_timber,2050
raw_timber|repair|CNC milling||power,manufacturing,"human toxicity: carcinogenic, inorganics",0.004409101347695803,0.002660497274254946,0.0021589534140012247,0.003275157012490598,raw_timber,2050
raw_timber|repair|CNC milling||power,manufacturing,"human toxicity: carcinogenic, organics",0.0003056045152077295,0.0001233576249411853,9.524799510134925e-05,0.0001576439019198758,raw_timber,2050
raw_timber|repair|CNC milling||power,manufacturing,human toxicity: non-carcinogenic,0.0029176215720795548,0.0010927593129403967,0.0009150749200032807,0.001291338352765707,raw_timber,2050
raw_timber|repair|CNC milling||power,manufacturing,"human toxicity: non-carcinogenic, inorganics",0.002989491404850122,0.0011354742222777034,0.0009486135661085068,0.001344956186537927,raw_timber,2050
raw_timber|repair|CNC milling||power,manufacturing,"human toxicity: non-carcinogenic, organics",0.0018924978479127957,0.0005619307407190041,0.00047595574576117516,0.000652652901938923,raw_timber,2050
raw_timber|repair|CNC milling||power,manufacturing,ionising radiation: human health,0.0015689954292487783,0.0004000579884154671,0.00033390359241818583,0.0004635774362309694,raw_timber,2050
raw_timber|repair|CNC milling||power,manufacturing,land use,-0.00011071691621488147,8.75086074765884e-06,7.50177837225315e-06,1.0198278844521176e-05,raw_timber,2050
raw_timber|repair|CNC milling||power,manufacturing,material resources: metals/minerals,0.001316699262640361,0.0004338689427316529,0.0003474763836605574,0.0005289507020091604,raw_timber,2050
raw_timber|repair|CNC milling||power,manufacturing,ozone depletion,9.518324845987514e-05,3.435346113129785e-05,2.8763411951085923e-05,4.140920064767361e-05,raw_timber,2050
raw_timber|repair|CNC milling||power,manufacturing,particulate matter formation,0.0003837992175576903,8.583553985184932e-05,7.30029092688279e-05,0.00010097605408510635,raw_timber,2050
raw_timber|repair|CNC milling||power,manufacturing,photochemical oxidant formation: human health,0.0008741236947992924,0.00020302235394091753,0.00017291243339210627,0.00023483679831842058,raw_timber,2050
raw_timber|repair|CNC milling||power,manufacturing,water use,0.0013734018115785015,0.000455165446913767,0.00038471281106846917,0.0005364294362683209,raw_timber,2050
raw_timber|repair|CNC milling||output rate,manufacturing,acidification,-0.007464332707427106,0.00036081410341029003,0.00029249000443371307,0.00043619452952451505,raw_timber,2050
raw_timber|repair|CNC milling||output rate,manufacturing,climate change,-0.00038035004437015713,6.613982647769213e-07,5.387283620901765e-07,7.728705316826434e-07,raw_timber,2050
raw_timber|repair|CNC milling||output rate,manufacturing,climate change: biogenic,-8.117221135170655e-05,3.87537746428828e-08,3.16052646505988e-08,4.4928411617392646e-08,raw_timber,2050
raw_timber|repair|CNC milling||output rate,manufacturing,climate change: fossil,-0.0036293783396861025,6.275941002031673e-05,5.121803301682635e-05,7.49297584046181e-05,raw_timber,2050
raw_timber|repair|CNC milling||output rate,manufacturing,climate change: land use and land use change,-0.004303952815301309,0.00028595383340761926,0.00023215161259502342,0.0003390129994296844,raw_timber,2050
raw_timber|repair|CNC milling||output rate,manufacturing,ecotoxicity: freshwater,0.006844368793744541,0.002999704037469517,0.0024403664098133025,0.0036909038911855712,raw_timber,2050
raw_timber|repair|CNC milling||output rate,manufacturing,"ecotoxicity: freshwater, inorganics",0.0074851988850274855,0.003027185923210348,0.0024631716056580334,0.0037177531306700666,raw_timber,2050
raw_timber|repair|CNC milling||output rate,manufacturing,"ecotoxicity: freshwater, organics",-0.007372705647024317,0.0004783385477809521,0.0003915075889033649,0.000585575542618655,raw_timber,2050
raw_timber|repair|CNC milling||output rate,manufacturing,energy resources: non-renewable,-0.004831178613855685,0.00012193848425532725,9.934762983507187e-05,0.0001456006585677408,raw_timber,2050
raw_timber|repair|CNC milling||output rate,manufacturing,eutrophication: freshwater,-0.006065585273656565,0.0021578340562483644,0.0017395215483496705,0.002660038482375894,raw_timber,2050
raw_timber|repair|CNC milling||output rate,manufacturing,eutrophication: marine,-0.0036950123670934157,8.11003283641819e-05,6.52847215979536e-05,9.541519560141528e-05,raw_timber,2050
raw_timber|repair|CNC milling||output rate,manufacturing,eutrophication: terrestrial,-0.006761445549161932,0.00027792193692280663,0.0002240160554528434,0.0003325182834971888,raw_timber,2050
raw_timber|repair|CNC milling||output rate,manufacturing,human toxicity: carcinogenic,-0.003297397864313077,0.0005815352214031202,0.0004630257239082267,0.0007284702907444184,raw_timber,2050
raw_timber|repair|CNC milling||output rate,manufacturing,"human toxicity: carcinogenic, inorganics",0.006557741102268501,0.003255228797160196,0.002639887911738612,0.004029287622753448,raw_timber,2050
raw_timber|repair|CNC milling||output rate,manufacturing,"human toxicity: carcinogenic, organics",-0.002787269209806724,0.00016156453988085703,0.00012513103569495242,0.00021105464653005848,raw_timber,2050
raw_timber|repair|CNC milling||output rate,manufacturing,human toxicity: non-carcinogenic,-0.009871201445729609,0.0013320635875013445,0.0010728925184317715,0.0016188215050904132,raw_timber,2050
raw_timber|repair|CNC milling||output rate,manufacturing,"human toxicity: non-carcinogenic, inorganics",-0.009770245174254394,0.0013865470728723812,0.0011165917513513307,0.0016831746565236733,raw_timber,2050
raw_timber|repair|CNC milling||output rate,manufacturing,"human toxicity: non-carcinogenic, organics",-0.009291255748587326,0.0006637280313732176,0.0005364554721338232,0.0008030316744612331,raw_timber,2050
raw_timber|repair|CNC milling||output rate,manufacturing,ionising radiation: human health,-0.00775667783864596,0.00043665328459828435,0.00035987751131571897,0.0005176782320456507,raw_timber,2050
raw_timber|repair|CNC milling||output rate,manufacturing,land use,0.0012542630977940056,9.712535708915123e-06,7.857682618034971e-06,1.1275407637275077e-05,raw_timber,2050
raw_timber|repair|CNC milling||output rate,manufacturing,material resources: metals/minerals,-0.0041911746027184765,0.000497913723298501,0.00040289609343594927,0.0006230458058339855,raw_timber,2050
raw_timber|repair|CNC milling||output rate,manufacturing,ozone depletion,-0.0025737002212996526,3.954149514777075e-05,3.137939799953435e-05,4.8635482219001876e-05,raw_timber,2050
raw_timber|repair|CNC milling||output rate,manufacturing,particulate matter formation,-0.004201468084637701,0.00010537042162104824,8.664532128528206e-05,0.00012873465646332432,raw_timber,2050
raw_timber|repair|CNC milling||output rate,manufacturing,photochemical oxidant formation: human health,-0.006149620752888189,0.0002420471703683239,0.0001967005932083564,0.0002903695962719551,raw_timber,2050
raw_timber|repair|CNC milling||output rate,manufacturing,water use,-0.0073575071106517995,0.0005075465423766672,0.0004245519618232431,0.0005929992068411022,raw_timber,2050
raw_timber|repair|CNC milling||machine lifetime,manufacturing,acidification,-8.585876183815792e-05,6.673530411384494e-07,5.498523076168364e-07,8.160414327803055e-07,raw_timber,2050
raw_timber|repair|CNC milling||machine lifetime,manufacturing,climate change,-1.2187441016760522e-05,8.029087901677178e-09,6.659961080353014e-09,9.931695276462484e-09,raw_timber,2050
raw_timber|repair|CNC milling||machine lifetime,manufacturing,climate change: biogenic,-7.378872328392569e-07,3.0148762524598536e-11,2.4901847473150638e-11,3.7075282846103455e-11,raw_timber,2050
raw_timber|repair|CNC milling||machine lifetime,manufacturing,climate change: fossil,-0.00011134182160607707,8.025051033676717e-07,6.597236438710627e-07,9.932274475090082e-07,raw_timber,2050
raw_timber|repair|CNC milling||machine lifetime,manufacturing,climate change: land use and land use change,-2.2314761712831167e-05,6.958419560082607e-08,5.680587143397358e-08,8.47045792113354e-08,raw_timber,2050
raw_timber|repair|CNC milling||machine lifetime,manufacturing,ecotoxicity: freshwater,0.00024588352116826503,1.1972362598742795e-05,9.71183879132401e-06,1.4782497820550413e-05,raw_timber,2050
raw_timber|repair|CNC milling||machine lifetime,manufacturing,"ecotoxicity: freshwater, inorganics",0.00025646994163332074,1.191442692352839e-05,9.679067156649126e-06,1.471200396154298e-05,raw_timber,2050
raw_timber|repair|CNC milling||machine lifetime,manufacturing,"ecotoxicity: freshwater, organics",-0.00016971721850693678,5.0273491942125405e-06,4.117059890881865e-06,6.151670659749052e-06,raw_timber,2050
raw_timber|repair|CNC milling||machine lifetime,manufacturing,energy resources: non-renewable,-6.60401611330152e-05,2.820487830028313e-07,2.3147789797719454e-07,3.463405201201308e-07,raw_timber,2050
raw_timber|repair|CNC milling||machine lifetime,manufacturing,eutrophication: freshwater,-3.2752484064361044e-05,1.3395534649239633e-05,1.1106728874585372e-05,1.6632320419784312e-05,raw_timber,2050
raw_timber|repair|CNC milling||machine lifetime,manufacturing,eutrophication: marine,-4.672776948320172e-05,1.4252274473912755e-07,1.1755007652004976e-07,1.753810126961234e-07,raw_timber,2050
raw_timber|repair|CNC milling||machine lifetime,manufacturing,eutrophication: terrestrial,-6.224870889825844e-05,2.9154073660073355e-07,2.4111696258664085e-07,3.596563889231107e-07,raw_timber,2050
raw_timber|repair|CNC milling||machine lifetime,manufacturing,human toxicity: carcinogenic,-2.2783165224998385e-05,3.360739679471821e-06,2.7803650504886187e-06,4.154881000612672e-06,raw_timber,2050
raw_timber|repair|CNC milling||machine lifetime,manufacturing,"human toxicity: carcinogenic, inorganics",0.00024548753130017347,1.459384066260179e-05,1.1817955040831707e-05,1.8185452428486334e-05,raw_timber,2050
raw_timber|repair|CNC milling||machine lifetime,manufacturing,"human toxicity: carcinogenic, organics",-4.045898807455763e-05,1.2287138246487103e-06,1.0188752665647158e-06,1.5162350549758672e-06,raw_timber,2050
raw_timber|repair|CNC milling||machine lifetime,manufacturing,human toxicity: non-carcinogenic,-0.00013836061680833355,5.573802144496819e-06,4.58428851959518e-06,6.824283561967427e-06,raw_timber,2050
raw_timber|repair|CNC milling||machine lifetime,manufacturing,"human toxicity: non-carcinogenic, inorganics",-0.0001364972379966268,5.979855465601297e-06,4.922282496316552e-06,7.303870079005186e-06,raw_timber,2050
raw_timber|repair|CNC milling||machine lifetime,manufacturing,"human toxicity: non-carcinogenic, organics",-0.00011034294210428899,1.440367893042168e-06,1.1813256021894537e-06,1.7596319560918655e-06,raw_timber,2050
raw_timber|repair|CNC milling||machine lifetime,manufacturing,ionising radiation: human health,-2.484225840187172e-05,4.473098189493854e-08,3.6993672610843675e-08,5.498298702998932e-08,raw_timber,2050
raw_timber|repair|CNC milling||machine lifetime,manufacturing,land use,4.4650926742729125e-06,1.0830218761807697e-09,8.909451665389544e-10,1.330814107325795e-09,raw_timber,2050
raw_timber|repair|CNC milling||machine lifetime,manufacturing,material resources: metals/minerals,-1.3676944412466019e-05,2.1940182070752467e-07,1.823117227479149e-07,2.706491470398621e-07,raw_timber,2050
raw_timber|repair|CNC milling||machine lifetime,manufacturing,ozone depletion,-1.2500299084285015e-05,1.1762998782499261e-08,9.666988945498948e-09,1.4411477435994846e-08,raw_timber,2050
raw_timber|repair|CNC milling||machine lifetime,manufacturing,particulate matter formation,-6.976743208261776e-05,4.0598525007535356e-07,3.3522670741133274e-07,4.96754228277755e-07,raw_timber,2050
raw_timber|repair|CNC milling||machine lifetime,manufacturing,photochemical oxidant formation: human health,-8.31195651381357e-05,5.960637373732153e-07,4.906083755026161e-07,7.310139663651077e-07,raw_timber,2050
raw_timber|repair|CNC milling||machine lifetime,manufacturing,water use,-6.012571982694323e-05,3.2409900451654953e-07,2.6951440495736563e-07,3.9652662325021083e-07,raw_timber,2050
raw_timber|repair|CNC milling||process yield,manufacturing,acidification,0.0010725685787189548,0.00010888908531427761,9.071512493288537e-05,0.0001349425717890982,raw_timber,2050
raw_timber|repair|CNC milling||process yield,manufacturing,climate change,-0.0017997080935378798,0.00016001778418970182,0.0001325870159348837,0.00019628825748014937,raw_timber,2050
raw_timber|repair|CNC milling||process yield,manufacturing,climate change: biogenic,-0.0019066156047327389,0.002671332079372765,0.0022631230346623317,0.003185929801438516,raw_timber,2050
raw_timber|repair|CNC milling||process yield,manufacturing,climate change: fossil,0.00026981613610138806,1.8512607523900353e-05,1.5392525056061225e-05,2.2564984623639654e-05,raw_timber,2050
raw_timber|repair|CNC milling||process yield,manufacturing,climate change: land use and land use change,0.0013505283311957854,0.0006694953327091878,0.0005563280470227321,0.0008129981429084742,raw_timber,2050
raw_timber|repair|CNC milling||process yield,manufacturing,ecotoxicity: freshwater,0.003713405739846455,0.001157184776626177,0.0009475547515280845,0.00140926801637485,raw_timber,2050
raw_timber|repair|CNC milling||process yield,manufacturing,"ecotoxicity: freshwater, inorganics",0.0036374211085308506,0.0011516521534909914,0.0009451595001916612,0.0014001430440017549,raw_timber,2050
raw_timber|repair|CNC milling||process yield,manufacturing,"ecotoxicity: freshwater, organics",0.00286398806075415,0.00048625488367070745,0.00040589792858517176,0.000590296109602844,raw_timber,2050
raw_timber|repair|CNC milling||process yield,manufacturing,energy resources: non-renewable,0.0010507791076980097,7.916624260686563e-05,6.537826790654348e-05,9.624371091195559e-05,raw_timber,2050
raw_timber|repair|CNC milling||process yield,manufacturing,eutrophication: freshwater,0.002577455895472127,0.00052756892710887,0.0004312742156166148,0.0006583764895491846,raw_timber,2050
raw_timber|repair|CNC milling||process yield,manufacturing,eutrophication: marine,-0.002830775052810511,0.0010740974915532115,0.0009007588996130686,0.0012789970350405918,raw_timber,2050
raw_timber|repair|CNC milling||process yield,manufacturing,eutrophication: terrestrial,-0.0006084121608869902,9.161913411938484e-06,7.37841588216055e-06,1.0777373544573642e-05,raw_timber,2050
raw_timber|repair|CNC milling||process yield,manufacturing,human toxicity: carcinogenic,0.00034106693597469283,7.995532254157105e-05,5.984417778058529e-05,0.00010342233306597482,raw_timber,2050
raw_timber|repair|CNC milling||process yield,manufacturing,"human toxicity: carcinogenic, inorganics",0.0008714715798399579,0.00020557441199686572,0.00016477673881688036,0.00026292694889898654,raw_timber,2050
raw_timber|repair|CNC milling||process yield,manufacturing,"human toxicity: carcinogenic, organics",4.617809921548593e-05,4.848367082305908e-05,3.5235605201566424e-05,6.406879682895827e-05,raw_timber,2050
raw_timber|repair|CNC milling||process yield,manufacturing,human toxicity: non-carcinogenic,0.0005323799890328979,0.00010058814713387678,7.753176369583891e-05,0.00012816731727036953,raw_timber,2050
raw_timber|repair|CNC milling||process yield,manufacturing,"human toxicity: non-carcinogenic, inorganics",0.0004683624301348491,9.596898743792834e-05,7.368341922942723e-05,0.00012238787864808103,raw_timber,2050
raw_timber|repair|CNC milling||process yield,manufacturing,"human toxicity: non-carcinogenic, organics",0.0013845974228902202,0.00016827571211479116,0.0001403937043611876,0.0002085747683035404,raw_timber,2050
raw_timber|repair|CNC milling||process yield,manufacturing,ionising radiation: human health,0.002380442065528263,0.00036876987323858655,0.00030532403186836357,0.0004474138849766934,raw_timber,2050
raw_timber|repair|CNC milling||process yield,manufacturing,land use,-0.001038395917413804,0.0038542371440836313,0.0032265167845912453,0.004609818396665389,raw_timber,2050
raw_timber|repair|CNC milling||process yield,manufacturing,material resources: metals/minerals,0.002171068358982882,0.00036414239281185723,0.00029557380589255775,0.0004532498418543166,raw_timber,2050
raw_timber|repair|CNC milling||process yield,manufacturing,ozone depletion,0.00017516560265858807,2.2269866851373004e-05,1.8496736174253258e-05,2.7292394200922985e-05,raw_timber,2050
raw_timber|repair|CNC milling||process yield,manufacturing,particulate matter formation,5.3523476098670534e-05,1.9824221748121637e-05,1.5876126222304285e-05,2.4769740433071118e-05,raw_timber,2050
raw_timber|repair|CNC milling||process yield,manufacturing,photochemical oxidant formation: human health,-0.0004711896958512192,4.131660015204086e-06,3.125248397570699e-06,5.191383383168325e-06,raw_timber,2050
raw_timber|repair|CNC milling||process yield,manufacturing,water use,0.0013191056717451646,0.00011031480091186434,8.933504578767461e-05,0.0001354664673491483,raw_timber,2050
raw_timber|repair|CNC milling||machine source,manufacturing,acidification,-0.0008510685823516234,6.327563310711859e-05,5.5070010019291535e-05,7.257218530753124e-05,raw_timber,2050
raw_timber|repair|CNC milling||machine source,manufacturing,climate change,-4.6559022787480195e-05,7.580227889411823e-07,6.623660462060696e-07,8.653505827654406e-07,raw_timber,2050
raw_timber|repair|CNC milling||machine source,manufacturing,climate change: biogenic,-4.001143486405299e-06,2.866876066237656e-09,2.4986829475595074e-09,3.260939004265077e-09,raw_timber,2050
raw_timber|repair|CNC milling||machine source,manufacturing,climate change: fossil,-0.0008176522311703176,7.576098564361238e-05,6.518550359598846e-05,8.579456210972377e-05,raw_timber,2050
raw_timber|repair|CNC milling||machine source,manufacturing,climate change: land use and land use change,0.00012291402654956052,6.618675239633074e-06,5.8037814326402246e-06,7.4764461042179285e-06,raw_timber,2050
raw_timber|repair|CNC milling||machine source,manufacturing,ecotoxicity: freshwater,-0.0026385937958690593,0.001138600977266478,0.0009685260613545084,0.0013236267110002865,raw_timber,2050
raw_timber|repair|CNC milling||machine source,manufacturing,"ecotoxicity: freshwater, inorganics",-0.0025651250758363703,0.0011331293070428463,0.0009653080106428896,0.0013162389477454869,raw_timber,2050
raw_timber|repair|CNC milling||machine source,manufacturing,"ecotoxicity: freshwater, organics",-0.002512863602557158,0.0004772292564229698,0.0004127510218940267,0.0005545407241214765,raw_timber,2050
raw_timber|repair|CNC milling||machine source,manufacturing,energy resources: non-renewable,-0.00047465877485604156,2.6576933819256145e-05,2.2863293608671096e-05,3.008529635313439e-05,raw_timber,2050
raw_timber|repair|CNC milling||machine source,manufacturing,eutrophication: freshwater,-0.0037691126195202027,0.00127502743231108,0.0010834717346223201,0.0014871490474387876,raw_timber,2050
raw_timber|repair|CNC milling||machine source,manufacturing,eutrophication: marine,-0.00034051128678383506,1.3373198883913032e-05,1.1686726421780565e-05,1.500862559696983e-05,raw_timber,2050
raw_timber|repair|CNC milling||machine source,manufacturing,eutrophication: terrestrial,-0.000528589107735114,2.7344159431201295e-05,2.3711563736073133e-05,3.091589513411322e-05,raw_timber,2050
raw_timber|repair|CNC milling||machine source,manufacturing,human toxicity: carcinogenic,-0.002141114354449492,0.0003196291717481176,0.0002681665122786978,0.0003776616834039807,raw_timber,2050
raw_timber|repair|CNC milling||machine source,manufacturing,"human toxicity: carcinogenic, inorganics",-0.0029157065123537307,0.0013887587540577322,0.001169289014539228,0.0016287985806000805,raw_timber,2050
raw_timber|repair|CNC milling||machine source,manufacturing,"human toxicity: carcinogenic, organics",-0.0013771464072800839,0.00011678584421310284,9.80087552181805e-05,0.0001378004332816506,raw_timber,2050
raw_timber|repair|CNC milling||machine source,manufacturing,human toxicity: non-carcinogenic,-0.0025917019948581074,0.0005302455141179645,0.00045849604434980857,0.0006181137907304042,raw_timber,2050
raw_timber|repair|CNC milling||machine source,manufacturing,"human toxicity: non-carcinogenic, inorganics",-0.0026812935627488262,0.0005689367859076953,0.0004916226686366523,0.0006638934145533857,raw_timber,2050
raw_timber|repair|CNC milling||machine source,manufacturing,"human toxicity: non-carcinogenic, organics",-0.001287526365839337,0.00013663360011762347,0.00011819294541617744,0.0001573746827525405,raw_timber,2050
raw_timber|repair|CNC milling||machine source,manufacturing,ionising radiation: human health,-2.5843321665811442e-05,4.25340096253121e-06,3.7321007323039153e-06,4.85778848146351e-06,raw_timber,2050
raw_timber|repair|CNC milling||machine source,manufacturing,land use,2.201468201034472e-05,1.014687331143393e-07,8.819721264885733e-08,1.1597397538638212e-07,raw_timber,2050
raw_timber|repair|CNC milling||machine source,manufacturing,material resources: metals/minerals,-0.0005947099818059723,2.0858363676022212e-05,1.7486003149124524e-05,2.462391369596041e-05,raw_timber,2050
raw_timber|repair|CNC milling||machine source,manufacturing,ozone depletion,-0.00011821048295624505,1.10775871513862e-06,9.61516033079128e-07,1.2619564668127304e-06,raw_timber,2050
raw_timber|repair|CNC milling||machine source,manufacturing,particulate matter formation,-0.0006889098484603778,3.832400960227129e-05,3.321837401839437e-05,4.370015115400819e-05,raw_timber,2050
raw_timber|repair|CNC milling||machine source,manufacturing,photochemical oxidant formation: human health,-0.0008149663649400249,5.5940776065066414e-05,4.8593900965247375e-05,6.377470196751792e-05,raw_timber,2050
raw_timber|repair|CNC milling||machine source,manufacturing,water use,9.681715603594357e-05,3.083530872483094e-05,2.718112023935868e-05,3.5214819787296036e-05,raw_timber,2050
raw_timber|use|product||expected lifetime,circularity,acidification,-0.06743279391671388,0.06550077218956439,0.057041769522689426,0.07580959063288806,raw_timber,2050
raw_timber|use|product||expected lifetime,circularity,climate change,0.002666442027532347,0.0001580660099982878,0.00012186603575855003,0.00020601785431994022,raw_timber,2050
raw_timber|use|product||expected lifetime,circularity,climate change: biogenic,-0.06647537293275399,0.06861666601939477,0.06044018650312423,0.07945044142342052,raw_timber,2050
raw_timber|use|product||expected lifetime,circularity,climate change: fossil,-0.07328144336171864,0.07220632815059186,0.06303158544062114,0.08304522169575777,raw_timber,2050
raw_timber|use|product||expected lifetime,circularity,climate change: land use and land use change,-0.013516806729477202,0.020019216776564253,0.01670083982180041,0.0237215030048293,raw_timber,2050
raw_timber|use|product||expected lifetime,circularity,ecotoxicity: freshwater,0.0017847634243796835,0.0031906757319058,0.002522563647529694,0.003978552977379477,raw_timber,2050
raw_timber|use|product||expected lifetime,circularity,"ecotoxicity: freshwater, inorganics",0.0018829484639659767,0.0033123136112403993,0.002630985062763838,0.004118566811060141,raw_timber,2050
raw_timber|use|product||expected lifetime,circularity,"ecotoxicity: freshwater, organics",-0.05223050793664041,0.04911481526111063,0.042586582969204985,0.05592870025747877,raw_timber,2050
raw_timber|use|product||expected lifetime,circularity,energy resources: non-renewable,-0.07306039825977202,0.07259338260948098,0.06324974641482747,0.08374244686228574,raw_timber,2050
raw_timber|use|product||expected lifetime,circularity,eutrophication: freshwater,-0.02118724225430206,0.020255509103559905,0.017210093541194647,0.023674632145215143,raw_timber,2050
raw_timber|use|product||expected lifetime,circularity,eutrophication: marine,-0.07000504031937423,0.06962435367034178,0.06094314239583373,0.0805606348938432,raw_timber,2050
raw_timber|use|product||expected lifetime,circularity,eutrophication: terrestrial,-0.0708215831950935,0.06958799468896244,0.06056993690665363,0.08063545828250406,raw_timber,2050
raw_timber|use|product||expected lifetime,circularity,human toxicity: carcinogenic,-0.017459679103453182,0.01634785151334941,0.01387615742183062,0.01905888687873081,raw_timber,2050
raw_timber|use|product||expected lifetime,circularity,"human toxicity: carcinogenic, inorganics",0.00016780961648492097,0.0032159633976756525,0.002485119197075562,0.004042238939388646,raw_timber,2050
raw_timber|use|product||expected lifetime,circularity,"human toxicity: carcinogenic, organics",-0.02618820130367628,0.023945042673912523,0.020341592848176514,0.02755534218447385,raw_timber,2050
raw_timber|use|product||expected lifetime,circularity,human toxicity: non-carcinogenic,-0.0458705744004189,0.043175156612779333,0.037411201522180804,0.04950324444432756,raw_timber,2050
raw_timber|use|product||expected lifetime,circularity,"human toxicity: non-carcinogenic, inorganics",-0.044434758478432715,0.04175489107331171,0.03605465631668545,0.04786362772917018,raw_timber,2050
raw_timber|use|product||expected lifetime,circularity,"human toxicity: non-carcinogenic, organics",-0.06213854129716636,0.059891015427186584,0.052097586667573643,0.06877713090304817,raw_timber,2050
raw_timber|use|product||expected lifetime,circularity,ionising radiation: human health,-0.04477613760763716,0.05103628762696128,0.044252943999676664,0.059304987861795354,raw_timber,2050
raw_timber|use|product||expected lifetime,circularity,land use,-0.06273090408439855,0.0655953912348005,0.05777629183513817,0.0760279619856641,raw_timber,2050
raw_timber|use|product||expected lifetime,circularity,material resources: metals/minerals,-0.024292218145919794,0.02309740374408927,0.01974313006772989,0.026783442554319963,raw_timber,2050
raw_timber|use|product||expected lifetime,circularity,ozone depletion,-0.06932091909831478,0.06704265923718088,0.05806621883904569,0.07682264094582324,raw_timber,2050
raw_timber|use|product||expected lifetime,circularity,particulate matter formation,-0.06775445279485831,0.06523628282025981,0.05669074357488117,0.07473537314022037,raw_timber,2050
raw_timber|use|product||expected lifetime,circularity,photochemical oxidant formation: human health,-0.06762732653117866,0.06536773661276116,0.056784586305425704,0.07537067591988453,raw_timber,2050
raw_timber|use|product||expected lifetime,circularity,water use,-0.030087474169798442,0.03769820729451988,0.032053286798740525,0.04376529595798076,raw_timber,2050
raw_timber|use|product||lifetime extension per repair,circularity,acidification,-0.05233280190268405,0.010983871633565045,0.009404022857764035,0.013068862783776876,raw_timber,2050
raw_timber|use|product||lifetime extension per repair,circularity,climate change,0.010584400676842019,0.0003260493467055213,0.00026344724629345475,0.00041902112164432065,raw_timber,2050
raw_timber|use|product||lifetime extension per repair,circularity,climate change: biogenic,-0.05541984506348079,0.011558228307560287,0.009989599255171146,0.013688472719879786,raw_timber,2050
raw_timber|use|product||lifetime extension per repair,circularity,climate change: fossil,-0.058480393233382055,0.012217196628938361,0.010526040400496125,0.014379105234966638,raw_timber,2050
raw_timber|use|product||lifetime extension per repair,circularity,climate change: land use and land use change,-0.011612254901459756,0.00350502950730269,0.0029379360863371405,0.004212932343461267,raw_timber,2050
raw_timber|use|product||lifetime extension per repair,circularity,ecotoxicity: freshwater,0.001642175331663317,0.000547398324758444,0.0003441150306623418,0.0008101579890471641,raw_timber,2050
raw_timber|use|product||lifetime extension per repair,circularity,"ecotoxicity: freshwater, inorganics",0.0015020541418199914,0.000579928419198405,0.00038938118248416813,0.0008268105893908773,raw_timber,2050
raw_timber|use|product||lifetime extension per repair,circularity,"ecotoxicity: freshwater, organics",-0.038532021044139095,0.008141374011677074,0.006861650352115498,0.009952269241943373,raw_timber,2050
raw_timber|use|product||lifetime extension per repair,circularity,energy resources: non-renewable,-0.05840075909588162,0.01230524137494798,0.010572800602271271,0.014481546107466554,raw_timber,2050
raw_timber|use|product||lifetime extension per repair,circularity,eutrophication: freshwater,-0.0127062504011651,0.0032210824624393235,0.0024637827285078793,0.004035615715508702,raw_timber,2050
raw_timber|use|product||lifetime extension per repair,circularity,eutrophication: marine,-0.05631747891259713,0.011657609078969403,0.010035589359508327,0.013929721178724914,raw_timber,2050
raw_timber|use|product||lifetime extension per repair,circularity,eutrophication: terrestrial,-0.05580746692404969,0.011686500487764545,0.010015998333861664,0.013709259890946537,raw_timber,2050
raw_timber|use|product||lifetime extension per repair,circularity,human toxicity: carcinogenic,-0.010911534371908132,0.002496471451402672,0.0018579893908202726,0.0032446397458658492,raw_timber,2050
raw_timber|use|product||lifetime extension per repair,circularity,"human toxicity: carcinogenic, inorganics",0.0013536437200640278,0.0004974711710683147,0.00028493201743412907,0.0007930617205964555,raw_timber,2050
raw_timber|use|product||lifetime extension per repair,circularity,"human toxicity: carcinogenic, organics",-0.018154913115142154,0.003752146856383777,0.002955262550908694,0.004643266696285816,raw_timber,2050
raw_timber|use|product||lifetime extension per repair,circularity,human toxicity: non-carcinogenic,-0.03266053088494216,0.00706892794142879,0.0058264291930060835,0.008532541778817227,raw_timber,2050
raw_timber|use|product||lifetime extension per repair,circularity,"human toxicity: non-carcinogenic, inorganics",-0.03143370004241735,0.006823971217016702,0.005604674318951554,0.00824824698476935,raw_timber,2050
raw_timber|use|product||lifetime extension per repair,circularity,"human toxicity: non-carcinogenic, organics",-0.047206544219034675,0.009991033466885508,0.00851911751134427,0.01197108878762595,raw_timber,2050
raw_timber|use|product||lifetime extension per repair,circularity,ionising radiation: human health,-0.03728692055811619,0.00886534261346518,0.007580349224062906,0.010442111273333287,raw_timber,2050
raw_timber|use|product||lifetime extension per repair,circularity,land use,-0.05290632759782315,0.01104748997751835,0.009570634056699263,0.013041143145599395,raw_timber,2050
raw_timber|use|product||lifetime extension per repair,circularity,material resources: metals/minerals,-0.016876936881843625,0.003638697067298395,0.0028393883145789492,0.004484690182446112,raw_timber,2050
raw_timber|use|product||lifetime extension per repair,circularity,ozone depletion,-0.0548469862199562,0.011238553879493681,0.009641992584958787,0.013394459519999421,raw_timber,2050
raw_timber|use|product||lifetime extension per repair,circularity,particulate matter formation,-0.05300987718955075,0.010915435456105753,0.00934618892540146,0.013017863544343037,raw_timber,2050
raw_timber|use|product||lifetime extension per repair,circularity,photochemical oxidant formation: human health,-0.052647810812410184,0.010924825297352895,0.009342659969662237,0.012960623577260109,raw_timber,2050
raw_timber|use|product||lifetime extension per repair,circularity,water use,-0.025752869174784043,0.006572923589834146,0.005567276271058883,0.007710366176459392,raw_timber,2050
raw_timber|use|product||number of repair events,circularity,acidification,0.006493698428595134,0.019371866671247715,0.015848614196559897,0.02309446465728976,raw_timber,2050
raw_timber|use|product||number of repair events,circularity,climate change,0.007414306138016839,0.009601304401949564,0.007915343981507441,0.011363959311287235,raw_timber,2050
raw_timber|use|product||number of repair events,circularity,climate change: biogenic,-0.008591813524591742,0.02135386324873018,0.01746655984664521,0.02522454048131017,raw_timber,2050
raw_timber|use|product||number of repair events,circularity,climate change: fossil,0.00534890283622887,0.0216570148930182,0.017551134877061995,0.025692857256863426,raw_timber,2050
raw_timber|use|product||number of repair events,circularity,climate change: land use and land use change,0.008760399204312075,0.00687342842805346,0.004979010584660756,0.008969181497391877,raw_timber,2050
raw_timber|use|product||number of repair events,circularity,ecotoxicity: freshwater,0.0027238924815210456,0.0023847939653878565,0.0018830872277762927,0.0031414377497364747,raw_timber,2050
raw_timber|use|product||number of repair events,circularity,"ecotoxicity: freshwater, inorganics",0.0026045776306040575,0.002481884853823155,0.0019394865861338982,0.0032726662429974317,raw_timber,2050
raw_timber|use|product||number of repair events,circularity,"ecotoxicity: freshwater, organics",0.005625701436623916,0.014459579838837307,0.011863835595243224,0.017680414554539534,raw_timber,2050
raw_timber|use|product||number of repair events,circularity,energy resources: non-renewable,0.007825843577874362,0.021720315207652864,0.01753052618230661,0.025812348714810796,raw_timber,2050
raw_timber|use|product||number of repair events,circularity,eutrophication: freshwater,0.004501164548949503,0.006208918729825552,0.0049407462375560905,0.008023685666932444,raw_timber,2050
raw_timber|use|product||number of repair events,circularity,eutrophication: marine,-0.00480550839799159,0.021116217857836347,0.017138306793119295,0.0248195306216721,raw_timber,2050
raw_timber|use|product||number of repair events,circularity,eutrophication: terrestrial,0.00402991044904951,0.020665720237981806,0.01686949754545437,0.02451814600583555,raw_timber,2050
raw_timber|use|product||number of repair events,circularity,human toxicity: carcinogenic,-0.0015731670934530195,0.005113564007555141,0.004009177081974422,0.006626322095083849,raw_timber,2050
raw_timber|use|product||number of repair events,circularity,"human toxicity: carcinogenic, inorganics",0.0018587805938454923,0.0024407158448993805,0.001859803909268422,0.0032325796057569825,raw_timber,2050
raw_timber|use|product||number of repair events,circularity,"human toxicity: carcinogenic, organics",-0.003222249503020145,0.007396142978093367,0.0058994745578584,0.00929308109080916,raw_timber,2050
raw_timber|use|product||number of repair events,circularity,human toxicity: non-carcinogenic,0.004177666927718578,0.012600977859828355,0.010319702063846171,0.015500158573912182,raw_timber,2050
raw_timber|use|product||number of repair events,circularity,"human toxicity: non-carcinogenic, inorganics",0.003968449483790907,0.012194224680654514,0.010000645716115319,0.015038090353289065,raw_timber,2050
raw_timber|use|product||number of repair events,circularity,"human toxicity: non-carcinogenic, organics",0.006894951725030333,0.017573058695133068,0.01432682773106009,0.021103097053136247,raw_timber,2050
raw_timber|use|product||number of repair events,circularity,ionising radiation: human health,0.015247061795784136,0.015596299845627512,0.012204527810745228,0.019204736843446275,raw_timber,2050
raw_timber|use|product||number of repair events,circularity,land use,-0.0111763182877468,0.020748553315063284,0.01703323359555773,0.024290470471416328,raw_timber,2050
raw_timber|use|product||number of repair events,circularity,material resources: metals/minerals,0.0009343928105079934,0.007029050869824403,0.0056437885683923005,0.008873956651360834,raw_timber,2050
raw_timber|use|product||number of repair events,circularity,ozone depletion,0.002538711761550553,0.020199624706133915,0.016561535157396733,0.023986972289189428,raw_timber,2050
raw_timber|use|product||number of repair events,circularity,particulate matter formation,0.002664971525137132,0.019513986589847272,0.01599931160216259,0.02316982118603349,raw_timber,2050
raw_timber|use|product||number of repair events,circularity,photochemical oxidant formation: human health,0.0027746747544334584,0.019417039640194325,0.01591620894906952,0.023025131979219973,raw_timber,2050
raw_timber|use|product||number of repair events,circularity,water use,0.01208221027811827,0.011710711378138226,0.009007479888711376,0.014560725985339177,raw_timber,2050
raw_timber|repair|repair material||share of product mass per repair,circularity,acidification,0.005006719556125343,0.0038475857159880667,0.003302390082170485,0.00455381333386445,raw_timber,2050
raw_timber|repair|repair material||share of product mass per repair,circularity,climate change,0.0021787108128137646,0.000496978363955108,0.00042607938329861805,0.0005863242629115252,raw_timber,2050
raw_timber|repair|repair material||share of product mass per repair,circularity,climate change: biogenic,0.007667176021347738,0.004011917728830481,0.0034266676524225864,0.004850490315352169,raw_timber,2050
raw_timber|repair|repair material||share of product mass per repair,circularity,climate change: fossil,0.006901065309479611,0.0042489876579425,0.0036541403941545794,0.005045628560064685,raw_timber,2050
raw_timber|repair|repair material||share of product mass per repair,circularity,climate change: land use and land use change,0.0004531791272796474,0.001210874253860668,0.0009703124737236619,0.00154838829518192,raw_timber,2050
raw_timber|repair|repair material||share of product mass per repair,circularity,ecotoxicity: freshwater,0.0005613541291435499,0.00023944278303125786,0.00015976425340555778,0.0003321932109722704,raw_timber,2050
raw_timber|repair|repair material||share of product mass per repair,circularity,"ecotoxicity: freshwater, inorganics",0.0007401311811348836,0.0002489411829798189,0.00016552049136759166,0.00035092709860361394,raw_timber,2050
raw_timber|repair|repair material||share of product mass per repair,circularity,"ecotoxicity: freshwater, organics",0.0029828828798512527,0.0028719314956115296,0.0024572591195673723,0.003374906369154574,raw_timber,2050
raw_timber|repair|repair material||share of product mass per repair,circularity,energy resources: non-renewable,0.006639134939638644,0.004281565721311568,0.003668253671502165,0.00510490495317312,raw_timber,2050
raw_timber|repair|repair material||share of product mass per repair,circularity,eutrophication: freshwater,-0.0006888970630551731,0.0011866511494019818,0.0009932280702414937,0.0014045018452247635,raw_timber,2050
raw_timber|repair|repair material||share of product mass per repair,circularity,eutrophication: marine,0.006693051633012142,0.004065043308067928,0.0034960710217181957,0.004860407112576581,raw_timber,2050
raw_timber|repair|repair material||share of product mass per repair,circularity,eutrophication: terrestrial,0.005744287856521554,0.0040835856535192385,0.0035105197905424376,0.0048325188170693905,raw_timber,2050
raw_timber|repair|repair material||share of product mass per repair,circularity,human toxicity: carcinogenic,4.901203526037759e-05,0.0009408987528099731,0.0007968714852725426,0.0011213482247755609,raw_timber,2050
raw_timber|repair|repair material||share of product mass per repair,circularity,"human toxicity: carcinogenic, inorganics",0.0002338785311644225,0.00023288393222862676,0.00015709370177628362,0.00031923140327588876,raw_timber,2050
raw_timber|repair|repair material||share of product mass per repair,circularity,"human toxicity: carcinogenic, organics",0.0012609505819765393,0.0013774146028774751,0.0011744987578142369,0.001611372335871661,raw_timber,2050
raw_timber|repair|repair material||share of product mass per repair,circularity,human toxicity: non-carcinogenic,0.0013001084465013974,0.0025153465635761032,0.0021659101241228397,0.002952203614982257,raw_timber,2050
raw_timber|repair|repair material||share of product mass per repair,circularity,"human toxicity: non-carcinogenic, inorganics",0.0011332674410800367,0.0024314128914258853,0.0020973417678897305,0.0028496346441645136,raw_timber,2050
raw_timber|repair|repair material||share of product mass per repair,circularity,"human toxicity: non-carcinogenic, organics",0.003741192567553458,0.003512738173839155,0.0030132657310927066,0.0041587231132448246,raw_timber,2050
raw_timber|repair|repair material||share of product mass per repair,circularity,ionising radiation: human health,0.0032565382407909174,0.0030523757875103486,0.002570599496116647,0.0037159666846854444,raw_timber,2050
raw_timber|repair|repair material||share of product mass per repair,circularity,land use,0.007707413542924937,0.0038314687528860935,0.00327952586032411,0.004595861404724859,raw_timber,2050
raw_timber|repair|repair material||share of product mass per repair,circularity,material resources: metals/minerals,0.0006820056249485687,0.0013464010565083452,0.0011454869695927416,0.001578453219876414,raw_timber,2050
raw_timber|repair|repair material||share of product mass per repair,circularity,ozone depletion,0.006614501254373037,0.003936591684999581,0.003398572321192572,0.004626177486951243,raw_timber,2050
raw_timber|repair|repair material||share of product mass per repair,circularity,particulate matter formation,0.005916967788028386,0.003824218526572918,0.0033059390708447376,0.004487416808763471,raw_timber,2050
raw_timber|repair|repair material||share of product mass per repair,circularity,photochemical oxidant formation: human health,0.005381799061154149,0.0038278137228132114,0.0033101210714751124,0.004521915741974001,raw_timber,2050
raw_timber|repair|repair material||share of product mass per repair,circularity,water use,0.0017198699793115084,0.0022580947081964615,0.0018293828006683667,0.0028207815330139633,raw_timber,2050
raw_timber|end-of-life|waste|recycled_closed|share of waste,circularity,acidification,-0.007430105799843854,0.008354123106645394,0.007286963719577874,0.0098294720223786,raw_timber,2050
raw_timber|end-of-life|waste|recycled_closed|share of waste,circularity,climate change,-0.00170204490848507,7.658756307688281e-05,6.785563046388671e-05,8.852135387420189e-05,raw_timber,2050
raw_timber|end-of-life|waste|recycled_closed|share of waste,circularity,climate change: biogenic,-0.00016525120853683303,8.150827884042515e-07,7.252015931651488e-07,9.673866425865755e-07,raw_timber,2050
raw_timber|end-of-life|waste|recycled_closed|share of waste,circularity,climate change: fossil,-0.008235113608044235,0.007527170848834085,0.006611455873747847,0.008737389876703036,raw_timber,2050
raw_timber|end-of-life|waste|recycled_closed|share of waste,circularity,climate change: land use and land use change,-0.006917588466490193,0.0060255197921396855,0.005207613324554862,0.007134703428536016,raw_timber,2050
raw_timber|end-of-life|waste|recycled_closed|share of waste,circularity,ecotoxicity: freshwater,0.0030219277779868366,0.0029362422022715866,0.0024421978731425133,0.0034637534759188286,raw_timber,2050
raw_timber|end-of-life|waste|recycled_closed|share of waste,circularity,"ecotoxicity: freshwater, inorganics",0.0029633117598353302,0.0027276861443893173,0.00227378114714309,0.003220613770787458,raw_timber,2050
raw_timber|end-of-life|waste|recycled_closed|share of waste,circularity,"ecotoxicity: freshwater, organics",-0.002989408911613581,0.010442992768782224,0.009038491401044228,0.0122556666231819,raw_timber,2050
raw_timber|end-of-life|waste|recycled_closed|share of waste,circularity,energy resources: non-renewable,-0.00904675223334631,0.0087908379559827,0.007719115116863209,0.010239885773490155,raw_timber,2050
raw_timber|end-of-life|waste|recycled_closed|share of waste,circularity,eutrophication: freshwater,-0.00042040796551530066,0.0057732433163924166,0.004903810768792156,0.006832740402868661,raw_timber,2050
raw_timber|end-of-life|waste|recycled_closed|share of waste,circularity,eutrophication: marine,-0.004297257682561759,0.0009345944640625014,0.0008210560052493893,0.0010956387696732873,raw_timber,2050
raw_timber|end-of-life|waste|recycled_closed|share of waste,circularity,eutrophication: terrestrial,-0.008027653531209258,0.005738854165642239,0.005063222566155377,0.006669514530183602,raw_timber,2050
raw_timber|end-of-life|waste|recycled_closed|share of waste,circularity,human toxicity: carcinogenic,0.0009215924084765118,0.0025936306399415576,0.002173165661526129,0.00311267059272375,raw_timber,2050
raw_timber|end-of-life|waste|recycled_closed|share of waste,circularity,"human toxicity: carcinogenic, inorganics",0.0006136918825128838,0.0009267517586622098,0.000737378027081751,0.0011622124712424723,raw_timber,2050
raw_timber|end-of-life|waste|recycled_closed|share of waste,circularity,"human toxicity: carcinogenic, organics",0.0007211858630104856,0.0030655170143398048,0.002618489060157449,0.0036263622231166126,raw_timber,2050
raw_timber|end-of-life|waste|recycled_closed|share of waste,circularity,human toxicity: non-carcinogenic,-0.00424833069352521,0.005740092292912829,0.004986813004596257,0.006680919279280304,raw_timber,2050
raw_timber|end-of-life|waste|recycled_closed|share of waste,circularity,"human toxicity: non-carcinogenic, inorganics",-0.00405018630736387,0.005525042211096256,0.004788632370091156,0.006450356407548542,raw_timber,2050
raw_timber|end-of-life|waste|recycled_closed|share of waste,circularity,"human toxicity: non-carcinogenic, organics",-0.006746360691926324,0.008340422564681961,0.007258093256543842,0.009800923347324813,raw_timber,2050
raw_timber|end-of-life|waste|recycled_closed|share of waste,circularity,ionising radiation: human health,-0.011689651945271776,0.008938720152162702,0.007901379447800916,0.010552306179878975,raw_timber,2050
raw_timber|end-of-life|waste|recycled_closed|share of waste,circularity,land use,0.0031080279000769095,0.00027629593370456974,0.0002453491796282029,0.0003279824099348628,raw_timber,2050
raw_timber|end-of-life|waste|recycled_closed|share of waste,circularity,material resources: metals/minerals,0.0009641602148954706,0.00534790144573486,0.004585697770780979,0.006340161268674621,raw_timber,2050
raw_timber|end-of-life|waste|recycled_closed|share of waste,circularity,ozone depletion,-0.006367581378512591,0.007288955521862957,0.006408511170579696,0.008477527725857014,raw_timber,2050
raw_timber|end-of-life|waste|recycled_closed|share of waste,circularity,particulate matter formation,-0.006262713402989769,0.006878124182224262,0.006031025273191634,0.008057676937815445,raw_timber,2050
raw_timber|end-of-life|waste|recycled_closed|share of waste,circularity,photochemical oxidant formation: human health,-0.006802822163375019,0.006083826858915292,0.0053058999351485924,0.007109681102715091,raw_timber,2050
raw_timber|end-of-life|waste|recycled_closed|share of waste,circularity,water use,-0.009560919921715,0.005060668733323117,0.004432570648853957,0.00594440258088071,raw_timber,2050
raw_timber|end-of-life|waste|incinerated|share of waste,circularity,acidification,0.01052036226738801,0.00806410992538516,0.00687812174653925,0.009650434852241027,raw_timber,2050
raw_timber|end-of-life|waste|incinerated|share of waste,circularity,climate change,0.0004899270760026753,7.38833877694002e-05,6.242197543992162e-05,8.7885100164857e-05,raw_timber,2050
raw_timber|end-of-life|waste|incinerated|share of waste,circularity,climate change: biogenic,3.0248143392992568e-05,7.85253498935385e-07,6.541442486187561e-07,9.219186958182233e-07,raw_timber,2050
raw_timber|end-of-life|waste|incinerated|share of waste,circularity,climate change: fossil,0.010622448173546926,0.00726176089332509,0.006155465749444327,0.008592573256725267,raw_timber,2050
raw_timber|end-of-life|waste|incinerated|share of waste,circularity,climate change: land use and land use change,0.012136689422327408,0.005793637981546138,0.004825607665085152,0.006876822252572048,raw_timber,2050
raw_timber|end-of-life|waste|incinerated|share of waste,circularity,ecotoxicity: freshwater,0.0010568406266787417,0.0028500029827191803,0.0023008911297356656,0.0034633013044562296,raw_timber,2050
raw_timber|end-of-life|waste|incinerated|share of waste,circularity,"ecotoxicity: freshwater, inorganics",0.0009204690104896298,0.002648324081828485,0.00213886516096754,0.0032195429429026897,raw_timber,2050
raw_timber|end-of-life|waste|incinerated|share of waste,circularity,"ecotoxicity: freshwater, organics",0.011100381820336139,0.010087495681664345,0.00835619574646491,0.012184111031240622,raw_timber,2050
raw_timber|end-of-life|waste|incinerated|share of waste,circularity,energy resources: non-renewable,0.012624279330990343,0.008479263569560904,0.007179341119067557,0.010049668167380996,raw_timber,2050
raw_timber|end-of-life|waste|incinerated|share of waste,circularity,eutrophication: freshwater,0.004175642009985998,0.005587791287093509,0.004511158140310848,0.0068567989128148895,raw_timber,2050
raw_timber|end-of-life|waste|incinerated|share of waste,circularity,eutrophication: marine,0.0012783957074350206,0.00090283774855979,0.0007694771857104521,0.0010730982218948,raw_timber,2050
raw_timber|end-of-life|waste|incinerated|share of waste,circularity,eutrophication: terrestrial,0.007673856113859301,0.005538829151108014,0.004743158111891797,0.006620524099246874,raw_timber,2050
raw_timber|end-of-life|waste|incinerated|share of waste,circularity,human toxicity: carcinogenic,0.0002021512524157354,0.0025179380578713518,0.0020599929904746446,0.003076644741144812,raw_timber,2050
raw_timber|end-of-life|waste|incinerated|share of waste,circularity,"human toxicity: carcinogenic, inorganics",-0.0002817624716646043,0.0009052859123565887,0.0007007081369560156,0.0011695463425048093,raw_timber,2050
raw_timber|end-of-life|waste|incinerated|share of waste,circularity,"human toxicity: carcinogenic, organics",0.0007099644698053478,0.0029729271259930344,0.0024539605099652513,0.003656306355205999,raw_timber,2050
raw_timber|end-of-life|waste|incinerated|share of waste,circularity,human toxicity: non-carcinogenic,0.005270554569409576,0.0055500424772394336,0.004581346578960058,0.006735752435668173,raw_timber,2050
raw_timber|end-of-life|waste|incinerated|share of waste,circularity,"human toxicity: non-carcinogenic, inorganics",0.004930587889899552,0.005342828237538702,0.004400756685830695,0.006493682951593353,raw_timber,2050
raw_timber|end-of-life|waste|incinerated|share of waste,circularity,"human toxicity: non-carcinogenic, organics",0.009875168029079959,0.008053549064485833,0.0068053448508777386,0.009682997169193627,raw_timber,2050
raw_timber|end-of-life|waste|incinerated|share of waste,circularity,ionising radiation: human health,0.016549750173568325,0.008604773659149613,0.007275413781555174,0.010155006565365296,raw_timber,2050
raw_timber|end-of-life|waste|incinerated|share of waste,circularity,land use,-3.415820862766287e-05,0.0002665618545300329,0.0002222151569535025,0.00031411611501837007,raw_timber,2050
raw_timber|end-of-life|waste|incinerated|share of waste,circularity,material resources: metals/minerals,0.0030802688962077436,0.0051780203502967805,0.0041961254142993155,0.006258966941130013,raw_timber,2050
raw_timber|end-of-life|waste|incinerated|share of waste,circularity,ozone depletion,0.008998292008100293,0.007036571096881134,0.006005417870329826,0.008397732207115954,raw_timber,2050
raw_timber|end-of-life|waste|incinerated|share of waste,circularity,particulate matter formation,0.008299872747428815,0.0066411207142077905,0.005643083953676543,0.007908588117472783,raw_timber,2050
raw_timber|end-of-life|waste|incinerated|share of waste,circularity,photochemical oxidant formation: human health,0.007361066529001579,0.005874425195425038,0.005017739231515821,0.0070161107342885465,raw_timber,2050
raw_timber|end-of-life|waste|incinerated|share of waste,circularity,water use,0.010800403772550916,0.004867037218770149,0.00409298319336874,0.005792550527595226,raw_timber,2050
raw_timber|production|Scanning||electricity location,location,acidification,0.0039440646905022705,2.969669442935488e-05,2.499028877198323e-05,3.721080410199255e-05,raw_timber,2050
raw_timber|production|Scanning||electricity location,location,climate change,0.00017305909379390652,6.158124880241861e-08,5.008502431632364e-08,7.607802664744908e-08,raw_timber,2050
raw_timber|production|Scanning||electricity location,location,climate change: biogenic,-2.8334213538981853e-05,1.7498986376910238e-09,1.4408983017152239e-09,2.153700181222737e-09,raw_timber,2050
raw_timber|production|Scanning||electricity location,location,climate change: fossil,0.0019834649585686835,7.209666648771969e-06,6.0178294012811315e-06,9.008921656233623e-06,raw_timber,2050
raw_timber|production|Scanning||electricity location,location,climate change: land use and land use change,-0.004666534742118307,0.000212458653916653,0.00017868539136679193,0.00026049513530967744,raw_timber,2050
raw_timber|production|Scanning||electricity location,location,ecotoxicity: freshwater,0.001472298288956186,0.000256366085994693,0.00020787704337021324,0.00032333273446380674,raw_timber,2050
raw_timber|production|Scanning||electricity location,location,"ecotoxicity: freshwater, inorganics",0.0012030104466848736,0.0002558760997935828,0.00020741441970460452,0.00032332786092852974,raw_timber,2050
raw_timber|production|Scanning||electricity location,location,"ecotoxicity: freshwater, organics",0.006189187418895829,9.097651716533893e-05,7.612470502932511e-05,0.00011401295411925944,raw_timber,2050
raw_timber|production|Scanning||electricity location,location,energy resources: non-renewable,0.0014634046595769718,3.882791685618541e-06,3.2257567369657945e-06,4.855329442460695e-06,raw_timber,2050
raw_timber|production|Scanning||electricity location,location,eutrophication: freshwater,0.00621913734064667,0.00019074704563381705,0.00015339151539784233,0.00023501551877876686,raw_timber,2050
raw_timber|production|Scanning||electricity location,location,eutrophication: marine,0.002089388657250385,8.68256318672239e-06,7.287725790169623e-06,1.0707263719631628e-05,raw_timber,2050
raw_timber|production|Scanning||electricity location,location,eutrophication: terrestrial,0.0029093239298790996,1.5763792618195112e-05,1.3314823816629966e-05,1.958363080411216e-05,raw_timber,2050
raw_timber|production|Scanning||electricity location,location,human toxicity: carcinogenic,0.006048691660139879,0.0002378080218941366,0.00019052997588577816,0.00029600801860350985,raw_timber,2050
raw_timber|production|Scanning||electricity location,location,"human toxicity: carcinogenic, inorganics",0.0018989236990899444,0.0002544429040853729,0.00020536440568767525,0.0003178745149617597,raw_timber,2050
raw_timber|production|Scanning||electricity location,location,"human toxicity: carcinogenic, organics",0.006700723215369626,0.00021088069615059094,0.00017009959011800966,0.0002627438832766174,raw_timber,2050
raw_timber|production|Scanning||electricity location,location,human toxicity: non-carcinogenic,0.006417460750024905,0.00010857449864278727,8.968383675239517e-05,0.00013447532003713785,raw_timber,2050
raw_timber|production|Scanning||electricity location,location,"human toxicity: non-carcinogenic, inorganics",0.006475883405422656,0.00011373458738821585,9.382699730169074e-05,0.00014068115890950774,raw_timber,2050
raw_timber|production|Scanning||electricity location,location,"human toxicity: non-carcinogenic, organics",0.004869028723977149,4.795747409710305e-05,4.047486623206796e-05,6.017828553342408e-05,raw_timber,2050
raw_timber|production|Scanning||electricity location,location,ionising radiation: human health,-0.005382889592424941,8.406369506261766e-05,7.00997012899311e-05,0.00010276053283411593,raw_timber,2050
raw_timber|production|Scanning||electricity location,location,land use,-0.00035251104715288876,2.9259545327170094e-07,2.418795155069113e-07,3.590033885582485e-07,raw_timber,2050
raw_timber|production|Scanning||electricity location,location,material resources: metals/minerals,0.006737443080066252,0.0002080425083054804,0.00016735407118189044,0.00025947251618293555,raw_timber,2050
raw_timber|production|Scanning||electricity location,location,ozone depletion,0.00395695907418685,3.0040296345522063e-05,2.5243544471213058e-05,3.7476678518033356e-05,raw_timber,2050
raw_timber|production|Scanning||electricity location,location,particulate matter formation,0.0043177924696704345,3.636633262688362e-05,3.0658843586661616e-05,4.54345527258895e-05,raw_timber,2050
raw_timber|production|Scanning||electricity location,location,photochemical oxidant formation: human health,0.004176313557976215,3.3887352884443633e-05,2.8457049933548082e-05,4.221351726901769e-05,raw_timber,2050
raw_timber|production|Scanning||electricity location,location,water use,-0.005741894719416755,0.0001421652458321898,0.00011935438591865417,0.00017274087359938923,raw_timber,2050
raw_timber|production|CNC milling||electricity location,location,acidification,-5.2254720383891345e-05,0.010611387368180007,0.008689799364234675,0.013402885300734663,raw_timber,2050
raw_timber|production|CNC milling||electricity location,location,climate change,-0.0006004017673458733,2.200455297181961e-05,1.7950936667678393e-05,2.7226063174182695e-05,raw_timber,2050
raw_timber|production|CNC milling||electricity location,location,climate change: biogenic,8.367500280618852e-05,6.252834753636551e-07,5.049305956512562e-07,7.804813630122803e-07,raw_timber,2050
raw_timber|production|CNC milling||electricity location,location,climate change: fossil,-0.0028162839926455826,0.0025761980272775357,0.0020818686727496804,0.0032801334374329876,raw_timber,2050
raw_timber|production|CNC milling||electricity location,location,climate change: land use and land use change,0.09061637205105984,0.07591690320263926,0.06247374974832021,0.09279391384068356,raw_timber,2050
raw_timber|production|CNC milling||electricity location,location,ecotoxicity: freshwater,0.0892562372803506,0.09160615007253936,0.07422958621601498,0.10981035206086928,raw_timber,2050
raw_timber|production|CNC milling||electricity location,location,"ecotoxicity: freshwater, inorganics",0.08980125154623221,0.0914310654887178,0.07413452646349387,0.10961500925079368,raw_timber,2050
raw_timber|production|CNC milling||electricity location,location,"ecotoxicity: freshwater, organics",0.016456532914839315,0.032508233108093566,0.02646847592961101,0.040027324715307254,raw_timber,2050
raw_timber|production|CNC milling||electricity location,location,energy resources: non-renewable,-0.0026060321991247127,0.0013874206351168687,0.0011134522974294277,0.001768904627552144,raw_timber,2050
raw_timber|production|CNC milling||electricity location,location,eutrophication: freshwater,0.052236600208934794,0.06815879105236514,0.05529910705909908,0.08367100383893121,raw_timber,2050
raw_timber|production|CNC milling||electricity location,location,eutrophication: marine,-0.002849604104812939,0.0031025015778165855,0.002503839905260874,0.0038931094022103376,raw_timber,2050
raw_timber|production|CNC milling||electricity location,location,eutrophication: terrestrial,-0.0023975631392965787,0.005632805707088259,0.004557250767702749,0.007168650157478786,raw_timber,2050
raw_timber|production|CNC milling||electricity location,location,human toxicity: carcinogenic,0.07017089552588428,0.08497487979958085,0.0679419527427224,0.10450723890407895,raw_timber,2050
raw_timber|production|CNC milling||electricity location,location,"human toxicity: carcinogenic, inorganics",0.08650382884257499,0.09091894805859706,0.0736674648334789,0.10979471174542024,raw_timber,2050
raw_timber|production|CNC milling||electricity location,location,"human toxicity: carcinogenic, organics",0.05888529172078013,0.07535305859205005,0.06021888632888583,0.09235103398333627,raw_timber,2050
raw_timber|production|CNC milling||electricity location,location,human toxicity: non-carcinogenic,0.0215697450701703,0.038796441339467164,0.031508229411416795,0.04801849731488279,raw_timber,2050
raw_timber|production|CNC milling||electricity location,location,"human toxicity: non-carcinogenic, inorganics",0.023263945553866558,0.04064027283600588,0.0329811010722295,0.050089590799266205,raw_timber,2050
raw_timber|production|CNC milling||electricity location,location,"human toxicity: non-carcinogenic, organics",0.004006893371532243,0.017136430320701942,0.013968877177563349,0.021611974114960224,raw_timber,2050
raw_timber|production|CNC milling||electricity location,location,ionising radiation: human health,0.045774259966145855,0.03003810521847953,0.02442282970639422,0.03811305355826314,raw_timber,2050
raw_timber|production|CNC milling||electricity location,location,land use,0.0011515383005399635,0.00010455182829255479,8.467175072756981e-05,0.00013148478153591846,raw_timber,2050
raw_timber|production|CNC milling||electricity location,location,material resources: metals/minerals,0.05770922368535723,0.07433890158815279,0.0596052165338519,0.09118361669027178,raw_timber,2050
raw_timber|production|CNC milling||electricity location,location,ozone depletion,0.0001324987324605539,0.010734165108361586,0.008806027275716239,0.013448174611747668,raw_timber,2050
raw_timber|production|CNC milling||electricity location,location,particulate matter formation,0.001411396362783191,0.012994619437592642,0.010644980080530884,0.016325909499997272,raw_timber,2050
raw_timber|production|CNC milling||electricity location,location,photochemical oxidant formation: human health,0.0007499208002996229,0.01210881666289388,0.009940774419489743,0.015248815789022362,raw_timber,2050
raw_timber|production|CNC milling||electricity location,location,water use,0.06842323261319751,0.05079927321226345,0.041581676536813085,0.06300042138549307,raw_timber,2050
raw_timber|repair|Scanning||electricity location,location,acidification,0.00027069756051765944,1.0935415491952805e-06,8.571519685983881e-07,1.3917602239911117e-06,raw_timber,2050
raw_timber|repair|Scanning||electricity location,location,climate change,1.3562496591329188e-05,2.2676481511102724e-09,1.7925897039701907e-09,2.7688636341550466e-09,raw_timber,2050
raw_timber|repair|Scanning||electricity location,location,climate change: biogenic,-2.2614119825740526e-06,6.443770608032355e-11,5.0614252762826206e-11,7.963325737827021e-11,raw_timber,2050
raw_timber|repair|Scanning||electricity location,location,climate change: fossil,0.00013998972353702685,2.6548645186874507e-07,2.0768600780089284e-07,3.295446536674109e-07,raw_timber,2050
raw_timber|repair|Scanning||electricity location,location,climate change: land use and land use change,-0.00041878247565607445,7.823509316723619e-06,6.011630223195619e-06,9.825075151626021e-06,raw_timber,2050
raw_timber|repair|Scanning||electricity location,location,ecotoxicity: freshwater,-5.4614936364655723e-05,9.440342510398405e-06,7.276047031044298e-06,1.1845986435990365e-05,raw_timber,2050
raw_timber|repair|Scanning||electricity location,location,"ecotoxicity: freshwater, inorganics",-7.36521736938576e-05,9.422299415713037e-06,7.285054563603467e-06,1.1816981111002233e-05,raw_timber,2050
raw_timber|repair|Scanning||electricity location,location,"ecotoxicity: freshwater, organics",0.0003876759375885701,3.3500900835290543e-06,2.6396917165988734e-06,4.259763988952968e-06,raw_timber,2050
raw_timber|repair|Scanning||electricity location,location,energy resources: non-renewable,0.00010382051229134146,1.4297867546149053e-07,1.1201615389602818e-07,1.764572579750524e-07,raw_timber,2050
raw_timber|repair|Scanning||electricity location,location,eutrophication: freshwater,0.0003353365343484579,7.0240080182334246e-06,5.3936972608347725e-06,8.964945943600122e-06,raw_timber,2050
raw_timber|repair|Scanning||electricity location,location,eutrophication: marine,0.00015748766043765903,3.197239214883249e-07,2.487268087918195e-07,3.905115650785721e-07,raw_timber,2050
raw_timber|repair|Scanning||electricity location,location,eutrophication: terrestrial,0.0002073907245203445,5.804808424689112e-07,4.5268477297336294e-07,7.244593350181819e-07,raw_timber,2050
raw_timber|repair|Scanning||electricity location,location,human toxicity: carcinogenic,0.00031697350672787165,8.756966311244111e-06,6.706346981650475e-06,1.1350143318895048e-05,raw_timber,2050
raw_timber|repair|Scanning||electricity location,location,"human toxicity: carcinogenic, inorganics",6.004520972301919e-06,9.369523876711552e-06,7.22994313156176e-06,1.176454692045553e-05,raw_timber,2050
raw_timber|repair|Scanning||electricity location,location,"human toxicity: carcinogenic, organics",0.00037847988060334993,7.76540310614285e-06,5.8944535614068575e-06,1.0114376884341625e-05,raw_timber,2050
raw_timber|repair|Scanning||electricity location,location,human toxicity: non-carcinogenic,0.00041084672630592705,3.998112508157365e-06,3.1113872387738494e-06,5.050471442704843e-06,raw_timber,2050
raw_timber|repair|Scanning||electricity location,location,"human toxicity: non-carcinogenic, inorganics",0.00041265629393102304,4.188125960802179e-06,3.2533607835890858e-06,5.298381555690025e-06,raw_timber,2050
raw_timber|repair|Scanning||electricity location,location,"human toxicity: non-carcinogenic, organics",0.0003276454610522437,1.765970641762608e-06,1.3939978718396518e-06,2.2427264209596128e-06,raw_timber,2050
raw_timber|repair|Scanning||electricity location,location,ionising radiation: human health,-0.00042548761641463277,3.095534539998539e-06,2.462203758434934e-06,3.767076833219721e-06,raw_timber,2050
raw_timber|repair|Scanning||electricity location,location,land use,-2.878946381492812e-05,1.0774441108908452e-08,8.450450572980542e-09,1.3281600880084814e-08,raw_timber,2050
raw_timber|repair|Scanning||electricity location,location,material resources: metals/minerals,0.00037742595688432175,7.660890587403328e-06,5.855403253919744e-06,9.94644150856009e-06,raw_timber,2050
raw_timber|repair|Scanning||electricity location,location,ozone depletion,0.000273466331236443,1.1061942359313395e-06,8.741971421523444e-07,1.4077253410633587e-06,raw_timber,2050
raw_timber|repair|Scanning||electricity location,location,particulate matter formation,0.0002960965966315086,1.3391421666124055e-06,1.0598833497070187e-06,1.7003669549342723e-06,raw_timber,2050
raw_timber|repair|Scanning||electricity location,location,photochemical oxidant formation: human health,0.0002900977127602167,1.2478570118143722e-06,9.804798253986492e-07,1.5837928821179614e-06,raw_timber,2050
raw_timber|repair|Scanning||electricity location,location,water use,-0.0004855575656932162,5.235047407006346e-06,4.080799587762384e-06,6.479978065172582e-06,raw_timber,2050
raw_timber|repair|CNC milling||electricity location,location,acidification,0.003583984935162629,0.00046215656817037357,0.0003699564916300937,0.0005579297278190245,raw_timber,2050
raw_timber|repair|CNC milling||electricity location,location,climate change,9.268452092133872e-05,9.583618364620572e-07,7.772002018093113e-07,1.144751295414573e-06,raw_timber,2050
raw_timber|repair|CNC milling||electricity location,location,climate change: biogenic,-1.7402552583148764e-05,2.723290132393997e-08,2.199040361848189e-08,3.2854007983374755e-08,raw_timber,2050
raw_timber|repair|CNC milling||electricity location,location,climate change: fossil,0.0015633091091548361,0.00011220086477891704,9.016728074650332e-05,0.00013580405004680885,raw_timber,2050
raw_timber|repair|CNC milling||electricity location,location,climate change: land use and land use change,0.004396003818099333,0.0033064004010883545,0.002661248880477029,0.004077117433206132,raw_timber,2050
raw_timber|repair|CNC milling||electricity location,location,ecotoxicity: freshwater,0.009244404818333146,0.00398971241666077,0.003118293640581845,0.004870638564436013,raw_timber,2050
raw_timber|repair|CNC milling||electricity location,location,"ecotoxicity: freshwater, inorganics",0.009040887700255918,0.003982086977348185,0.0031159171262519275,0.00486207205827981,raw_timber,2050
raw_timber|repair|CNC milling||electricity location,location,"ecotoxicity: freshwater, organics",0.007232728694319563,0.0014158274435980603,0.0011039032951305383,0.0017050998468903045,raw_timber,2050
raw_timber|repair|CNC milling||electricity location,location,energy resources: non-renewable,0.0010990601568381824,6.04261758700026e-05,4.878724333668216e-05,7.289197300180451e-05,raw_timber,2050
raw_timber|repair|CNC milling||electricity location,location,eutrophication: freshwater,0.010281082237085957,0.002968512209615559,0.0023037351175355836,0.003631115149318159,raw_timber,2050
raw_timber|repair|CNC milling||electricity location,location,eutrophication: marine,0.0016017542542818494,0.00013512290449847248,0.00010854280121877673,0.00016131046161832265,raw_timber,2050
raw_timber|repair|CNC milling||electricity location,location,eutrophication: terrestrial,0.002405110931888163,0.0002453249574664145,0.00019705198555236588,0.0002931977774965767,raw_timber,2050
raw_timber|repair|CNC milling||electricity location,location,human toxicity: carcinogenic,0.012023294435038509,0.003700901443540459,0.0028611978316588293,0.004640319398117927,raw_timber,2050
raw_timber|repair|CNC milling||electricity location,location,"human toxicity: carcinogenic, inorganics",0.009199749659389288,0.0039597827841458344,0.0030825222198786286,0.004874119711099109,raw_timber,2050
raw_timber|repair|CNC milling||electricity location,location,"human toxicity: carcinogenic, organics",0.01173326341607162,0.0032818433397758333,0.0025449391454705015,0.004053633476721478,raw_timber,2050
raw_timber|repair|CNC milling||electricity location,location,human toxicity: non-carcinogenic,0.007691146029937497,0.0016896970739601416,0.0013153516570948113,0.002042435853800866,raw_timber,2050
raw_timber|repair|CNC milling||electricity location,location,"human toxicity: non-carcinogenic, inorganics",0.007890372874818351,0.0017700012610714392,0.001375089139232407,0.0021400561686660755,raw_timber,2050
raw_timber|repair|CNC milling||electricity location,location,"human toxicity: non-carcinogenic, organics",0.004769310893574789,0.0007463410346751578,0.0005946788211803112,0.0008994739959623087,raw_timber,2050
raw_timber|repair|CNC milling||electricity location,location,ionising radiation: human health,-0.0005114065067817589,0.0013082462396709312,0.0010515802272115112,0.0015479427385235102,raw_timber,2050
raw_timber|repair|CNC milling||electricity location,location,land use,-0.00020488444118850553,4.553534093432436e-06,3.666276856705525e-06,5.523497143581594e-06,raw_timber,2050
raw_timber|repair|CNC milling||electricity location,location,material resources: metals/minerals,0.011562361170156228,0.003237673873122248,0.0025105070785239937,0.003998921421484753,raw_timber,2050
raw_timber|repair|CNC milling||electricity location,location,ozone depletion,0.0036725570692180583,0.00046750389336747193,0.00037264073620046776,0.0005665129456705893,raw_timber,2050
raw_timber|repair|CNC milling||electricity location,location,particulate matter formation,0.004104497832041281,0.0005659532081513193,0.0004508707150330343,0.0006860454853031583,raw_timber,2050
raw_timber|repair|CNC milling||electricity location,location,photochemical oxidant formation: human health,0.003867273381859271,0.0005273739388977826,0.0004229035964251013,0.0006383624449465474,raw_timber,2050
raw_timber|repair|CNC milling||electricity location,location,water use,0.0014193729477359385,0.00221245506913914,0.0017649302796137352,0.0026568117036923217,raw_timber,2050
raw_timber|end-of-life|waste||disposal grid location,location,acidification,0.13790013176958182,0.09613885551750477,0.07898922839583382,0.11612167999607752,raw_timber,2050
raw_timber|end-of-life|waste||disposal grid location,location,climate change,0.0016253355624316756,0.0001993605987119747,0.00016691007960868904,0.0002449360321194054,raw_timber,2050
raw_timber|end-of-life|waste||disposal grid location,location,climate change: biogenic,-0.0003646335683727254,5.665049781872459e-06,4.764459392501996e-06,7.040549304422979e-06,raw_timber,2050
raw_timber|end-of-life|waste||disposal grid location,location,climate change: fossil,0.04646520554708061,0.023340277885962706,0.01911107392842428,0.028360976426670858,raw_timber,2050
raw_timber|end-of-life|waste||disposal grid location,location,climate change: land use and land use change,0.6033944624637035,0.6878048962966787,0.6047187301644128,0.7790270017269644,raw_timber,2050
raw_timber|end-of-life|waste||disposal grid location,location,ecotoxicity: freshwater,0.7720801375521577,0.829949008623293,0.7307633732598353,0.9210670082407527,raw_timber,2050
raw_timber|end-of-life|waste||disposal grid location,location,"ecotoxicity: freshwater, inorganics",0.7670872561512262,0.8283627474754032,0.7284048079332794,0.9198538724869495,raw_timber,2050
raw_timber|end-of-life|waste||disposal grid location,location,"ecotoxicity: freshwater, organics",0.34878342527247086,0.29452362989594705,0.24975493218707034,0.34175082922327693,raw_timber,2050
raw_timber|end-of-life|waste||disposal grid location,location,energy resources: non-renewable,0.02976944023261757,0.01256998989420381,0.010235580683698193,0.01530625761537619,raw_timber,2050
raw_timber|end-of-life|waste||disposal grid location,location,eutrophication: freshwater,0.639065394558231,0.6175166298122823,0.536843129893436,0.6921519950962833,raw_timber,2050
raw_timber|end-of-life|waste||disposal grid location,location,eutrophication: marine,0.05285251922856632,0.028108572478180792,0.023256175216753962,0.03431774205798318,raw_timber,2050
raw_timber|end-of-life|waste||disposal grid location,location,eutrophication: terrestrial,0.08347791283387569,0.05103305300641518,0.04174535340853904,0.061917120186392664,raw_timber,2050
raw_timber|end-of-life|waste||disposal grid location,location,human toxicity: carcinogenic,0.7938998613721094,0.7698698961991067,0.6731708580204188,0.8486982743204724,raw_timber,2050
raw_timber|end-of-life|waste||disposal grid location,location,"human toxicity: carcinogenic, inorganics",0.771026420276834,0.8237229787143429,0.7179309854277707,0.9112461448299424,raw_timber,2050
raw_timber|end-of-life|waste||disposal grid location,location,"human toxicity: carcinogenic, organics",0.7269288051250525,0.6826964808114127,0.5981411878718533,0.7574140466947884,raw_timber,2050
raw_timber|end-of-life|waste||disposal grid location,location,human toxicity: non-carcinogenic,0.40108404388197627,0.35149461037610746,0.3005212146259176,0.40004087112291664,raw_timber,2050
raw_timber|end-of-life|waste||disposal grid location,location,"human toxicity: non-carcinogenic, inorganics",0.4170051865538899,0.36819966916756325,0.3146085747648008,0.41915069413354145,raw_timber,2050
raw_timber|end-of-life|waste||disposal grid location,location,"human toxicity: non-carcinogenic, organics",0.2030726309522707,0.15525555156227566,0.12847095870256184,0.18445831878999336,raw_timber,2050
raw_timber|end-of-life|waste||disposal grid location,location,ionising radiation: human health,0.19649714398491216,0.2721443443181278,0.2253597970757638,0.3291628076676228,raw_timber,2050
raw_timber|end-of-life|waste||disposal grid location,location,land use,-0.0037837638337186257,0.0009472364701763677,0.0007990329391941939,0.0011782133722453368,raw_timber,2050
raw_timber|end-of-life|waste||disposal grid location,location,material resources: metals/minerals,0.7154134627829013,0.6735082483695263,0.5898663468813349,0.7461574088587607,raw_timber,2050
raw_timber|end-of-life|waste||disposal grid location,location,ozone depletion,0.1418159517886611,0.09725121821000976,0.08037647943244013,0.11615593236813218,raw_timber,2050
raw_timber|end-of-life|waste||disposal grid location,location,particulate matter formation,0.16460322873589564,0.11773086753593326,0.09745197435558843,0.1400250453901823,raw_timber,2050
raw_timber|end-of-life|waste||disposal grid location,location,photochemical oxidant formation: human health,0.1543237286773876,0.10970552061201123,0.09054246353263436,0.13112589036934105,raw_timber,2050
raw_timber|end-of-life|waste||disposal grid location,location,water use,0.3734765246661362,0.4602399119263963,0.3926908366655085,0.5400857539661343,raw_timber,2050
