name,group,category,S1,ST,ST_lo,ST_hi,raw_case,background
raw_biopol|product|product size formula||wall_height,design,acidification,0.44627493377301347,0.45698563046640406,0.4027073801660566,0.5168506594211522,raw_biopol,2050
raw_biopol|product|product size formula||wall_height,design,climate change,0.16048942880619926,0.204818974061013,0.1784335994294529,0.2387244900059461,raw_biopol,2050
raw_biopol|product|product size formula||wall_height,design,climate change: biogenic,0.4737134012358378,0.48904808367686325,0.4364203514383611,0.551807966270233,raw_biopol,2050
raw_biopol|product|product size formula||wall_height,design,climate change: fossil,0.42196986707341616,0.44632601578185965,0.390029585398507,0.5039340732158374,raw_biopol,2050
raw_biopol|product|product size formula||wall_height,design,climate change: land use and land use change,0.3256178244853901,0.37392111908388204,0.32921667425711987,0.4235917284569543,raw_biopol,2050
raw_biopol|product|product size formula||wall_height,design,ecotoxicity: freshwater,0.43198252080977084,0.4529147167905425,0.39355269649720576,0.5123335737038637,raw_biopol,2050
raw_biopol|product|product size formula||wall_height,design,"ecotoxicity: freshwater, inorganics",0.43253165893530743,0.4506780213972473,0.39428055051623456,0.5107378700438752,raw_biopol,2050
raw_biopol|product|product size formula||wall_height,design,"ecotoxicity: freshwater, organics",0.4130419400122846,0.4430175050344467,0.38433669105938345,0.5016339369537509,raw_biopol,2050
raw_biopol|product|product size formula||wall_height,design,energy resources: non-renewable,0.4254249743214662,0.4458610648335119,0.3878581099384178,0.5033303572641532,raw_biopol,2050
raw_biopol|product|product size formula||wall_height,design,eutrophication: freshwater,0.4268347769413094,0.4481486876577895,0.390528649058133,0.506838469824736,raw_biopol,2050
raw_biopol|product|product size formula||wall_height,design,eutrophication: marine,0.4292851744006446,0.4552737365685073,0.39645761216543696,0.515892990874992,raw_biopol,2050
raw_biopol|product|product size formula||wall_height,design,eutrophication: terrestrial,0.46472844116446355,0.4767020866323057,0.41957838890258164,0.537048749404072,raw_biopol,2050
raw_biopol|product|product size formula||wall_height,design,human toxicity: carcinogenic,0.39438801958581476,0.40309943464882303,0.3558169061236212,0.46256655616514264,raw_biopol,2050
raw_biopol|product|product size formula||wall_height,design,"human toxicity: carcinogenic, inorganics",0.4110572480819217,0.42655067919302986,0.37796249789399894,0.4851140220588265,raw_biopol,2050
raw_biopol|product|product size formula||wall_height,design,"human toxicity: carcinogenic, organics",0.36230532931386744,0.3660953811413059,0.3153392935212547,0.4248479728238944,raw_biopol,2050
raw_biopol|product|product size formula||wall_height,design,human toxicity: non-carcinogenic,0.41514052374750976,0.43220496394215296,0.3802396774682842,0.4910049911628239,raw_biopol,2050
raw_biopol|product|product size formula||wall_height,design,"human toxicity: non-carcinogenic, inorganics",0.4146557333245146,0.43188876920066843,0.38001153089249856,0.49064282220590766,raw_biopol,2050
raw_biopol|product|product size formula||wall_height,design,"human toxicity: non-carcinogenic, organics",0.42424837459598713,0.4378925794085517,0.38419557099033835,0.49746817726476583,raw_biopol,2050
raw_biopol|product|product size formula||wall_height,design,ionising radiation: human health,0.37507367926670426,0.41107046434964356,0.3628515380881635,0.46273342095741077,raw_biopol,2050
raw_biopol|product|product size formula||wall_height,design,land use,0.42169724032795425,0.44695878920466564,0.3890183245377996,0.5056980379003192,raw_biopol,2050
raw_biopol|product|product size formula||wall_height,design,material resources: metals/minerals,0.3661866904116838,0.3622809004812232,0.31012577946350467,0.4207460758622173,raw_biopol,2050
raw_biopol|product|product size formula||wall_height,design,ozone depletion,0.37000648468288866,0.3681275940476408,0.31220083711206736,0.4283112165704075,raw_biopol,2050
raw_biopol|product|product size formula||wall_height,design,particulate matter formation,0.4193436005230033,0.42359363175885617,0.37600998564958116,0.4832389448579364,raw_biopol,2050
raw_biopol|product|product size formula||wall_height,design,photochemical oxidant formation: human health,0.43018977711746614,0.44510031491644125,0.3893812463468993,0.5035896475684593,raw_biopol,2050
raw_biopol|product|product size formula||wall_height,design,water use,0.40473324721560155,0.44034158408705937,0.38582999055044903,0.49459565804640326,raw_biopol,2050
raw_biopol|product|product size formula||thickness_ratio,design,acidification,-0.018540718480279425,0.1106299846217558,0.0971280491055204,0.12485076738634665,raw_biopol,2050
raw_biopol|product|product size formula||thickness_ratio,design,climate change,0.005152418376023761,0.04914871104413185,0.041913367815249805,0.05556196624288457,raw_biopol,2050
raw_biopol|product|product size formula||thickness_ratio,design,climate change: biogenic,0.02640858945317101,0.11498415790184964,0.10095638466957374,0.13012538786797123,raw_biopol,2050
raw_biopol|product|product size formula||thickness_ratio,design,climate change: fossil,-0.021023516458185676,0.10778285445340062,0.09512142931826986,0.12166399924190488,raw_biopol,2050
raw_biopol|product|product size formula||thickness_ratio,design,climate change: land use and land use change,-0.02756057990907246,0.09239992054767243,0.08108767561137535,0.107358620274521,raw_biopol,2050
raw_biopol|product|product size formula||thickness_ratio,design,ecotoxicity: freshwater,-0.01854053455753543,0.10917388801877734,0.09601731980038769,0.12318785702243422,raw_biopol,2050
raw_biopol|product|product size formula||thickness_ratio,design,"ecotoxicity: freshwater, inorganics",-0.01701588137866323,0.10849005082382639,0.0952476610231892,0.12260599381425033,raw_biopol,2050
raw_biopol|product|product size formula||thickness_ratio,design,"ecotoxicity: freshwater, organics",-0.02245033644958278,0.10722007144560695,0.09501442941755078,0.12113998853538735,raw_biopol,2050
raw_biopol|product|product size formula||thickness_ratio,design,energy resources: non-renewable,-0.020086666637118382,0.10781303935560883,0.09485225130462421,0.12149469175335481,raw_biopol,2050
raw_biopol|product|product size formula||thickness_ratio,design,eutrophication: freshwater,-0.019377842737502066,0.10813128330456376,0.09522412960610536,0.12209550151414056,raw_biopol,2050
raw_biopol|product|product size formula||thickness_ratio,design,eutrophication: marine,-0.022245304245327394,0.11035523095958578,0.09771536962211523,0.124455818187996,raw_biopol,2050
raw_biopol|product|product size formula||thickness_ratio,design,eutrophication: terrestrial,-0.021643618073239602,0.11595604840953316,0.10210890389367333,0.13074604536851744,raw_biopol,2050
raw_biopol|product|product size formula||thickness_ratio,design,human toxicity: carcinogenic,-0.011724557042859603,0.0963837070331132,0.08433369336575496,0.10966654300972258,raw_biopol,2050
raw_biopol|product|product size formula||thickness_ratio,design,"human toxicity: carcinogenic, inorganics",-0.016140970572889615,0.10259074850672002,0.09016787446087757,0.11626487762319672,raw_biopol,2050
raw_biopol|product|product size formula||thickness_ratio,design,"human toxicity: carcinogenic, organics",-0.007076169929603904,0.08702165810770808,0.07569616501052576,0.10071094616963341,raw_biopol,2050
raw_biopol|product|product size formula||thickness_ratio,design,human toxicity: non-carcinogenic,-0.01703677698174482,0.10403555244309187,0.09153753608058098,0.11781274041763098,raw_biopol,2050
raw_biopol|product|product size formula||thickness_ratio,design,"human toxicity: non-carcinogenic, inorganics",-0.017109132004063988,0.10395623097806607,0.09144700833598231,0.117728609326513,raw_biopol,2050
raw_biopol|product|product size formula||thickness_ratio,design,"human toxicity: non-carcinogenic, organics",-0.015539757905111258,0.10546951639307858,0.09267259015740446,0.11930878373004868,raw_biopol,2050
raw_biopol|product|product size formula||thickness_ratio,design,ionising radiation: human health,-0.025793788714671268,0.10103114120103997,0.08852139553668435,0.11600918527289038,raw_biopol,2050
raw_biopol|product|product size formula||thickness_ratio,design,land use,-0.022748120421364718,0.10823616166217838,0.09592001315102051,0.1222669050226326,raw_biopol,2050
raw_biopol|product|product size formula||thickness_ratio,design,material resources: metals/minerals,-0.004474341807279505,0.08635370279745237,0.07422395525377529,0.09950253431190023,raw_biopol,2050
raw_biopol|product|product size formula||thickness_ratio,design,ozone depletion,-0.005569843635554768,0.08781895338960763,0.0757823771311034,0.10122943740120902,raw_biopol,2050
raw_biopol|product|product size formula||thickness_ratio,design,particulate matter formation,-0.013414693689011695,0.10185352702779993,0.08912570834329088,0.11586310364266468,raw_biopol,2050
raw_biopol|product|product size formula||thickness_ratio,design,photochemical oxidant formation: human health,-0.01785856259018537,0.10739719740619409,0.09426976491596174,0.12147217300535414,raw_biopol,2050
raw_biopol|product|product size formula||thickness_ratio,design,water use,-0.02574656548807739,0.10734548703200572,0.09503265300607139,0.12281351566909678,raw_biopol,2050
raw_biopol|product|product size formula||density,design,acidification,0.23313295438894735,0.11421881479982707,0.10014555682097205,0.1337622211862755,raw_biopol,2050
raw_biopol|product|product size formula||density,design,climate change,0.09907418396363901,0.05174316031238,0.0437142017888037,0.06085657564814374,raw_biopol,2050
raw_biopol|product|product size formula||density,design,climate change: biogenic,0.2437268059510848,0.12024943531158919,0.10190711550252751,0.14059397391056275,raw_biopol,2050
raw_biopol|product|product size formula||density,design,climate change: fossil,0.2254053602699409,0.1121003260139424,0.09750463570303465,0.130495814360742,raw_biopol,2050
raw_biopol|product|product size formula||density,design,climate change: land use and land use change,0.18004042529633899,0.09658705693194873,0.08319689166211075,0.11275001862065984,raw_biopol,2050
raw_biopol|product|product size formula||density,design,ecotoxicity: freshwater,0.23004860412502434,0.11345781850127741,0.09894888045483351,0.13244137728350455,raw_biopol,2050
raw_biopol|product|product size formula||density,design,"ecotoxicity: freshwater, inorganics",0.2307553459579673,0.11277412343155173,0.09878264023009373,0.132717566662299,raw_biopol,2050
raw_biopol|product|product size formula||density,design,"ecotoxicity: freshwater, organics",0.2189007057094013,0.1114123920601442,0.09592588504206992,0.13017098389077508,raw_biopol,2050
raw_biopol|product|product size formula||density,design,energy resources: non-renewable,0.22585124356107203,0.11184543776976255,0.09722188078381376,0.130735609549405,raw_biopol,2050
raw_biopol|product|product size formula||density,design,eutrophication: freshwater,0.22734955134732596,0.11234836237214735,0.09784168246580335,0.13128174590655464,raw_biopol,2050
raw_biopol|product|product size formula||density,design,eutrophication: marine,0.2256471043370979,0.1143895165033912,0.0989905436927935,0.133121331635424,raw_biopol,2050
raw_biopol|product|product size formula||density,design,eutrophication: terrestrial,0.24037634864039084,0.1194592820316263,0.10400728883790528,0.13913432184149946,raw_biopol,2050
raw_biopol|product|product size formula||density,design,human toxicity: carcinogenic,0.20891863990024057,0.09988088813725955,0.08839727831469785,0.11911652003713037,raw_biopol,2050
raw_biopol|product|product size formula||density,design,"human toxicity: carcinogenic, inorganics",0.2204645385165942,0.10665840098438018,0.09367653514517553,0.12636088203080334,raw_biopol,2050
raw_biopol|product|product size formula||density,design,"human toxicity: carcinogenic, organics",0.18971336039457146,0.08986044366406576,0.07885008020282885,0.10698601050506017,raw_biopol,2050
raw_biopol|product|product size formula||density,design,human toxicity: non-carcinogenic,0.2220581460702809,0.1081073175910208,0.09480764326170957,0.12744768332216097,raw_biopol,2050
raw_biopol|product|product size formula||density,design,"human toxicity: non-carcinogenic, inorganics",0.22190823476006144,0.10803873813546726,0.09474687840507605,0.12733413812101793,raw_biopol,2050
raw_biopol|product|product size formula||density,design,"human toxicity: non-carcinogenic, organics",0.2247122118754671,0.10931421440364905,0.09571881852058627,0.12952450735783122,raw_biopol,2050
raw_biopol|product|product size formula||density,design,ionising radiation: human health,0.20241333432989322,0.10505233266305637,0.09028011099710868,0.12340099119846495,raw_biopol,2050
raw_biopol|product|product size formula||density,design,land use,0.22255320034502604,0.1123048938462674,0.09660305066882133,0.130682192196637,raw_biopol,2050
raw_biopol|product|product size formula||density,design,material resources: metals/minerals,0.18829379427839038,0.08843093358970977,0.07768710711336235,0.10575080489307159,raw_biopol,2050
raw_biopol|product|product size formula||density,design,ozone depletion,0.18956675339215387,0.08990746175401344,0.07891755955475266,0.10630385515340855,raw_biopol,2050
raw_biopol|product|product size formula||density,design,particulate matter formation,0.21868727342503425,0.10507448763969314,0.09249622744730673,0.12420466681670124,raw_biopol,2050
raw_biopol|product|product size formula||density,design,photochemical oxidant formation: human health,0.22644028718116246,0.11116728406137374,0.09685586126578691,0.1303279361909215,raw_biopol,2050
raw_biopol|product|product size formula||density,design,water use,0.21754883206938577,0.11175642593105933,0.09658871406207721,0.13090610220716636,raw_biopol,2050
raw_biopol|production|Pea protein binder|virgin|share of input mass,design,acidification,-0.0015766195132205132,0.000925878920589163,0.0007746872796893645,0.001075295421313913,raw_biopol,2050
raw_biopol|production|Pea protein binder|virgin|share of input mass,design,climate change,0.005958877173766166,0.011908720564911818,0.009888553861044709,0.014266237514165378,raw_biopol,2050
raw_biopol|production|Pea protein binder|virgin|share of input mass,design,climate change: biogenic,-0.00026644743247282074,3.7087250663414227e-06,3.1064131716622587e-06,4.477958957460437e-06,raw_biopol,2050
raw_biopol|production|Pea protein binder|virgin|share of input mass,design,climate change: fossil,-0.0015739061453097628,0.003552339150511149,0.002943444689292098,0.004154231083093565,raw_biopol,2050
raw_biopol|production|Pea protein binder|virgin|share of input mass,design,climate change: land use and land use change,-0.001148015839012263,0.0007928841431055532,0.0006547292568259015,0.0009190828121188717,raw_biopol,2050
raw_biopol|production|Pea protein binder|virgin|share of input mass,design,ecotoxicity: freshwater,-0.0018205963050443748,0.0021473532744036455,0.0017913939491181587,0.0025101069594934814,raw_biopol,2050
raw_biopol|production|Pea protein binder|virgin|share of input mass,design,"ecotoxicity: freshwater, inorganics",-0.0016886185174777165,0.0011969354975780706,0.0010050880564927448,0.0013971580115330947,raw_biopol,2050
raw_biopol|production|Pea protein binder|virgin|share of input mass,design,"ecotoxicity: freshwater, organics",-0.0007581402118871242,0.006660280725823126,0.00546051991635869,0.007797323618081083,raw_biopol,2050
raw_biopol|production|Pea protein binder|virgin|share of input mass,design,energy resources: non-renewable,-0.001599573808568863,0.0018579745382491164,0.001544557577554007,0.002166941441609212,raw_biopol,2050
raw_biopol|production|Pea protein binder|virgin|share of input mass,design,eutrophication: freshwater,-0.0017180699268714524,0.0024965919171297027,0.0020782140843760635,0.002918067082868234,raw_biopol,2050
raw_biopol|production|Pea protein binder|virgin|share of input mass,design,eutrophication: marine,-0.0013394670331537107,0.005601696800966843,0.004615836391215466,0.006568559845835083,raw_biopol,2050
raw_biopol|production|Pea protein binder|virgin|share of input mass,design,eutrophication: terrestrial,-0.002036925110176654,0.0017641155799199535,0.0014839575746505955,0.0020503005946257854,raw_biopol,2050
raw_biopol|production|Pea protein binder|virgin|share of input mass,design,human toxicity: carcinogenic,-0.001339041941666808,0.0009300864496767301,0.0007588200186495304,0.0010843390932401599,raw_biopol,2050
raw_biopol|production|Pea protein binder|virgin|share of input mass,design,"human toxicity: carcinogenic, inorganics",-0.0011504192351560747,0.0004955079148270777,0.00041172708027713804,0.0005768285881910999,raw_biopol,2050
raw_biopol|production|Pea protein binder|virgin|share of input mass,design,"human toxicity: carcinogenic, organics",-0.0013411907958509337,0.0014270924749590894,0.0011468524690518953,0.0016637898210763488,raw_biopol,2050
raw_biopol|production|Pea protein binder|virgin|share of input mass,design,human toxicity: non-carcinogenic,-0.0013999447720278015,0.0009647932698620755,0.0008060595671935829,0.00112500131658368,raw_biopol,2050
raw_biopol|production|Pea protein binder|virgin|share of input mass,design,"human toxicity: non-carcinogenic, inorganics",-0.0014041426272092393,0.0009852124327828277,0.000823227308159833,0.001148742087778867,raw_biopol,2050
raw_biopol|production|Pea protein binder|virgin|share of input mass,design,"human toxicity: non-carcinogenic, organics",-0.00126454946644089,0.000595623900036533,0.0004963429169184847,0.000694503060000941,raw_biopol,2050
raw_biopol|production|Pea protein binder|virgin|share of input mass,design,ionising radiation: human health,-0.0008935445321797353,0.00030440520364730166,0.00025087411292929124,0.0003529612690024183,raw_biopol,2050
raw_biopol|production|Pea protein binder|virgin|share of input mass,design,land use,-0.0019509831234155903,0.0036263752424234848,0.0029847617931621365,0.004240421939930343,raw_biopol,2050
raw_biopol|production|Pea protein binder|virgin|share of input mass,design,material resources: metals/minerals,-0.00038715372723288264,4.516434206058638e-05,3.643467317198513e-05,5.358117857314472e-05,raw_biopol,2050
raw_biopol|production|Pea protein binder|virgin|share of input mass,design,ozone depletion,-0.0011279302001486796,0.0006777658252030755,0.0005455534594832607,0.000799412326590251,raw_biopol,2050
raw_biopol|production|Pea protein binder|virgin|share of input mass,design,particulate matter formation,-0.0013694946128717347,0.0007212382243458077,0.0005894283908916464,0.0008377086748034935,raw_biopol,2050
raw_biopol|production|Pea protein binder|virgin|share of input mass,design,photochemical oxidant formation: human health,-0.0016805135738071036,0.0017050364784471353,0.00142851242899404,0.00198664442378051,raw_biopol,2050
raw_biopol|production|Pea protein binder|virgin|share of input mass,design,water use,-0.0015172244909296023,0.002962786461753547,0.002430121068596392,0.0034537623760532076,raw_biopol,2050
raw_biopol|production|Sawdust|co-product|share of input mass,design,acidification,0.00550630451119371,0.00036891263327068166,0.0003166563156074787,0.0004255400645047769,raw_biopol,2050
raw_biopol|production|Sawdust|co-product|share of input mass,design,climate change,0.017282681035649946,0.004290014600710769,0.003619338801814677,0.0049137680441054985,raw_biopol,2050
raw_biopol|production|Sawdust|co-product|share of input mass,design,climate change: biogenic,0.0003289519828579296,1.4563370992608406e-06,1.2564806916710548e-06,1.6941521123237944e-06,raw_biopol,2050
raw_biopol|production|Sawdust|co-product|share of input mass,design,climate change: fossil,0.011305398321003952,0.0014274015655975597,0.0012320283640891408,0.0016405283926160857,raw_biopol,2050
raw_biopol|production|Sawdust|co-product|share of input mass,design,climate change: land use and land use change,0.005101203021177914,0.00030561822449459556,0.00026696843457216696,0.00034958103228967165,raw_biopol,2050
raw_biopol|production|Sawdust|co-product|share of input mass,design,ecotoxicity: freshwater,0.008585229474316652,0.0008603553978481837,0.0007377553476437638,0.0009913743514309613,raw_biopol,2050
raw_biopol|production|Sawdust|co-product|share of input mass,design,"ecotoxicity: freshwater, inorganics",0.006253408411324774,0.00047789314947658135,0.0004093539090789546,0.0005506933673021725,raw_biopol,2050
raw_biopol|production|Sawdust|co-product|share of input mass,design,"ecotoxicity: freshwater, organics",0.015913146760178132,0.0026806551896897107,0.002302051947881079,0.003083492350208669,raw_biopol,2050
raw_biopol|production|Sawdust|co-product|share of input mass,design,energy resources: non-renewable,0.007937729793928839,0.0007431065058667469,0.0006386065815964969,0.0008558226952900625,raw_biopol,2050
raw_biopol|production|Sawdust|co-product|share of input mass,design,eutrophication: freshwater,0.009324961380694628,0.0010020556517806275,0.00086201414394382,0.0011538899887488649,raw_biopol,2050
raw_biopol|production|Sawdust|co-product|share of input mass,design,eutrophication: marine,0.014647774020840571,0.002254780760655463,0.0019425020564275797,0.0025816106123488086,raw_biopol,2050
raw_biopol|production|Sawdust|co-product|share of input mass,design,eutrophication: terrestrial,0.007983327611456984,0.0007053202858109018,0.0006111280438057176,0.0008086467042890277,raw_biopol,2050
raw_biopol|production|Sawdust|co-product|share of input mass,design,human toxicity: carcinogenic,0.00497414411393716,0.00036879047524816946,0.0003096112927436238,0.00042290513714072624,raw_biopol,2050
raw_biopol|production|Sawdust|co-product|share of input mass,design,"human toxicity: carcinogenic, inorganics",0.003841795393708358,0.00019706082924377373,0.00016849420355491223,0.00022495470239235833,raw_biopol,2050
raw_biopol|production|Sawdust|co-product|share of input mass,design,"human toxicity: carcinogenic, organics",0.005693792695534995,0.0005649051077897222,0.00046835340727101625,0.0006615638031237876,raw_biopol,2050
raw_biopol|production|Sawdust|co-product|share of input mass,design,human toxicity: non-carcinogenic,0.005488385979741425,0.00038609713114081995,0.0003300898972728977,0.0004427338811608034,raw_biopol,2050
raw_biopol|production|Sawdust|co-product|share of input mass,design,"human toxicity: non-carcinogenic, inorganics",0.005547944930029074,0.0003941875813679094,0.0003370610913910503,0.00045199886923709805,raw_biopol,2050
raw_biopol|production|Sawdust|co-product|share of input mass,design,"human toxicity: non-carcinogenic, organics",0.004282874949179916,0.00023963922439634362,0.00020425441215911723,0.0002749449194631935,raw_biopol,2050
raw_biopol|production|Sawdust|co-product|share of input mass,design,ionising radiation: human health,0.0031737310921368584,0.00011937198278442393,0.00010358114306175215,0.00013712240935025182,raw_biopol,2050
raw_biopol|production|Sawdust|co-product|share of input mass,design,land use,0.009958258088078382,0.0011858168266877067,0.0010177850594715117,0.0013589752173727406,raw_biopol,2050
raw_biopol|production|Sawdust|co-product|share of input mass,design,material resources: metals/minerals,0.0009047191005707743,1.6800452034296105e-05,1.3801552649685487e-05,1.946126390510857e-05,raw_biopol,2050
raw_biopol|production|Sawdust|co-product|share of input mass,design,ozone depletion,0.0036406203740059115,0.00025243288305656247,0.0002069431220118942,0.0002943227003439378,raw_biopol,2050
raw_biopol|production|Sawdust|co-product|share of input mass,design,particulate matter formation,0.004480276948202159,0.0002844888590583321,0.0002403561481982061,0.00032638968443775605,raw_biopol,2050
raw_biopol|production|Sawdust|co-product|share of input mass,design,photochemical oxidant formation: human health,0.007392949304347351,0.0006733105616929249,0.0005742170917036195,0.000776783835787107,raw_biopol,2050
raw_biopol|production|Sawdust|co-product|share of input mass,design,water use,0.010593617199631242,0.0011889756660861007,0.0010340562784360672,0.001364133661221985,raw_biopol,2050
raw_biopol|production|Seagrass|wild-harvested|share of input mass,design,acidification,0.003035618451893799,0.00010711207850813652,9.141320239530776e-05,0.0001258033443275733,raw_biopol,2050
raw_biopol|production|Seagrass|wild-harvested|share of input mass,design,climate change,0.008723802446172928,0.0016380195717251402,0.001383865551824344,0.0019646587452294877,raw_biopol,2050
raw_biopol|production|Seagrass|wild-harvested|share of input mass,design,climate change: biogenic,0.00021024241962974352,4.4138224555604864e-07,3.6998493788470193e-07,5.243940167473609e-07,raw_biopol,2050
raw_biopol|production|Seagrass|wild-harvested|share of input mass,design,climate change: fossil,0.006073285975612189,0.0004041651737026459,0.0003408754733028447,0.00047541461376591565,raw_biopol,2050
raw_biopol|production|Seagrass|wild-harvested|share of input mass,design,climate change: land use and land use change,0.003014608946231939,9.774722926291517e-05,8.202599674165925e-05,0.00011609231802804544,raw_biopol,2050
raw_biopol|production|Seagrass|wild-harvested|share of input mass,design,ecotoxicity: freshwater,0.00466966901395452,0.0002457218276239369,0.0002081052049473311,0.00028811089699423746,raw_biopol,2050
raw_biopol|production|Seagrass|wild-harvested|share of input mass,design,"ecotoxicity: freshwater, inorganics",0.0034251530392439616,0.0001379121647393287,0.00011755140579334475,0.00016119362005042554,raw_biopol,2050
raw_biopol|production|Seagrass|wild-harvested|share of input mass,design,"ecotoxicity: freshwater, organics",0.008553830958125092,0.0007552828329686317,0.000638372725454459,0.000895205455701176,raw_biopol,2050
raw_biopol|production|Seagrass|wild-harvested|share of input mass,design,energy resources: non-renewable,0.004315773492978092,0.00021334841576840005,0.00018005758255667926,0.0002496008928702339,raw_biopol,2050
raw_biopol|production|Seagrass|wild-harvested|share of input mass,design,eutrophication: freshwater,0.005024026392597612,0.00028468257932965713,0.0002405953823999078,0.00033391733200786525,raw_biopol,2050
raw_biopol|production|Seagrass|wild-harvested|share of input mass,design,eutrophication: marine,0.007920213967843086,0.0006351324190021719,0.000535908532257945,0.0007523677028035125,raw_biopol,2050
raw_biopol|production|Seagrass|wild-harvested|share of input mass,design,eutrophication: terrestrial,0.004424674892716836,0.00020271077167891217,0.0001726185616404934,0.00024125386649944265,raw_biopol,2050
raw_biopol|production|Seagrass|wild-harvested|share of input mass,design,human toxicity: carcinogenic,0.002689816881575622,0.00010862839846323752,9.167181259423648e-05,0.00012827058820614494,raw_biopol,2050
raw_biopol|production|Seagrass|wild-harvested|share of input mass,design,"human toxicity: carcinogenic, inorganics",0.0020877995414397424,5.7536398518339435e-05,4.907944112364274e-05,6.74912181156885e-05,raw_biopol,2050
raw_biopol|production|Seagrass|wild-harvested|share of input mass,design,"human toxicity: carcinogenic, organics",0.003054750074994419,0.00016722452831418585,0.0001389591882680266,0.0001998466899823527,raw_biopol,2050
raw_biopol|production|Seagrass|wild-harvested|share of input mass,design,human toxicity: non-carcinogenic,0.0029562048725709188,0.00011065928609336231,9.422387356064302e-05,0.00012912372315613846,raw_biopol,2050
raw_biopol|production|Seagrass|wild-harvested|share of input mass,design,"human toxicity: non-carcinogenic, inorganics",0.002988083106762256,0.00011304723085595187,9.623852523497759e-05,0.00013188677310481623,raw_biopol,2050
raw_biopol|production|Seagrass|wild-harvested|share of input mass,design,"human toxicity: non-carcinogenic, organics",0.0023059654338643976,6.759481951081311e-05,5.7724982915736194e-05,7.914755143075333e-05,raw_biopol,2050
raw_biopol|production|Seagrass|wild-harvested|share of input mass,design,ionising radiation: human health,0.0018195510778275246,3.632199474131428e-05,3.058883581172669e-05,4.3272468720142216e-05,raw_biopol,2050
raw_biopol|production|Seagrass|wild-harvested|share of input mass,design,land use,0.007481253574877676,0.0005889244860669543,0.0004942473480681063,0.0006937668469177718,raw_biopol,2050
raw_biopol|production|Seagrass|wild-harvested|share of input mass,design,material resources: metals/minerals,0.0005406838970333122,5.941263543308315e-06,4.947121307335689e-06,7.111231718356002e-06,raw_biopol,2050
raw_biopol|production|Seagrass|wild-harvested|share of input mass,design,ozone depletion,0.0021817758561451656,8.896087411900544e-05,7.421868719371209e-05,0.00010652802356489139,raw_biopol,2050
raw_biopol|production|Seagrass|wild-harvested|share of input mass,design,particulate matter formation,0.002478879187878091,8.509592560603409e-05,7.179981652830686e-05,0.00010066882257256881,raw_biopol,2050
raw_biopol|production|Seagrass|wild-harvested|share of input mass,design,photochemical oxidant formation: human health,0.00410515207317472,0.0002007263793592296,0.00017070465735865792,0.00023473626662435398,raw_biopol,2050
raw_biopol|production|Seagrass|wild-harvested|share of input mass,design,water use,0.005781431631618235,0.0003379527532701657,0.0002840234587408807,0.0004028339048320691,raw_biopol,2050
raw_biopol|repair|Pea protein binder|virgin|share of input mass,design,acidification,0.00011854928013308972,0.0002618409718536237,0.00022673977054672395,0.00030340029599822723,raw_biopol,2050
raw_biopol|repair|Pea protein binder|virgin|share of input mass,design,climate change,0.00010998709308420777,8.468011964894998e-05,7.344583641679802e-05,9.952921317293184e-05,raw_biopol,2050
raw_biopol|repair|Pea protein binder|virgin|share of input mass,design,climate change: biogenic,-7.107500474496284e-05,5.477372410753156e-06,4.763307727834602e-06,6.333791256784958e-06,raw_biopol,2050
raw_biopol|repair|Pea protein binder|virgin|share of input mass,design,climate change: fossil,0.00021843841829378172,2.0658086925080677e-05,1.81488759422173e-05,2.3936571056557618e-05,raw_biopol,2050
raw_biopol|repair|Pea protein binder|virgin|share of input mass,design,climate change: land use and land use change,1.0680354673665457e-05,1.4633212291669272e-05,1.276970114203107e-05,1.6843798374005715e-05,raw_biopol,2050
raw_biopol|repair|Pea protein binder|virgin|share of input mass,design,ecotoxicity: freshwater,0.00018455897628605734,2.8035010362412346e-05,2.457639865545081e-05,3.2605749375898645e-05,raw_biopol,2050
raw_biopol|repair|Pea protein binder|virgin|share of input mass,design,"ecotoxicity: freshwater, inorganics",0.00010018050376626572,1.068858279628595e-05,9.37282609585642e-06,1.2430338438176453e-05,raw_biopol,2050
raw_biopol|repair|Pea protein binder|virgin|share of input mass,design,"ecotoxicity: freshwater, organics",0.0006191104224783692,0.00013072785196826639,0.0001148750935830458,0.00015102662819642263,raw_biopol,2050
raw_biopol|repair|Pea protein binder|virgin|share of input mass,design,energy resources: non-renewable,0.00014243621173786215,2.0318360782966942e-05,1.7837323594173317e-05,2.350364471123053e-05,raw_biopol,2050
raw_biopol|repair|Pea protein binder|virgin|share of input mass,design,eutrophication: freshwater,0.00016245573021115659,1.4478801909586407e-05,1.2684155750051232e-05,1.6767183548040584e-05,raw_biopol,2050
raw_biopol|repair|Pea protein binder|virgin|share of input mass,design,eutrophication: marine,0.00013000805719113882,3.9013243032825257e-07,3.183369041877573e-07,4.788172805817395e-07,raw_biopol,2050
raw_biopol|repair|Pea protein binder|virgin|share of input mass,design,eutrophication: terrestrial,0.00031448591681112906,0.0009092989943419602,0.0007914161893104035,0.001057505395700177,raw_biopol,2050
raw_biopol|repair|Pea protein binder|virgin|share of input mass,design,human toxicity: carcinogenic,0.0001316921068983543,2.6583622462985086e-05,2.279670869099715e-05,3.145343968109256e-05,raw_biopol,2050
raw_biopol|repair|Pea protein binder|virgin|share of input mass,design,"human toxicity: carcinogenic, inorganics",6.549532104406686e-05,2.5455780948409916e-05,2.218995484121504e-05,2.9831830868604688e-05,raw_biopol,2050
raw_biopol|repair|Pea protein binder|virgin|share of input mass,design,"human toxicity: carcinogenic, organics",0.00018945846964110553,2.6580647041986396e-05,2.2478087373919007e-05,3.215454489524299e-05,raw_biopol,2050
raw_biopol|repair|Pea protein binder|virgin|share of input mass,design,human toxicity: non-carcinogenic,0.0001317707643925253,4.7318324583703885e-05,4.124064297496594e-05,5.5409237643897187e-05,raw_biopol,2050
raw_biopol|repair|Pea protein binder|virgin|share of input mass,design,"human toxicity: non-carcinogenic, inorganics",0.0001363521882496613,5.0025290545515804e-05,4.3601901702190275e-05,5.856622431484344e-05,raw_biopol,2050
raw_biopol|repair|Pea protein binder|virgin|share of input mass,design,"human toxicity: non-carcinogenic, organics",5.984781004264096e-05,8.65066511753868e-06,7.553445089172614e-06,1.0116499088673124e-05,raw_biopol,2050
raw_biopol|repair|Pea protein binder|virgin|share of input mass,design,ionising radiation: human health,5.073514080520777e-06,3.4875099723138475e-06,3.078653081357917e-06,4.024139893316339e-06,raw_biopol,2050
raw_biopol|repair|Pea protein binder|virgin|share of input mass,design,land use,0.0003318389797064594,4.672460685703633e-05,4.102649494840088e-05,5.418267493525577e-05,raw_biopol,2050
raw_biopol|repair|Pea protein binder|virgin|share of input mass,design,material resources: metals/minerals,1.2309388524090562e-05,2.355373220924488e-07,1.959874659180968e-07,2.8255029256013463e-07,raw_biopol,2050
raw_biopol|repair|Pea protein binder|virgin|share of input mass,design,ozone depletion,8.929199602606772e-05,7.381377709201822e-06,6.16574950257881e-06,8.919420119993069e-06,raw_biopol,2050
raw_biopol|repair|Pea protein binder|virgin|share of input mass,design,particulate matter formation,2.7940600934859464e-05,0.00017046960842469322,0.00014539807514028826,0.00019882941969807087,raw_biopol,2050
raw_biopol|repair|Pea protein binder|virgin|share of input mass,design,photochemical oxidant formation: human health,6.560922775008966e-05,3.02294394554852e-07,2.465186430384028e-07,3.657285045148482e-07,raw_biopol,2050
raw_biopol|repair|Pea protein binder|virgin|share of input mass,design,water use,0.0002263190541007791,5.981483705368288e-05,5.295851715359602e-05,6.995302847138431e-05,raw_biopol,2050
raw_biopol|repair|Seagrass|wild-harvested|share of input mass,design,acidification,-0.0014709606667261121,2.326125297120294e-05,2.0016990024320445e-05,2.677730131991923e-05,raw_biopol,2050
raw_biopol|repair|Seagrass|wild-harvested|share of input mass,design,climate change,-0.0014281651941814464,7.756385460713288e-05,6.709574476674947e-05,8.960738836934124e-05,raw_biopol,2050
raw_biopol|repair|Seagrass|wild-harvested|share of input mass,design,climate change: biogenic,-0.00015079146618080826,2.1693960696961707e-07,1.8587616775586056e-07,2.514144871079038e-07,raw_biopol,2050
raw_biopol|repair|Seagrass|wild-harvested|share of input mass,design,climate change: fossil,-0.0014459452274489643,2.5576046896017093e-05,2.2219697176984473e-05,2.939213603567731e-05,raw_biopol,2050
raw_biopol|repair|Seagrass|wild-harvested|share of input mass,design,climate change: land use and land use change,-0.0006819287535176233,5.121610844747158e-06,4.472855160271786e-06,5.865559393189123e-06,raw_biopol,2050
raw_biopol|repair|Seagrass|wild-harvested|share of input mass,design,ecotoxicity: freshwater,-0.001066556309067149,1.3903663029400926e-05,1.2035899864455834e-05,1.5985592365059267e-05,raw_biopol,2050
raw_biopol|repair|Seagrass|wild-harvested|share of input mass,design,"ecotoxicity: freshwater, inorganics",-0.0008279615528641557,8.259613202643905e-06,7.106882865773859e-06,9.490647674968327e-06,raw_biopol,2050
raw_biopol|repair|Seagrass|wild-harvested|share of input mass,design,"ecotoxicity: freshwater, organics",-0.0017349279327662816,3.955682647959107e-05,3.4878575277430565e-05,4.5328102660814796e-05,raw_biopol,2050
raw_biopol|repair|Seagrass|wild-harvested|share of input mass,design,energy resources: non-renewable,-0.00101863788635602,1.2415495767617203e-05,1.0805581381800882e-05,1.427614384677193e-05,raw_biopol,2050
raw_biopol|repair|Seagrass|wild-harvested|share of input mass,design,eutrophication: freshwater,-0.0012200461438309916,1.8011313874624822e-05,1.563159320808502e-05,2.0717076279576373e-05,raw_biopol,2050
raw_biopol|repair|Seagrass|wild-harvested|share of input mass,design,eutrophication: marine,-0.0020194395509325895,4.9695522216078226e-05,4.364197596447987e-05,5.710845680685176e-05,raw_biopol,2050
raw_biopol|repair|Seagrass|wild-harvested|share of input mass,design,eutrophication: terrestrial,-0.0023529991794963147,5.761432205423928e-05,4.987274519859136e-05,6.613257131833915e-05,raw_biopol,2050
raw_biopol|repair|Seagrass|wild-harvested|share of input mass,design,human toxicity: carcinogenic,-0.0005874173870978012,5.171248756954946e-06,4.329720858149176e-06,5.9956107400676705e-06,raw_biopol,2050
raw_biopol|repair|Seagrass|wild-harvested|share of input mass,design,"human toxicity: carcinogenic, inorganics",-0.0004153601010661612,2.2559889594725427e-06,1.930243546546444e-06,2.576582887165604e-06,raw_biopol,2050
raw_biopol|repair|Seagrass|wild-harvested|share of input mass,design,"human toxicity: carcinogenic, organics",-0.0006924859370909926,8.812845556054285e-06,7.215490666038563e-06,1.0365862812689232e-05,raw_biopol,2050
raw_biopol|repair|Seagrass|wild-harvested|share of input mass,design,human toxicity: non-carcinogenic,-0.000582372815720766,4.420698207293683e-06,3.7899466056161088e-06,5.054585535942842e-06,raw_biopol,2050
raw_biopol|repair|Seagrass|wild-harvested|share of input mass,design,"human toxicity: non-carcinogenic, inorganics",-0.0005837244803175807,4.454422459582278e-06,3.819742407698729e-06,5.091946451824716e-06,raw_biopol,2050
raw_biopol|repair|Seagrass|wild-harvested|share of input mass,design,"human toxicity: non-carcinogenic, organics",-0.0005536301797841192,3.759048538868307e-06,3.224238707136817e-06,4.325282042392639e-06,raw_biopol,2050
raw_biopol|repair|Seagrass|wild-harvested|share of input mass,design,ionising radiation: human health,-0.00044537571423182264,2.0832697428176025e-06,1.8331286514879546e-06,2.3938342400020714e-06,raw_biopol,2050
raw_biopol|repair|Seagrass|wild-harvested|share of input mass,design,land use,-0.0015872909966875128,3.14655047256942e-05,2.7577632098938774e-05,3.602917635326021e-05,raw_biopol,2050
raw_biopol|repair|Seagrass|wild-harvested|share of input mass,design,material resources: metals/minerals,-0.00014570480140589463,3.681351145383181e-07,3.030141832511442e-07,4.406022235090981e-07,raw_biopol,2050
raw_biopol|repair|Seagrass|wild-harvested|share of input mass,design,ozone depletion,-0.0005302591176967837,5.051418781192426e-06,4.162926973991604e-06,6.042963065727871e-06,raw_biopol,2050
raw_biopol|repair|Seagrass|wild-harvested|share of input mass,design,particulate matter formation,-0.0011734704545806655,1.7029239397576902e-05,1.4417468514258e-05,1.9908764683068304e-05,raw_biopol,2050
raw_biopol|repair|Seagrass|wild-harvested|share of input mass,design,photochemical oxidant formation: human health,-0.0011443300291033606,1.5835369693891917e-05,1.359726329644386e-05,1.8289293150346253e-05,raw_biopol,2050
raw_biopol|repair|Seagrass|wild-harvested|share of input mass,design,water use,-0.0012422872879315166,1.7575299187252264e-05,1.5581252867301603e-05,2.005059647349569e-05,raw_biopol,2050
raw_biopol|repair|Hemp fiber|virgin|share of input mass,design,acidification,0.011241056500407597,0.0003863559737838626,0.00033438584757799393,0.000453287491102106,raw_biopol,2050
raw_biopol|repair|Hemp fiber|virgin|share of input mass,design,climate change,-7.551633478385912e-05,8.427609316706114e-08,6.5304965612391e-08,1.081029904051666e-07,raw_biopol,2050
raw_biopol|repair|Hemp fiber|virgin|share of input mass,design,climate change: biogenic,0.0013649692171345312,6.8808327554989775e-06,5.976581091244849e-06,8.133910994927948e-06,raw_biopol,2050
raw_biopol|repair|Hemp fiber|virgin|share of input mass,design,climate change: fossil,0.0003421903691445822,3.361981135785414e-07,2.9339478378382994e-07,3.9275458151610153e-07,raw_biopol,2050
raw_biopol|repair|Hemp fiber|virgin|share of input mass,design,climate change: land use and land use change,-0.0007383335193781753,2.007455003893366e-06,1.7281001701967374e-06,2.3410429253668236e-06,raw_biopol,2050
raw_biopol|repair|Hemp fiber|virgin|share of input mass,design,ecotoxicity: freshwater,-0.0007531970351810939,1.941065081528744e-06,1.6868194437132172e-06,2.2604830000017703e-06,raw_biopol,2050
raw_biopol|repair|Hemp fiber|virgin|share of input mass,design,"ecotoxicity: freshwater, inorganics",-0.0001609700921210642,1.0015047873418242e-07,8.591093973291533e-08,1.1701392374970736e-07,raw_biopol,2050
raw_biopol|repair|Hemp fiber|virgin|share of input mass,design,"ecotoxicity: freshwater, organics",-0.002553991780196906,2.1967057779971798e-05,1.9166360180580842e-05,2.530799657199215e-05,raw_biopol,2050
raw_biopol|repair|Hemp fiber|virgin|share of input mass,design,energy resources: non-renewable,-0.0004573247896223209,7.285498988552802e-07,6.329106352871825e-07,8.478742414085432e-07,raw_biopol,2050
raw_biopol|repair|Hemp fiber|virgin|share of input mass,design,eutrophication: freshwater,0.0002909655915262254,2.4506154378455213e-07,2.1298185525520618e-07,2.877946341365097e-07,raw_biopol,2050
raw_biopol|repair|Hemp fiber|virgin|share of input mass,design,eutrophication: marine,0.003923304929307231,4.735639321275426e-05,4.153407618512897e-05,5.451070528020971e-05,raw_biopol,2050
raw_biopol|repair|Hemp fiber|virgin|share of input mass,design,eutrophication: terrestrial,0.02109202071007183,0.0012464462095316817,0.0010890101650381367,0.0014496553759843287,raw_biopol,2050
raw_biopol|repair|Hemp fiber|virgin|share of input mass,design,human toxicity: carcinogenic,-0.001350654701798436,7.015019788534321e-06,5.941179067028093e-06,8.324551826762596e-06,raw_biopol,2050
raw_biopol|repair|Hemp fiber|virgin|share of input mass,design,"human toxicity: carcinogenic, inorganics",-0.0017515207801960281,1.0757622394531625e-05,9.305713166486025e-06,1.2753282757119473e-05,raw_biopol,2050
raw_biopol|repair|Hemp fiber|virgin|share of input mass,design,"human toxicity: carcinogenic, organics",-0.0009449961856986814,3.948747422127109e-06,3.2447409883894463e-06,4.662646198805231e-06,raw_biopol,2050
raw_biopol|repair|Hemp fiber|virgin|share of input mass,design,human toxicity: non-carcinogenic,-0.002374784252606546,1.953383853885205e-05,1.6929164156760003e-05,2.3079469615926845e-05,raw_biopol,2050
raw_biopol|repair|Hemp fiber|virgin|share of input mass,design,"human toxicity: non-carcinogenic, inorganics",-0.0024675645829978694,2.1097184522012726e-05,1.828753969551369e-05,2.492630137249835e-05,raw_biopol,2050
raw_biopol|repair|Hemp fiber|virgin|share of input mass,design,"human toxicity: non-carcinogenic, organics",-0.00047984509546764454,8.101221930693255e-07,7.006904539417448e-07,9.520680285915691e-07,raw_biopol,2050
raw_biopol|repair|Hemp fiber|virgin|share of input mass,design,ionising radiation: human health,-0.00019488522752525794,1.3637516327379462e-07,1.172028061734847e-07,1.584959716701814e-07,raw_biopol,2050
raw_biopol|repair|Hemp fiber|virgin|share of input mass,design,land use,-0.0005514040607548493,1.0839179803945716e-06,9.390124137393632e-07,1.2504425056523177e-06,raw_biopol,2050
raw_biopol|repair|Hemp fiber|virgin|share of input mass,design,material resources: metals/minerals,6.10989594313984e-05,1.5776606110702696e-08,1.3023224909113294e-08,1.8668992580967826e-08,raw_biopol,2050
raw_biopol|repair|Hemp fiber|virgin|share of input mass,design,ozone depletion,-0.00018090423645160646,1.573513176784656e-07,1.2987170520779092e-07,1.860147457128642e-07,raw_biopol,2050
raw_biopol|repair|Hemp fiber|virgin|share of input mass,design,particulate matter formation,0.008721451958038565,0.0002586483583722145,0.00021944878756046272,0.0003056452197791394,raw_biopol,2050
raw_biopol|repair|Hemp fiber|virgin|share of input mass,design,photochemical oxidant formation: human health,0.0023253233986769485,1.7499732868102216e-05,1.5145626178156855e-05,2.0503825296926743e-05,raw_biopol,2050
raw_biopol|repair|Hemp fiber|virgin|share of input mass,design,water use,-0.0017842590174569635,1.0429065346068593e-05,9.104636155585993e-06,1.2046056573191704e-05,raw_biopol,2050
raw_biopol|production|Milling||machine weight,manufacturing,acidification,0.00012847912976467283,1.7245082852002274e-06,1.3916939772499226e-06,2.127080552512606e-06,raw_biopol,2050
raw_biopol|production|Milling||machine weight,manufacturing,climate change,0.0002341671196322057,6.757846273098286e-06,5.41336809851157e-06,8.602909654831204e-06,raw_biopol,2050
raw_biopol|production|Milling||machine weight,manufacturing,climate change: biogenic,8.467601207216524e-06,3.0776245117216044e-09,2.46100503329599e-09,3.8728561274426695e-09,raw_biopol,2050
raw_biopol|production|Milling||machine weight,manufacturing,climate change: fossil,0.00014241832880636202,2.5570085305518835e-06,2.0685828315671344e-06,3.150514285712329e-06,raw_biopol,2050
raw_biopol|production|Milling||machine weight,manufacturing,climate change: land use and land use change,2.5763382449596037e-05,2.656489209095591e-07,2.1675441610696315e-07,3.336378900199411e-07,raw_biopol,2050
raw_biopol|production|Milling||machine weight,manufacturing,ecotoxicity: freshwater,0.00012644947364700657,1.7891811612395616e-06,1.4434888703954942e-06,2.2051829230953184e-06,raw_biopol,2050
raw_biopol|production|Milling||machine weight,manufacturing,"ecotoxicity: freshwater, inorganics",0.00017058846993340095,2.998614147651626e-06,2.416816284786095e-06,3.6938543610713204e-06,raw_biopol,2050
raw_biopol|production|Milling||machine weight,manufacturing,"ecotoxicity: freshwater, organics",7.801343192724233e-06,9.4442635594821e-09,7.640053248984391e-09,1.1758476800803148e-08,raw_biopol,2050
raw_biopol|production|Milling||machine weight,manufacturing,energy resources: non-renewable,0.0001110242793685269,1.543520263095785e-06,1.2446928729981026e-06,1.9000853115653642e-06,raw_biopol,2050
raw_biopol|production|Milling||machine weight,manufacturing,eutrophication: freshwater,0.0001485119344171765,2.564706651733742e-06,2.070507957486339e-06,3.164411565294946e-06,raw_biopol,2050
raw_biopol|production|Milling||machine weight,manufacturing,eutrophication: marine,1.2103001114411551e-05,2.1175210650959392e-08,1.7155853734682422e-08,2.6352027863229735e-08,raw_biopol,2050
raw_biopol|production|Milling||machine weight,manufacturing,eutrophication: terrestrial,6.225953966975085e-05,4.3957930166189915e-07,3.5632942014039325e-07,5.441595142577217e-07,raw_biopol,2050
raw_biopol|production|Milling||machine weight,manufacturing,human toxicity: carcinogenic,0.0002492399875627213,5.764224301459746e-06,4.607999270570226e-06,7.009220716285966e-06,raw_biopol,2050
raw_biopol|production|Milling||machine weight,manufacturing,"human toxicity: carcinogenic, inorganics",0.0002501553015371314,6.486544417680177e-06,5.21654056308385e-06,7.964444543529653e-06,raw_biopol,2050
raw_biopol|production|Milling||machine weight,manufacturing,"human toxicity: carcinogenic, organics",0.00023660248759726376,4.887292049760777e-06,3.8028700761389294e-06,5.908784936074505e-06,raw_biopol,2050
raw_biopol|production|Milling||machine weight,manufacturing,human toxicity: non-carcinogenic,0.00020634395954391915,4.608616567419852e-06,3.7093005633586603e-06,5.667966435777304e-06,raw_biopol,2050
raw_biopol|production|Milling||machine weight,manufacturing,"human toxicity: non-carcinogenic, inorganics",0.00020822167240478007,4.703757784591927e-06,3.7861666895182355e-06,5.783378949427217e-06,raw_biopol,2050
raw_biopol|production|Milling||machine weight,manufacturing,"human toxicity: non-carcinogenic, organics",0.00016677620017396135,2.8830837368581e-06,2.3168598304616744e-06,3.5526342836732303e-06,raw_biopol,2050
raw_biopol|production|Milling||machine weight,manufacturing,ionising radiation: human health,2.767941571628894e-05,1.8287699607548224e-07,1.4914580541688432e-07,2.2888325511867688e-07,raw_biopol,2050
raw_biopol|production|Milling||machine weight,manufacturing,land use,6.9219257120246544e-06,7.037177487290077e-09,5.683548206004286e-09,8.74072766385043e-09,raw_biopol,2050
raw_biopol|production|Milling||machine weight,manufacturing,material resources: metals/minerals,0.00010239489037503602,8.994226517216709e-07,7.04595090052621e-07,1.103063673416245e-06,raw_biopol,2050
raw_biopol|production|Milling||machine weight,manufacturing,ozone depletion,6.022901614036513e-05,3.280077780142604e-07,2.556030420824442e-07,4.020199148782088e-07,raw_biopol,2050
raw_biopol|production|Milling||machine weight,manufacturing,particulate matter formation,0.000205650696041478,3.8780613264121e-06,3.0923137110405978e-06,4.733527334615387e-06,raw_biopol,2050
raw_biopol|production|Milling||machine weight,manufacturing,photochemical oxidant formation: human health,0.00011722798112835485,1.5459931776520146e-06,1.2436126364633452e-06,1.9088019482104476e-06,raw_biopol,2050
raw_biopol|production|Milling||machine weight,manufacturing,water use,3.5336251883763354e-05,2.3520647018677493e-07,1.9052043467930385e-07,2.912171219202512e-07,raw_biopol,2050
raw_biopol|production|Milling||power,manufacturing,acidification,0.0004604616284475377,0.006131357662107692,0.005104698116464151,0.007283497374483099,raw_biopol,2050
raw_biopol|production|Milling||power,manufacturing,climate change,0.0008226866987285337,0.003258995981941348,0.0027156307373216127,0.0038079913686123075,raw_biopol,2050
raw_biopol|production|Milling||power,manufacturing,climate change: biogenic,-0.0003393959811734995,2.5801315945446467e-05,2.1806952993633146e-05,3.0271746203820172e-05,raw_biopol,2050
raw_biopol|production|Milling||power,manufacturing,climate change: fossil,-0.0013199887890573637,0.0011677361070573785,0.0009912564760655648,0.0013786313511550481,raw_biopol,2050
raw_biopol|production|Milling||power,manufacturing,climate change: land use and land use change,0.00791719365747687,0.0070876611732658395,0.00589710476567913,0.008284557887502646,raw_biopol,2050
raw_biopol|production|Milling||power,manufacturing,ecotoxicity: freshwater,-0.0009983174343475643,0.0028511781106457528,0.0023887116131789923,0.0033882674425044458,raw_biopol,2050
raw_biopol|production|Milling||power,manufacturing,"ecotoxicity: freshwater, inorganics",-8.39417382582243e-05,0.00484874763267672,0.00403861132756229,0.00574895006121244,raw_biopol,2050
raw_biopol|production|Milling||power,manufacturing,"ecotoxicity: freshwater, organics",-0.00019089355333626792,5.397620686393939e-06,4.637702942671102e-06,6.362660301473141e-06,raw_biopol,2050
raw_biopol|production|Milling||power,manufacturing,energy resources: non-renewable,0.00018440318780362557,0.004314841912616243,0.003621289678793082,0.00498565561967393,raw_biopol,2050
raw_biopol|production|Milling||power,manufacturing,eutrophication: freshwater,-0.0009989924503335476,0.0025588271600590073,0.002150516505661149,0.0030302682966681783,raw_biopol,2050
raw_biopol|production|Milling||power,manufacturing,eutrophication: marine,-0.0006169118042932199,7.96043811047041e-05,6.784234706496979e-05,9.367300458435814e-05,raw_biopol,2050
raw_biopol|production|Milling||power,manufacturing,eutrophication: terrestrial,-0.0011037612645431578,0.0027930198710397255,0.0023469861809458665,0.0032909683938358433,raw_biopol,2050
raw_biopol|production|Milling||power,manufacturing,human toxicity: carcinogenic,-0.0003909877754217565,0.006396123737539133,0.0053595496222855156,0.0077145931445514555,raw_biopol,2050
raw_biopol|production|Milling||power,manufacturing,"human toxicity: carcinogenic, inorganics",0.0030573025135596952,0.0091340171520134,0.0076071625359275,0.010783253763759684,raw_biopol,2050
raw_biopol|production|Milling||power,manufacturing,"human toxicity: carcinogenic, organics",-0.0028159268639543467,0.004261180798871358,0.0034185714781597982,0.0052715695719553375,raw_biopol,2050
raw_biopol|production|Milling||power,manufacturing,human toxicity: non-carcinogenic,0.001488623165995346,0.006983391232071227,0.005814821614887983,0.008270463723776787,raw_biopol,2050
raw_biopol|production|Milling||power,manufacturing,"human toxicity: non-carcinogenic, inorganics",0.0014490876451005855,0.006904175386813317,0.005748281808198816,0.008179684242444757,raw_biopol,2050
raw_biopol|production|Milling||power,manufacturing,"human toxicity: non-carcinogenic, organics",0.0023493640850461065,0.008672738548027675,0.00723721175354671,0.010200346616241529,raw_biopol,2050
raw_biopol|production|Milling||power,manufacturing,ionising radiation: human health,0.009488266944938206,0.011841844996898197,0.00994260379529894,0.013761106979342446,raw_biopol,2050
raw_biopol|production|Milling||power,manufacturing,land use,-0.0010022703695064612,0.0004336468065320264,0.00036563563987642973,0.0005020608336070796,raw_biopol,2050
raw_biopol|production|Milling||power,manufacturing,material resources: metals/minerals,0.004031273545866581,0.014330391476816709,0.011775080493792773,0.017316835033241502,raw_biopol,2050
raw_biopol|production|Milling||power,manufacturing,ozone depletion,-0.0008449345418874919,0.00794393100451814,0.006463075271439043,0.009676163479403022,raw_biopol,2050
raw_biopol|production|Milling||power,manufacturing,particulate matter formation,-0.00043639698164497004,0.006574500135025746,0.0054924880445391296,0.00792540374757108,raw_biopol,2050
raw_biopol|production|Milling||power,manufacturing,photochemical oxidant formation: human health,-0.000817251851076148,0.004110063405995021,0.0034395870102391095,0.004887799220850101,raw_biopol,2050
raw_biopol|production|Milling||power,manufacturing,water use,0.0016338395327541982,0.002377669482100968,0.001990514329835766,0.0027517968201536255,raw_biopol,2050
raw_biopol|production|Milling||output rate,manufacturing,acidification,0.005335682492599235,0.006853548888235304,0.005900760509872536,0.00812060639136993,raw_biopol,2050
raw_biopol|production|Milling||output rate,manufacturing,climate change,0.004695993688533335,0.003782903983720907,0.003202786275377261,0.004547420265267836,raw_biopol,2050
raw_biopol|production|Milling||output rate,manufacturing,climate change: biogenic,-4.163575060129806e-05,2.9543003752066242e-05,2.565357595833156e-05,3.469521169207711e-05,raw_biopol,2050
raw_biopol|production|Milling||output rate,manufacturing,climate change: fossil,0.0010192078521764057,0.0013540163178547596,0.0011559745256411855,0.001602488524050127,raw_biopol,2050
raw_biopol|production|Milling||output rate,manufacturing,climate change: land use and land use change,0.01617707388789126,0.008257088829747478,0.0071102628063784805,0.009880057567083057,raw_biopol,2050
raw_biopol|production|Milling||output rate,manufacturing,ecotoxicity: freshwater,0.002595555308593147,0.0032215456356229754,0.00276589905161805,0.003807000933125711,raw_biopol,2050
raw_biopol|production|Milling||output rate,manufacturing,"ecotoxicity: freshwater, inorganics",0.004426786647759663,0.005477915065519757,0.004715695969064576,0.0065030802295888675,raw_biopol,2050
raw_biopol|production|Milling||output rate,manufacturing,"ecotoxicity: freshwater, organics",-2.6316127250188668e-05,6.165755144359549e-06,5.286979474996187e-06,7.286360053531631e-06,raw_biopol,2050
raw_biopol|production|Milling||output rate,manufacturing,energy resources: non-renewable,0.005193965292371654,0.004875972506991409,0.004206476286082612,0.005739688007576839,raw_biopol,2050
raw_biopol|production|Milling||output rate,manufacturing,eutrophication: freshwater,0.002466405465433448,0.002916041988363313,0.0025020479237789087,0.0034548240393774596,raw_biopol,2050
raw_biopol|production|Milling||output rate,manufacturing,eutrophication: marine,6.928896431736468e-06,8.866699510420578e-05,7.570852952955891e-05,0.00010441187558202014,raw_biopol,2050
raw_biopol|production|Milling||output rate,manufacturing,eutrophication: terrestrial,0.002200005634199251,0.003115468638739931,0.00269105663250105,0.003684435675311152,raw_biopol,2050
raw_biopol|production|Milling||output rate,manufacturing,human toxicity: carcinogenic,0.0024504650253686,0.007068941736098593,0.005910215686364724,0.008628168852477617,raw_biopol,2050
raw_biopol|production|Milling||output rate,manufacturing,"human toxicity: carcinogenic, inorganics",0.009349182778392747,0.010352868012848637,0.008862413640021247,0.012314124398257726,raw_biopol,2050
raw_biopol|production|Milling||output rate,manufacturing,"human toxicity: carcinogenic, organics",-0.003232885150598246,0.004511982323800751,0.003560716547841715,0.005781034845888177,raw_biopol,2050
raw_biopol|production|Milling||output rate,manufacturing,human toxicity: non-carcinogenic,0.007124864018455228,0.007901447429232262,0.006783774740046347,0.00942771249435721,raw_biopol,2050
raw_biopol|production|Milling||output rate,manufacturing,"human toxicity: non-carcinogenic, inorganics",0.00705289992267827,0.007815630343182986,0.006708923996938805,0.00932710821730566,raw_biopol,2050
raw_biopol|production|Milling||output rate,manufacturing,"human toxicity: non-carcinogenic, organics",0.008628733230053327,0.009726569926033855,0.008380615952494773,0.011561942006966301,raw_biopol,2050
raw_biopol|production|Milling||output rate,manufacturing,ionising radiation: human health,0.020881109731167493,0.013573014229765893,0.011739901437365937,0.015967546836166142,raw_biopol,2050
raw_biopol|production|Milling||output rate,manufacturing,land use,0.0006437607916229044,0.00048022912638582795,0.0004124799578174771,0.0005610657399786785,raw_biopol,2050
raw_biopol|production|Milling||output rate,manufacturing,material resources: metals/minerals,0.006616722034966053,0.015390245680330272,0.012618240644267,0.019359468904360893,raw_biopol,2050
raw_biopol|production|Milling||output rate,manufacturing,ozone depletion,0.00027619801180547957,0.00835612179674621,0.006717545045251894,0.010589595877216796,raw_biopol,2050
raw_biopol|production|Milling||output rate,manufacturing,particulate matter formation,0.002596227210240889,0.007246599218481219,0.006100327069666235,0.008836090623499854,raw_biopol,2050
raw_biopol|production|Milling||output rate,manufacturing,photochemical oxidant formation: human health,0.0031970898459920947,0.004580555783587996,0.0038989596203206356,0.0054716139461537345,raw_biopol,2050
raw_biopol|production|Milling||output rate,manufacturing,water use,0.006373723272466398,0.002758618699822936,0.0023707841167345616,0.0032181743805286675,raw_biopol,2050
raw_biopol|production|Milling||machine lifetime,manufacturing,acidification,-4.607212150285284e-05,1.9727121415892356e-06,1.529130926456227e-06,2.524220055849556e-06,raw_biopol,2050
raw_biopol|production|Milling||machine lifetime,manufacturing,climate change,2.8930152768846888e-05,7.730470218903927e-06,5.864329617902827e-06,9.871238231573309e-06,raw_biopol,2050
raw_biopol|production|Milling||machine lifetime,manufacturing,climate change: biogenic,-1.5269665457246473e-06,3.5205807371692228e-09,2.672669920068244e-09,4.556531430313095e-09,raw_biopol,2050
raw_biopol|production|Milling||machine lifetime,manufacturing,climate change: fossil,-5.591740568772782e-05,2.9250262587250565e-06,2.2615977750121517e-06,3.7226741992791813e-06,raw_biopol,2050
raw_biopol|production|Milling||machine lifetime,manufacturing,climate change: land use and land use change,-2.1317680370660154e-05,3.0388323579296665e-07,2.3348255148281647e-07,3.8720920857619906e-07,raw_biopol,2050
raw_biopol|production|Milling||machine lifetime,manufacturing,ecotoxicity: freshwater,-4.399792062535976e-05,2.046694381972273e-06,1.5901694251873122e-06,2.6124241081563326e-06,raw_biopol,2050
raw_biopol|production|Milling||machine lifetime,manufacturing,"ecotoxicity: freshwater, inorganics",-5.842000455879847e-05,3.4301986180246195e-06,2.644536952892796e-06,4.396438604272045e-06,raw_biopol,2050
raw_biopol|production|Milling||machine lifetime,manufacturing,"ecotoxicity: freshwater, organics",-2.9025932555640356e-06,1.0803554316203574e-08,8.348605981093969e-09,1.358885249124849e-08,raw_biopol,2050
raw_biopol|production|Milling||machine lifetime,manufacturing,energy resources: non-renewable,-4.343103605292979e-05,1.7656693874251207e-06,1.3693470823539031e-06,2.2613895959458805e-06,raw_biopol,2050
raw_biopol|production|Milling||machine lifetime,manufacturing,eutrophication: freshwater,-5.472459473298381e-05,2.9338398183429717e-06,2.277083712919164e-06,3.7478789153714743e-06,raw_biopol,2050
raw_biopol|production|Milling||machine lifetime,manufacturing,eutrophication: marine,-4.75870662116522e-06,2.4222736309677548e-08,1.8728916726119892e-08,3.046274188972782e-08,raw_biopol,2050
raw_biopol|production|Milling||machine lifetime,manufacturing,eutrophication: terrestrial,-2.4423484331988923e-05,5.028431126503522e-07,3.9043667475037505e-07,6.394513585757826e-07,raw_biopol,2050
raw_biopol|production|Milling||machine lifetime,manufacturing,human toxicity: carcinogenic,-7.3271323120265e-05,6.593857454945858e-06,4.986466534979297e-06,8.373942789953321e-06,raw_biopol,2050
raw_biopol|production|Milling||machine lifetime,manufacturing,"human toxicity: carcinogenic, inorganics",-9.128621512772261e-05,7.420139898066337e-06,5.65847372442486e-06,9.521229848698055e-06,raw_biopol,2050
raw_biopol|production|Milling||machine lifetime,manufacturing,"human toxicity: carcinogenic, organics",-5.477810307978531e-05,5.590709758655379e-06,4.164695519771667e-06,7.097882444296576e-06,raw_biopol,2050
raw_biopol|production|Milling||machine lifetime,manufacturing,human toxicity: non-carcinogenic,-7.462303220945347e-05,5.271925533368691e-06,4.037461355358005e-06,6.7489558623746396e-06,raw_biopol,2050
raw_biopol|production|Milling||machine lifetime,manufacturing,"human toxicity: non-carcinogenic, inorganics",-7.545345603817554e-05,5.380760269888151e-06,4.121367906569844e-06,6.886509517485084e-06,raw_biopol,2050
raw_biopol|production|Milling||machine lifetime,manufacturing,"human toxicity: non-carcinogenic, organics",-5.8090051196785846e-05,3.2980386838949003e-06,2.5191298883191677e-06,4.244444912111728e-06,raw_biopol,2050
raw_biopol|production|Milling||machine lifetime,manufacturing,ionising radiation: human health,-1.7026230667889184e-05,2.091981090013597e-07,1.60359309658902e-07,2.673376684357403e-07,raw_biopol,2050
raw_biopol|production|Milling||machine lifetime,manufacturing,land use,-2.704482223872591e-06,8.049951599377244e-09,6.216991902206883e-09,1.0151222546274187e-08,raw_biopol,2050
raw_biopol|production|Milling||machine lifetime,manufacturing,material resources: metals/minerals,-2.146384575182813e-05,1.028874697918403e-06,7.528054886483519e-07,1.3106731853687594e-06,raw_biopol,2050
raw_biopol|production|Milling||machine lifetime,manufacturing,ozone depletion,-1.237082664371212e-05,3.752157028869667e-07,2.741668133443205e-07,4.80184155948608e-07,raw_biopol,2050
raw_biopol|production|Milling||machine lifetime,manufacturing,particulate matter formation,-6.413594117117928e-05,4.436211493283048e-06,3.351498891738522e-06,5.655957470484351e-06,raw_biopol,2050
raw_biopol|production|Milling||machine lifetime,manufacturing,photochemical oxidant formation: human health,-4.242394008580509e-05,1.7684920843046021e-06,1.3611676394698676e-06,2.2643548381489793e-06,raw_biopol,2050
raw_biopol|production|Milling||machine lifetime,manufacturing,water use,-1.7458699771585144e-05,2.6905926868050775e-07,2.0583072653649285e-07,3.3822586009978847e-07,raw_biopol,2050
raw_biopol|production|Milling||process yield,manufacturing,acidification,0.03419092243334286,0.012691297013291098,0.010954058076383895,0.015170065812431811,raw_biopol,2050
raw_biopol|production|Milling||process yield,manufacturing,climate change,0.0035028253374099027,0.002000775608800513,0.001469520481678954,0.0026285683000048777,raw_biopol,2050
raw_biopol|production|Milling||process yield,manufacturing,climate change: biogenic,0.0019209910847245032,5.2832570770669184e-05,4.480349542747173e-05,6.345126076770628e-05,raw_biopol,2050
raw_biopol|production|Milling||process yield,manufacturing,climate change: fossil,0.05043607902359879,0.02095624661519356,0.017973231385428307,0.02531569399211336,raw_biopol,2050
raw_biopol|production|Milling||process yield,manufacturing,climate change: land use and land use change,0.03925464100211102,0.012774809710468729,0.010758894813082166,0.015328625762532551,raw_biopol,2050
raw_biopol|production|Milling||process yield,manufacturing,ecotoxicity: freshwater,0.04204676847723069,0.016495056937610064,0.014221021438251553,0.019905529610699017,raw_biopol,2050
raw_biopol|production|Milling||process yield,manufacturing,"ecotoxicity: freshwater, inorganics",0.0349865726141399,0.013284102397105138,0.011451386072524414,0.015948461996712314,raw_biopol,2050
raw_biopol|production|Milling||process yield,manufacturing,"ecotoxicity: freshwater, organics",0.06463375997734448,0.027782243125697617,0.023823424604622546,0.033487024263171676,raw_biopol,2050
raw_biopol|production|Milling||process yield,manufacturing,energy resources: non-renewable,0.043123287258527036,0.017304771692813012,0.014887597330155438,0.020930579556254766,raw_biopol,2050
raw_biopol|production|Milling||process yield,manufacturing,eutrophication: freshwater,0.044425981828760654,0.017908660756758954,0.01543558477585747,0.021642854915667052,raw_biopol,2050
raw_biopol|production|Milling||process yield,manufacturing,eutrophication: marine,0.060213182664587694,0.02476750934102423,0.021238624948663347,0.029965618370994422,raw_biopol,2050
raw_biopol|production|Milling||process yield,manufacturing,eutrophication: terrestrial,0.04073547887135422,0.01450520527075633,0.012508160610212081,0.01759609245718244,raw_biopol,2050
raw_biopol|production|Milling||process yield,manufacturing,human toxicity: carcinogenic,0.02930469700971777,0.012760411990662763,0.010936198758233196,0.01518721454683403,raw_biopol,2050
raw_biopol|production|Milling||process yield,manufacturing,"human toxicity: carcinogenic, inorganics",0.028938872199614458,0.011441917597883561,0.009857762670318944,0.013726031868615322,raw_biopol,2050
raw_biopol|production|Milling||process yield,manufacturing,"human toxicity: carcinogenic, organics",0.02837000490859787,0.013593198984399712,0.011487325731466769,0.01599502528569462,raw_biopol,2050
raw_biopol|production|Milling||process yield,manufacturing,human toxicity: non-carcinogenic,0.03395418361249112,0.013655601160439372,0.011766025256012733,0.016403305096528858,raw_biopol,2050
raw_biopol|production|Milling||process yield,manufacturing,"human toxicity: non-carcinogenic, inorganics",0.03409923055537248,0.013738575878569501,0.011839830119798818,0.016498468478535637,raw_biopol,2050
raw_biopol|production|Milling||process yield,manufacturing,"human toxicity: non-carcinogenic, organics",0.03097265724775077,0.01200608388387082,0.010320035863272946,0.014441900080005189,raw_biopol,2050
raw_biopol|production|Milling||process yield,manufacturing,ionising radiation: human health,0.034597786474670746,0.01129426384874972,0.00954136624688607,0.013621509954780535,raw_biopol,2050
raw_biopol|production|Milling||process yield,manufacturing,land use,0.05946366507906845,0.02531395934886719,0.021780216767033424,0.030434224782056644,raw_biopol,2050
raw_biopol|production|Milling||process yield,manufacturing,material resources: metals/minerals,0.01704746714246591,0.007961304514604627,0.00654832863211165,0.009405738356290093,raw_biopol,2050
raw_biopol|production|Milling||process yield,manufacturing,ozone depletion,0.026054517264215395,0.012390900941958587,0.01022124739454106,0.014467739489624704,raw_biopol,2050
raw_biopol|production|Milling||process yield,manufacturing,particulate matter formation,0.029014539784420708,0.011780765038223753,0.010157050025780238,0.01406916578221607,raw_biopol,2050
raw_biopol|production|Milling||process yield,manufacturing,photochemical oxidant formation: human health,0.040616214809306245,0.01642401143754211,0.014103287880567285,0.019640615887335,raw_biopol,2050
raw_biopol|production|Milling||process yield,manufacturing,water use,0.05251066722170223,0.020077033615542066,0.017083899261207913,0.024319080905404186,raw_biopol,2050
raw_biopol|production|Milling||machine source,manufacturing,acidification,0.004426012774145015,0.00015510491592982378,0.00013351643842898645,0.0001753705576790751,raw_biopol,2050
raw_biopol|production|Milling||machine source,manufacturing,climate change,0.007286647383679312,0.0006052055067780462,0.0005165142026934317,0.0006936941828024373,raw_biopol,2050
raw_biopol|production|Milling||machine source,manufacturing,climate change: biogenic,0.00018521785773615754,2.7760977219809165e-07,2.366483466845985e-07,3.1284314550680757e-07,raw_biopol,2050
raw_biopol|production|Milling||machine source,manufacturing,climate change: fossil,0.005277976225489915,0.00022898576827690755,0.00019782521363861464,0.00025931372397248364,raw_biopol,2050
raw_biopol|production|Milling||machine source,manufacturing,climate change: land use and land use change,0.001552218410064201,2.3968906278911253e-05,2.0855107279364377e-05,2.7077033586254988e-05,raw_biopol,2050
raw_biopol|production|Milling||machine source,manufacturing,ecotoxicity: freshwater,0.004494613444186615,0.00016140823995869913,0.00013931055761515803,0.0001821073439337064,raw_biopol,2050
raw_biopol|production|Milling||machine source,manufacturing,"ecotoxicity: freshwater, inorganics",0.005852935422425216,0.0002705244954880199,0.00023338375363881825,0.00030581900090844924,raw_biopol,2050
raw_biopol|production|Milling||machine source,manufacturing,"ecotoxicity: freshwater, organics",0.00031393747550795953,8.504243175925216e-07,7.427794471132721e-07,9.508642893916435e-07,raw_biopol,2050
raw_biopol|production|Milling||machine source,manufacturing,energy resources: non-renewable,0.004123070582461607,0.00013796562381819912,0.00011881798308885316,0.0001557942662539973,raw_biopol,2050
raw_biopol|production|Milling||machine source,manufacturing,eutrophication: freshwater,0.005353306410646825,0.0002315671181338775,0.0001998368380228077,0.00026202452010044966,raw_biopol,2050
raw_biopol|production|Milling||machine source,manufacturing,eutrophication: marine,0.0004733841066433102,1.8847555498078627e-06,1.6443207872187223e-06,2.1074196885248413e-06,raw_biopol,2050
raw_biopol|production|Milling||machine source,manufacturing,eutrophication: terrestrial,0.002229763368801051,3.910916304642104e-05,3.372443925900119e-05,4.3980316348071446e-05,raw_biopol,2050
raw_biopol|production|Milling||machine source,manufacturing,human toxicity: carcinogenic,0.007758191305362794,0.0005200344372681915,0.0004448740756220014,0.0005953328280733296,raw_biopol,2050
raw_biopol|production|Milling||machine source,manufacturing,"human toxicity: carcinogenic, inorganics",0.008507005943335783,0.0005855315730153085,0.0005023315630441383,0.0006611824062198627,raw_biopol,2050
raw_biopol|production|Milling||machine source,manufacturing,"human toxicity: carcinogenic, organics",0.0067640638728718745,0.00044064355002926275,0.000368129752623538,0.0005109816720370739,raw_biopol,2050
raw_biopol|production|Milling||machine source,manufacturing,human toxicity: non-carcinogenic,0.007164677752585868,0.00041588737479066154,0.0003574449340706175,0.00047102566937243386,raw_biopol,2050
raw_biopol|production|Milling||machine source,manufacturing,"human toxicity: non-carcinogenic, inorganics",0.007236916029794791,0.00042451983430257504,0.0003648374744606545,0.00048071005243825043,raw_biopol,2050
raw_biopol|production|Milling||machine source,manufacturing,"human toxicity: non-carcinogenic, organics",0.005681101651250504,0.00025943037303549296,0.00022333063171678388,0.00029338434723447706,raw_biopol,2050
raw_biopol|production|Milling||machine source,manufacturing,ionising radiation: human health,0.0013673535950873815,1.6495544707725476e-05,1.4321179356807344e-05,1.8636750679442265e-05,raw_biopol,2050
raw_biopol|production|Milling||machine source,manufacturing,land use,0.0002717096980134418,6.254158944541202e-07,5.438870095151466e-07,6.995665189900991e-07,raw_biopol,2050
raw_biopol|production|Milling||machine source,manufacturing,material resources: metals/minerals,0.0029073732622837242,8.11117007143615e-05,6.747583804504472e-05,9.29131032104807e-05,raw_biopol,2050
raw_biopol|production|Milling||machine source,manufacturing,ozone depletion,0.0017322036613323666,2.930144022729952e-05,2.4336789227308847e-05,3.370306210861137e-05,raw_biopol,2050
raw_biopol|production|Milling||machine source,manufacturing,particulate matter formation,0.006425927399448804,0.0003472592590038401,0.00029785504500520174,0.00039676193361927177,raw_biopol,2050
raw_biopol|production|Milling||machine source,manufacturing,photochemical oxidant formation: human health,0.00411360834590688,0.00013763206229323933,0.00011856513759635254,0.00015564953609334552,raw_biopol,2050
raw_biopol|production|Milling||machine source,manufacturing,water use,0.0015848677606675355,2.1227535517935777e-05,1.851771535186094e-05,2.3922880054111517e-05,raw_biopol,2050
raw_biopol|production|Mixing||machine weight,manufacturing,acidification,-7.476092567553095e-05,8.009211899129299e-08,6.143723182178909e-08,9.897523888497191e-08,raw_biopol,2050
raw_biopol|production|Mixing||machine weight,manufacturing,climate change,-7.957419200250987e-05,3.138562835374545e-07,2.4144268239307947e-07,3.8859904263307787e-07,raw_biopol,2050
raw_biopol|production|Mixing||machine weight,manufacturing,climate change: biogenic,-3.623255540227106e-06,1.4293569999780034e-10,1.1144008072550409e-10,1.776489041060654e-10,raw_biopol,2050
raw_biopol|production|Mixing||machine weight,manufacturing,climate change: fossil,-8.996233355077922e-05,1.1875575650896754e-07,9.066373240432398e-08,1.4534679835176243e-07,raw_biopol,2050
raw_biopol|production|Mixing||machine weight,manufacturing,climate change: land use and land use change,-3.046611085620793e-05,1.2337670300720304e-08,9.451634317250878e-09,1.5327646871389568e-08,raw_biopol,2050
raw_biopol|production|Mixing||machine weight,manufacturing,ecotoxicity: freshwater,-7.5136387065368e-05,8.30958640874756e-08,6.33456667751753e-08,1.0195096205963525e-07,raw_biopol,2050
raw_biopol|production|Mixing||machine weight,manufacturing,"ecotoxicity: freshwater, inorganics",-9.755938277060528e-05,1.3926618539663348e-07,1.0642108980998708e-07,1.7088963973520396e-07,raw_biopol,2050
raw_biopol|production|Mixing||machine weight,manufacturing,"ecotoxicity: freshwater, organics",-5.310456270712752e-06,4.3862451907226613e-10,3.3547645772811475e-10,5.3861697188228e-10,raw_biopol,2050
raw_biopol|production|Mixing||machine weight,manufacturing,energy resources: non-renewable,-7.022927355129072e-05,7.168586661143013e-08,5.4700290447672086e-08,8.826562339934908e-08,raw_biopol,2050
raw_biopol|production|Mixing||machine weight,manufacturing,eutrophication: freshwater,-8.96904942774126e-05,1.1911400756649253e-07,9.102294693309706e-08,1.4605309821024163e-07,raw_biopol,2050
raw_biopol|production|Mixing||machine weight,manufacturing,eutrophication: marine,-8.224037503422833e-06,9.834338405066793e-10,7.53108029632236e-10,1.2071797486014738e-09,raw_biopol,2050
raw_biopol|production|Mixing||machine weight,manufacturing,eutrophication: terrestrial,-3.9275182205280404e-05,2.041522584039732e-08,1.5700847629458155e-08,2.51769240121543e-08,raw_biopol,2050
raw_biopol|production|Mixing||machine weight,manufacturing,human toxicity: carcinogenic,-0.00012135160059843677,2.6771084659856394e-07,2.0498683827432372e-07,3.3370483699586584e-07,raw_biopol,2050
raw_biopol|production|Mixing||machine weight,manufacturing,"human toxicity: carcinogenic, inorganics",-0.00013994438520162388,3.012579573183262e-07,2.3114182251680946e-07,3.705011682703337e-07,raw_biopol,2050
raw_biopol|production|Mixing||machine weight,manufacturing,"human toxicity: carcinogenic, organics",-0.00010006559371754756,2.2698299438415196e-07,1.7136376368712815e-07,2.8649863337287015e-07,raw_biopol,2050
raw_biopol|production|Mixing||machine weight,manufacturing,human toxicity: non-carcinogenic,-0.00011804831795774216,2.1404036920241098e-07,1.6391666379441107e-07,2.6321524289234995e-07,raw_biopol,2050
raw_biopol|production|Mixing||machine weight,manufacturing,"human toxicity: non-carcinogenic, inorganics",-0.00011920881815062506,2.1845906540732915e-07,1.6730153928413402e-07,2.6862722111143605e-07,raw_biopol,2050
raw_biopol|production|Mixing||machine weight,manufacturing,"human toxicity: non-carcinogenic, organics",-9.415921907298773e-05,1.3390040490672485e-07,1.0253716827285513e-07,1.6550979407523373e-07,raw_biopol,2050
raw_biopol|production|Mixing||machine weight,manufacturing,ionising radiation: human health,-2.5492406146125953e-05,8.493450449924987e-09,6.533415544435832e-09,1.0485852354620613e-08,raw_biopol,2050
raw_biopol|production|Mixing||machine weight,manufacturing,land use,-4.686781350517777e-06,3.268242316450498e-10,2.4939911419675605e-10,4.016585348787737e-10,raw_biopol,2050
raw_biopol|production|Mixing||machine weight,manufacturing,material resources: metals/minerals,-4.240116626088976e-05,4.177234708457455e-08,3.131789902549293e-08,5.3238069876262786e-08,raw_biopol,2050
raw_biopol|production|Mixing||machine weight,manufacturing,ozone depletion,-2.5578076472265953e-05,1.5233682356269817e-08,1.1381380349705986e-08,1.9452612933623386e-08,raw_biopol,2050
raw_biopol|production|Mixing||machine weight,manufacturing,particulate matter formation,-0.00010432962793448586,1.801097042883058e-07,1.3756207658982312e-07,2.251636404534468e-07,raw_biopol,2050
raw_biopol|production|Mixing||machine weight,manufacturing,photochemical oxidant formation: human health,-6.918919182540927e-05,7.180012253582862e-08,5.497449814018391e-08,8.849368229436654e-08,raw_biopol,2050
raw_biopol|production|Mixing||machine weight,manufacturing,water use,-2.8269875342508923e-05,1.0923816226573958e-08,8.429701973426028e-09,1.3530395335603903e-08,raw_biopol,2050
raw_biopol|production|Mixing||power,manufacturing,acidification,-9.416948804884632e-05,1.2659873089172364e-05,1.0979154898328382e-05,1.4419122036818516e-05,raw_biopol,2050
raw_biopol|production|Mixing||power,manufacturing,climate change,-7.274118042102419e-05,6.68947696851098e-06,5.641913180550509e-06,7.708197834712652e-06,raw_biopol,2050
raw_biopol|production|Mixing||power,manufacturing,climate change: biogenic,5.191205923006361e-06,5.7015631169662556e-08,4.792372628187915e-08,6.492571738429206e-08,raw_biopol,2050
raw_biopol|production|Mixing||power,manufacturing,climate change: fossil,-3.7742689153180444e-05,2.382597811725258e-06,2.0602312507419414e-06,2.7017404555970344e-06,raw_biopol,2050
raw_biopol|production|Mixing||power,manufacturing,climate change: land use and land use change,1.5108230312585752e-05,1.6456232905104714e-05,1.371388533789062e-05,1.8851041705067466e-05,raw_biopol,2050
raw_biopol|production|Mixing||power,manufacturing,ecotoxicity: freshwater,-5.227137822592223e-05,5.8772483706490485e-06,5.073799881857231e-06,6.676625889479279e-06,raw_biopol,2050
raw_biopol|production|Mixing||power,manufacturing,"ecotoxicity: freshwater, inorganics",-7.527276429250523e-05,9.997697977849352e-06,8.64566758615367e-06,1.1382460292796922e-05,raw_biopol,2050
raw_biopol|production|Mixing||power,manufacturing,"ecotoxicity: freshwater, organics",-1.9893398384779265e-06,1.0832168064942201e-08,9.285683047137841e-09,1.2325410262532556e-08,raw_biopol,2050
raw_biopol|production|Mixing||power,manufacturing,energy resources: non-renewable,-6.391114134645255e-05,9.05798200669185e-06,7.771612398826054e-06,1.0337642930243372e-05,raw_biopol,2050
raw_biopol|production|Mixing||power,manufacturing,eutrophication: freshwater,-5.495821455741968e-05,5.26687339482413e-06,4.541877890402124e-06,5.983236178310427e-06,raw_biopol,2050
raw_biopol|production|Mixing||power,manufacturing,eutrophication: marine,-6.59393363177602e-06,1.6331602802310674e-07,1.4032767019398643e-07,1.8514523512854512e-07,raw_biopol,2050
raw_biopol|production|Mixing||power,manufacturing,eutrophication: terrestrial,-5.0069248602428524e-05,5.812883837547963e-06,5.013348226454159e-06,6.6013373070426775e-06,raw_biopol,2050
raw_biopol|production|Mixing||power,manufacturing,human toxicity: carcinogenic,-0.0001397909013349928,1.2390676236455536e-05,1.0391189428979319e-05,1.4332294894471128e-05,raw_biopol,2050
raw_biopol|production|Mixing||power,manufacturing,"human toxicity: carcinogenic, inorganics",-0.00013164309544672398,1.8864347815311526e-05,1.6193402707684327e-05,2.1398377197942207e-05,raw_biopol,2050
raw_biopol|production|Mixing||power,manufacturing,"human toxicity: carcinogenic, organics",-0.00014769834743333826,7.433297947772608e-06,6.050710018384239e-06,8.98958533100871e-06,raw_biopol,2050
raw_biopol|production|Mixing||power,manufacturing,human toxicity: non-carcinogenic,-0.00010741657450247243,1.441020904362636e-05,1.2379674363594925e-05,1.6357493829463303e-05,raw_biopol,2050
raw_biopol|production|Mixing||power,manufacturing,"human toxicity: non-carcinogenic, inorganics",-0.00010701195095887054,1.4244099378505087e-05,1.2235824049013481e-05,1.6169517767091267e-05,raw_biopol,2050
raw_biopol|production|Mixing||power,manufacturing,"human toxicity: non-carcinogenic, organics",-0.00011513990295992601,1.79560642814042e-05,1.545809578482831e-05,2.0520410569495977e-05,raw_biopol,2050
raw_biopol|production|Mixing||power,manufacturing,ionising radiation: human health,-3.434831071398286e-05,2.6754386758504622e-05,2.2950163044541984e-05,3.0348110234114237e-05,raw_biopol,2050
raw_biopol|production|Mixing||power,manufacturing,land use,-1.0516769226695427e-05,9.117199031744735e-07,7.812922141529402e-07,1.0409865428822633e-06,raw_biopol,2050
raw_biopol|production|Mixing||power,manufacturing,material resources: metals/minerals,-0.00020733392800171676,2.787864683542794e-05,2.3380592301916707e-05,3.270569503042582e-05,raw_biopol,2050
raw_biopol|production|Mixing||power,manufacturing,ozone depletion,-0.00016865939991713035,1.4826064097529928e-05,1.2292854999001383e-05,1.743959004082449e-05,raw_biopol,2050
raw_biopol|production|Mixing||power,manufacturing,particulate matter formation,-0.00013769479488390368,1.2878125500874034e-05,1.0896902883421645e-05,1.488383519692087e-05,raw_biopol,2050
raw_biopol|production|Mixing||power,manufacturing,photochemical oxidant formation: human health,-7.785903025473538e-05,8.364480148412364e-06,7.207960668520806e-06,9.560035029370468e-06,raw_biopol,2050
raw_biopol|production|Mixing||power,manufacturing,water use,7.623766575637323e-06,5.414983244051854e-06,4.616094353084344e-06,6.180028181208459e-06,raw_biopol,2050
raw_biopol|production|Mixing||output rate,manufacturing,acidification,0.00022728809594429837,1.5551646762116035e-05,1.3246801015584557e-05,1.781591915223771e-05,raw_biopol,2050
raw_biopol|production|Mixing||output rate,manufacturing,climate change,6.614846065944004e-05,1.0035790567238816e-05,8.414240212881529e-06,1.1523279138994015e-05,raw_biopol,2050
raw_biopol|production|Mixing||output rate,manufacturing,climate change: biogenic,-3.907349001396776e-06,6.494730253570467e-08,5.459110700792918e-08,7.560715741750479e-08,raw_biopol,2050
raw_biopol|production|Mixing||output rate,manufacturing,climate change: fossil,0.00012701518433484184,3.615738206749394e-06,3.0691948703303814e-06,4.198890637913479e-06,raw_biopol,2050
raw_biopol|production|Mixing||output rate,manufacturing,climate change: land use and land use change,-9.19000004120721e-05,1.7670731052412967e-05,1.4975080517866695e-05,2.0822715299098742e-05,raw_biopol,2050
raw_biopol|production|Mixing||output rate,manufacturing,ecotoxicity: freshwater,0.00015138538011475383,7.648574034249615e-06,6.489834731119035e-06,8.832593261185098e-06,raw_biopol,2050
raw_biopol|production|Mixing||output rate,manufacturing,"ecotoxicity: freshwater, inorganics",0.00020148570085869017,1.299274929030299e-05,1.1003365043036932e-05,1.4991805294967155e-05,raw_biopol,2050
raw_biopol|production|Mixing||output rate,manufacturing,"ecotoxicity: freshwater, organics",8.173220697249517e-06,1.6019949750134417e-08,1.3628055493860726e-08,1.8546402956524375e-08,raw_biopol,2050
raw_biopol|production|Mixing||output rate,manufacturing,energy resources: non-renewable,0.00016525698683687997,1.120166282918382e-05,9.54041220269689e-06,1.277324582553064e-05,raw_biopol,2050
raw_biopol|production|Mixing||output rate,manufacturing,eutrophication: freshwater,0.00016076721540770597,7.176254864685019e-06,6.1041836109172126e-06,8.287880705082928e-06,raw_biopol,2050
raw_biopol|production|Mixing||output rate,manufacturing,eutrophication: marine,2.2178390017979694e-05,2.007369741969411e-07,1.711783269378946e-07,2.2884567083621306e-07,raw_biopol,2050
raw_biopol|production|Mixing||output rate,manufacturing,eutrophication: terrestrial,0.00012858927369723504,6.909741461746217e-06,5.874710861975762e-06,7.848054244376547e-06,raw_biopol,2050
raw_biopol|production|Mixing||output rate,manufacturing,human toxicity: carcinogenic,0.0003539732945633317,1.72066171155142e-05,1.4550372889563267e-05,2.0245671569019145e-05,raw_biopol,2050
raw_biopol|production|Mixing||output rate,manufacturing,"human toxicity: carcinogenic, inorganics",0.00030819796381993935,2.479529191432785e-05,2.102797465537017e-05,2.8576017100865282e-05,raw_biopol,2050
raw_biopol|production|Mixing||output rate,manufacturing,"human toxicity: carcinogenic, organics",0.0003812681111079501,1.1131775017177876e-05,8.948310386780458e-06,1.3474953244310723e-05,raw_biopol,2050
raw_biopol|production|Mixing||output rate,manufacturing,human toxicity: non-carcinogenic,0.0002639159396088163,1.8825255153639567e-05,1.596983191044269e-05,2.1711218526915167e-05,raw_biopol,2050
raw_biopol|production|Mixing||output rate,manufacturing,"human toxicity: non-carcinogenic, inorganics",0.00026348095408458284,1.8662561033725304e-05,1.5830035783839592e-05,2.152248551775162e-05,raw_biopol,2050
raw_biopol|production|Mixing||output rate,manufacturing,"human toxicity: non-carcinogenic, organics",0.0002733262919938987,2.2250048939416422e-05,1.891457849781348e-05,2.5609234004175163e-05,raw_biopol,2050
raw_biopol|production|Mixing||output rate,manufacturing,ionising radiation: human health,2.1846763978713883e-05,2.871548101440383e-05,2.44452178387011e-05,3.3400934055115126e-05,raw_biopol,2050
raw_biopol|production|Mixing||output rate,manufacturing,land use,3.4382017157576084e-05,1.0160167405223653e-06,8.726871584511506e-07,1.14272249549535e-06,raw_biopol,2050
raw_biopol|production|Mixing||output rate,manufacturing,material resources: metals/minerals,0.00047815122006467125,3.321384461446361e-05,2.764922275187427e-05,3.894732880255782e-05,raw_biopol,2050
raw_biopol|production|Mixing||output rate,manufacturing,ozone depletion,0.00039660817631418586,1.787074946551125e-05,1.4627581403770138e-05,2.1291381908015998e-05,raw_biopol,2050
raw_biopol|production|Mixing||output rate,manufacturing,particulate matter formation,0.00033786700398791725,1.7112832753859256e-05,1.4549975078356077e-05,1.997881105051702e-05,raw_biopol,2050
raw_biopol|production|Mixing||output rate,manufacturing,photochemical oxidant formation: human health,0.00020269861168529922,1.0546165792081019e-05,9.026822250102947e-06,1.2199982901221368e-05,raw_biopol,2050
raw_biopol|production|Mixing||output rate,manufacturing,water use,-1.0294064787399785e-05,6.030394977723296e-06,5.176908380389078e-06,6.9992916942209034e-06,raw_biopol,2050
raw_biopol|production|Mixing||machine lifetime,manufacturing,acidification,6.425518731703997e-05,1.12277604552869e-07,8.967606733281794e-08,1.373382093767027e-07,raw_biopol,2050
raw_biopol|production|Mixing||machine lifetime,manufacturing,climate change,0.00011574442169913333,4.3998111423445604e-07,3.4597775018658185e-07,5.303438424191854e-07,raw_biopol,2050
raw_biopol|production|Mixing||machine lifetime,manufacturing,climate change: biogenic,2.6828576927651046e-06,2.0037526539530533e-10,1.61165346102517e-10,2.417332195675923e-10,raw_biopol,2050
raw_biopol|production|Mixing||machine lifetime,manufacturing,climate change: fossil,8.085395571157297e-05,1.6647839339135809e-07,1.3300501436579935e-07,2.0229282269737256e-07,raw_biopol,2050
raw_biopol|production|Mixing||machine lifetime,manufacturing,climate change: land use and land use change,2.868462749621715e-05,1.729563692575545e-08,1.3630498465304785e-08,2.109230973987436e-08,raw_biopol,2050
raw_biopol|production|Mixing||machine lifetime,manufacturing,ecotoxicity: freshwater,6.909461388872424e-05,1.1648843396847863e-07,9.277483188295821e-08,1.4151991016306322e-07,raw_biopol,2050
raw_biopol|production|Mixing||machine lifetime,manufacturing,"ecotoxicity: freshwater, inorganics",8.702840676053855e-05,1.9523113487933698e-07,1.5504400934464193e-07,2.3793680472423884e-07,raw_biopol,2050
raw_biopol|production|Mixing||machine lifetime,manufacturing,"ecotoxicity: freshwater, organics",5.336032415387273e-06,6.148883749780325e-10,4.962054297407135e-10,7.492483532066604e-10,raw_biopol,2050
raw_biopol|production|Mixing||machine lifetime,manufacturing,energy resources: non-renewable,6.469745839758806e-05,1.0049319393512176e-07,8.005147358805157e-08,1.224231213545336e-07,raw_biopol,2050
raw_biopol|production|Mixing||machine lifetime,manufacturing,eutrophication: freshwater,8.123889479629447e-05,1.6698068512662764e-07,1.3304691339377594e-07,2.029209903271967e-07,raw_biopol,2050
raw_biopol|production|Mixing||machine lifetime,manufacturing,eutrophication: marine,7.77677957749434e-06,1.3786307976780255e-09,1.112151387076246e-09,1.6820920788085734e-09,raw_biopol,2050
raw_biopol|production|Mixing||machine lifetime,manufacturing,eutrophication: terrestrial,3.268966098763027e-05,2.8619166570341796e-08,2.304518977416108e-08,3.506787594706872e-08,raw_biopol,2050
raw_biopol|production|Mixing||machine lifetime,manufacturing,human toxicity: carcinogenic,0.00010631357449999507,3.752920514126836e-07,2.9894533143432373e-07,4.561300126791352e-07,raw_biopol,2050
raw_biopol|production|Mixing||machine lifetime,manufacturing,"human toxicity: carcinogenic, inorganics",0.00012136825857013706,4.223202717605359e-07,3.3743078213898366e-07,5.139878446636237e-07,raw_biopol,2050
raw_biopol|production|Mixing||machine lifetime,manufacturing,"human toxicity: carcinogenic, organics",8.869382129420982e-05,3.181974645891257e-07,2.4999496528688666e-07,3.9091210088225426e-07,raw_biopol,2050
raw_biopol|production|Mixing||machine lifetime,manufacturing,human toxicity: non-carcinogenic,0.00010551745119857484,3.0005377267516934e-07,2.3866626873105753e-07,3.646296286297652e-07,raw_biopol,2050
raw_biopol|production|Mixing||machine lifetime,manufacturing,"human toxicity: non-carcinogenic, inorganics",0.00010652055812402145,3.0624814874307954e-07,2.4352769308979545e-07,3.7203287303025546e-07,raw_biopol,2050
raw_biopol|production|Mixing||machine lifetime,manufacturing,"human toxicity: non-carcinogenic, organics",8.463572027089385e-05,1.877090686201092e-07,1.5014188997737156e-07,2.2963896997675676e-07,raw_biopol,2050
raw_biopol|production|Mixing||machine lifetime,manufacturing,ionising radiation: human health,2.4282430121512733e-05,1.1906594274982419e-08,9.325398706593333e-09,1.4579212756608156e-08,raw_biopol,2050
raw_biopol|production|Mixing||machine lifetime,manufacturing,land use,4.601266013039323e-06,4.581597706330951e-10,3.700607964547826e-10,5.591889756715005e-10,raw_biopol,2050
raw_biopol|production|Mixing||machine lifetime,manufacturing,material resources: metals/minerals,4.0897710125070256e-05,5.855881420413784e-08,4.605823473558577e-08,7.326350113383812e-08,raw_biopol,2050
raw_biopol|production|Mixing||machine lifetime,manufacturing,ozone depletion,2.5200868920496613e-05,2.135541285282031e-08,1.6809508843529816e-08,2.6517077528938482e-08,raw_biopol,2050
raw_biopol|production|Mixing||machine lifetime,manufacturing,particulate matter formation,8.668955856671744e-05,2.524877514414017e-07,2.0164467722977685e-07,3.089620525180286e-07,raw_biopol,2050
raw_biopol|production|Mixing||machine lifetime,manufacturing,photochemical oxidant formation: human health,6.24112840023473e-05,1.0065330230639382e-07,8.009877528932133e-08,1.2275023359076052e-07,raw_biopol,2050
raw_biopol|production|Mixing||machine lifetime,manufacturing,water use,2.7378197039137954e-05,1.5313617176559033e-08,1.2148423296503445e-08,1.853072283086496e-08,raw_biopol,2050
raw_biopol|production|Mixing||process yield,manufacturing,acidification,-0.010443868137660144,0.015286624312919798,0.01331590480456836,0.017569037164453415,raw_biopol,2050
raw_biopol|production|Mixing||process yield,manufacturing,climate change,-0.019630668501676926,0.0021633257505344694,0.0016880224827803367,0.002643856172143456,raw_biopol,2050
raw_biopol|production|Mixing||process yield,manufacturing,climate change: biogenic,-0.001619970988324472,6.258250555265202e-05,5.369989783253336e-05,7.1794110342852e-05,raw_biopol,2050
raw_biopol|production|Mixing||process yield,manufacturing,climate change: fossil,-0.008787172109704519,0.024493267317877175,0.02139173262612941,0.028083058213684498,raw_biopol,2050
raw_biopol|production|Mixing||process yield,manufacturing,climate change: land use and land use change,-0.00276126218966665,0.014838125010797613,0.01267390085854933,0.016856282777878956,raw_biopol,2050
raw_biopol|production|Mixing||process yield,manufacturing,ecotoxicity: freshwater,-0.010173372667746856,0.01950100764877146,0.017037779694266227,0.022455423441480722,raw_biopol,2050
raw_biopol|production|Mixing||process yield,manufacturing,"ecotoxicity: freshwater, inorganics",-0.0109088593796703,0.015918787759787667,0.013882422857189275,0.018368771777972037,raw_biopol,2050
raw_biopol|production|Mixing||process yield,manufacturing,"ecotoxicity: freshwater, organics",-0.005307730009422263,0.0319041413238269,0.02760701381611305,0.0363921110183523,raw_biopol,2050
raw_biopol|production|Mixing||process yield,manufacturing,energy resources: non-renewable,-0.00891496886678642,0.020512158645837577,0.017861857133221776,0.023517149852671265,raw_biopol,2050
raw_biopol|production|Mixing||process yield,manufacturing,eutrophication: freshwater,-0.009609353567787856,0.021128241783052108,0.018459236456154663,0.024282163002926575,raw_biopol,2050
raw_biopol|production|Mixing||process yield,manufacturing,eutrophication: marine,-0.006866291367290615,0.028526047966442043,0.024688191055156225,0.03257020063078313,raw_biopol,2050
raw_biopol|production|Mixing||process yield,manufacturing,eutrophication: terrestrial,-0.010190395576005611,0.017136362242669675,0.01491646603678366,0.019656805577941645,raw_biopol,2050
raw_biopol|production|Mixing||process yield,manufacturing,human toxicity: carcinogenic,-0.011297006161591417,0.015598664573127424,0.01354539358602467,0.018183391579795465,raw_biopol,2050
raw_biopol|production|Mixing||process yield,manufacturing,"human toxicity: carcinogenic, inorganics",-0.010478228299131387,0.013996417886378289,0.01214436231347453,0.0161664862349328,raw_biopol,2050
raw_biopol|production|Mixing||process yield,manufacturing,"human toxicity: carcinogenic, organics",-0.011479990547108626,0.01661459695094901,0.014177980834857768,0.01968372959791861,raw_biopol,2050
raw_biopol|production|Mixing||process yield,manufacturing,human toxicity: non-carcinogenic,-0.010212593152976806,0.01649425336756309,0.014308753943691127,0.01904397769223802,raw_biopol,2050
raw_biopol|production|Mixing||process yield,manufacturing,"human toxicity: non-carcinogenic, inorganics",-0.010204471756493765,0.01658867977669538,0.014387648024030296,0.019153221184268016,raw_biopol,2050
raw_biopol|production|Mixing||process yield,manufacturing,"human toxicity: non-carcinogenic, organics",-0.010304004727806218,0.014611727825825776,0.012730195604962921,0.016864385633116857,raw_biopol,2050
raw_biopol|production|Mixing||process yield,manufacturing,ionising radiation: human health,-0.004600657520384735,0.01343059239657525,0.011516848482408845,0.015528325646092692,raw_biopol,2050
raw_biopol|production|Mixing||process yield,manufacturing,land use,-0.006119027550793525,0.02925018239653493,0.025393168964913414,0.03347037129259541,raw_biopol,2050
raw_biopol|production|Mixing||process yield,manufacturing,material resources: metals/minerals,-0.01071186210892289,0.010226192800305348,0.008562849552456873,0.012212570846840716,raw_biopol,2050
raw_biopol|production|Mixing||process yield,manufacturing,ozone depletion,-0.010692247079362702,0.01532640519743181,0.012949720644568945,0.018148491891594416,raw_biopol,2050
raw_biopol|production|Mixing||process yield,manufacturing,particulate matter formation,-0.011383045490898849,0.014408214132797782,0.012485699513648583,0.016767657579501077,raw_biopol,2050
raw_biopol|production|Mixing||process yield,manufacturing,photochemical oxidant formation: human health,-0.00986180176093776,0.01955754121139015,0.01698297819011439,0.022583186473608945,raw_biopol,2050
raw_biopol|production|Mixing||process yield,manufacturing,water use,-0.005633507364484211,0.023272732957492825,0.020212133703815888,0.026662486010012584,raw_biopol,2050
raw_biopol|production|Mixing||machine source,manufacturing,acidification,0.00010721723457259746,8.191798076107687e-06,6.985054743821205e-06,9.182188039038893e-06,raw_biopol,2050
raw_biopol|production|Mixing||machine source,manufacturing,climate change,0.00016363536147246866,3.196366328142242e-05,2.7026277409271107e-05,3.5780438022466205e-05,raw_biopol,2050
raw_biopol|production|Mixing||machine source,manufacturing,climate change: biogenic,7.718005804509306e-06,1.4661838305816189e-08,1.2685789759897445e-08,1.630514523768291e-08,raw_biopol,2050
raw_biopol|production|Mixing||machine source,manufacturing,climate change: fossil,0.00013330181765335768,1.209378287452521e-05,1.0372115784938117e-05,1.348493614435055e-05,raw_biopol,2050
raw_biopol|production|Mixing||machine source,manufacturing,climate change: land use and land use change,7.253772049645183e-05,1.2659072677672594e-06,1.0869804803153462e-06,1.4070120947143421e-06,raw_biopol,2050
raw_biopol|production|Mixing||machine source,manufacturing,ecotoxicity: freshwater,0.00011030349283162343,8.524705368847551e-06,7.262353167681478e-06,9.53000137318093e-06,raw_biopol,2050
raw_biopol|production|Mixing||machine source,manufacturing,"ecotoxicity: freshwater, inorganics",0.000144497403953706,1.4287632525337846e-05,1.215723345964764e-05,1.5997064668651472e-05,raw_biopol,2050
raw_biopol|production|Mixing||machine source,manufacturing,"ecotoxicity: freshwater, organics",7.556029823176516e-06,4.491478717464251e-08,3.8316726515979176e-08,4.993381550039088e-08,raw_biopol,2050
raw_biopol|production|Mixing||machine source,manufacturing,energy resources: non-renewable,0.00010398160371409704,7.286593883808688e-06,6.221333609428732e-06,8.143661147717385e-06,raw_biopol,2050
raw_biopol|production|Mixing||machine source,manufacturing,eutrophication: freshwater,0.00013317917888111392,1.2230115734546878e-05,1.0452776465315307e-05,1.3716116630166496e-05,raw_biopol,2050
raw_biopol|production|Mixing||machine source,manufacturing,eutrophication: marine,1.1691560253924874e-05,9.95425373482887e-08,8.519686262363858e-08,1.1078116790599936e-07,raw_biopol,2050
raw_biopol|production|Mixing||machine source,manufacturing,eutrophication: terrestrial,5.7477078594662854e-05,2.065533285526605e-06,1.784917034516159e-06,2.3083901354041327e-06,raw_biopol,2050
raw_biopol|production|Mixing||machine source,manufacturing,human toxicity: carcinogenic,0.00013735081659659474,2.7465390617604406e-05,2.293924693859534e-05,3.1092739800163356e-05,raw_biopol,2050
raw_biopol|production|Mixing||machine source,manufacturing,"human toxicity: carcinogenic, inorganics",0.00020666757207991846,3.0924593102498826e-05,2.6267865914753327e-05,3.47934767883241e-05,raw_biopol,2050
raw_biopol|production|Mixing||machine source,manufacturing,"human toxicity: carcinogenic, organics",7.30307551185145e-05,2.32723957441305e-05,1.958142305123503e-05,2.6821895490934693e-05,raw_biopol,2050
raw_biopol|production|Mixing||machine source,manufacturing,human toxicity: non-carcinogenic,0.00017202896073695797,2.1964909211704205e-05,1.8651738304339717e-05,2.4715374103714556e-05,raw_biopol,2050
raw_biopol|production|Mixing||machine source,manufacturing,"human toxicity: non-carcinogenic, inorganics",0.00017385167152931164,2.242082877297592e-05,1.9041973918509173e-05,2.523549274828099e-05,raw_biopol,2050
raw_biopol|production|Mixing||machine source,manufacturing,"human toxicity: non-carcinogenic, organics",0.0001350094241092754,1.3701701316015039e-05,1.1599826448957028e-05,1.5327430863366172e-05,raw_biopol,2050
raw_biopol|production|Mixing||machine source,manufacturing,ionising radiation: human health,5.3918736804309935e-05,8.712049556328981e-07,7.58386677699653e-07,9.634931317849405e-07,raw_biopol,2050
raw_biopol|production|Mixing||machine source,manufacturing,land use,6.4672977719126945e-06,3.30310660383883e-08,2.8156975502426576e-08,3.673567545327288e-08,raw_biopol,2050
raw_biopol|production|Mixing||machine source,manufacturing,material resources: metals/minerals,2.6435382310616508e-05,4.283878882100357e-06,3.5771708803033048e-06,4.88691321438083e-06,raw_biopol,2050
raw_biopol|production|Mixing||machine source,manufacturing,ozone depletion,1.3539692525060828e-05,1.5475427083805045e-06,1.2987814122388208e-06,1.7666767465858888e-06,raw_biopol,2050
raw_biopol|production|Mixing||machine source,manufacturing,particulate matter formation,0.00012344495924232655,1.834034538986036e-05,1.5312537345994684e-05,2.0841949753430337e-05,raw_biopol,2050
raw_biopol|production|Mixing||machine source,manufacturing,photochemical oxidant formation: human health,9.263158313849358e-05,7.268976978231966e-06,6.157763007289316e-06,8.153921325532049e-06,raw_biopol,2050
raw_biopol|production|Mixing||machine source,manufacturing,water use,5.156448593486455e-05,1.1211229739166323e-06,9.73783511818181e-07,1.2379022212552357e-06,raw_biopol,2050
raw_biopol|production|3D printing||machine weight,manufacturing,acidification,0.005788528613784077,8.01649813047814e-05,6.0514683589660914e-05,9.93233224710528e-05,raw_biopol,2050
raw_biopol|production|3D printing||machine weight,manufacturing,climate change,0.007888300135484616,0.00031414107528340715,0.00024346151364267724,0.00039750581368094,raw_biopol,2050
raw_biopol|production|3D printing||machine weight,manufacturing,climate change: biogenic,0.00024258265955114344,1.430658312671616e-07,1.1187657417366046e-07,1.8099547997533983e-07,raw_biopol,2050
raw_biopol|production|3D printing||machine weight,manufacturing,climate change: fossil,0.006938546123035421,0.00011886351130660272,9.022863449511864e-05,0.0001475037347709837,raw_biopol,2050
raw_biopol|production|3D printing||machine weight,manufacturing,climate change: land use and land use change,0.002077111890830932,1.2348903085872627e-05,9.435122289654376e-06,1.530800611811365e-05,raw_biopol,2050
raw_biopol|production|3D printing||machine weight,manufacturing,ecotoxicity: freshwater,0.0058383712679960795,8.317151715011636e-05,6.273274999329027e-05,0.00010280604618739521,raw_biopol,2050
raw_biopol|production|3D printing||machine weight,manufacturing,"ecotoxicity: freshwater, inorganics",0.007572831147918688,0.0001393929781405487,0.00010503369194897174,0.00017264468392840055,raw_biopol,2050
raw_biopol|production|3D printing||machine weight,manufacturing,"ecotoxicity: freshwater, organics",0.0004132160674575976,4.390237090129471e-07,3.3159116831081654e-07,5.437956544480688e-07,raw_biopol,2050
raw_biopol|production|3D printing||machine weight,manufacturing,energy resources: non-renewable,0.005387175862011255,7.175080277246213e-05,5.4229477939413976e-05,8.876984745787051e-05,raw_biopol,2050
raw_biopol|production|3D printing||machine weight,manufacturing,eutrophication: freshwater,0.006976425788414526,0.00011922245926428065,9.02059970095605e-05,0.00014781685099477237,raw_biopol,2050
raw_biopol|production|3D printing||machine weight,manufacturing,eutrophication: marine,0.0006281963955654574,9.843202717738508e-07,7.456694461442543e-07,1.2199347239268192e-06,raw_biopol,2050
raw_biopol|production|3D printing||machine weight,manufacturing,eutrophication: terrestrial,0.002969950228307977,2.04336164069569e-05,1.556718461667046e-05,2.530273773278004e-05,raw_biopol,2050
raw_biopol|production|3D printing||machine weight,manufacturing,human toxicity: carcinogenic,0.009917340937414611,0.00026795458011433373,0.00020524954795411344,0.00032720153066842766,raw_biopol,2050
raw_biopol|production|3D printing||machine weight,manufacturing,"human toxicity: carcinogenic, inorganics",0.010936306818231526,0.00030153224586302837,0.0002279527998045966,0.00037574224757328136,raw_biopol,2050
raw_biopol|production|3D printing||machine weight,manufacturing,"human toxicity: carcinogenic, organics",0.00859511687599988,0.00022718963002575155,0.0001763437744184018,0.000279410251038516,raw_biopol,2050
raw_biopol|production|3D printing||machine weight,manufacturing,human toxicity: non-carcinogenic,0.009236984248905004,0.0002142352440665145,0.0001619493322860342,0.0002665437642339351,raw_biopol,2050
raw_biopol|production|3D printing||machine weight,manufacturing,"human toxicity: non-carcinogenic, inorganics",0.009330072164046457,0.00021865796501104972,0.00016530485355643797,0.0002721043945371744,raw_biopol,2050
raw_biopol|production|3D printing||machine weight,manufacturing,"human toxicity: non-carcinogenic, organics",0.007326721884740714,0.00013402223968977405,0.00010115200883986223,0.000166035529792537,raw_biopol,2050
raw_biopol|production|3D printing||machine weight,manufacturing,ionising radiation: human health,0.0018019770850699708,8.50118301659954e-06,6.545892893835631e-06,1.0473317888186694e-05,raw_biopol,2050
raw_biopol|production|3D printing||machine weight,manufacturing,land use,0.0003586409832573247,3.2711817676020205e-07,2.46858004152823e-07,4.045877167753856e-07,raw_biopol,2050
raw_biopol|production|3D printing||machine weight,manufacturing,material resources: metals/minerals,0.003640256186785553,4.181037622273214e-05,3.167965124786848e-05,5.1885794463116884e-05,raw_biopol,2050
raw_biopol|production|3D printing||machine weight,manufacturing,ozone depletion,0.002197179127941007,1.5247473573934943e-05,1.1631331720639715e-05,1.886128221782979e-05,raw_biopol,2050
raw_biopol|production|3D printing||machine weight,manufacturing,particulate matter formation,0.008342248117538724,0.00018027311821304477,0.00013667398749174587,0.00022256944019015222,raw_biopol,2050
raw_biopol|production|3D printing||machine weight,manufacturing,photochemical oxidant formation: human health,0.005369427724354863,7.186485775902195e-05,5.4191318032728974e-05,8.918394168738485e-05,raw_biopol,2050
raw_biopol|production|3D printing||machine weight,manufacturing,water use,0.002090874741982692,1.0933761987921037e-05,8.427869244716087e-06,1.3397056917521546e-05,raw_biopol,2050
raw_biopol|production|3D printing||power,manufacturing,acidification,0.002803505470605115,0.00012499082582482398,0.00010700241790938919,0.0001468543327974526,raw_biopol,2050
raw_biopol|production|3D printing||power,manufacturing,climate change,0.0015086966162288877,6.646604664454674e-05,5.62649532807593e-05,7.952953562649561e-05,raw_biopol,2050
raw_biopol|production|3D printing||power,manufacturing,climate change: biogenic,0.0001506699762890545,5.231614871788371e-07,4.479110945271227e-07,6.198666909357518e-07,raw_biopol,2050
raw_biopol|production|3D printing||power,manufacturing,climate change: fossil,0.0012357302754750943,2.3826315468520967e-05,2.0404807693317163e-05,2.818434247736714e-05,raw_biopol,2050
raw_biopol|production|3D printing||power,manufacturing,climate change: land use and land use change,0.0017147267606178465,0.0001431167214641377,0.00011978268333158978,0.0001712490257404295,raw_biopol,2050
raw_biopol|production|3D printing||power,manufacturing,ecotoxicity: freshwater,0.0019114505894937718,5.813006496402864e-05,4.9405900187119066e-05,6.829861889870732e-05,raw_biopol,2050
raw_biopol|production|3D printing||power,manufacturing,"ecotoxicity: freshwater, inorganics",0.0024841807571932347,9.88545964275178e-05,8.386319796945788e-05,0.00011605650097440118,raw_biopol,2050
raw_biopol|production|3D printing||power,manufacturing,"ecotoxicity: freshwater, organics",8.663668206717684e-05,1.10268179586268e-07,9.48999414203492e-08,1.2995617235955365e-07,raw_biopol,2050
raw_biopol|production|3D printing||power,manufacturing,energy resources: non-renewable,0.0022729655886227556,8.78484277133754e-05,7.515998353653968e-05,0.00010293551171715013,raw_biopol,2050
raw_biopol|production|3D printing||power,manufacturing,eutrophication: freshwater,0.0018029942765977539,5.2175404259194866e-05,4.4341695180046816e-05,6.136810609053208e-05,raw_biopol,2050
raw_biopol|production|3D printing||power,manufacturing,eutrophication: marine,0.0003227549011921771,1.62356380436599e-06,1.400586652020545e-06,1.909775188481407e-06,raw_biopol,2050
raw_biopol|production|3D printing||power,manufacturing,eutrophication: terrestrial,0.0019025244943861757,5.690261468517169e-05,4.9019493061872194e-05,6.686324596132871e-05,raw_biopol,2050
raw_biopol|production|3D printing||power,manufacturing,human toxicity: carcinogenic,0.0028436500653950376,0.00013100123555620868,0.00010881336110847514,0.00015744342589798268,raw_biopol,2050
raw_biopol|production|3D printing||power,manufacturing,"human toxicity: carcinogenic, inorganics",0.003306117605433864,0.00018619805706895107,0.00015730236040019364,0.00022044636384197858,raw_biopol,2050
raw_biopol|production|3D printing||power,manufacturing,"human toxicity: carcinogenic, organics",0.002325017466084287,8.789199293386652e-05,6.868637948655917e-05,0.0001103661695402306,raw_biopol,2050
raw_biopol|production|3D printing||power,manufacturing,human toxicity: non-carcinogenic,0.0029170997440072523,0.0001423666642047807,0.00012052732722950206,0.00016825319128362974,raw_biopol,2050
raw_biopol|production|3D printing||power,manufacturing,"human toxicity: non-carcinogenic, inorganics",0.0029000519715448084,0.00014075372269951766,0.00011911708826723211,0.00016635350141535517,raw_biopol,2050
raw_biopol|production|3D printing||power,manufacturing,"human toxicity: non-carcinogenic, organics",0.0032615319601443566,0.0001767614847480518,0.00015076404351282055,0.00020830993188515495,raw_biopol,2050
raw_biopol|production|3D printing||power,manufacturing,ionising radiation: human health,0.0031121986779751435,0.00023967113076688886,0.00020371098969549704,0.0002835109026220829,raw_biopol,2050
raw_biopol|production|3D printing||power,manufacturing,land use,0.000707499137037602,8.827834503859363e-06,7.612711897332466e-06,1.036756755325117e-05,raw_biopol,2050
raw_biopol|production|3D printing||power,manufacturing,material resources: metals/minerals,0.003852234762214462,0.0002934173912294519,0.0002385104211779367,0.0003577028986520797,raw_biopol,2050
raw_biopol|production|3D printing||power,manufacturing,ozone depletion,0.002991397869475043,0.00016312546814167546,0.00013074231084091425,0.00020062581456207403,raw_biopol,2050
raw_biopol|production|3D printing||power,manufacturing,particulate matter formation,0.0029284933044880627,0.00013454800988091633,0.00011274189026599028,0.00016094297179689018,raw_biopol,2050
raw_biopol|production|3D printing||power,manufacturing,photochemical oxidant formation: human health,0.002311539835633906,8.387729285620642e-05,7.140104306818775e-05,9.896259876042208e-05,raw_biopol,2050
raw_biopol|production|3D printing||power,manufacturing,water use,0.00125063861879546,4.809008323710084e-05,4.034770792608429e-05,5.69261268327216e-05,raw_biopol,2050
raw_biopol|production|3D printing||output rate,manufacturing,acidification,-0.0018525765031411903,0.0003425976255210329,0.0002917662539184533,0.0004037189333669306,raw_biopol,2050
raw_biopol|production|3D printing||output rate,manufacturing,climate change,0.0004893986317869523,0.0005773941496278181,0.0004697338507031693,0.0006979682873094215,raw_biopol,2050
raw_biopol|production|3D printing||output rate,manufacturing,climate change: biogenic,-0.00012944394828512203,1.0764252442004093e-06,9.14841541814942e-07,1.2828537190212245e-06,raw_biopol,2050
raw_biopol|production|3D printing||output rate,manufacturing,climate change: fossil,-0.0008450142677728042,0.00021477942880603732,0.00017846688660772637,0.00025964640697341264,raw_biopol,2050
raw_biopol|production|3D printing||output rate,manufacturing,climate change: land use and land use change,-0.0028414675381070544,0.0002254388806853565,0.00019251358866275128,0.00026386848468386943,raw_biopol,2050
raw_biopol|production|3D printing||output rate,manufacturing,ecotoxicity: freshwater,-0.0012515031429242939,0.00023637196226550472,0.0001999013035646623,0.0002791719447109078,raw_biopol,2050
raw_biopol|production|3D printing||output rate,manufacturing,"ecotoxicity: freshwater, inorganics",-0.0013590720902746465,0.0003987942028510144,0.0003370895174859,0.00046977472861865326,raw_biopol,2050
raw_biopol|production|3D printing||output rate,manufacturing,"ecotoxicity: freshwater, organics",-8.550561370508952e-05,8.423139744093648e-07,6.984312020860111e-07,1.0202083661676086e-06,raw_biopol,2050
raw_biopol|production|3D printing||output rate,manufacturing,energy resources: non-renewable,-0.0016296665640972263,0.00027093435237644065,0.00023081424814897297,0.00031861009651516114,raw_biopol,2050
raw_biopol|production|3D printing||output rate,manufacturing,eutrophication: freshwater,-0.0011426628331517457,0.0002789152732085185,0.00023454751325792164,0.00033259497642088086,raw_biopol,2050
raw_biopol|production|3D printing||output rate,manufacturing,eutrophication: marine,-0.00030147194542379664,4.339690204985784e-06,3.692379147074923e-06,5.155674396948727e-06,raw_biopol,2050
raw_biopol|production|3D printing||output rate,manufacturing,eutrophication: terrestrial,-0.0016457186520923467,0.00012492180455786017,0.0001076931653723453,0.00014888074242854355,raw_biopol,2050
raw_biopol|production|3D printing||output rate,manufacturing,human toxicity: carcinogenic,-0.0005391366751312603,0.0006388818083323067,0.0005361230911653916,0.0007637735005597124,raw_biopol,2050
raw_biopol|production|3D printing||output rate,manufacturing,"human toxicity: carcinogenic, inorganics",-0.0011339723630883981,0.0008121230828140288,0.0006845329325291335,0.0009571882956412874,raw_biopol,2050
raw_biopol|production|3D printing||output rate,manufacturing,"human toxicity: carcinogenic, organics",1.6226639311435446e-05,0.0004736847336209265,0.00038854643962490785,0.0005772291060963455,raw_biopol,2050
raw_biopol|production|3D printing||output rate,manufacturing,human toxicity: non-carcinogenic,-0.0012916761203884753,0.0005955718848076251,0.0005028463395081567,0.0007015457980742991,raw_biopol,2050
raw_biopol|production|3D printing||output rate,manufacturing,"human toxicity: non-carcinogenic, inorganics",-0.0012726992334334073,0.0005993894553800837,0.0005060594682158129,0.0007065193262424938,raw_biopol,2050
raw_biopol|production|3D printing||output rate,manufacturing,"human toxicity: non-carcinogenic, organics",-0.001670915790448648,0.0005227029818682626,0.0004429694318502674,0.0006104674176940325,raw_biopol,2050
raw_biopol|production|3D printing||output rate,manufacturing,ionising radiation: human health,-0.003270928618172323,0.00032611535385074935,0.00028291460789503655,0.0003765526680385581,raw_biopol,2050
raw_biopol|production|3D printing||output rate,manufacturing,land use,-0.000654864556427527,1.1607387083476924e-05,1.0084689115060005e-05,1.3516418622522529e-05,raw_biopol,2050
raw_biopol|production|3D printing||output rate,manufacturing,material resources: metals/minerals,-0.001418437882131996,0.0004697257972762861,0.00039655548923094193,0.0005670394424709927,raw_biopol,2050
raw_biopol|production|3D printing||output rate,manufacturing,ozone depletion,-0.0012242298905466632,0.0002317686806388903,0.00019591509647725355,0.00027903135806428596,raw_biopol,2050
raw_biopol|production|3D printing||output rate,manufacturing,particulate matter formation,-0.0010961180997991257,0.0005169673357766204,0.00043606798944080565,0.0006136794345142887,raw_biopol,2050
raw_biopol|production|3D printing||output rate,manufacturing,photochemical oxidant formation: human health,-0.0014451261070695344,0.00026116195674731434,0.00022013342155235096,0.000306547427212322,raw_biopol,2050
raw_biopol|production|3D printing||output rate,manufacturing,water use,-0.001751553048260476,9.465205530405082e-05,8.10013357217307e-05,0.00011157139776864194,raw_biopol,2050
raw_biopol|production|3D printing||machine lifetime,manufacturing,acidification,-0.0018134106295201254,7.78788622693798e-05,6.356441332817632e-05,9.462546723765922e-05,raw_biopol,2050
raw_biopol|production|3D printing||machine lifetime,manufacturing,climate change,-0.0027156780368636974,0.00030518317189520905,0.0002474999909197357,0.0003743430267269016,raw_biopol,2050
raw_biopol|production|3D printing||machine lifetime,manufacturing,climate change: biogenic,-6.564029075132837e-05,1.3898583635546506e-07,1.1116952141508053e-07,1.7184842683284655e-07,raw_biopol,2050
raw_biopol|production|3D printing||machine lifetime,manufacturing,climate change: fossil,-0.0021910871574655024,0.00011547405703834227,9.433787436023795e-05,0.00014209168226455237,raw_biopol,2050
raw_biopol|production|3D printing||machine lifetime,manufacturing,climate change: land use and land use change,-0.00045707245392637657,1.1996732994444724e-05,9.66866992918211e-06,1.4950299772061431e-05,raw_biopol,2050
raw_biopol|production|3D printing||machine lifetime,manufacturing,ecotoxicity: freshwater,-0.0018485541415871347,8.079960553479673e-05,6.573750304224322e-05,9.911179238807897e-05,raw_biopol,2050
raw_biopol|production|3D printing||machine lifetime,manufacturing,"ecotoxicity: freshwater, inorganics",-0.0023765714636680836,0.0001354177246990123,0.00010987463970720198,0.00016575376166584778,raw_biopol,2050
raw_biopol|production|3D printing||machine lifetime,manufacturing,"ecotoxicity: freshwater, organics",-0.00013446787586713526,4.265036269461459e-07,3.457624091624561e-07,5.277785255878337e-07,raw_biopol,2050
raw_biopol|production|3D printing||machine lifetime,manufacturing,energy resources: non-renewable,-0.001688516198541233,6.970489138380943e-05,5.678028035274813e-05,8.55822662442e-05,raw_biopol,2050
raw_biopol|production|3D printing||machine lifetime,manufacturing,eutrophication: freshwater,-0.0022006786267551575,0.00011582242945657888,9.432847829055296e-05,0.00014214082506020857,raw_biopol,2050
raw_biopol|production|3D printing||machine lifetime,manufacturing,eutrophication: marine,-0.00020117218912260712,9.56257268025246e-07,7.762053108513399e-07,1.1825779281023742e-06,raw_biopol,2050
raw_biopol|production|3D printing||machine lifetime,manufacturing,eutrophication: terrestrial,-0.0009107943874397765,1.9851063352435836e-05,1.6196759785620624e-05,2.4431090955412978e-05,raw_biopol,2050
raw_biopol|production|3D printing||machine lifetime,manufacturing,human toxicity: carcinogenic,-0.0034170185984104032,0.0002603129655839112,0.00021121717445355727,0.00031509405237249054,raw_biopol,2050
raw_biopol|production|3D printing||machine lifetime,manufacturing,"human toxicity: carcinogenic, inorganics",-0.0034167786543700357,0.0002929330412413646,0.00024046694878578355,0.00035694417661429024,raw_biopol,2050
raw_biopol|production|3D printing||machine lifetime,manufacturing,"human toxicity: carcinogenic, organics",-0.003254360456894605,0.00022071057965540765,0.00017546305747985524,0.0002716323022862776,raw_biopol,2050
raw_biopol|production|3D printing||machine lifetime,manufacturing,human toxicity: non-carcinogenic,-0.0029186021396643605,0.00020812561031520894,0.0001696635233782568,0.0002549105267662877,raw_biopol,2050
raw_biopol|production|3D printing||machine lifetime,manufacturing,"human toxicity: non-carcinogenic, inorganics",-0.002947626088575077,0.00021242220104107133,0.00017319805008994706,0.00026018573057923824,raw_biopol,2050
raw_biopol|production|3D printing||machine lifetime,manufacturing,"human toxicity: non-carcinogenic, organics",-0.002320983253330129,0.0001302002172110058,0.00010573600584364618,0.00015918817701376822,raw_biopol,2050
raw_biopol|production|3D printing||machine lifetime,manufacturing,ionising radiation: human health,-0.0004463414902887933,8.258743715791245e-06,6.628011303440192e-06,1.027530401610523e-05,raw_biopol,2050
raw_biopol|production|3D printing||machine lifetime,manufacturing,land use,-0.00011619101324609713,3.177926138573026e-07,2.573473967844336e-07,3.9164603957498234e-07,raw_biopol,2050
raw_biopol|production|3D printing||machine lifetime,manufacturing,material resources: metals/minerals,-0.0013828474663239872,4.061801625918353e-05,3.1692588212847226e-05,4.9654814003433203e-05,raw_biopol,2050
raw_biopol|production|3D printing||machine lifetime,manufacturing,ozone depletion,-0.0008597173133401559,1.4812712615995496e-05,1.159812628032008e-05,1.8249997332921304e-05,raw_biopol,2050
raw_biopol|production|3D printing||machine lifetime,manufacturing,particulate matter formation,-0.002804831755301876,0.00017513254768297993,0.0001421453185806726,0.00021274038852306824,raw_biopol,2050
raw_biopol|production|3D printing||machine lifetime,manufacturing,photochemical oxidant formation: human health,-0.001740180540823254,6.981597252518863e-05,5.6585481169831804e-05,8.51570288924623e-05,raw_biopol,2050
raw_biopol|production|3D printing||machine lifetime,manufacturing,water use,-0.0005933964250878197,1.0621949161200626e-05,8.502104923598963e-06,1.3187965275736879e-05,raw_biopol,2050
raw_biopol|production|3D printing||process yield,manufacturing,acidification,0.07936091352926411,0.017632774685742113,0.014595391735595618,0.021081494347704125,raw_biopol,2050
raw_biopol|production|3D printing||process yield,manufacturing,climate change,0.018743104858317004,0.003940631094876673,0.0029766460800335183,0.005084855742113344,raw_biopol,2050
raw_biopol|production|3D printing||process yield,manufacturing,climate change: biogenic,0.0036723621123883068,7.106927680729774e-05,5.967573471695732e-05,8.620272653469299e-05,raw_biopol,2050
raw_biopol|production|3D printing||process yield,manufacturing,climate change: fossil,0.10144777148268491,0.026125631675116587,0.02145123293445389,0.030993694759113715,raw_biopol,2050
raw_biopol|production|3D printing||process yield,manufacturing,climate change: land use and land use change,0.07154780724540785,0.016737388840289687,0.013985128068316182,0.019143376899145477,raw_biopol,2050
raw_biopol|production|3D printing||process yield,manufacturing,ecotoxicity: freshwater,0.08902367216519312,0.021350475364361503,0.01772465834954578,0.025336369511951135,raw_biopol,2050
raw_biopol|production|3D printing||process yield,manufacturing,"ecotoxicity: freshwater, inorganics",0.08082450474334325,0.01846113557158478,0.015312131888445005,0.022047835932528424,raw_biopol,2050
raw_biopol|production|3D printing||process yield,manufacturing,"ecotoxicity: freshwater, organics",0.11224001322862809,0.03065560186400497,0.025421033536234296,0.036431113184657506,raw_biopol,2050
raw_biopol|production|3D printing||process yield,manufacturing,energy resources: non-renewable,0.09177413385762778,0.022669619773135377,0.018794614994944062,0.026886130439498234,raw_biopol,2050
raw_biopol|production|3D printing||process yield,manufacturing,eutrophication: freshwater,0.0937785515840382,0.02320469498963347,0.019214748834022223,0.02750512996151837,raw_biopol,2050
raw_biopol|production|3D printing||process yield,manufacturing,eutrophication: marine,0.1064945023151784,0.027683601638520138,0.02293880208318164,0.032835240336595684,raw_biopol,2050
raw_biopol|production|3D printing||process yield,manufacturing,eutrophication: terrestrial,0.08366022285487411,0.018296186689444383,0.015101291221637026,0.021795514464819237,raw_biopol,2050
raw_biopol|production|3D printing||process yield,manufacturing,human toxicity: carcinogenic,0.07772723536888182,0.018908747638934967,0.015506353946399532,0.02293554552705926,raw_biopol,2050
raw_biopol|production|3D printing||process yield,manufacturing,"human toxicity: carcinogenic, inorganics",0.07689437387016905,0.017830581361624517,0.014806655052630886,0.0212342947330173,raw_biopol,2050
raw_biopol|production|3D printing||process yield,manufacturing,"human toxicity: carcinogenic, organics",0.07513340268835707,0.019247444907813133,0.015608273922044693,0.0232179656549603,raw_biopol,2050
raw_biopol|production|3D printing||process yield,manufacturing,human toxicity: non-carcinogenic,0.08284564915245186,0.01984139623411853,0.016466776127953078,0.023617064920384286,raw_biopol,2050
raw_biopol|production|3D printing||process yield,manufacturing,"human toxicity: non-carcinogenic, inorganics",0.0831283340531547,0.019951069834052162,0.01656076062569787,0.023740975491054243,raw_biopol,2050
raw_biopol|production|3D printing||process yield,manufacturing,"human toxicity: non-carcinogenic, organics",0.07700653666328125,0.017652080971613783,0.014599369333304225,0.021130319964828368,raw_biopol,2050
raw_biopol|production|3D printing||process yield,manufacturing,ionising radiation: human health,0.07019988428519874,0.01581826194017039,0.013119415493243905,0.01836190929137276,raw_biopol,2050
raw_biopol|production|3D printing||process yield,manufacturing,land use,0.10719715093774292,0.02870506145305986,0.023754262284825932,0.03407550229381743,raw_biopol,2050
raw_biopol|production|3D printing||process yield,manufacturing,material resources: metals/minerals,0.05655662996997865,0.012710779843235945,0.010192964079870307,0.01564840017832337,raw_biopol,2050
raw_biopol|production|3D printing||process yield,manufacturing,ozone depletion,0.06872164564787189,0.01704849727287599,0.013747603403250335,0.020705881109343974,raw_biopol,2050
raw_biopol|production|3D printing||process yield,manufacturing,particulate matter formation,0.07559506105332509,0.017277762770727585,0.014155585547262962,0.020902027446886812,raw_biopol,2050
raw_biopol|production|3D printing||process yield,manufacturing,photochemical oxidant formation: human health,0.08877542120668558,0.021597243221235934,0.017902893189719243,0.025719370995344198,raw_biopol,2050
raw_biopol|production|3D printing||process yield,manufacturing,water use,0.09661013789603332,0.02424638379110848,0.020193744547267325,0.028040586852908757,raw_biopol,2050
raw_biopol|production|3D printing||machine source,manufacturing,acidification,-0.007217220389450712,0.005684195733064874,0.004972766965422051,0.006576274933714108,raw_biopol,2050
raw_biopol|production|3D printing||machine source,manufacturing,climate change,-0.0028173776301504963,0.022179223260799786,0.019249992082014097,0.026296817577607,raw_biopol,2050
raw_biopol|production|3D printing||machine source,manufacturing,climate change: biogenic,-0.000565318652115741,1.0173683233221554e-05,8.876130044259948e-06,1.1980828336838793e-05,raw_biopol,2050
raw_biopol|production|3D printing||machine source,manufacturing,climate change: fossil,-0.006849787973899153,0.008391738709049542,0.007423989506081922,0.00961296140262305,raw_biopol,2050
raw_biopol|production|3D printing||machine source,manufacturing,climate change: land use and land use change,-0.0021760352403616804,0.0008783986889136492,0.0007743235208952028,0.0010183297528923835,raw_biopol,2050
raw_biopol|production|3D printing||machine source,manufacturing,ecotoxicity: freshwater,-0.007175504294800557,0.005915196326013656,0.005203265333013389,0.006801126530402627,raw_biopol,2050
raw_biopol|production|3D printing||machine source,manufacturing,"ecotoxicity: freshwater, inorganics",-0.007402355846002575,0.009914026088239934,0.008681733974344949,0.011392933994559417,raw_biopol,2050
raw_biopol|production|3D printing||machine source,manufacturing,"ecotoxicity: freshwater, organics",-0.0008366245229761793,3.116586117451744e-05,2.7352105576386753e-05,3.593543252637357e-05,raw_biopol,2050
raw_biopol|production|3D printing||machine source,manufacturing,energy resources: non-renewable,-0.006762255618455515,0.005056084815337902,0.004472326287118738,0.0058173275441404035,raw_biopol,2050
raw_biopol|production|3D printing||machine source,manufacturing,eutrophication: freshwater,-0.007110316969728193,0.008486338533655855,0.00748296462671403,0.009736184482378845,raw_biopol,2050
raw_biopol|production|3D printing||machine source,manufacturing,eutrophication: marine,-0.0012370616226749151,6.907143716151069e-05,6.0641589622521636e-05,7.966112945342439e-05,raw_biopol,2050
raw_biopol|production|3D printing||machine source,manufacturing,eutrophication: terrestrial,-0.004761065021195176,0.0014332501093181807,0.0012656833731807058,0.0016529063657052911,raw_biopol,2050
raw_biopol|production|3D printing||machine source,manufacturing,human toxicity: carcinogenic,-0.006455083629622472,0.019057922901064346,0.01654765223193946,0.022087322501458256,raw_biopol,2050
raw_biopol|production|3D printing||machine source,manufacturing,"human toxicity: carcinogenic, inorganics",-0.004369278635295329,0.021458224253925285,0.018716880414354632,0.024648664527745695,raw_biopol,2050
raw_biopol|production|3D printing||machine source,manufacturing,"human toxicity: carcinogenic, organics",-0.007885479156253084,0.016148451336075818,0.013807569697860088,0.01882372603116677,raw_biopol,2050
raw_biopol|production|3D printing||machine source,manufacturing,human toxicity: non-carcinogenic,-0.006298792802348891,0.01524120126721319,0.013322993367945969,0.01753353426433488,raw_biopol,2050
raw_biopol|production|3D printing||machine source,manufacturing,"human toxicity: non-carcinogenic, inorganics",-0.006201606676351734,0.01555755867748171,0.01360182085064316,0.017897727369599246,raw_biopol,2050
raw_biopol|production|3D printing||machine source,manufacturing,"human toxicity: non-carcinogenic, organics",-0.007540713768734965,0.009507455070624424,0.008286442345277475,0.010955011720315157,raw_biopol,2050
raw_biopol|production|3D printing||machine source,manufacturing,ionising radiation: human health,-0.002470931497291092,0.0006045192331921678,0.0005351904466463394,0.0006982864806144839,raw_biopol,2050
raw_biopol|production|3D printing||machine source,manufacturing,land use,-0.0007306252432456813,2.2919881922088305e-05,2.0098224024717135e-05,2.6462468444332964e-05,raw_biopol,2050
raw_biopol|production|3D printing||machine source,manufacturing,material resources: metals/minerals,-0.007183009617647695,0.0029725349473179135,0.0024935846601443043,0.0034768625622292526,raw_biopol,2050
raw_biopol|production|3D printing||machine source,manufacturing,ozone depletion,-0.004993735932692853,0.0010738223254511702,0.000903940208183844,0.0012501121448057774,raw_biopol,2050
raw_biopol|production|3D printing||machine source,manufacturing,particulate matter formation,-0.007784451413012371,0.012726157558990415,0.01106627961158348,0.014737204812739381,raw_biopol,2050
raw_biopol|production|3D printing||machine source,manufacturing,photochemical oxidant formation: human health,-0.007179029326766201,0.0050438606444563605,0.004398970300073437,0.005834928632168233,raw_biopol,2050
raw_biopol|production|3D printing||machine source,manufacturing,water use,-0.0031747054092190457,0.000777934510271266,0.0006925220846887395,0.0008938912509816604,raw_biopol,2050
raw_biopol|production|Baking||machine weight,manufacturing,acidification,-0.0002469385060919318,1.6814296167008627e-05,1.3210645205360173e-05,2.0723002160914227e-05,raw_biopol,2050
raw_biopol|production|Baking||machine weight,manufacturing,climate change,-0.0009391933415781814,6.589015534519112e-05,5.249209731181936e-05,8.162357687051247e-05,raw_biopol,2050
raw_biopol|production|Baking||machine weight,manufacturing,climate change: biogenic,-8.561550304228615e-06,3.000747051877029e-08,2.360585225337238e-08,3.731262879859217e-08,raw_biopol,2050
raw_biopol|production|Baking||machine weight,manufacturing,climate change: fossil,-0.00034850668177420106,2.4931268998734277e-05,1.973715685389201e-05,3.0706650919436875e-05,raw_biopol,2050
raw_biopol|production|Baking||machine weight,manufacturing,climate change: land use and land use change,-1.4609237083318098e-05,2.590131574659759e-06,2.090374057432927e-06,3.330917110940825e-06,raw_biopol,2050
raw_biopol|production|Baking||machine weight,manufacturing,ecotoxicity: freshwater,-0.00026548736118518865,1.7444883725259e-05,1.3779537555020916e-05,2.1434900728572832e-05,raw_biopol,2050
raw_biopol|production|Baking||machine weight,manufacturing,"ecotoxicity: freshwater, inorganics",-0.00035243771704424526,2.9237103811871935e-05,2.3025120427086598e-05,3.596082536476568e-05,raw_biopol,2050
raw_biopol|production|Baking||machine weight,manufacturing,"ecotoxicity: freshwater, organics",-1.7462419276284305e-05,9.20834729105757e-08,7.352492804895872e-08,1.142289132162176e-07,raw_biopol,2050
raw_biopol|production|Baking||machine weight,manufacturing,energy resources: non-renewable,-0.00023413299855155466,1.5049558915413926e-05,1.1905083306691181e-05,1.8425815666815744e-05,raw_biopol,2050
raw_biopol|production|Baking||machine weight,manufacturing,eutrophication: freshwater,-0.0003341942154451607,2.5006418126016708e-05,1.9746477488426016e-05,3.0736470808293175e-05,raw_biopol,2050
raw_biopol|production|Baking||machine weight,manufacturing,eutrophication: marine,-2.648503840726369e-05,2.064604664939878e-07,1.6457314754672917e-07,2.546817521948402e-07,raw_biopol,2050
raw_biopol|production|Baking||machine weight,manufacturing,eutrophication: terrestrial,-0.00011558353014455381,4.285940397110785e-06,3.3906996792573775e-06,5.231819044735769e-06,raw_biopol,2050
raw_biopol|production|Baking||machine weight,manufacturing,human toxicity: carcinogenic,-0.0006104854807947247,5.6202370905836875e-05,4.308681651553413e-05,7.038857125737672e-05,raw_biopol,2050
raw_biopol|production|Baking||machine weight,manufacturing,"human toxicity: carcinogenic, inorganics",-0.000558016351380461,6.324514347666971e-05,4.9559164085338434e-05,7.832800726934352e-05,raw_biopol,2050
raw_biopol|production|Baking||machine weight,manufacturing,"human toxicity: carcinogenic, organics",-0.000625170157413974,4.765209697219028e-05,3.578093261819404e-05,6.073565600562654e-05,raw_biopol,2050
raw_biopol|production|Baking||machine weight,manufacturing,human toxicity: non-carcinogenic,-0.000458561951291299,4.4934959331185136e-05,3.530153397301389e-05,5.538471534180498e-05,raw_biopol,2050
raw_biopol|production|Baking||machine weight,manufacturing,"human toxicity: non-carcinogenic, inorganics",-0.00046510517469151955,4.586260618189173e-05,3.603802258856879e-05,5.65147375495631e-05,raw_biopol,2050
raw_biopol|production|Baking||machine weight,manufacturing,"human toxicity: non-carcinogenic, organics",-0.00033367033824332625,2.8110640743188908e-05,2.2057032904751232e-05,3.4816577023658056e-05,raw_biopol,2050
raw_biopol|production|Baking||machine weight,manufacturing,ionising radiation: human health,-2.1294974499088988e-05,1.7830882318762044e-06,1.4280905791703878e-06,2.295995468217211e-06,raw_biopol,2050
raw_biopol|production|Baking||machine weight,manufacturing,land use,-1.4691248186637773e-05,6.86130417990678e-08,5.4729825689260906e-08,8.475366965013476e-08,raw_biopol,2050
raw_biopol|production|Baking||machine weight,manufacturing,material resources: metals/minerals,-0.00019740189158176847,8.76955512960355e-06,6.574860412855739e-06,1.126092170142579e-05,raw_biopol,2050
raw_biopol|production|Baking||machine weight,manufacturing,ozone depletion,-0.0001272328115981468,3.198124073566487e-06,2.3980909187250486e-06,4.0752927923014055e-06,raw_biopol,2050
raw_biopol|production|Baking||machine weight,manufacturing,particulate matter formation,-0.0004655819050773626,3.7811756156903505e-05,2.910659139688802e-05,4.714505725992995e-05,raw_biopol,2050
raw_biopol|production|Baking||machine weight,manufacturing,photochemical oxidant formation: human health,-0.00025496110982764833,1.50735955966934e-05,1.1830286574692755e-05,1.8710990987719184e-05,raw_biopol,2050
raw_biopol|production|Baking||machine weight,manufacturing,water use,-6.029012813718565e-05,2.2933114761397713e-06,1.8424878595296502e-06,2.887182481348357e-06,raw_biopol,2050
raw_biopol|production|Baking||power,manufacturing,acidification,-0.0041155314713335975,0.003742539604841356,0.003114224150856758,0.004362123368962216,raw_biopol,2050
raw_biopol|production|Baking||power,manufacturing,climate change,-0.000685639795688322,0.0019835922038865593,0.001637953403511922,0.0023464322710991846,raw_biopol,2050
raw_biopol|production|Baking||power,manufacturing,climate change: biogenic,-0.00037688830803718807,1.6285150776090503e-05,1.386899745670742e-05,1.9198659108780997e-05,raw_biopol,2050
raw_biopol|production|Baking||power,manufacturing,climate change: fossil,-0.0024490653229922487,0.0007086920974148708,0.0005965826989550466,0.000830662980085397,raw_biopol,2050
raw_biopol|production|Baking||power,manufacturing,climate change: land use and land use change,-0.004637223829898305,0.004587331658467765,0.003812378920632713,0.005335048849393518,raw_biopol,2050
raw_biopol|production|Baking||power,manufacturing,ecotoxicity: freshwater,-0.003240387817161128,0.0017389367079383839,0.0014550221936578337,0.002029051722534685,raw_biopol,2050
raw_biopol|production|Baking||power,manufacturing,"ecotoxicity: freshwater, inorganics",-0.003638005973540223,0.00295765482968186,0.0024561257278641383,0.0034741195981242315,raw_biopol,2050
raw_biopol|production|Baking||power,manufacturing,"ecotoxicity: freshwater, organics",-0.00019678877685592075,3.2498601097856883e-06,2.725641697896531e-06,3.796356532322894e-06,raw_biopol,2050
raw_biopol|production|Baking||power,manufacturing,energy resources: non-renewable,-0.0035314615010582787,0.002655074783207435,0.0022282513717745765,0.0030729854815786037,raw_biopol,2050
raw_biopol|production|Baking||power,manufacturing,eutrophication: freshwater,-0.0031741299151553867,0.0015595223459109282,0.001306828292259014,0.0018188870544839828,raw_biopol,2050
raw_biopol|production|Baking||power,manufacturing,eutrophication: marine,-0.000764430222176765,4.843964175418825e-05,4.090362740108921e-05,5.6606699306356915e-05,raw_biopol,2050
raw_biopol|production|Baking||power,manufacturing,eutrophication: terrestrial,-0.0037777879033323455,0.0017114220339896212,0.0014445204971713498,0.001976254798436205,raw_biopol,2050
raw_biopol|production|Baking||power,manufacturing,human toxicity: carcinogenic,-0.003513896742333641,0.0037872330189251736,0.0030251464761985713,0.004471611269682079,raw_biopol,2050
raw_biopol|production|Baking||power,manufacturing,"human toxicity: carcinogenic, inorganics",-0.0034673580020717775,0.00557601046343877,0.004611481139663149,0.006602996203366643,raw_biopol,2050
raw_biopol|production|Baking||power,manufacturing,"human toxicity: carcinogenic, organics",-0.003459882492074023,0.0024053758388286705,0.001824416443988916,0.0029621302948249382,raw_biopol,2050
raw_biopol|production|Baking||power,manufacturing,human toxicity: non-carcinogenic,-0.0035631596898594575,0.0042613366997447085,0.003527263400067872,0.005040850568409786,raw_biopol,2050
raw_biopol|production|Baking||power,manufacturing,"human toxicity: non-carcinogenic, inorganics",-0.003562710506473581,0.004212618917439326,0.003486331605583988,0.00498293433565166,raw_biopol,2050
raw_biopol|production|Baking||power,manufacturing,"human toxicity: non-carcinogenic, organics",-0.0035167975901838474,0.005300776348038885,0.00440197544531054,0.0062602246831705,raw_biopol,2050
raw_biopol|production|Baking||power,manufacturing,ionising radiation: human health,-0.0039227773742415,0.007558301992014677,0.006262403734811145,0.008848373299828202,raw_biopol,2050
raw_biopol|production|Baking||power,manufacturing,land use,-0.0016115185585098585,0.0002670362292348926,0.00022470820475360283,0.0003091507493845215,raw_biopol,2050
raw_biopol|production|Baking||power,manufacturing,material resources: metals/minerals,-0.0020066671951484514,0.008502071374451527,0.0067817875776354335,0.009978972129190645,raw_biopol,2050
raw_biopol|production|Baking||power,manufacturing,ozone depletion,-0.003142342344641109,0.004623024238494652,0.0036225914814806003,0.0055122277646280984,raw_biopol,2050
raw_biopol|production|Baking||power,manufacturing,particulate matter formation,-0.0039563452064674785,0.003913186218466653,0.0031629947411172844,0.004572072499125213,raw_biopol,2050
raw_biopol|production|Baking||power,manufacturing,photochemical oxidant formation: human health,-0.0035456370808996007,0.002491290020695448,0.0020579380622147195,0.002923920844316723,raw_biopol,2050
raw_biopol|production|Baking||power,manufacturing,water use,-0.0032487071302448657,0.0015237720169993941,0.0012834165505353845,0.0017814293011286428,raw_biopol,2050
raw_biopol|production|Baking||output rate,manufacturing,acidification,0.04154849815569658,0.00465713402474046,0.0037846825053775377,0.005502181809915647,raw_biopol,2050
raw_biopol|production|Baking||output rate,manufacturing,climate change,0.02107223187194868,0.002881712613002993,0.0023537043770736547,0.003462651247070539,raw_biopol,2050
raw_biopol|production|Baking||output rate,manufacturing,climate change: biogenic,0.0024030638624869686,1.928904750906258e-05,1.6244461759504852e-05,2.2350541866872886e-05,raw_biopol,2050
raw_biopol|production|Baking||output rate,manufacturing,climate change: fossil,0.01840609567720064,0.0010376436419696294,0.0008465979372066045,0.0012518635836944129,raw_biopol,2050
raw_biopol|production|Baking||output rate,manufacturing,climate change: land use and land use change,0.042591862410751496,0.005216783637078632,0.004250553959018754,0.006161463919231425,raw_biopol,2050
raw_biopol|production|Baking||output rate,manufacturing,ecotoxicity: freshwater,0.02791161522546883,0.002262390367518533,0.0018452194786306728,0.002695791618912324,raw_biopol,2050
raw_biopol|production|Baking||output rate,manufacturing,"ecotoxicity: freshwater, inorganics",0.03696499005128973,0.0038439753675733376,0.0031316243549455985,0.004550599504650966,raw_biopol,2050
raw_biopol|production|Baking||output rate,manufacturing,"ecotoxicity: freshwater, organics",0.0011707951861092462,4.647773087863756e-06,3.7766972318602352e-06,5.619395615732191e-06,raw_biopol,2050
raw_biopol|production|Baking||output rate,manufacturing,energy resources: non-renewable,0.034608230734466776,0.0033296238211932816,0.002739269978894195,0.003958904413360492,raw_biopol,2050
raw_biopol|production|Baking||output rate,manufacturing,eutrophication: freshwater,0.02672361815459516,0.00210224261432868,0.0017158973008265428,0.0025120556302612915,raw_biopol,2050
raw_biopol|production|Baking||output rate,manufacturing,eutrophication: marine,0.004294266609448913,6.0247408910894444e-05,4.9483488437032486e-05,7.223583329773228e-05,raw_biopol,2050
raw_biopol|production|Baking||output rate,manufacturing,eutrophication: terrestrial,0.027617817873827052,0.002078543737635085,0.0016968941256001611,0.002471420648133166,raw_biopol,2050
raw_biopol|production|Baking||output rate,manufacturing,human toxicity: carcinogenic,0.03903784505223433,0.005124563445654555,0.0041176619804982224,0.006136493643859658,raw_biopol,2050
raw_biopol|production|Baking||output rate,manufacturing,"human toxicity: carcinogenic, inorganics",0.05129507134182641,0.007313164622324796,0.005962785460583751,0.008684164802398928,raw_biopol,2050
raw_biopol|production|Baking||output rate,manufacturing,"human toxicity: carcinogenic, organics",0.02685236846733285,0.0033765163975702575,0.0026143661154889196,0.0042032087624563905,raw_biopol,2050
raw_biopol|production|Baking||output rate,manufacturing,human toxicity: non-carcinogenic,0.044397968065329016,0.005561582362346975,0.0045335118468882545,0.006590452686481979,raw_biopol,2050
raw_biopol|production|Baking||output rate,manufacturing,"human toxicity: non-carcinogenic, inorganics",0.04414959782175859,0.005510301836461859,0.004491653491536141,0.00652945295110587,raw_biopol,2050
raw_biopol|production|Baking||output rate,manufacturing,"human toxicity: non-carcinogenic, organics",0.049442679851160694,0.006643530834611081,0.0054184387240650425,0.007878917723136841,raw_biopol,2050
raw_biopol|production|Baking||output rate,manufacturing,ionising radiation: human health,0.058929141974839325,0.00856474526057422,0.0070627153126589575,0.010114964215004024,raw_biopol,2050
raw_biopol|production|Baking||output rate,manufacturing,land use,0.009882195856169179,0.00030889646607138013,0.00025498459505442846,0.0003658900278439223,raw_biopol,2050
raw_biopol|production|Baking||output rate,manufacturing,material resources: metals/minerals,0.055124644148871145,0.010242097506300864,0.008112217193338865,0.012346400235669928,raw_biopol,2050
raw_biopol|production|Baking||output rate,manufacturing,ozone depletion,0.03773982152332898,0.0055838382681817735,0.004398049054454216,0.006774541493500316,raw_biopol,2050
raw_biopol|production|Baking||output rate,manufacturing,particulate matter formation,0.04049974058072716,0.005129541201810285,0.0041251469618670145,0.00611513175535671,raw_biopol,2050
raw_biopol|production|Baking||output rate,manufacturing,photochemical oxidant formation: human health,0.03281807163741421,0.003156242766299926,0.0025587238014253516,0.0037499808225925336,raw_biopol,2050
raw_biopol|production|Baking||output rate,manufacturing,water use,0.02566922352200076,0.0017797374040755141,0.0014680939890204172,0.002131214372629081,raw_biopol,2050
raw_biopol|production|Baking||machine lifetime,manufacturing,acidification,-0.002063445422539748,1.7553874932693047e-05,1.38770339278929e-05,2.1951936444924148e-05,raw_biopol,2050
raw_biopol|production|Baking||machine lifetime,manufacturing,climate change,-0.0022857559780876174,6.878828329834503e-05,5.251635889560341e-05,8.685455725841554e-05,raw_biopol,2050
raw_biopol|production|Baking||machine lifetime,manufacturing,climate change: biogenic,-9.274206024418293e-05,3.1327360376553396e-08,2.4832487470559105e-08,3.8481849193923126e-08,raw_biopol,2050
raw_biopol|production|Baking||machine lifetime,manufacturing,climate change: fossil,-0.0024501392178801844,2.6027851458509398e-05,2.054863745087293e-05,3.255684104645398e-05,raw_biopol,2050
raw_biopol|production|Baking||machine lifetime,manufacturing,climate change: land use and land use change,-0.0007541301473908154,2.70405951186608e-06,2.183975341625276e-06,3.33464436515086e-06,raw_biopol,2050
raw_biopol|production|Baking||machine lifetime,manufacturing,ecotoxicity: freshwater,-0.0020673433501362678,1.821220357102582e-05,1.437812384869751e-05,2.2821915826014164e-05,raw_biopol,2050
raw_biopol|production|Baking||machine lifetime,manufacturing,"ecotoxicity: freshwater, inorganics",-0.0026619421327455446,3.052310898068264e-05,2.4090492110514415e-05,3.814614294554398e-05,raw_biopol,2050
raw_biopol|production|Baking||machine lifetime,manufacturing,"ecotoxicity: freshwater, organics",-0.00014972474672072318,9.613378778959947e-08,7.561510746554417e-08,1.2045574793793767e-07,raw_biopol,2050
raw_biopol|production|Baking||machine lifetime,manufacturing,energy resources: non-renewable,-0.0019046549796755833,1.5711493395864325e-05,1.2402094736637293e-05,1.966228146013582e-05,raw_biopol,2050
raw_biopol|production|Baking||machine lifetime,manufacturing,eutrophication: freshwater,-0.002457882542375489,2.6106335461676575e-05,2.0598955712723684e-05,3.264470825012522e-05,raw_biopol,2050
raw_biopol|production|Baking||machine lifetime,manufacturing,eutrophication: marine,-0.00022912840123651037,2.15541001155113e-07,1.697042572378803e-07,2.6982835834956404e-07,raw_biopol,2050
raw_biopol|production|Baking||machine lifetime,manufacturing,eutrophication: terrestrial,-0.0010857905598493497,4.47444355848946e-06,3.558856914681985e-06,5.59405679319199e-06,raw_biopol,2050
raw_biopol|production|Baking||machine lifetime,manufacturing,human toxicity: carcinogenic,-0.003393419345604921,5.867445366359332e-05,4.5367334005479566e-05,7.441697472932435e-05,raw_biopol,2050
raw_biopol|production|Baking||machine lifetime,manufacturing,"human toxicity: carcinogenic, inorganics",-0.003754696385805505,6.602700627179094e-05,5.184989519777521e-05,8.271498655760951e-05,raw_biopol,2050
raw_biopol|production|Baking||machine lifetime,manufacturing,"human toxicity: carcinogenic, organics",-0.0029305509629954213,4.974809125330407e-05,3.778641133357097e-05,6.306608236404547e-05,raw_biopol,2050
raw_biopol|production|Baking||machine lifetime,manufacturing,human toxicity: non-carcinogenic,-0.003195605463838855,4.691144107203566e-05,3.687981586304455e-05,5.870870466843403e-05,raw_biopol,2050
raw_biopol|production|Baking||machine lifetime,manufacturing,"human toxicity: non-carcinogenic, inorganics",-0.003226292731255583,4.7879890966767154e-05,3.764761345557753e-05,5.9937440728916137e-05,raw_biopol,2050
raw_biopol|production|Baking||machine lifetime,manufacturing,"human toxicity: non-carcinogenic, organics",-0.002558963193863808,2.9347092230805064e-05,2.3019411787920312e-05,3.675427556861771e-05,raw_biopol,2050
raw_biopol|production|Baking||machine lifetime,manufacturing,ionising radiation: human health,-0.000649950009744826,1.861518035226429e-06,1.5009208298601585e-06,2.2921283287793214e-06,raw_biopol,2050
raw_biopol|production|Baking||machine lifetime,manufacturing,land use,-0.0001301825806667116,7.163072646484508e-08,5.649598781981181e-08,8.996916971913245e-08,raw_biopol,2050
raw_biopol|production|Baking||machine lifetime,manufacturing,material resources: metals/minerals,-0.001261145713409717,9.15528721197909e-06,6.899717935050287e-06,1.1542329474480751e-05,raw_biopol,2050
raw_biopol|production|Baking||machine lifetime,manufacturing,ozone depletion,-0.00076913364202672,3.3387885890093704e-06,2.527957346324003e-06,4.2111906147208535e-06,raw_biopol,2050
raw_biopol|production|Baking||machine lifetime,manufacturing,particulate matter formation,-0.002916554559290468,3.9474875922307067e-05,3.075760339962012e-05,4.988046316992045e-05,raw_biopol,2050
raw_biopol|production|Baking||machine lifetime,manufacturing,photochemical oxidant formation: human health,-0.001901571438317577,1.573656314530156e-05,1.2358863711431656e-05,1.9801407444504875e-05,raw_biopol,2050
raw_biopol|production|Baking||machine lifetime,manufacturing,water use,-0.0007541239526261305,2.3941836837278784e-06,1.8944965890009862e-06,2.975160415845056e-06,raw_biopol,2050
raw_biopol|production|Baking||process yield,manufacturing,acidification,0.027262911929319462,0.06750771246571252,0.05791700066388062,0.0797996250500857,raw_biopol,2050
raw_biopol|production|Baking||process yield,manufacturing,climate change,-0.011333702847257885,0.016259675617703077,0.013220477906028889,0.020540748788991137,raw_biopol,2050
raw_biopol|production|Baking||process yield,manufacturing,climate change: biogenic,-0.002003173886400864,0.00027670728396112594,0.00023863578635236073,0.00032113819517451506,raw_biopol,2050
raw_biopol|production|Baking||process yield,manufacturing,climate change: fossil,0.029487512864115745,0.0730259992908132,0.06264828975828372,0.08593416363028192,raw_biopol,2050
raw_biopol|production|Baking||process yield,manufacturing,climate change: land use and land use change,0.017571053800241713,0.06687356188084416,0.05770487658325068,0.07869622681578242,raw_biopol,2050
raw_biopol|production|Baking||process yield,manufacturing,ecotoxicity: freshwater,0.026426126696420804,0.0681616372319035,0.05848841192864999,0.08019333999186008,raw_biopol,2050
raw_biopol|production|Baking||process yield,manufacturing,"ecotoxicity: freshwater, inorganics",0.024831284931445447,0.06690651118227452,0.05715694542273176,0.07924567265772398,raw_biopol,2050
raw_biopol|production|Baking||process yield,manufacturing,"ecotoxicity: freshwater, organics",0.030323809545847884,0.06961174041347569,0.05940628476643427,0.08095735679652562,raw_biopol,2050
raw_biopol|production|Baking||process yield,manufacturing,energy resources: non-renewable,0.03221990540688375,0.0768745686928858,0.06620139146754099,0.09053616133309751,raw_biopol,2050
raw_biopol|production|Baking||process yield,manufacturing,eutrophication: freshwater,0.028945992800361777,0.07221238455391725,0.06190286179169608,0.0852381802930294,raw_biopol,2050
raw_biopol|production|Baking||process yield,manufacturing,eutrophication: marine,0.027539611001415432,0.06546001690551935,0.05581632335651542,0.07630853483423303,raw_biopol,2050
raw_biopol|production|Baking||process yield,manufacturing,eutrophication: terrestrial,0.022652453531099966,0.059239618627261716,0.05061458579670865,0.0699534783979689,raw_biopol,2050
raw_biopol|production|Baking||process yield,manufacturing,human toxicity: carcinogenic,0.03199431294759779,0.0716246257021038,0.06020836950433008,0.08578064687992783,raw_biopol,2050
raw_biopol|production|Baking||process yield,manufacturing,"human toxicity: carcinogenic, inorganics",0.030200475265557306,0.07626662037737768,0.06477659131067257,0.09013804874389209,raw_biopol,2050
raw_biopol|production|Baking||process yield,manufacturing,"human toxicity: carcinogenic, organics",0.03205494420729122,0.06470500142534365,0.05330203476776242,0.07808389683547573,raw_biopol,2050
raw_biopol|production|Baking||process yield,manufacturing,human toxicity: non-carcinogenic,0.03138511274934777,0.07693056161552893,0.06557968468362863,0.0910286073406854,raw_biopol,2050
raw_biopol|production|Baking||process yield,manufacturing,"human toxicity: non-carcinogenic, inorganics",0.03143100999758666,0.07707443272829767,0.06568684541177493,0.09117898184244795,raw_biopol,2050
raw_biopol|production|Baking||process yield,manufacturing,"human toxicity: non-carcinogenic, organics",0.03041082017016305,0.07391391263735878,0.06331490557176504,0.08784862068546853,raw_biopol,2050
raw_biopol|production|Baking||process yield,manufacturing,ionising radiation: human health,0.02429440742520939,0.07452305537179361,0.06416142359677147,0.08706488292915282,raw_biopol,2050
raw_biopol|production|Baking||process yield,manufacturing,land use,0.03287013479540156,0.07255244899766741,0.06192617250736039,0.08468206054711613,raw_biopol,2050
raw_biopol|production|Baking||process yield,manufacturing,material resources: metals/minerals,0.03497608717364143,0.06579771657699574,0.054555174862743874,0.07953489308667054,raw_biopol,2050
raw_biopol|production|Baking||process yield,manufacturing,ozone depletion,0.03718211404611945,0.06686565946844604,0.05549055735309151,0.08122863219624434,raw_biopol,2050
raw_biopol|production|Baking||process yield,manufacturing,particulate matter formation,0.029592356816794257,0.06710968349760138,0.05647392356465512,0.08057175698883794,raw_biopol,2050
raw_biopol|production|Baking||process yield,manufacturing,photochemical oxidant formation: human health,0.03151260836362564,0.07281762128029354,0.06242308939617562,0.08601375621126345,raw_biopol,2050
raw_biopol|production|Baking||process yield,manufacturing,water use,0.027254875194930205,0.07371676820188867,0.06392211605376528,0.08564377486400261,raw_biopol,2050
raw_biopol|production|Baking||machine source,manufacturing,acidification,0.01030621740579965,0.0010962753484142418,0.0009340863972975198,0.001263073303192831,raw_biopol,2050
raw_biopol|production|Baking||machine source,manufacturing,climate change,0.017427670320225144,0.004277568340293649,0.0036470285376024873,0.004979426068434169,raw_biopol,2050
raw_biopol|production|Baking||machine source,manufacturing,climate change: biogenic,0.0003310241248668649,1.962134777709738e-06,1.6850969947519584e-06,2.305653583723971e-06,raw_biopol,2050
raw_biopol|production|Baking||machine source,manufacturing,climate change: fossil,0.012764397453492405,0.0016184622608173605,0.0013776772178028343,0.001884691314724979,raw_biopol,2050
raw_biopol|production|Baking||machine source,manufacturing,climate change: land use and land use change,0.002650645329646871,0.00016941127187683987,0.00014712298397378604,0.0001956038039170811,raw_biopol,2050
raw_biopol|production|Baking||machine source,manufacturing,ecotoxicity: freshwater,0.010563279685953688,0.0011408269907944861,0.0009707846282927431,0.0013171637718038024,raw_biopol,2050
raw_biopol|production|Baking||machine source,manufacturing,"ecotoxicity: freshwater, inorganics",0.014066440710382289,0.0019120563250225849,0.0016251586395296014,0.002196876044007465,raw_biopol,2050
raw_biopol|production|Baking||machine source,manufacturing,"ecotoxicity: freshwater, organics",0.0006841225467765581,6.010765097158592e-06,5.145913508522282e-06,6.90003395350428e-06,raw_biopol,2050
raw_biopol|production|Baking||machine source,manufacturing,energy resources: non-renewable,0.009584969547736251,0.0009751355165874712,0.0008296800426200596,0.0011298972991664348,raw_biopol,2050
raw_biopol|production|Baking||machine source,manufacturing,eutrophication: freshwater,0.012899100064143933,0.0016367071384659141,0.001392597074689038,0.001900597498894928,raw_biopol,2050
raw_biopol|production|Baking||machine source,manufacturing,eutrophication: marine,0.001023538195062528,1.3321376918679599e-05,1.1381933175603796e-05,1.5336251654251715e-05,raw_biopol,2050
raw_biopol|production|Baking||machine source,manufacturing,eutrophication: terrestrial,0.004850524316963921,0.0002764220017649427,0.00023504643239094213,0.0003217241802580473,raw_biopol,2050
raw_biopol|production|Baking||machine source,manufacturing,human toxicity: carcinogenic,0.021074242157975504,0.0036755826240963854,0.0030923061074447935,0.004196630844411609,raw_biopol,2050
raw_biopol|production|Baking||machine source,manufacturing,"human toxicity: carcinogenic, inorganics",0.021853519033441567,0.004138513762551034,0.0035155598085864974,0.004739150054213714,raw_biopol,2050
raw_biopol|production|Baking||machine source,manufacturing,"human toxicity: carcinogenic, organics",0.019419549238821106,0.0031144510052368538,0.0025984546072280877,0.003620387806229289,raw_biopol,2050
raw_biopol|production|Baking||machine source,manufacturing,human toxicity: non-carcinogenic,0.0179879414484453,0.0029394753478090706,0.002498114761518114,0.0033727174683712284,raw_biopol,2050
raw_biopol|production|Baking||machine source,manufacturing,"human toxicity: non-carcinogenic, inorganics",0.018201978048766745,0.0030004892267204036,0.0025499286695259797,0.003443994119750427,raw_biopol,2050
raw_biopol|production|Baking||machine source,manufacturing,"human toxicity: non-carcinogenic, organics",0.013745522281669212,0.0018336435108052926,0.0015595622512288645,0.0020971472602097497,raw_biopol,2050
raw_biopol|production|Baking||machine source,manufacturing,ionising radiation: human health,0.002492355372931504,0.00011658985089760813,0.00010106635187507415,0.00013678770356696514,raw_biopol,2050
raw_biopol|production|Baking||machine source,manufacturing,land use,0.0005855091655115612,4.420414552860937e-06,3.771721408771402e-06,5.087157407671111e-06,raw_biopol,2050
raw_biopol|production|Baking||machine source,manufacturing,material resources: metals/minerals,0.007506572389131085,0.0005732942597469945,0.00047287911508580156,0.0006655565046685146,raw_biopol,2050
raw_biopol|production|Baking||machine source,manufacturing,ozone depletion,0.004446608403503754,0.00020710140875712465,0.00017093443760354094,0.000241224514562685,raw_biopol,2050
raw_biopol|production|Baking||machine source,manufacturing,particulate matter formation,0.016585929511224423,0.0024544145675353614,0.0020763362839318427,0.0028089109052862327,raw_biopol,2050
raw_biopol|production|Baking||machine source,manufacturing,photochemical oxidant formation: human health,0.009788381857773589,0.0009727779170568486,0.0008272463139947648,0.0011154041811010783,raw_biopol,2050
raw_biopol|production|Baking||machine source,manufacturing,water use,0.0032227629141901803,0.00015003537287257645,0.00012880450801431282,0.00017416779602045317,raw_biopol,2050
raw_biopol|repair|Mixing||machine weight,manufacturing,acidification,1.1477360357580016e-05,1.1500482927207062e-09,9.191755674919165e-10,1.458463762316057e-09,raw_biopol,2050
raw_biopol|repair|Mixing||machine weight,manufacturing,climate change,1.8017436967615602e-05,4.50667928172526e-09,3.614334303692204e-09,5.5174816410586734e-09,raw_biopol,2050
raw_biopol|repair|Mixing||machine weight,manufacturing,climate change: biogenic,4.937903621020666e-07,2.0524242835948338e-12,1.6091291653387435e-12,2.4622650746697346e-12,raw_biopol,2050
raw_biopol|repair|Mixing||machine weight,manufacturing,climate change: fossil,1.3532700733534042e-05,1.705220280609378e-09,1.357482645534667e-09,2.1349903718497314e-09,raw_biopol,2050
raw_biopol|repair|Mixing||machine weight,manufacturing,climate change: land use and land use change,4.604731023807213e-06,1.7715752227045732e-10,1.4194145740945266e-10,2.1865062247853993e-10,raw_biopol,2050
raw_biopol|repair|Mixing||machine weight,manufacturing,ecotoxicity: freshwater,1.1588762679210109e-05,1.1931796628841926e-09,9.538218240044353e-10,1.5063688950195796e-09,raw_biopol,2050
raw_biopol|repair|Mixing||machine weight,manufacturing,"ecotoxicity: freshwater, inorganics",1.4971637061096815e-05,1.999733467212841e-09,1.6004572509911764e-09,2.5331881943184792e-09,raw_biopol,2050
raw_biopol|repair|Mixing||machine weight,manufacturing,"ecotoxicity: freshwater, organics",8.29901339630082e-07,6.2982409558996615e-12,4.993989532886754e-12,7.85139709652143e-12,raw_biopol,2050
raw_biopol|repair|Mixing||machine weight,manufacturing,energy resources: non-renewable,1.0770310747205617e-05,1.029340481646043e-09,8.24622109440282e-10,1.3027537992799234e-09,raw_biopol,2050
raw_biopol|repair|Mixing||machine weight,manufacturing,eutrophication: freshwater,1.3741769581478655e-05,1.710366894809594e-09,1.3646831140589762e-09,2.154044836305979e-09,raw_biopol,2050
raw_biopol|repair|Mixing||machine weight,manufacturing,eutrophication: marine,1.2511116990857993e-06,1.4121140116391548e-11,1.1170228674302062e-11,1.762777615856619e-11,raw_biopol,2050
raw_biopol|repair|Mixing||machine weight,manufacturing,eutrophication: terrestrial,5.88104644043477e-06,2.931424373604246e-10,2.3362074227061404e-10,3.6922592600266803e-10,raw_biopol,2050
raw_biopol|repair|Mixing||machine weight,manufacturing,human toxicity: carcinogenic,1.880957357950135e-05,3.844079869406628e-09,3.0713050363812817e-09,4.8527667533643245e-09,raw_biopol,2050
raw_biopol|repair|Mixing||machine weight,manufacturing,"human toxicity: carcinogenic, inorganics",2.1415706138445867e-05,4.3257853995265834e-09,3.4601389545809362e-09,5.497875298240237e-09,raw_biopol,2050
raw_biopol|repair|Mixing||machine weight,manufacturing,"human toxicity: carcinogenic, organics",1.5740200942758335e-05,3.2592655056646233e-09,2.5687301010557783e-09,4.049231478924302e-09,raw_biopol,2050
raw_biopol|repair|Mixing||machine weight,manufacturing,human toxicity: non-carcinogenic,1.8182031056996245e-05,3.0734215426631143e-09,2.4561472172135644e-09,3.90089253623675e-09,raw_biopol,2050
raw_biopol|repair|Mixing||machine weight,manufacturing,"human toxicity: non-carcinogenic, inorganics",1.8354087650830114e-05,3.1368699406135735e-09,2.5063949857921026e-09,3.980562327375662e-09,raw_biopol,2050
raw_biopol|repair|Mixing||machine weight,manufacturing,"human toxicity: non-carcinogenic, organics",1.459496590094411e-05,1.922685344882577e-09,1.542492367146606e-09,2.4490282186241618e-09,raw_biopol,2050
raw_biopol|repair|Mixing||machine weight,manufacturing,ionising radiation: human health,3.955863713094676e-06,1.2195808276778548e-10,9.73248253757979e-11,1.508420166031648e-10,raw_biopol,2050
raw_biopol|repair|Mixing||machine weight,manufacturing,land use,7.197056399595438e-07,4.692869398886146e-12,3.718637519235245e-12,5.889340687318617e-12,raw_biopol,2050
raw_biopol|repair|Mixing||machine weight,manufacturing,material resources: metals/minerals,7.1234875505338455e-06,5.99812212289471e-10,4.766544024835481e-10,7.524408520560232e-10,raw_biopol,2050
raw_biopol|repair|Mixing||machine weight,manufacturing,ozone depletion,4.242906061308917e-06,2.187410547666135e-10,1.7328220481330319e-10,2.740558326543679e-10,raw_biopol,2050
raw_biopol|repair|Mixing||machine weight,manufacturing,particulate matter formation,1.591188105018231e-05,2.5862048343425136e-09,2.076177430173781e-09,3.2663851429979616e-09,raw_biopol,2050
raw_biopol|repair|Mixing||machine weight,manufacturing,photochemical oxidant formation: human health,1.0567237101934912e-05,1.0309790667664684e-09,8.241294660007578e-10,1.3050133419186914e-09,raw_biopol,2050
raw_biopol|repair|Mixing||machine weight,manufacturing,water use,4.368605122616652e-06,1.568558882525629e-10,1.2446125205168393e-10,1.9380127561765138e-10,raw_biopol,2050
raw_biopol|repair|Mixing||power,manufacturing,acidification,1.2953251839148898e-05,3.0438304787974157e-07,2.5476941916064695e-07,3.525722477915862e-07,raw_biopol,2050
raw_biopol|repair|Mixing||power,manufacturing,climate change,1.6218149415295908e-05,1.6162788937608418e-07,1.3576863656347735e-07,1.916254541403035e-07,raw_biopol,2050
raw_biopol|repair|Mixing||power,manufacturing,climate change: biogenic,-1.168037090588049e-06,1.2960410142813832e-09,1.1039990776051193e-09,1.525135671684518e-09,raw_biopol,2050
raw_biopol|repair|Mixing||power,manufacturing,climate change: fossil,4.380609631754673e-06,5.785509762026788e-08,4.803863248682899e-08,6.730450210347935e-08,raw_biopol,2050
raw_biopol|repair|Mixing||power,manufacturing,climate change: land use and land use change,-3.0223353083323475e-05,3.5924319370854875e-07,2.973249491554787e-07,4.2648591092495796e-07,raw_biopol,2050
raw_biopol|repair|Mixing||power,manufacturing,ecotoxicity: freshwater,7.191976197604059e-06,1.415032232610902e-07,1.1753991118198328e-07,1.6430044862169362e-07,raw_biopol,2050
raw_biopol|repair|Mixing||power,manufacturing,"ecotoxicity: freshwater, inorganics",1.107182823202207e-05,2.4065334210092114e-07,2.0004940089611733e-07,2.793901154278773e-07,raw_biopol,2050
raw_biopol|repair|Mixing||power,manufacturing,"ecotoxicity: freshwater, organics",3.198791423050168e-07,2.666899362534564e-10,2.1855093806479476e-10,3.139519524536812e-10,raw_biopol,2050
raw_biopol|repair|Mixing||power,manufacturing,energy resources: non-renewable,6.550201743559709e-06,2.1480781942735079e-07,1.8124904613616472e-07,2.4963279681699215e-07,raw_biopol,2050
raw_biopol|repair|Mixing||power,manufacturing,eutrophication: freshwater,6.682492722626083e-06,1.2696254290101187e-07,1.0559661214192029e-07,1.4741308399399322e-07,raw_biopol,2050
raw_biopol|repair|Mixing||power,manufacturing,eutrophication: marine,6.762247011983937e-07,3.947599888154029e-09,3.275227605162313e-09,4.590181579482758e-09,raw_biopol,2050
raw_biopol|repair|Mixing||power,manufacturing,eutrophication: terrestrial,4.611596208057283e-06,1.3884192451242837e-07,1.1666472266942358e-07,1.6048275838350805e-07,raw_biopol,2050
raw_biopol|repair|Mixing||power,manufacturing,human toxicity: carcinogenic,2.7153901200465943e-05,3.1421937467325924e-07,2.537385326868424e-07,3.7355693991782016e-07,raw_biopol,2050
raw_biopol|repair|Mixing||power,manufacturing,"human toxicity: carcinogenic, inorganics",1.8912964655805977e-05,4.534649485769061e-07,3.7755631416031086e-07,5.24810958627381e-07,raw_biopol,2050
raw_biopol|repair|Mixing||power,manufacturing,"human toxicity: carcinogenic, organics",3.412041092023236e-05,2.060064866662567e-07,1.560976786256695e-07,2.6228399536402795e-07,raw_biopol,2050
raw_biopol|repair|Mixing||power,manufacturing,human toxicity: non-carcinogenic,1.5279490122156507e-05,3.466449460037725e-07,2.8858687570647435e-07,4.0178267057854276e-07,raw_biopol,2050
raw_biopol|repair|Mixing||power,manufacturing,"human toxicity: non-carcinogenic, inorganics",1.5154305809898703e-05,3.427020565267273e-07,2.852824455476907e-07,3.9731517471230153e-07,raw_biopol,2050
raw_biopol|repair|Mixing||power,manufacturing,"human toxicity: non-carcinogenic, organics",1.7991534829773006e-05,4.307443884576605e-07,3.6009934325206515e-07,4.990750358074913e-07,raw_biopol,2050
raw_biopol|repair|Mixing||power,manufacturing,ionising radiation: human health,-1.2703718464911115e-05,5.972116800741891e-07,5.005936047677289e-07,7.038868958209354e-07,raw_biopol,2050
raw_biopol|repair|Mixing||power,manufacturing,land use,3.7298845638427404e-07,2.159404638595406e-08,1.813594459102095e-08,2.5187667788237108e-08,raw_biopol,2050
raw_biopol|repair|Mixing||power,manufacturing,material resources: metals/minerals,4.834676264310776e-05,7.04479092365633e-07,5.72959164764517e-07,8.500771230580109e-07,raw_biopol,2050
raw_biopol|repair|Mixing||power,manufacturing,ozone depletion,3.9724370716243023e-05,3.8797513403458593e-07,3.092766996354736e-07,4.7434167767476656e-07,raw_biopol,2050
raw_biopol|repair|Mixing||power,manufacturing,particulate matter formation,2.543570705065672e-05,3.235576428717103e-07,2.636595812285727e-07,3.8162804916835153e-07,raw_biopol,2050
raw_biopol|repair|Mixing||power,manufacturing,photochemical oxidant formation: human health,1.2399536417923997e-05,2.0354450754474962e-07,1.6910114544964794e-07,2.372245044705733e-07,raw_biopol,2050
raw_biopol|repair|Mixing||power,manufacturing,water use,-1.4235902640025709e-05,1.2008608384200487e-07,1.0017170589585654e-07,1.4161490709890861e-07,raw_biopol,2050
raw_biopol|repair|Mixing||output rate,manufacturing,acidification,-6.652078331379103e-05,2.9061669458546697e-07,2.474635202191747e-07,3.4130237144808375e-07,raw_biopol,2050
raw_biopol|repair|Mixing||output rate,manufacturing,climate change,-4.907806319226001e-05,1.7502987654693394e-07,1.4734414621991217e-07,2.0704030437351043e-07,raw_biopol,2050
raw_biopol|repair|Mixing||output rate,manufacturing,climate change: biogenic,-3.867805207777559e-06,1.2421386328939967e-09,1.0363014977598455e-09,1.4617669433092099e-09,raw_biopol,2050
raw_biopol|repair|Mixing||output rate,manufacturing,climate change: fossil,-3.996401808222774e-05,6.284799830751329e-08,5.383133585608995e-08,7.268651281706984e-08,raw_biopol,2050
raw_biopol|repair|Mixing||output rate,manufacturing,climate change: land use and land use change,-6.360312334801704e-05,3.4453289989553925e-07,2.9027841879559286e-07,4.070777938644177e-07,raw_biopol,2050
raw_biopol|repair|Mixing||output rate,manufacturing,ecotoxicity: freshwater,-5.155856294183242e-05,1.4005778796409342e-07,1.1960030479696097e-07,1.6290911166252328e-07,raw_biopol,2050
raw_biopol|repair|Mixing||output rate,manufacturing,"ecotoxicity: freshwater, inorganics",-6.692627507088816e-05,2.380301508242687e-07,2.0325733636532675e-07,2.7869522315606424e-07,raw_biopol,2050
raw_biopol|repair|Mixing||output rate,manufacturing,"ecotoxicity: freshwater, organics",-2.5677298091827317e-06,2.8126041496936796e-10,2.4051266328904355e-10,3.2428733234304675e-10,raw_biopol,2050
raw_biopol|repair|Mixing||output rate,manufacturing,energy resources: non-renewable,-6.035350771568391e-05,2.086190919540629e-07,1.782226945468165e-07,2.391795987024498e-07,raw_biopol,2050
raw_biopol|repair|Mixing||output rate,manufacturing,eutrophication: freshwater,-5.2107365523471457e-05,1.2932695700399573e-07,1.1073438004087607e-07,1.5069098186607136e-07,raw_biopol,2050
raw_biopol|repair|Mixing||output rate,manufacturing,eutrophication: marine,-7.651191276691936e-06,3.752218333510928e-09,3.1904666065358805e-09,4.2992026274520055e-09,raw_biopol,2050
raw_biopol|repair|Mixing||output rate,manufacturing,eutrophication: terrestrial,-4.178002299320446e-05,1.3059077815973135e-07,1.1102327934932e-07,1.5133057049536427e-07,raw_biopol,2050
raw_biopol|repair|Mixing||output rate,manufacturing,human toxicity: carcinogenic,-7.297769533009402e-05,3.0945985085208725e-07,2.5987579067879367e-07,3.715443270112019e-07,raw_biopol,2050
raw_biopol|repair|Mixing||output rate,manufacturing,"human toxicity: carcinogenic, inorganics",-9.339645567844449e-05,4.5239185582039667e-07,3.8358932122848685e-07,5.329432959009471e-07,raw_biopol,2050
raw_biopol|repair|Mixing||output rate,manufacturing,"human toxicity: carcinogenic, organics",-5.190411701560543e-05,1.9672735006601662e-07,1.5783257066689345e-07,2.3821308235547934e-07,raw_biopol,2050
raw_biopol|repair|Mixing||output rate,manufacturing,human toxicity: non-carcinogenic,-8.126628157400598e-05,3.442299641914964e-07,2.9230478062633493e-07,4.0395738454479615e-07,raw_biopol,2050
raw_biopol|repair|Mixing||output rate,manufacturing,"human toxicity: non-carcinogenic, inorganics",-8.114971506747954e-05,3.4090985286248494e-07,2.895803891092737e-07,4.0009415953596537e-07,raw_biopol,2050
raw_biopol|repair|Mixing||output rate,manufacturing,"human toxicity: non-carcinogenic, organics",-8.334130434231806e-05,4.144379072650141e-07,3.51000900898134e-07,4.856357835482302e-07,raw_biopol,2050
raw_biopol|repair|Mixing||output rate,manufacturing,ionising radiation: human health,-8.547366358847498e-05,5.609003811534848e-07,4.754806191478901e-07,6.563374804940347e-07,raw_biopol,2050
raw_biopol|repair|Mixing||output rate,manufacturing,land use,-1.5803100109533166e-05,1.9642423852671755e-08,1.6704899550514788e-08,2.262376959469197e-08,raw_biopol,2050
raw_biopol|repair|Mixing||output rate,manufacturing,material resources: metals/minerals,-7.553031529882675e-05,6.294691392264406e-07,5.254223327016625e-07,7.578490212695004e-07,raw_biopol,2050
raw_biopol|repair|Mixing||output rate,manufacturing,ozone depletion,-5.309215933797217e-05,3.3801824922439354e-07,2.820052641022613e-07,4.040831280962164e-07,raw_biopol,2050
raw_biopol|repair|Mixing||output rate,manufacturing,particulate matter formation,-6.898434306750682e-05,3.1222343159462113e-07,2.631341589861986e-07,3.7031258066202197e-07,raw_biopol,2050
raw_biopol|repair|Mixing||output rate,manufacturing,photochemical oxidant formation: human health,-5.672497949029959e-05,1.9547135173316548e-07,1.6522903630149002e-07,2.3057985652114324e-07,raw_biopol,2050
raw_biopol|repair|Mixing||output rate,manufacturing,water use,-4.142458030286433e-05,1.1609283736467645e-07,9.706176989052292e-08,1.3624379053725123e-07,raw_biopol,2050
raw_biopol|repair|Mixing||machine lifetime,manufacturing,acidification,5.409388121363475e-06,1.0063693549662664e-09,8.072095311398443e-10,1.2507652553644608e-09,raw_biopol,2050
raw_biopol|repair|Mixing||machine lifetime,manufacturing,climate change,6.61796400268705e-06,3.943650844189492e-09,3.1337254272795756e-09,4.9720147498612234e-09,raw_biopol,2050
raw_biopol|repair|Mixing||machine lifetime,manufacturing,climate change: biogenic,1.2280205460265047e-07,1.796008259895878e-12,1.4216459945985647e-12,2.2974417223691094e-12,raw_biopol,2050
raw_biopol|repair|Mixing||machine lifetime,manufacturing,climate change: fossil,6.343197192676291e-06,1.4921837290225604e-09,1.1928044806099691e-09,1.8443448221294719e-09,raw_biopol,2050
raw_biopol|repair|Mixing||machine lifetime,manufacturing,climate change: land use and land use change,2.0459338740259984e-06,1.5502465628089471e-10,1.2364169046745414e-10,1.9439124322188925e-10,raw_biopol,2050
raw_biopol|repair|Mixing||machine lifetime,manufacturing,ecotoxicity: freshwater,5.343977705405193e-06,1.0441118506498842e-09,8.366939362476781e-10,1.2930224351595432e-09,raw_biopol,2050
raw_biopol|repair|Mixing||machine lifetime,manufacturing,"ecotoxicity: freshwater, inorganics",6.8660707698597735e-06,1.7499002647074144e-09,1.4040000579622329e-09,2.175688387673745e-09,raw_biopol,2050
raw_biopol|repair|Mixing||machine lifetime,manufacturing,"ecotoxicity: freshwater, organics",3.892295286418659e-07,5.5113821229735435e-12,4.377324958663649e-12,6.808950773785684e-12,raw_biopol,2050
raw_biopol|repair|Mixing||machine lifetime,manufacturing,energy resources: non-renewable,5.057030189899509e-06,9.007435804343873e-10,7.215801638223356e-10,1.114832225193693e-09,raw_biopol,2050
raw_biopol|repair|Mixing||machine lifetime,manufacturing,eutrophication: freshwater,6.413812398861658e-06,1.496685162113949e-09,1.1981069883018658e-09,1.849721746400905e-09,raw_biopol,2050
raw_biopol|repair|Mixing||machine lifetime,manufacturing,eutrophication: marine,5.846411550217957e-07,1.235699306506608e-11,9.80131918511631e-12,1.5239412600312843e-11,raw_biopol,2050
raw_biopol|repair|Mixing||machine lifetime,manufacturing,eutrophication: terrestrial,2.759672484630948e-06,2.565203626675757e-10,2.0331555369655715e-10,3.1761799837094266e-10,raw_biopol,2050
raw_biopol|repair|Mixing||machine lifetime,manufacturing,human toxicity: carcinogenic,9.018240852983488e-06,3.3638264736572696e-09,2.6623207730905758e-09,4.196732979622044e-09,raw_biopol,2050
raw_biopol|repair|Mixing||machine lifetime,manufacturing,"human toxicity: carcinogenic, inorganics",1.0045182758704313e-05,3.785350891453745e-09,3.0245113508915646e-09,4.695195727251137e-09,raw_biopol,2050
raw_biopol|repair|Mixing||machine lifetime,manufacturing,"human toxicity: carcinogenic, organics",7.731961090689192e-06,2.8520749751188183e-09,2.2165058400543266e-09,3.5691906864613082e-09,raw_biopol,2050
raw_biopol|repair|Mixing||machine lifetime,manufacturing,human toxicity: non-carcinogenic,8.53941840665281e-06,2.6894489683385426e-09,2.155811372841132e-09,3.3327337506868204e-09,raw_biopol,2050
raw_biopol|repair|Mixing||machine lifetime,manufacturing,"human toxicity: non-carcinogenic, inorganics",8.62352604591002e-06,2.7449705409759513e-09,2.199991316272267e-09,3.4013721603748426e-09,raw_biopol,2050
raw_biopol|repair|Mixing||machine lifetime,manufacturing,"human toxicity: non-carcinogenic, organics",6.802070111314207e-06,1.6824784461602118e-09,1.3485535563661294e-09,2.093053980389665e-09,raw_biopol,2050
raw_biopol|repair|Mixing||machine lifetime,manufacturing,ionising radiation: human health,1.7926630845234434e-06,1.0672146401507804e-10,8.576582379851443e-11,1.3291863312664104e-10,raw_biopol,2050
raw_biopol|repair|Mixing||machine lifetime,manufacturing,land use,3.3617315221958373e-07,4.106595353459802e-12,3.2656706346700436e-12,5.071113220195755e-12,raw_biopol,2050
raw_biopol|repair|Mixing||machine lifetime,manufacturing,material resources: metals/minerals,3.5130429066464226e-06,5.248757337867185e-10,4.067363219201649e-10,6.574604707213758e-10,raw_biopol,2050
raw_biopol|repair|Mixing||machine lifetime,manufacturing,ozone depletion,2.105307566554558e-06,1.914134864695396e-10,1.4873265147845843e-10,2.3960607006788597e-10,raw_biopol,2050
raw_biopol|repair|Mixing||machine lifetime,manufacturing,particulate matter formation,7.633635826576554e-06,2.2631052021360944e-09,1.8055240662392998e-09,2.82299659647184e-09,raw_biopol,2050
raw_biopol|repair|Mixing||machine lifetime,manufacturing,photochemical oxidant formation: human health,4.987752852878453e-06,9.021792597117753e-10,7.234681206955007e-10,1.117940608344756e-09,raw_biopol,2050
raw_biopol|repair|Mixing||machine lifetime,manufacturing,water use,2.0063997947002246e-06,1.372593702221106e-10,1.0901216435938702e-10,1.7165492763940077e-10,raw_biopol,2050
raw_biopol|repair|Mixing||process yield,manufacturing,acidification,0.001354540035728184,0.0010100446709736506,0.0008725971726616882,0.0011863032663923868,raw_biopol,2050
raw_biopol|repair|Mixing||process yield,manufacturing,climate change,0.00028900802589783563,0.0013619479505205703,0.0011564373419858606,0.001574681897794014,raw_biopol,2050
raw_biopol|repair|Mixing||process yield,manufacturing,climate change: biogenic,9.477058789255305e-05,9.307466448405646e-06,7.842393007119209e-06,1.11208923980219e-05,raw_biopol,2050
raw_biopol|repair|Mixing||process yield,manufacturing,climate change: fossil,0.002491013885376013,0.0010994179093763987,0.0009440725609050635,0.0013003498142258334,raw_biopol,2050
raw_biopol|repair|Mixing||process yield,manufacturing,climate change: land use and land use change,0.001192284692235281,0.00022342925909432692,0.00018830603519428833,0.00026214211170618953,raw_biopol,2050
raw_biopol|repair|Mixing||process yield,manufacturing,ecotoxicity: freshwater,0.0015343307549962831,0.0005905884804883405,0.0005076505667443535,0.0006961403023836133,raw_biopol,2050
raw_biopol|repair|Mixing||process yield,manufacturing,"ecotoxicity: freshwater, inorganics",0.0010032710603873536,0.00035698085276710667,0.00030757917343318946,0.00042122764191690996,raw_biopol,2050
raw_biopol|repair|Mixing||process yield,manufacturing,"ecotoxicity: freshwater, organics",0.003692789681806415,0.001639321272950102,0.0014103839520787362,0.001923396304552962,raw_biopol,2050
raw_biopol|repair|Mixing||process yield,manufacturing,energy resources: non-renewable,0.0014105874148426453,0.0005464989253631901,0.000468408587145154,0.0006459148533524061,raw_biopol,2050
raw_biopol|repair|Mixing||process yield,manufacturing,eutrophication: freshwater,0.0018173485796607537,0.0007617308298106532,0.0006534174503882575,0.0008988924266127943,raw_biopol,2050
raw_biopol|repair|Mixing||process yield,manufacturing,eutrophication: marine,0.003943438668692203,0.0020779321214411074,0.0017926684632898469,0.0024307681742793473,raw_biopol,2050
raw_biopol|repair|Mixing||process yield,manufacturing,eutrophication: terrestrial,0.0031275559369277964,0.002477288464638205,0.0021363360977289412,0.002902110579740597,raw_biopol,2050
raw_biopol|repair|Mixing||process yield,manufacturing,human toxicity: carcinogenic,0.0005940697316792312,0.00022710762634546905,0.00019381638516574476,0.0002625919395137649,raw_biopol,2050
raw_biopol|repair|Mixing||process yield,manufacturing,"human toxicity: carcinogenic, inorganics",0.0004883709398467089,0.00010266945862175809,8.782949307398908e-05,0.000120930400001625,raw_biopol,2050
raw_biopol|repair|Mixing||process yield,manufacturing,"human toxicity: carcinogenic, organics",0.0006343374969454978,0.00038029872792934153,0.00032151900482197294,0.0004407644583599244,raw_biopol,2050
raw_biopol|repair|Mixing||process yield,manufacturing,human toxicity: non-carcinogenic,0.0007507878564807232,0.00019446441767142773,0.00016675011445138114,0.0002292301831541401,raw_biopol,2050
raw_biopol|repair|Mixing||process yield,manufacturing,"human toxicity: non-carcinogenic, inorganics",0.0007602887343650398,0.00019561985099981482,0.00016769330547359914,0.00023059449407365266,raw_biopol,2050
raw_biopol|repair|Mixing||process yield,manufacturing,"human toxicity: non-carcinogenic, organics",0.0005593978773422004,0.0001715144848318641,0.00014797683360603703,0.00020180677069522976,raw_biopol,2050
raw_biopol|repair|Mixing||process yield,manufacturing,ionising radiation: human health,0.0005861342131718649,9.596551645199172e-05,8.088262802320155e-05,0.00011385875983457186,raw_biopol,2050
raw_biopol|repair|Mixing||process yield,manufacturing,land use,0.0028618211983268463,0.0013145938155645076,0.0011334612958824122,0.001545796655876837,raw_biopol,2050
raw_biopol|repair|Mixing||process yield,manufacturing,material resources: metals/minerals,4.69753177357678e-06,2.0007162520100862e-05,1.6710496046016235e-05,2.338095868686453e-05,raw_biopol,2050
raw_biopol|repair|Mixing||process yield,manufacturing,ozone depletion,0.00022923674889368777,0.0002260864765991588,0.00018942198415857663,0.0002629425498367601,raw_biopol,2050
raw_biopol|repair|Mixing||process yield,manufacturing,particulate matter formation,0.0008611864134040165,0.0007624501722013349,0.0006508683422733264,0.0008870517065300404,raw_biopol,2050
raw_biopol|repair|Mixing||process yield,manufacturing,photochemical oxidant formation: human health,0.0014018855326090511,0.0007023107028906304,0.0006079459754625887,0.000826648516481665,raw_biopol,2050
raw_biopol|repair|Mixing||process yield,manufacturing,water use,0.002247791124941582,0.0007400968027944153,0.0006327196256866875,0.0008768840997147671,raw_biopol,2050
raw_biopol|repair|Mixing||machine source,manufacturing,acidification,4.006729875754315e-05,7.495262869025821e-08,6.489081041509235e-08,8.59052162311086e-08,raw_biopol,2050
raw_biopol|repair|Mixing||machine source,manufacturing,climate change,3.9028775654802946e-05,2.9245845213159314e-07,2.5105809081269935e-07,3.388188324600149e-07,raw_biopol,2050
raw_biopol|repair|Mixing||machine source,manufacturing,climate change: biogenic,1.1651246626116005e-06,1.341516614844482e-10,1.1546282834787998e-10,1.558805433428901e-10,raw_biopol,2050
raw_biopol|repair|Mixing||machine source,manufacturing,climate change: fossil,4.530302349453934e-05,1.1065468274892069e-07,9.474053536118136e-08,1.2706285637729784e-07,raw_biopol,2050
raw_biopol|repair|Mixing||machine source,manufacturing,climate change: land use and land use change,1.0782727422681904e-05,1.1582692409618702e-08,9.894013474364295e-09,1.3427946211668128e-08,raw_biopol,2050
raw_biopol|repair|Mixing||machine source,manufacturing,ecotoxicity: freshwater,3.910370180606561e-05,7.799863598550965e-08,6.666846845695346e-08,8.954147795911389e-08,raw_biopol,2050
raw_biopol|repair|Mixing||machine source,manufacturing,"ecotoxicity: freshwater, inorganics",5.1379303322989885e-05,1.307277847409439e-07,1.1255050293314616e-07,1.4985756436672858e-07,raw_biopol,2050
raw_biopol|repair|Mixing||machine source,manufacturing,"ecotoxicity: freshwater, organics",2.6521683141994642e-06,4.109575620060718e-10,3.5216040210471095e-10,4.763461956266526e-10,raw_biopol,2050
raw_biopol|repair|Mixing||machine source,manufacturing,energy resources: non-renewable,3.654827500707958e-05,6.667026710323308e-08,5.701508355047446e-08,7.68005483683753e-08,raw_biopol,2050
raw_biopol|repair|Mixing||machine source,manufacturing,eutrophication: freshwater,4.662857498307749e-05,1.1190208974560247e-07,9.57372835465156e-08,1.2840429466433916e-07,raw_biopol,2050
raw_biopol|repair|Mixing||machine source,manufacturing,eutrophication: marine,4.0062829028390515e-06,9.107859802488631e-10,7.808147877325507e-10,1.052569892713941e-09,raw_biopol,2050
raw_biopol|repair|Mixing||machine source,manufacturing,eutrophication: terrestrial,1.9462243522543023e-05,1.889904364818265e-08,1.6221629559289306e-08,2.176154216598676e-08,raw_biopol,2050
raw_biopol|repair|Mixing||machine source,manufacturing,human toxicity: carcinogenic,7.484121094903062e-05,2.513005332490386e-07,2.157031079846276e-07,2.883709415385448e-07,raw_biopol,2050
raw_biopol|repair|Mixing||machine source,manufacturing,"human toxicity: carcinogenic, inorganics",7.721642923672592e-05,2.829512547397148e-07,2.451738772534697e-07,3.2420375172569315e-07,raw_biopol,2050
raw_biopol|repair|Mixing||machine source,manufacturing,"human toxicity: carcinogenic, organics",6.929176933729466e-05,2.1293581955226654e-07,1.7773519688874566e-07,2.4685092689843047e-07,raw_biopol,2050
raw_biopol|repair|Mixing||machine source,manufacturing,human toxicity: non-carcinogenic,6.47590575961672e-05,2.0097268866549522e-07,1.733394310522872e-07,2.310747328857449e-07,raw_biopol,2050
raw_biopol|repair|Mixing||machine source,manufacturing,"human toxicity: non-carcinogenic, inorganics",6.536632299352933e-05,2.0514422332383567e-07,1.7689012856354664e-07,2.3582424316783017e-07,raw_biopol,2050
raw_biopol|repair|Mixing||machine source,manufacturing,"human toxicity: non-carcinogenic, organics",5.2073189809600736e-05,1.253666803823578e-07,1.0862837544751381e-07,1.4454741375865935e-07,raw_biopol,2050
raw_biopol|repair|Mixing||machine source,manufacturing,ionising radiation: human health,1.0747444897515059e-05,7.971278215844203e-09,6.819726261586828e-09,9.295155205010959e-09,raw_biopol,2050
raw_biopol|repair|Mixing||machine source,manufacturing,land use,2.35369641049539e-06,3.022248845760841e-10,2.5932944940340204e-10,3.4912607444801364e-10,raw_biopol,2050
raw_biopol|repair|Mixing||machine source,manufacturing,material resources: metals/minerals,3.1760477725926486e-05,3.91962765953189e-08,3.247703271435725e-08,4.624637225532566e-08,raw_biopol,2050
raw_biopol|repair|Mixing||machine source,manufacturing,ozone depletion,1.8852644554286716e-05,1.4159576801810733e-08,1.1757335165116358e-08,1.6627399180705614e-08,raw_biopol,2050
raw_biopol|repair|Mixing||machine source,manufacturing,particulate matter formation,6.172864240861502e-05,1.6780895784855413e-07,1.443996081070679e-07,1.9266139426902334e-07,raw_biopol,2050
raw_biopol|repair|Mixing||machine source,manufacturing,photochemical oxidant formation: human health,3.745328338073906e-05,6.65090774144812e-08,5.733320745269134e-08,7.655165563019987e-08,raw_biopol,2050
raw_biopol|repair|Mixing||machine source,manufacturing,water use,1.2665816788491113e-05,1.0257957190762493e-08,8.802962282122176e-09,1.1818659234585929e-08,raw_biopol,2050
raw_biopol|repair|3D printing||machine weight,manufacturing,acidification,0.00048040557931817567,4.063166270166163e-06,3.2150015392644033e-06,4.922371698015363e-06,raw_biopol,2050
raw_biopol|repair|3D printing||machine weight,manufacturing,climate change,0.0007965302294187133,1.5922325175374238e-05,1.2355303344316423e-05,1.9463087392987625e-05,raw_biopol,2050
raw_biopol|repair|3D printing||machine weight,manufacturing,climate change: biogenic,1.9809606059092482e-05,7.251289988180922e-09,5.722913254657478e-09,9.037887316554817e-09,raw_biopol,2050
raw_biopol|repair|3D printing||machine weight,manufacturing,climate change: fossil,0.0005839323577950633,6.024629485554276e-06,4.782239992416901e-06,7.327546427928923e-06,raw_biopol,2050
raw_biopol|repair|3D printing||machine weight,manufacturing,climate change: land use and land use change,0.000147838547661892,6.259039766358973e-07,4.975547755274223e-07,7.829245016147289e-07,raw_biopol,2050
raw_biopol|repair|3D printing||machine weight,manufacturing,ecotoxicity: freshwater,0.0004923941746953725,4.215547276234461e-06,3.3372032689396933e-06,5.11141042504872e-06,raw_biopol,2050
raw_biopol|repair|3D printing||machine weight,manufacturing,"ecotoxicity: freshwater, inorganics",0.0006310367788962203,7.065131258954594e-06,5.588085547432857e-06,8.548090080065953e-06,raw_biopol,2050
raw_biopol|repair|3D printing||machine weight,manufacturing,"ecotoxicity: freshwater, organics",3.617276099552981e-05,2.2251924788605682e-08,1.770837627299778e-08,2.721472344470845e-08,raw_biopol,2050
raw_biopol|repair|3D printing||machine weight,manufacturing,energy resources: non-renewable,0.00045099722125346896,3.636719173269063e-06,2.882659485688582e-06,4.422009567043997e-06,raw_biopol,2050
raw_biopol|repair|3D printing||machine weight,manufacturing,eutrophication: freshwater,0.0005854058579978346,6.042788198439603e-06,4.791912923868993e-06,7.328197047485285e-06,raw_biopol,2050
raw_biopol|repair|3D printing||machine weight,manufacturing,eutrophication: marine,5.435884146181931e-05,4.989109158805644e-08,3.977741729948421e-08,6.098174020244095e-08,raw_biopol,2050
raw_biopol|repair|3D printing||machine weight,manufacturing,eutrophication: terrestrial,0.00024615802086984655,1.0356958639620456e-06,8.212277503980521e-07,1.259903987949018e-06,raw_biopol,2050
raw_biopol|repair|3D printing||machine weight,manufacturing,human toxicity: carcinogenic,0.0008592263743800677,1.3581274330156072e-05,1.0619721003627554e-05,1.6242224602702063e-05,raw_biopol,2050
raw_biopol|repair|3D printing||machine weight,manufacturing,"human toxicity: carcinogenic, inorganics",0.0008968760835760804,1.5283156703071457e-05,1.2027857565437809e-05,1.8441368718299737e-05,raw_biopol,2050
raw_biopol|repair|3D printing||machine weight,manufacturing,"human toxicity: carcinogenic, organics",0.0007869151367453815,1.151510503466676e-05,8.760374100532478e-06,1.3808226834284346e-05,raw_biopol,2050
raw_biopol|repair|3D printing||machine weight,manufacturing,human toxicity: non-carcinogenic,0.0007669128455668717,1.0858510043100936e-05,8.578352238981933e-06,1.3138728555252272e-05,raw_biopol,2050
raw_biopol|repair|3D printing||machine weight,manufacturing,"human toxicity: non-carcinogenic, inorganics",0.0007744790252243532,1.108267542750054e-05,8.756077503725753e-06,1.3407622249506081e-05,raw_biopol,2050
raw_biopol|repair|3D printing||machine weight,manufacturing,"human toxicity: non-carcinogenic, organics",0.0006109272783036806,6.7929222348508825e-06,5.357765662696057e-06,8.217274256593904e-06,raw_biopol,2050
raw_biopol|repair|3D printing||machine weight,manufacturing,ionising radiation: human health,0.00013453172098872013,4.3088236437326773e-07,3.40384776042764e-07,5.392324703449869e-07,raw_biopol,2050
raw_biopol|repair|3D printing||machine weight,manufacturing,land use,3.132312004714749e-05,1.6580316711656064e-08,1.3194765631645273e-08,2.0311825383133897e-08,raw_biopol,2050
raw_biopol|repair|3D printing||machine weight,manufacturing,material resources: metals/minerals,0.00033486307095487725,2.1191585398796e-06,1.6082685537522206e-06,2.559577302142085e-06,raw_biopol,2050
raw_biopol|repair|3D printing||machine weight,manufacturing,ozone depletion,0.00020741576405849667,7.728252730296333e-07,5.880221425264898e-07,9.384353120814967e-07,raw_biopol,2050
raw_biopol|repair|3D printing||machine weight,manufacturing,particulate matter formation,0.0007130873349465678,9.137193210704349e-06,7.195770153113465e-06,1.095825746988662e-05,raw_biopol,2050
raw_biopol|repair|3D printing||machine weight,manufacturing,photochemical oxidant formation: human health,0.00045793652921877583,3.6425284768379416e-06,2.8813385675647657e-06,4.409920934666832e-06,raw_biopol,2050
raw_biopol|repair|3D printing||machine weight,manufacturing,water use,0.00016868331670244358,5.54177550311844e-07,4.375153999288685e-07,6.847376563927959e-07,raw_biopol,2050
raw_biopol|repair|3D printing||power,manufacturing,acidification,0.004259379078677546,0.0006237889564853404,0.0005210658940880679,0.0007435380975638774,raw_biopol,2050
raw_biopol|repair|3D printing||power,manufacturing,climate change,0.0020980410934673776,0.00032920145587330514,0.0002744401044862413,0.0003924225062125646,raw_biopol,2050
raw_biopol|repair|3D printing||power,manufacturing,climate change: biogenic,0.0002960837378813422,2.8479218870168045e-06,2.37563475809584e-06,3.387091710444998e-06,raw_biopol,2050
raw_biopol|repair|3D printing||power,manufacturing,climate change: fossil,0.001627631122277581,0.00011710344021632496,9.840077119053695e-05,0.0001390675695307567,raw_biopol,2050
raw_biopol|repair|3D printing||power,manufacturing,climate change: land use and land use change,0.00779527372677326,0.0008296382617199203,0.0007012754336155032,0.0009846924231572895,raw_biopol,2050
raw_biopol|repair|3D printing||power,manufacturing,ecotoxicity: freshwater,0.0027755487817913253,0.00028948820121624507,0.00024287334401681761,0.0003439860992644997,raw_biopol,2050
raw_biopol|repair|3D printing||power,manufacturing,"ecotoxicity: freshwater, inorganics",0.003635701922255834,0.0004924726970692277,0.0004120569990789654,0.0005831553131875244,raw_biopol,2050
raw_biopol|repair|3D printing||power,manufacturing,"ecotoxicity: freshwater, organics",0.00010257996085437292,5.305071193309262e-07,4.4812330405581607e-07,6.279284863903952e-07,raw_biopol,2050
raw_biopol|repair|3D printing||power,manufacturing,energy resources: non-renewable,0.0038363775566246407,0.0004478481440568826,0.00037565917719852205,0.0005289449018646683,raw_biopol,2050
raw_biopol|repair|3D printing||power,manufacturing,eutrophication: freshwater,0.0025744512404978865,0.00025934376054162196,0.00021773404691419136,0.00030841124282214827,raw_biopol,2050
raw_biopol|repair|3D printing||power,manufacturing,eutrophication: marine,0.00044479028595454935,8.036236935074847e-06,6.78729043760841e-06,9.507653076161537e-06,raw_biopol,2050
raw_biopol|repair|3D printing||power,manufacturing,eutrophication: terrestrial,0.002984577858204408,0.00028689150334658284,0.00023954260153297556,0.00034154991636697136,raw_biopol,2050
raw_biopol|repair|3D printing||power,manufacturing,human toxicity: carcinogenic,0.0027161814503629685,0.0006021092234388206,0.0005076202166172427,0.0007116035360190543,raw_biopol,2050
raw_biopol|repair|3D printing||power,manufacturing,"human toxicity: carcinogenic, inorganics",0.00500520392258143,0.0009295496200391868,0.0007775811530008733,0.001092841593980362,raw_biopol,2050
raw_biopol|repair|3D printing||power,manufacturing,"human toxicity: carcinogenic, organics",0.0006302001573879366,0.0003521798052352752,0.00028227673697938673,0.00044196039783636756,raw_biopol,2050
raw_biopol|repair|3D printing||power,manufacturing,human toxicity: non-carcinogenic,0.00437914758873833,0.0007099411021642362,0.0005937233984012067,0.0008391764309064686,raw_biopol,2050
raw_biopol|repair|3D printing||power,manufacturing,"human toxicity: non-carcinogenic, inorganics",0.004343901909137077,0.0007017301238786877,0.0005867580167791768,0.0008293245233656107,raw_biopol,2050
raw_biopol|repair|3D printing||power,manufacturing,"human toxicity: non-carcinogenic, organics",0.00510304664304254,0.000885251262953084,0.0007410319651943218,0.0010502030349162058,raw_biopol,2050
raw_biopol|repair|3D printing||power,manufacturing,ionising radiation: human health,0.009400851942781232,0.0013420284275782277,0.0011260387091000384,0.0015963019945555955,raw_biopol,2050
raw_biopol|repair|3D printing||power,manufacturing,land use,0.0011893863035505484,4.509161633544136e-05,3.8051051307689866e-05,5.321973197951992e-05,raw_biopol,2050
raw_biopol|repair|3D printing||power,manufacturing,material resources: metals/minerals,0.004428787799396483,0.001356020177387167,0.001129154008207843,0.00164883018100776,raw_biopol,2050
raw_biopol|repair|3D printing||power,manufacturing,ozone depletion,0.0023977266570668213,0.0007142636580039504,0.000585952731369721,0.0008641802005612202,raw_biopol,2050
raw_biopol|repair|3D printing||power,manufacturing,particulate matter formation,0.0030587259218645964,0.0006273561993257531,0.0005257325411946191,0.0007375800000553686,raw_biopol,2050
raw_biopol|repair|3D printing||power,manufacturing,photochemical oxidant formation: human health,0.0031629832147389452,0.0004108852709573707,0.0003438824637618021,0.00048809254105931327,raw_biopol,2050
raw_biopol|repair|3D printing||power,manufacturing,water use,0.004139364212151139,0.00027202752969403716,0.00022990510409432138,0.00032359800641025473,raw_biopol,2050
raw_biopol|repair|3D printing||output rate,manufacturing,acidification,0.003630528494950225,0.0006884954731456877,0.000595291798705977,0.0007895189237623106,raw_biopol,2050
raw_biopol|repair|3D printing||output rate,manufacturing,climate change,0.0018779496643253216,0.000445718727015946,0.0003851065703369961,0.0005203575580616222,raw_biopol,2050
raw_biopol|repair|3D printing||output rate,manufacturing,climate change: biogenic,0.0001174527349163322,2.935377851224336e-06,2.5807077111610483e-06,3.374811677500624e-06,raw_biopol,2050
raw_biopol|repair|3D printing||output rate,manufacturing,climate change: fossil,0.0018891994303875438,0.00016039168178537568,0.00013539957983234777,0.00018516120258510997,raw_biopol,2050
raw_biopol|repair|3D printing||output rate,manufacturing,climate change: land use and land use change,0.0015272219250204908,0.0008117212565331083,0.0006908432828586494,0.000959614656206662,raw_biopol,2050
raw_biopol|repair|3D printing||output rate,manufacturing,ecotoxicity: freshwater,0.00251913325768116,0.00033894946583823166,0.00029379899217463575,0.00039244947297717946,raw_biopol,2050
raw_biopol|repair|3D printing||output rate,manufacturing,"ecotoxicity: freshwater, inorganics",0.0033942791012546796,0.000575806052038512,0.0005004912105837596,0.0006659086825651237,raw_biopol,2050
raw_biopol|repair|3D printing||output rate,manufacturing,"ecotoxicity: freshwater, organics",0.00011993391028441957,7.07182573735861e-07,6.024905285361398e-07,8.170552772769452e-07,raw_biopol,2050
raw_biopol|repair|3D printing||output rate,manufacturing,energy resources: non-renewable,0.0028735653102504965,0.00049858279416792,0.0004329405814406518,0.0005765202233328244,raw_biopol,2050
raw_biopol|repair|3D printing||output rate,manufacturing,eutrophication: freshwater,0.002506225357115762,0.0003182469799853319,0.00027336827698247777,0.00036911498706498306,raw_biopol,2050
raw_biopol|repair|3D printing||output rate,manufacturing,eutrophication: marine,0.00035236436333256643,8.86852128975391e-06,7.628800318343982e-06,1.0196706701190902e-05,raw_biopol,2050
raw_biopol|repair|3D printing||output rate,manufacturing,eutrophication: terrestrial,0.0022288146976711344,0.0003064378214986704,0.00026380726363197266,0.0003508498401975115,raw_biopol,2050
raw_biopol|repair|3D printing||output rate,manufacturing,human toxicity: carcinogenic,0.004121767192033424,0.0007502097271672475,0.000628536046654336,0.0008704437515245943,raw_biopol,2050
raw_biopol|repair|3D printing||output rate,manufacturing,"human toxicity: carcinogenic, inorganics",0.004847898003520242,0.0010997050902186167,0.0009513020969863622,0.0012690206198637181,raw_biopol,2050
raw_biopol|repair|3D printing||output rate,manufacturing,"human toxicity: carcinogenic, organics",0.0033552454294396633,0.00047204628242,0.00037894151108002323,0.0005578525362534776,raw_biopol,2050
raw_biopol|repair|3D printing||output rate,manufacturing,human toxicity: non-carcinogenic,0.004121674831643432,0.0008345877445881747,0.000723181504784762,0.0009633898070053054,raw_biopol,2050
raw_biopol|repair|3D printing||output rate,manufacturing,"human toxicity: non-carcinogenic, inorganics",0.0041086429707843835,0.0008273895112359669,0.0007164218336925937,0.0009554312971404626,raw_biopol,2050
raw_biopol|repair|3D printing||output rate,manufacturing,"human toxicity: non-carcinogenic, organics",0.00439374063400593,0.0009861214443022217,0.000856012594748314,0.0011344291323486272,raw_biopol,2050
raw_biopol|repair|3D printing||output rate,manufacturing,ionising radiation: human health,0.003563514258048769,0.0013077405729852044,0.0011330904694738166,0.0015181952030842373,raw_biopol,2050
raw_biopol|repair|3D printing||output rate,manufacturing,land use,0.0006735556790929644,4.515022181137873e-05,3.8995723752649726e-05,5.217513694383077e-05,raw_biopol,2050
raw_biopol|repair|3D printing||output rate,manufacturing,material resources: metals/minerals,0.004983182475169438,0.0014386389670070223,0.0012134365079902916,0.0016729271926532207,raw_biopol,2050
raw_biopol|repair|3D printing||output rate,manufacturing,ozone depletion,0.0035782528012020683,0.0007624723559036719,0.0006316335922328587,0.0008887985157801649,raw_biopol,2050
raw_biopol|repair|3D printing||output rate,manufacturing,particulate matter formation,0.004101154481252287,0.0007471103022023221,0.0006290313803471049,0.0008636379469392976,raw_biopol,2050
raw_biopol|repair|3D printing||output rate,manufacturing,photochemical oxidant formation: human health,0.002971212912754622,0.0004650823640620809,0.0004003329294041841,0.0005365579942571991,raw_biopol,2050
raw_biopol|repair|3D printing||output rate,manufacturing,water use,0.0011220701183023677,0.00027516531187528527,0.00023602534260325014,0.00031812392214598773,raw_biopol,2050
raw_biopol|repair|3D printing||machine lifetime,manufacturing,acidification,-0.0016090059268805512,4.690628870650507e-06,3.603486741430638e-06,5.868332655908037e-06,raw_biopol,2050
raw_biopol|repair|3D printing||machine lifetime,manufacturing,climate change,-0.002306506273040785,1.83811180546869e-05,1.4212758266417834e-05,2.293269143918758e-05,raw_biopol,2050
raw_biopol|repair|3D printing||machine lifetime,manufacturing,climate change: biogenic,-7.165042924785434e-05,8.371090896218504e-09,6.393659973636942e-09,1.0522408425531366e-08,raw_biopol,2050
raw_biopol|repair|3D printing||machine lifetime,manufacturing,climate change: fossil,-0.0019589739897185967,6.954978064634812e-06,5.390375829325124e-06,8.731881955954503e-06,raw_biopol,2050
raw_biopol|repair|3D printing||machine lifetime,manufacturing,climate change: land use and land use change,-0.0005685794666070377,7.225609842939327e-07,5.658838187378774e-07,9.13952140695762e-07,raw_biopol,2050
raw_biopol|repair|3D printing||machine lifetime,manufacturing,ecotoxicity: freshwater,-0.0016451327520003113,4.866545118429342e-06,3.747933301436904e-06,6.1287091816819314e-06,raw_biopol,2050
raw_biopol|repair|3D printing||machine lifetime,manufacturing,"ecotoxicity: freshwater, inorganics",-0.0021216797709542067,8.156184216636152e-06,6.254194691082241e-06,1.0262699421134342e-05,raw_biopol,2050
raw_biopol|repair|3D printing||machine lifetime,manufacturing,"ecotoxicity: freshwater, organics",-0.00011862257050770097,2.5688232498913066e-08,1.984936511492054e-08,3.238110454429785e-08,raw_biopol,2050
raw_biopol|repair|3D printing||machine lifetime,manufacturing,energy resources: non-renewable,-0.001513767203098769,4.198310052660508e-06,3.251300405106064e-06,5.302906972789082e-06,raw_biopol,2050
raw_biopol|repair|3D printing||machine lifetime,manufacturing,eutrophication: freshwater,-0.0019598303877456963,6.975963298476106e-06,5.385006538637594e-06,8.76894510027587e-06,raw_biopol,2050
raw_biopol|repair|3D printing||machine lifetime,manufacturing,eutrophication: marine,-0.0001800307455688857,5.759512824399247e-08,4.443850677534831e-08,7.244138033330431e-08,raw_biopol,2050
raw_biopol|repair|3D printing||machine lifetime,manufacturing,eutrophication: terrestrial,-0.0008308555493209937,1.1956243343294575e-06,9.238338588773186e-07,1.4910268642873964e-06,raw_biopol,2050
raw_biopol|repair|3D printing||machine lifetime,manufacturing,human toxicity: carcinogenic,-0.002774812486478628,1.5678601204739026e-05,1.2092827061239057e-05,1.9526413081924473e-05,raw_biopol,2050
raw_biopol|repair|3D printing||machine lifetime,manufacturing,"human toxicity: carcinogenic, inorganics",-0.0030298874051791092,1.7643302353065826e-05,1.3546364796559515e-05,2.218593087096296e-05,raw_biopol,2050
raw_biopol|repair|3D printing||machine lifetime,manufacturing,"human toxicity: carcinogenic, organics",-0.0024299248509904955,1.3293356775398792e-05,1.0344625429856736e-05,1.6574769643803107e-05,raw_biopol,2050
raw_biopol|repair|3D printing||machine lifetime,manufacturing,human toxicity: non-carcinogenic,-0.0025729987328678627,1.2535366599863106e-05,9.628289284166883e-06,1.5780105177743093e-05,raw_biopol,2050
raw_biopol|repair|3D printing||machine lifetime,manufacturing,"human toxicity: non-carcinogenic, inorganics",-0.0025988305426039434,1.2794149468998403e-05,9.827131298787443e-06,1.6104888029555757e-05,raw_biopol,2050
raw_biopol|repair|3D printing||machine lifetime,manufacturing,"human toxicity: non-carcinogenic, organics",-0.0020428769907763597,7.84193416189127e-06,6.0224799166914626e-06,9.88296524639283e-06,raw_biopol,2050
raw_biopol|repair|3D printing||machine lifetime,manufacturing,ionising radiation: human health,-0.0004941079361807151,4.974225872158784e-07,3.867615832537748e-07,6.206713573968181e-07,raw_biopol,2050
raw_biopol|repair|3D printing||machine lifetime,manufacturing,land use,-0.0001027608204740247,1.914056214427126e-08,1.4767596759127895e-08,2.4120333457652365e-08,raw_biopol,2050
raw_biopol|repair|3D printing||machine lifetime,manufacturing,material resources: metals/minerals,-0.0010225191177177903,2.44641550395574e-06,1.90352574267609e-06,3.092909385733185e-06,raw_biopol,2050
raw_biopol|repair|3D printing||machine lifetime,manufacturing,ozone depletion,-0.0006252452937091761,8.921663133680837e-07,6.952114834404554e-07,1.1286258855937551e-06,raw_biopol,2050
raw_biopol|repair|3D printing||machine lifetime,manufacturing,particulate matter formation,-0.0023232613793648608,1.054819626879969e-05,8.124856810291618e-06,1.3098293501925877e-05,raw_biopol,2050
raw_biopol|repair|3D printing||machine lifetime,manufacturing,photochemical oxidant formation: human health,-0.0015137853488149569,4.20499812252482e-06,3.234777294181208e-06,5.278623079060393e-06,raw_biopol,2050
raw_biopol|repair|3D printing||machine lifetime,manufacturing,water use,-0.0005867448940317998,6.397580128024545e-07,4.930541199730674e-07,8.002077813608087e-07,raw_biopol,2050
raw_biopol|repair|3D printing||process yield,manufacturing,acidification,0.02570308457152892,0.003683351468816825,0.003135881672596906,0.00429527356832801,raw_biopol,2050
raw_biopol|repair|3D printing||process yield,manufacturing,climate change,0.016365339218232917,0.0039808966047147724,0.0033013942706294095,0.0046605976899187825,raw_biopol,2050
raw_biopol|repair|3D printing||process yield,manufacturing,climate change: biogenic,0.002025080154729891,2.7050956349207353e-05,2.3565432839996174e-05,3.1908642446830916e-05,raw_biopol,2050
raw_biopol|repair|3D printing||process yield,manufacturing,climate change: fossil,0.021177680921467535,0.0026673982251194574,0.0022629615524131495,0.0031047803942258457,raw_biopol,2050
raw_biopol|repair|3D printing||process yield,manufacturing,climate change: land use and land use change,0.014995972231992718,0.0017156335578876341,0.0014633399788304537,0.0020113568702751906,raw_biopol,2050
raw_biopol|repair|3D printing||process yield,manufacturing,ecotoxicity: freshwater,0.018391301664966393,0.0020348705738488467,0.00172503661333962,0.0023712550329190543,raw_biopol,2050
raw_biopol|repair|3D printing||process yield,manufacturing,"ecotoxicity: freshwater, inorganics",0.01736560431687579,0.0018240157051902454,0.0015402404297954597,0.002122147198661093,raw_biopol,2050
raw_biopol|repair|3D printing||process yield,manufacturing,"ecotoxicity: freshwater, organics",0.020658436698910883,0.002674297932179076,0.0022884464367316764,0.0031124072647647516,raw_biopol,2050
raw_biopol|repair|3D printing||process yield,manufacturing,energy resources: non-renewable,0.019172316934182105,0.002220224097675958,0.0018814297999486316,0.002582342517961588,raw_biopol,2050
raw_biopol|repair|3D printing||process yield,manufacturing,eutrophication: freshwater,0.019951852654236962,0.0023793123534611915,0.0020174541100344023,0.002779259735331311,raw_biopol,2050
raw_biopol|repair|3D printing||process yield,manufacturing,eutrophication: marine,0.02464021737264625,0.0035763100224125064,0.0030365292076723334,0.00415722941174313,raw_biopol,2050
raw_biopol|repair|3D printing||process yield,manufacturing,eutrophication: terrestrial,0.0337357230885292,0.005848055148788939,0.004971285900169772,0.00677432607876263,raw_biopol,2050
raw_biopol|repair|3D printing||process yield,manufacturing,human toxicity: carcinogenic,0.015229368619203916,0.0016231530486075082,0.0013741007008667829,0.0019220494573796822,raw_biopol,2050
raw_biopol|repair|3D printing||process yield,manufacturing,"human toxicity: carcinogenic, inorganics",0.015363585858069994,0.0015172629025791,0.0012840065712774946,0.0017791550042177931,raw_biopol,2050
raw_biopol|repair|3D printing||process yield,manufacturing,"human toxicity: carcinogenic, organics",0.014424810702773285,0.0016654877456900618,0.001391558785727493,0.0019760677399564804,raw_biopol,2050
raw_biopol|repair|3D printing||process yield,manufacturing,human toxicity: non-carcinogenic,0.016035244328718258,0.0016287339498335229,0.0013756914727781034,0.0019091956772924034,raw_biopol,2050
raw_biopol|repair|3D printing||process yield,manufacturing,"human toxicity: non-carcinogenic, inorganics",0.01601001663061272,0.0016247394741657698,0.0013722509359024295,0.0019047661904410288,raw_biopol,2050
raw_biopol|repair|3D printing||process yield,manufacturing,"human toxicity: non-carcinogenic, organics",0.01651789639346112,0.0017080902070829387,0.00144633239863722,0.0019972555262224557,raw_biopol,2050
raw_biopol|repair|3D printing||process yield,manufacturing,ionising radiation: human health,0.015949363997592888,0.0017022546270637623,0.001445860832333339,0.00198697157539966,raw_biopol,2050
raw_biopol|repair|3D printing||process yield,manufacturing,land use,0.020571168857230725,0.0026047288377016296,0.002220888556328719,0.003029102201301912,raw_biopol,2050
raw_biopol|repair|3D printing||process yield,manufacturing,material resources: metals/minerals,0.012060383133483357,0.001258156179753923,0.0010413352314127423,0.0014944361111042263,raw_biopol,2050
raw_biopol|repair|3D printing||process yield,manufacturing,ozone depletion,0.01405675650381566,0.0016208506550854636,0.001342062112198894,0.001924198727882748,raw_biopol,2050
raw_biopol|repair|3D printing||process yield,manufacturing,particulate matter formation,0.022769257816961114,0.003137643507278385,0.0026766341149570493,0.0037191152045022045,raw_biopol,2050
raw_biopol|repair|3D printing||process yield,manufacturing,photochemical oxidant formation: human health,0.02053680315769108,0.0025334133048110804,0.0021469274768576383,0.002960145636529293,raw_biopol,2050
raw_biopol|repair|3D printing||process yield,manufacturing,water use,0.019019583788955997,0.002252342344755856,0.0019264509467993337,0.002597999022741215,raw_biopol,2050
raw_biopol|repair|3D printing||machine source,manufacturing,acidification,0.0061746644485928676,0.00033465799033514606,0.00028783689254445965,0.0003842917647712898,raw_biopol,2050
raw_biopol|repair|3D printing||machine source,manufacturing,climate change,0.00848399468238079,0.001305805540874937,0.0011290000313734932,0.0014971520429518043,raw_biopol,2050
raw_biopol|repair|3D printing||machine source,manufacturing,climate change: biogenic,0.00024028963449758756,5.989773303074837e-07,5.207192266146653e-07,6.824649889132008e-07,raw_biopol,2050
raw_biopol|repair|3D printing||machine source,manufacturing,climate change: fossil,0.007453475594049251,0.000494065043441761,0.00042730181088118755,0.0005631698887151486,raw_biopol,2050
raw_biopol|repair|3D printing||machine source,manufacturing,climate change: land use and land use change,0.001998507426009779,5.171587217429712e-05,4.456370492503687e-05,5.99450363456487e-05,raw_biopol,2050
raw_biopol|repair|3D printing||machine source,manufacturing,ecotoxicity: freshwater,0.006203058118462731,0.0003482581895247645,0.00030089843603059804,0.0003979134595759615,raw_biopol,2050
raw_biopol|repair|3D printing||machine source,manufacturing,"ecotoxicity: freshwater, inorganics",0.008112234296206122,0.0005836899717441027,0.0005029950457045905,0.0006686583492440372,raw_biopol,2050
raw_biopol|repair|3D printing||machine source,manufacturing,"ecotoxicity: freshwater, organics",0.0004273005040896477,1.8348953761492328e-06,1.5995580407831766e-06,2.0946821195598753e-06,raw_biopol,2050
raw_biopol|repair|3D printing||machine source,manufacturing,energy resources: non-renewable,0.005644566496532018,0.00029767785324885096,0.0002572625782010492,0.0003408114494012935,raw_biopol,2050
raw_biopol|repair|3D printing||machine source,manufacturing,eutrophication: freshwater,0.00747974649269619,0.0004996346242013831,0.00043190887138581745,0.0005705799788417624,raw_biopol,2050
raw_biopol|repair|3D printing||machine source,manufacturing,eutrophication: marine,0.0006510134829693221,4.066592607916368e-06,3.5353447894214086e-06,4.629636362937119e-06,raw_biopol,2050
raw_biopol|repair|3D printing||machine source,manufacturing,eutrophication: terrestrial,0.0031384233615888418,8.438284389855555e-05,7.256410553088592e-05,9.664080509780152e-05,raw_biopol,2050
raw_biopol|repair|3D printing||machine source,manufacturing,human toxicity: carcinogenic,0.011014255700618638,0.0011220384514439364,0.000962257040712923,0.0012885359362926484,raw_biopol,2050
raw_biopol|repair|3D printing||machine source,manufacturing,"human toxicity: carcinogenic, inorganics",0.011899156861383316,0.0012633566017452187,0.001088300245672082,0.0014459509091550831,raw_biopol,2050
raw_biopol|repair|3D printing||machine source,manufacturing,"human toxicity: carcinogenic, organics",0.009751399187091222,0.0009507428183234148,0.0008108518158660327,0.0010913810455124193,raw_biopol,2050
raw_biopol|repair|3D printing||machine source,manufacturing,human toxicity: non-carcinogenic,0.00995741446573134,0.0008973283162486827,0.0007744152000528119,0.001028354343403781,raw_biopol,2050
raw_biopol|repair|3D printing||machine source,manufacturing,"human toxicity: non-carcinogenic, inorganics",0.010065832430550167,0.0009159539125722289,0.0007905333931623502,0.0010495042491832842,raw_biopol,2050
raw_biopol|repair|3D printing||machine source,manufacturing,"human toxicity: non-carcinogenic, organics",0.007768446838659617,0.0005597530339479165,0.00048262652731974055,0.0006433892625124502,raw_biopol,2050
raw_biopol|repair|3D printing||machine source,manufacturing,ionising radiation: human health,0.0017445369900533564,3.5591172647735584e-05,3.0684264182728536e-05,4.119299659167241e-05,raw_biopol,2050
raw_biopol|repair|3D printing||machine source,manufacturing,land use,0.00036651240555479406,1.349411945501232e-06,1.1732914713978992e-06,1.5393485837266566e-06,raw_biopol,2050
raw_biopol|repair|3D printing||machine source,manufacturing,material resources: metals/minerals,0.0038790791910278196,0.00017500850047857548,0.00014758834155426887,0.0002043371029954641,raw_biopol,2050
raw_biopol|repair|3D printing||machine source,manufacturing,ozone depletion,0.002335714614589018,6.32214720056332e-05,5.3314134152676914e-05,7.317981239567696e-05,raw_biopol,2050
raw_biopol|repair|3D printing||machine source,manufacturing,particulate matter formation,0.00918049830571813,0.0007492546902644724,0.0006465199294646642,0.0008603893603100672,raw_biopol,2050
raw_biopol|repair|3D printing||machine source,manufacturing,photochemical oxidant formation: human health,0.005680298117063039,0.0002969581531095799,0.00025687013273836557,0.00033992676149432056,raw_biopol,2050
raw_biopol|repair|3D printing||machine source,manufacturing,water use,0.00211187248257156,4.580102657361571e-05,3.975842521811707e-05,5.253820974292386e-05,raw_biopol,2050
raw_biopol|use|product||expected lifetime,circularity,acidification,0.08903309532744116,0.020077789424209673,0.01734143693255029,0.02318234954390657,raw_biopol,2050
raw_biopol|use|product||expected lifetime,circularity,climate change,0.14455507105070786,0.06072396069851741,0.051943972704997794,0.07093474848948858,raw_biopol,2050
raw_biopol|use|product||expected lifetime,circularity,climate change: biogenic,0.10212476284983722,0.021593163476868557,0.018675463335126864,0.024612825014254516,raw_biopol,2050
raw_biopol|use|product||expected lifetime,circularity,climate change: fossil,0.08526765611764853,0.019571771779042395,0.01677644107136883,0.02270469926673893,raw_biopol,2050
raw_biopol|use|product||expected lifetime,circularity,climate change: land use and land use change,0.07609955182144894,0.016659480676113923,0.014379219310910624,0.01953471110860199,raw_biopol,2050
raw_biopol|use|product||expected lifetime,circularity,ecotoxicity: freshwater,0.08738765179126136,0.019941794421063527,0.017117295560689794,0.02314875289395876,raw_biopol,2050
raw_biopol|use|product||expected lifetime,circularity,"ecotoxicity: freshwater, inorganics",0.0877781214719542,0.019880940555564476,0.01709923686355248,0.02305228703076913,raw_biopol,2050
raw_biopol|use|product||expected lifetime,circularity,"ecotoxicity: freshwater, organics",0.08275637955632782,0.019390404905171462,0.016505385481309323,0.022517594218308064,raw_biopol,2050
raw_biopol|use|product||expected lifetime,circularity,energy resources: non-renewable,0.08602704157961781,0.019644484277093217,0.01688732795009451,0.02276021968655989,raw_biopol,2050
raw_biopol|use|product||expected lifetime,circularity,eutrophication: freshwater,0.08621452286266915,0.019694468967852645,0.01688729124235696,0.02287552326090108,raw_biopol,2050
raw_biopol|use|product||expected lifetime,circularity,eutrophication: marine,0.08590329094285232,0.019899083728359974,0.016965143532884988,0.022993367615686627,raw_biopol,2050
raw_biopol|use|product||expected lifetime,circularity,eutrophication: terrestrial,0.09281408011285372,0.02084141879300853,0.017992515935458968,0.02397603660231619,raw_biopol,2050
raw_biopol|use|product||expected lifetime,circularity,human toxicity: carcinogenic,0.07664827898592352,0.017723830157039412,0.015038522231723823,0.020633672143284168,raw_biopol,2050
raw_biopol|use|product||expected lifetime,circularity,"human toxicity: carcinogenic, inorganics",0.08341978413268789,0.018852934735363907,0.01617334538325468,0.021856870502216855,raw_biopol,2050
raw_biopol|use|product||expected lifetime,circularity,"human toxicity: carcinogenic, organics",0.06743283975986977,0.01600465196200725,0.013372884157466694,0.018862405140189584,raw_biopol,2050
raw_biopol|use|product||expected lifetime,circularity,human toxicity: non-carcinogenic,0.08390785543878145,0.01907952118233835,0.016367999613845892,0.0221494669582817,raw_biopol,2050
raw_biopol|use|product||expected lifetime,circularity,"human toxicity: non-carcinogenic, inorganics",0.08383067522911598,0.01906480791267931,0.016353156304886752,0.02213457376305965,raw_biopol,2050
raw_biopol|use|product||expected lifetime,circularity,"human toxicity: non-carcinogenic, organics",0.08533149971367539,0.019345856208052195,0.016638179812720998,0.022412747712426205,raw_biopol,2050
raw_biopol|use|product||expected lifetime,circularity,ionising radiation: human health,0.08340256744461634,0.01832894696932485,0.015747531571831907,0.021357936631446965,raw_biopol,2050
raw_biopol|use|product||expected lifetime,circularity,land use,0.08443241666356575,0.01961705984432443,0.01678286018573182,0.022651175832282697,raw_biopol,2050
raw_biopol|use|product||expected lifetime,circularity,material resources: metals/minerals,0.06768486965432809,0.01597355472379396,0.01327126573100015,0.019011272996983398,raw_biopol,2050
raw_biopol|use|product||expected lifetime,circularity,ozone depletion,0.06744926483324355,0.016150671465693642,0.013430932285269889,0.01918604276134934,raw_biopol,2050
raw_biopol|use|product||expected lifetime,circularity,particulate matter formation,0.08119350903543582,0.01857017467641097,0.01582678939894129,0.021554616345639887,raw_biopol,2050
raw_biopol|use|product||expected lifetime,circularity,photochemical oxidant formation: human health,0.08540463702293535,0.019567357636958067,0.016774464235799334,0.022726101098928454,raw_biopol,2050
raw_biopol|use|product||expected lifetime,circularity,water use,0.08575287996682683,0.01944099730362545,0.01662498236682609,0.02273907730286641,raw_biopol,2050
raw_biopol|use|product||lifetime extension per repair,circularity,acidification,-0.019988130383308135,0.04332010537123041,0.03731215042147092,0.05081970166061565,raw_biopol,2050
raw_biopol|use|product||lifetime extension per repair,circularity,climate change,0.04746019408857851,0.15553210253426292,0.1327085444160263,0.18666458861533905,raw_biopol,2050
raw_biopol|use|product||lifetime extension per repair,circularity,climate change: biogenic,-0.04137177760047414,0.04508354280490092,0.03838321925959902,0.054527573804411936,raw_biopol,2050
raw_biopol|use|product||lifetime extension per repair,circularity,climate change: fossil,-0.016312764561777895,0.04247807227441858,0.03651555555061519,0.04994072195989304,raw_biopol,2050
raw_biopol|use|product||lifetime extension per repair,circularity,climate change: land use and land use change,-0.016469859002297,0.03610544832079586,0.03128312381404094,0.04240314848723207,raw_biopol,2050
raw_biopol|use|product||lifetime extension per repair,circularity,ecotoxicity: freshwater,-0.01899660134263345,0.04295683223396684,0.036900898612333956,0.05037251516792565,raw_biopol,2050
raw_biopol|use|product||lifetime extension per repair,circularity,"ecotoxicity: freshwater, inorganics",-0.02032265030003437,0.04270451409647414,0.036645786046726705,0.050221389775825145,raw_biopol,2050
raw_biopol|use|product||lifetime extension per repair,circularity,"ecotoxicity: freshwater, organics",-0.014026448071792598,0.04213994513375707,0.036172924465774685,0.04963936334370662,raw_biopol,2050
raw_biopol|use|product||lifetime extension per repair,circularity,energy resources: non-renewable,-0.018032262145319198,0.04234752744265478,0.03648074825585063,0.04972840288946142,raw_biopol,2050
raw_biopol|use|product||lifetime extension per repair,circularity,eutrophication: freshwater,-0.017767508309588582,0.04258104991678086,0.03663134063193281,0.04994412798882912,raw_biopol,2050
raw_biopol|use|product||lifetime extension per repair,circularity,eutrophication: marine,-0.015432502430480369,0.043292008657425426,0.037330585596607756,0.050783582527012476,raw_biopol,2050
raw_biopol|use|product||lifetime extension per repair,circularity,eutrophication: terrestrial,-0.020009022004182104,0.04527746762065716,0.039075644719187626,0.053004794477117666,raw_biopol,2050
raw_biopol|use|product||lifetime extension per repair,circularity,human toxicity: carcinogenic,-0.01631314001722991,0.038033004134167915,0.03217123382792031,0.04591723588842219,raw_biopol,2050
raw_biopol|use|product||lifetime extension per repair,circularity,"human toxicity: carcinogenic, inorganics",-0.01927706403850901,0.04045770686061175,0.03484804675856277,0.047761181617025715,raw_biopol,2050
raw_biopol|use|product||lifetime extension per repair,circularity,"human toxicity: carcinogenic, organics",-0.01276015879134325,0.034351731572956304,0.028538072593874808,0.041975697547334996,raw_biopol,2050
raw_biopol|use|product||lifetime extension per repair,circularity,human toxicity: non-carcinogenic,-0.018665218090927835,0.0409960386529454,0.03524389167821737,0.04825774223350098,raw_biopol,2050
raw_biopol|use|product||lifetime extension per repair,circularity,"human toxicity: non-carcinogenic, inorganics",-0.018602329451982414,0.04097079911559731,0.035223084462379005,0.04823469460852649,raw_biopol,2050
raw_biopol|use|product||lifetime extension per repair,circularity,"human toxicity: non-carcinogenic, organics",-0.01991780015450285,0.041437873817388476,0.0356016543735906,0.04863496677189379,raw_biopol,2050
raw_biopol|use|product||lifetime extension per repair,circularity,ionising radiation: human health,-0.019787469712818587,0.03940057239248729,0.03417103811549853,0.0467022400418145,raw_biopol,2050
raw_biopol|use|product||lifetime extension per repair,circularity,land use,-0.014939055549428886,0.04248900591599766,0.036546795453262136,0.05010775483411507,raw_biopol,2050
raw_biopol|use|product||lifetime extension per repair,circularity,material resources: metals/minerals,-0.015589227198681305,0.03376249121579967,0.02779168194496296,0.04089460231075443,raw_biopol,2050
raw_biopol|use|product||lifetime extension per repair,circularity,ozone depletion,-0.01357185305514274,0.03433418546434719,0.028352490206251347,0.04180601016525084,raw_biopol,2050
raw_biopol|use|product||lifetime extension per repair,circularity,particulate matter formation,-0.017533077951989995,0.039994538278831676,0.033963689363422436,0.04784617676330846,raw_biopol,2050
raw_biopol|use|product||lifetime extension per repair,circularity,photochemical oxidant formation: human health,-0.017911502479907252,0.04217239675116819,0.036072608658618555,0.04960942153086618,raw_biopol,2050
raw_biopol|use|product||lifetime extension per repair,circularity,water use,-0.01728145360174001,0.0421034763901674,0.03664890450245924,0.050028251066095354,raw_biopol,2050
raw_biopol|use|product||number of repair events,circularity,acidification,0.12921970308217176,0.06857537158613611,0.05770488728916079,0.08135741101198608,raw_biopol,2050
raw_biopol|use|product||number of repair events,circularity,climate change,0.4097664246897439,0.35154522533541727,0.30424574423102396,0.4082499731729319,raw_biopol,2050
raw_biopol|use|product||number of repair events,circularity,climate change: biogenic,0.13151301915382718,0.07088620891411752,0.06037825441362279,0.08348586783871384,raw_biopol,2050
raw_biopol|use|product||number of repair events,circularity,climate change: fossil,0.1449818944867718,0.0805416896160673,0.06781731827325442,0.0941310458339381,raw_biopol,2050
raw_biopol|use|product||number of repair events,circularity,climate change: land use and land use change,0.1301731977901894,0.08188639277233094,0.06936917299565484,0.09529423694837184,raw_biopol,2050
raw_biopol|use|product||number of repair events,circularity,ecotoxicity: freshwater,0.15318505686563502,0.08608034791428326,0.07235146980141086,0.10078664595970843,raw_biopol,2050
raw_biopol|use|product||number of repair events,circularity,"ecotoxicity: freshwater, inorganics",0.1558288116608367,0.08775139346213069,0.07376920694571261,0.10307595617034265,raw_biopol,2050
raw_biopol|use|product||number of repair events,circularity,"ecotoxicity: freshwater, organics",0.1393707538522001,0.07812332241072326,0.06595472520729725,0.09163534933212401,raw_biopol,2050
raw_biopol|use|product||number of repair events,circularity,energy resources: non-renewable,0.15376318722258678,0.08730317834561226,0.07319445839363833,0.10271078502724544,raw_biopol,2050
raw_biopol|use|product||number of repair events,circularity,eutrophication: freshwater,0.14939461973227094,0.08340113799267028,0.07000642739327312,0.09768533153551831,raw_biopol,2050
raw_biopol|use|product||number of repair events,circularity,eutrophication: marine,0.12776594271320246,0.06905068809361829,0.058487669257868746,0.08104440934044298,raw_biopol,2050
raw_biopol|use|product||number of repair events,circularity,eutrophication: terrestrial,0.10559688844331723,0.05227162769918604,0.04432595736688834,0.06199249138817483,raw_biopol,2050
raw_biopol|use|product||number of repair events,circularity,human toxicity: carcinogenic,0.1479790651725925,0.0834743975066713,0.0687304268388114,0.09957922870691678,raw_biopol,2050
raw_biopol|use|product||number of repair events,circularity,"human toxicity: carcinogenic, inorganics",0.1622173350389362,0.09327948154583887,0.07813286793743136,0.11016052535604563,raw_biopol,2050
raw_biopol|use|product||number of repair events,circularity,"human toxicity: carcinogenic, organics",0.12887116572268204,0.07167317365515262,0.05897336116959858,0.08537020988147392,raw_biopol,2050
raw_biopol|use|product||number of repair events,circularity,human toxicity: non-carcinogenic,0.1617141409118038,0.09284076803313923,0.07781400978104376,0.10928982934387996,raw_biopol,2050
raw_biopol|use|product||number of repair events,circularity,"human toxicity: non-carcinogenic, inorganics",0.16184477239508596,0.09294412146086728,0.07788897228467379,0.10940183408134445,raw_biopol,2050
raw_biopol|use|product||number of repair events,circularity,"human toxicity: non-carcinogenic, organics",0.15877213578205182,0.09060474142592853,0.07618695890683633,0.10684872741808121,raw_biopol,2050
raw_biopol|use|product||number of repair events,circularity,ionising radiation: human health,0.14826144325686585,0.09067340382248906,0.07662858956692654,0.10581543579249493,raw_biopol,2050
raw_biopol|use|product||number of repair events,circularity,land use,0.14320614135055137,0.08083516940467551,0.06816657792756854,0.09514699913103677,raw_biopol,2050
raw_biopol|use|product||number of repair events,circularity,material resources: metals/minerals,0.13346782090121254,0.07628256906350286,0.062313366558910475,0.09093039726726315,raw_biopol,2050
raw_biopol|use|product||number of repair events,circularity,ozone depletion,0.1285990857517015,0.0724852879663876,0.05907307095799383,0.08624934523663555,raw_biopol,2050
raw_biopol|use|product||number of repair events,circularity,particulate matter formation,0.1262674256735615,0.06722097950857556,0.055916938065445905,0.08067232793168531,raw_biopol,2050
raw_biopol|use|product||number of repair events,circularity,photochemical oxidant formation: human health,0.1453330191433466,0.08058376462555143,0.06776302586866749,0.09496125911575858,raw_biopol,2050
raw_biopol|use|product||number of repair events,circularity,water use,0.14832612967856887,0.08657813669980284,0.07311458791976672,0.09979870497058893,raw_biopol,2050
raw_biopol|repair|repair material||share of product mass per repair,circularity,acidification,-0.04094296939975661,0.006189972092248815,0.005415609826198546,0.006983063653439946,raw_biopol,2050
raw_biopol|repair|repair material||share of product mass per repair,circularity,climate change,-0.0298391061557643,0.007865351499838186,0.006672237873347006,0.008905600052358305,raw_biopol,2050
raw_biopol|repair|repair material||share of product mass per repair,circularity,climate change: biogenic,-0.03845878788808427,0.007223228557960629,0.006289311770882121,0.00825667093036698,raw_biopol,2050
raw_biopol|repair|repair material||share of product mass per repair,circularity,climate change: fossil,-0.0323182491107355,0.004392197513308442,0.0037967411319827266,0.005000859822674184,raw_biopol,2050
raw_biopol|repair|repair material||share of product mass per repair,circularity,climate change: land use and land use change,-0.023042861881686576,0.0026887953945822205,0.002295886288475748,0.003069555297086201,raw_biopol,2050
raw_biopol|repair|repair material||share of product mass per repair,circularity,ecotoxicity: freshwater,-0.03187639979350025,0.003913077407172116,0.0034016487127584627,0.004453744687858108,raw_biopol,2050
raw_biopol|repair|repair material||share of product mass per repair,circularity,"ecotoxicity: freshwater, inorganics",-0.03170703878919611,0.0036802974448164353,0.00320190929116284,0.004171781529861715,raw_biopol,2050
raw_biopol|repair|repair material||share of product mass per repair,circularity,"ecotoxicity: freshwater, organics",-0.030966462356725993,0.004523788943984628,0.003914156465480197,0.00521349083579904,raw_biopol,2050
raw_biopol|repair|repair material||share of product mass per repair,circularity,energy resources: non-renewable,-0.030935870470589027,0.00358955140878728,0.0031255089200904725,0.00407800071454636,raw_biopol,2050
raw_biopol|repair|repair material||share of product mass per repair,circularity,eutrophication: freshwater,-0.03217687166257913,0.0040918612083486045,0.00354425058046232,0.00465241159253625,raw_biopol,2050
raw_biopol|repair|repair material||share of product mass per repair,circularity,eutrophication: marine,-0.03662692759085288,0.006134385570175986,0.005328063512855743,0.007016238288247709,raw_biopol,2050
raw_biopol|repair|repair material||share of product mass per repair,circularity,eutrophication: terrestrial,-0.04965953249314837,0.009972994562994521,0.00866830175409529,0.01122191463449296,raw_biopol,2050
raw_biopol|repair|repair material||share of product mass per repair,circularity,human toxicity: carcinogenic,-0.026942758063504116,0.0027180119100282357,0.002323395863165472,0.0031589070479280767,raw_biopol,2050
raw_biopol|repair|repair material||share of product mass per repair,circularity,"human toxicity: carcinogenic, inorganics",-0.027302588552957134,0.0025735488729272727,0.0022330927998661185,0.0029384606963831967,raw_biopol,2050
raw_biopol|repair|repair material||share of product mass per repair,circularity,"human toxicity: carcinogenic, organics",-0.025436876262533343,0.002759339526998286,0.0023168050801331036,0.003187876473410496,raw_biopol,2050
raw_biopol|repair|repair material||share of product mass per repair,circularity,human toxicity: non-carcinogenic,-0.027713715539691316,0.0027287116007426782,0.0023712210792685598,0.003105177515382465,raw_biopol,2050
raw_biopol|repair|repair material||share of product mass per repair,circularity,"human toxicity: non-carcinogenic, inorganics",-0.02761666598750849,0.0027146160503283743,0.002358770399418519,0.003089819386161313,raw_biopol,2050
raw_biopol|repair|repair material||share of product mass per repair,circularity,"human toxicity: non-carcinogenic, organics",-0.029649665254163276,0.0030178638122164893,0.0026308897375133685,0.0034266771482384397,raw_biopol,2050
raw_biopol|repair|repair material||share of product mass per repair,circularity,ionising radiation: human health,-0.02617304648658629,0.0026707658990285294,0.0022789630053464626,0.003032586270775475,raw_biopol,2050
raw_biopol|repair|repair material||share of product mass per repair,circularity,land use,-0.03151397058207757,0.004293563680545829,0.0037281528003243257,0.004918381516104117,raw_biopol,2050
raw_biopol|repair|repair material||share of product mass per repair,circularity,material resources: metals/minerals,-0.024647401703166066,0.0021124276324241725,0.001757878119724062,0.002454193922659929,raw_biopol,2050
raw_biopol|repair|repair material||share of product mass per repair,circularity,ozone depletion,-0.02593702188321829,0.0025687557209739752,0.0021385509055818963,0.002999904783471263,raw_biopol,2050
raw_biopol|repair|repair material||share of product mass per repair,circularity,particulate matter formation,-0.03670646012389042,0.005118174696264137,0.004450660925251256,0.005871900324303916,raw_biopol,2050
raw_biopol|repair|repair material||share of product mass per repair,circularity,photochemical oxidant formation: human health,-0.03344703553510885,0.004212773048590587,0.0036675997452707476,0.004803890583701184,raw_biopol,2050
raw_biopol|repair|repair material||share of product mass per repair,circularity,water use,-0.029377322742423627,0.0037053428327314683,0.003214092619294784,0.004178843973120682,raw_biopol,2050
raw_biopol|end-of-life|waste|composted|share of waste,circularity,acidification,0.001246847721500946,1.6614137879777173e-05,1.4257925852417879e-05,1.936599481727414e-05,raw_biopol,2050
raw_biopol|end-of-life|waste|composted|share of waste,circularity,climate change,-0.0012358022026128501,4.1633048062801744e-05,3.5582542334451395e-05,4.954051636770867e-05,raw_biopol,2050
raw_biopol|end-of-life|waste|composted|share of waste,circularity,climate change: biogenic,-0.02043607972236859,0.007939686690919392,0.006794607779949695,0.00938063817701637,raw_biopol,2050
raw_biopol|end-of-life|waste|composted|share of waste,circularity,climate change: fossil,0.00046209202115785015,2.2007508861845872e-06,1.8903781318459734e-06,2.5707529324702146e-06,raw_biopol,2050
raw_biopol|end-of-life|waste|composted|share of waste,circularity,climate change: land use and land use change,0.0003735997501950099,1.7410134473438872e-06,1.4631242848814039e-06,2.057080312120023e-06,raw_biopol,2050
raw_biopol|end-of-life|waste|composted|share of waste,circularity,ecotoxicity: freshwater,0.001246163531125622,1.693109490585923e-05,1.4618801761320143e-05,1.955205262895959e-05,raw_biopol,2050
raw_biopol|end-of-life|waste|composted|share of waste,circularity,"ecotoxicity: freshwater, inorganics",0.00165393358940973,2.9295169533994993e-05,2.5283534799993602e-05,3.3845874771535453e-05,raw_biopol,2050
raw_biopol|end-of-life|waste|composted|share of waste,circularity,"ecotoxicity: freshwater, organics",1.0953338587248123e-05,1.2552786427634526e-09,1.0946786059347634e-09,1.4476783142549927e-09,raw_biopol,2050
raw_biopol|end-of-life|waste|composted|share of waste,circularity,energy resources: non-renewable,0.000596440825129079,3.5724256097524926e-06,3.0566145068121174e-06,4.180828620404413e-06,raw_biopol,2050
raw_biopol|end-of-life|waste|composted|share of waste,circularity,eutrophication: freshwater,-0.00020603629959791377,5.461779545374448e-07,4.6669563776929705e-07,6.415546460175895e-07,raw_biopol,2050
raw_biopol|end-of-life|waste|composted|share of waste,circularity,eutrophication: marine,-0.0002174013675640978,6.098654639536679e-07,5.19566732102035e-07,7.136089677232617e-07,raw_biopol,2050
raw_biopol|end-of-life|waste|composted|share of waste,circularity,eutrophication: terrestrial,0.0018096440939831674,3.541539511290165e-05,3.0488773998555904e-05,4.127313691258373e-05,raw_biopol,2050
raw_biopol|end-of-life|waste|composted|share of waste,circularity,human toxicity: carcinogenic,0.00030735228923677266,1.0369176711847006e-06,8.924730197261045e-07,1.2162882466079745e-06,raw_biopol,2050
raw_biopol|end-of-life|waste|composted|share of waste,circularity,"human toxicity: carcinogenic, inorganics",1.0250663145748963e-05,5.223620393135063e-09,3.433425930717842e-09,7.046966694486787e-09,raw_biopol,2050
raw_biopol|end-of-life|waste|composted|share of waste,circularity,"human toxicity: carcinogenic, organics",0.0005645127383481312,3.7757230594079463e-06,3.208027590838282e-06,4.4505946392771415e-06,raw_biopol,2050
raw_biopol|end-of-life|waste|composted|share of waste,circularity,human toxicity: non-carcinogenic,0.00013064922846530675,1.682496123371731e-07,1.4361701448613117e-07,1.9717207622211724e-07,raw_biopol,2050
raw_biopol|end-of-life|waste|composted|share of waste,circularity,"human toxicity: non-carcinogenic, inorganics",0.00015339974347208948,2.398715149306543e-07,2.0520790324033383e-07,2.8095497787958473e-07,raw_biopol,2050
raw_biopol|end-of-life|waste|composted|share of waste,circularity,"human toxicity: non-carcinogenic, organics",-0.0003313357160387337,1.576275994965819e-06,1.3533133326618092e-06,1.8580209357617425e-06,raw_biopol,2050
raw_biopol|end-of-life|waste|composted|share of waste,circularity,ionising radiation: human health,0.00044818759025711815,2.2203267746293705e-06,1.8785944054104292e-06,2.6268484771659634e-06,raw_biopol,2050
raw_biopol|end-of-life|waste|composted|share of waste,circularity,land use,0.0003187009659122853,1.0896749984554804e-06,9.467499093120364e-07,1.265929234475413e-06,raw_biopol,2050
raw_biopol|end-of-life|waste|composted|share of waste,circularity,material resources: metals/minerals,0.0003085292526867378,1.0986362219586164e-06,9.388873997211908e-07,1.295951929852802e-06,raw_biopol,2050
raw_biopol|end-of-life|waste|composted|share of waste,circularity,ozone depletion,0.0009571813153005435,1.0220787228581964e-05,8.669688099306183e-06,1.2080256238031349e-05,raw_biopol,2050
raw_biopol|end-of-life|waste|composted|share of waste,circularity,particulate matter formation,0.001341286134485272,1.9325014590283157e-05,1.66314475750377e-05,2.2558172334562175e-05,raw_biopol,2050
raw_biopol|end-of-life|waste|composted|share of waste,circularity,photochemical oxidant formation: human health,0.00030932046822431097,9.302324237045138e-07,8.010629695923526e-07,1.082174229626828e-06,raw_biopol,2050
raw_biopol|end-of-life|waste|composted|share of waste,circularity,water use,0.0001729804161904546,3.124075201080248e-07,2.6484281553362184e-07,3.6834738096608074e-07,raw_biopol,2050
raw_biopol|end-of-life|waste|recycled_open|share of waste,circularity,acidification,7.295710631667144e-05,1.265983804176755e-07,1.0285599210390381e-07,1.5741292284383001e-07,raw_biopol,2050
raw_biopol|end-of-life|waste|recycled_open|share of waste,circularity,climate change,0.0007269859970611561,3.0890392388105146e-05,2.5962124683528083e-05,3.7206240842761833e-05,raw_biopol,2050
raw_biopol|end-of-life|waste|recycled_open|share of waste,circularity,climate change: biogenic,0.020595748631233764,0.004164958723541356,0.003438020677762449,0.004833637408115754,raw_biopol,2050
raw_biopol|end-of-life|waste|recycled_open|share of waste,circularity,climate change: fossil,-0.00011072694924625485,2.839115557667214e-07,2.411159226421117e-07,3.272980877015389e-07,raw_biopol,2050
raw_biopol|end-of-life|waste|recycled_open|share of waste,circularity,climate change: land use and land use change,2.858860378137452e-05,1.5734301926354612e-07,1.3392361487348963e-07,1.879113335270935e-07,raw_biopol,2050
raw_biopol|end-of-life|waste|recycled_open|share of waste,circularity,ecotoxicity: freshwater,0.0007590791340316951,1.0952706501216899e-05,9.39835685871558e-06,1.3077074836480227e-05,raw_biopol,2050
raw_biopol|end-of-life|waste|recycled_open|share of waste,circularity,"ecotoxicity: freshwater, inorganics",0.0009907896522989557,1.896435405191831e-05,1.6232738185620252e-05,2.2680480219748434e-05,raw_biopol,2050
raw_biopol|end-of-life|waste|recycled_open|share of waste,circularity,"ecotoxicity: freshwater, organics",5.049172148408125e-06,5.633720392527873e-10,4.819677206845756e-10,6.783532307857997e-10,raw_biopol,2050
raw_biopol|end-of-life|waste|recycled_open|share of waste,circularity,energy resources: non-renewable,-0.00017247734004750595,7.198272070207765e-07,6.157289001148927e-07,8.332922898143977e-07,raw_biopol,2050
raw_biopol|end-of-life|waste|recycled_open|share of waste,circularity,eutrophication: freshwater,0.00011207040779737654,2.719623965023283e-07,2.2887414566305232e-07,3.2588726165985093e-07,raw_biopol,2050
raw_biopol|end-of-life|waste|recycled_open|share of waste,circularity,eutrophication: marine,0.00016931245232588066,4.863805992922485e-07,4.1565941874006567e-07,5.772002898544284e-07,raw_biopol,2050
raw_biopol|end-of-life|waste|recycled_open|share of waste,circularity,eutrophication: terrestrial,0.0003241688979041287,1.8863820538821737e-06,1.611090561884034e-06,2.24632195100945e-06,raw_biopol,2050
raw_biopol|end-of-life|waste|recycled_open|share of waste,circularity,human toxicity: carcinogenic,0.00022162691279651537,1.3646970130578383e-06,1.1443493147661576e-06,1.6386723949182941e-06,raw_biopol,2050
raw_biopol|end-of-life|waste|recycled_open|share of waste,circularity,"human toxicity: carcinogenic, inorganics",-1.8769339862982994e-05,2.820048042182934e-09,2.294104542655262e-09,3.477289055068981e-09,raw_biopol,2050
raw_biopol|end-of-life|waste|recycled_open|share of waste,circularity,"human toxicity: carcinogenic, organics",0.00046755185509792343,5.028172386637257e-06,4.206255291419779e-06,5.977207019691499e-06,raw_biopol,2050
raw_biopol|end-of-life|waste|recycled_open|share of waste,circularity,human toxicity: non-carcinogenic,-5.13434106402239e-05,3.2033516389572924e-08,2.6733467461446204e-08,3.736937975212901e-08,raw_biopol,2050
raw_biopol|end-of-life|waste|recycled_open|share of waste,circularity,"human toxicity: non-carcinogenic, inorganics",-6.545753037830767e-05,5.6461516719066106e-08,4.7697506536020544e-08,6.580418284954932e-08,raw_biopol,2050
raw_biopol|end-of-life|waste|recycled_open|share of waste,circularity,"human toxicity: non-carcinogenic, organics",0.00024289810360013988,1.1495412770570825e-06,9.483385446477003e-07,1.3912784212756066e-06,raw_biopol,2050
raw_biopol|end-of-life|waste|recycled_open|share of waste,circularity,ionising radiation: human health,-9.772444433845401e-05,8.830897159886072e-07,7.585981202759185e-07,1.0520347206577639e-06,raw_biopol,2050
raw_biopol|end-of-life|waste|recycled_open|share of waste,circularity,land use,0.0004325109286341013,3.4277908747898673e-06,2.937031137132155e-06,4.028927597913361e-06,raw_biopol,2050
raw_biopol|end-of-life|waste|recycled_open|share of waste,circularity,material resources: metals/minerals,-0.00021425931506855822,5.236875951530441e-07,4.372709158907602e-07,6.170887776376797e-07,raw_biopol,2050
raw_biopol|end-of-life|waste|recycled_open|share of waste,circularity,ozone depletion,-0.000522740764217574,4.534123305670773e-06,3.8340428098806e-06,5.288396441883136e-06,raw_biopol,2050
raw_biopol|end-of-life|waste|recycled_open|share of waste,circularity,particulate matter formation,0.0002143430947776682,1.0113210853512465e-06,8.360421701256503e-07,1.2027513503445013e-06,raw_biopol,2050
raw_biopol|end-of-life|waste|recycled_open|share of waste,circularity,photochemical oxidant formation: human health,8.53126861625762e-05,1.6223668987615255e-07,1.3626778355547986e-07,1.9736153390100956e-07,raw_biopol,2050
raw_biopol|end-of-life|waste|recycled_open|share of waste,circularity,water use,5.713932938112705e-07,2.742519995102368e-08,2.3577353448474286e-08,3.263066281269185e-08,raw_biopol,2050
raw_biopol|end-of-life|waste|recycled_closed|share of waste,circularity,acidification,4.093349407208423e-05,2.9544234444927575e-08,2.0813588610308442e-08,3.817281825605976e-08,raw_biopol,2050
raw_biopol|end-of-life|waste|recycled_closed|share of waste,circularity,climate change,0.0012701664572205952,6.0867693629575535e-05,5.216963696590359e-05,7.231782305080182e-05,raw_biopol,2050
raw_biopol|end-of-life|waste|recycled_closed|share of waste,circularity,climate change: biogenic,0.0338610578359544,0.009903872603019904,0.008507904554259125,0.011783905482765419,raw_biopol,2050
raw_biopol|end-of-life|waste|recycled_closed|share of waste,circularity,climate change: fossil,-0.00030047986122065873,1.6598485619837371e-06,1.4393827317733096e-06,1.9272035125506802e-06,raw_biopol,2050
raw_biopol|end-of-life|waste|recycled_closed|share of waste,circularity,climate change: land use and land use change,-0.00026848395581643915,2.017580013426347e-06,1.7161543175474649e-06,2.3727035409174124e-06,raw_biopol,2050
raw_biopol|end-of-life|waste|recycled_closed|share of waste,circularity,ecotoxicity: freshwater,0.0012250698948473187,2.391717997169711e-05,2.0955853338570936e-05,2.7896954768595638e-05,raw_biopol,2050
raw_biopol|end-of-life|waste|recycled_closed|share of waste,circularity,"ecotoxicity: freshwater, inorganics",0.0016371809694775232,4.1719740532312735e-05,3.664480969213368e-05,4.8674216440678756e-05,raw_biopol,2050
raw_biopol|end-of-life|waste|recycled_closed|share of waste,circularity,"ecotoxicity: freshwater, organics",-9.487777697089685e-06,1.5245596319267238e-09,1.3191159642933853e-09,1.7612168980849928e-09,raw_biopol,2050
raw_biopol|end-of-life|waste|recycled_closed|share of waste,circularity,energy resources: non-renewable,-0.00043742014510668393,3.5739244582505716e-06,3.101277839347736e-06,4.165264726851637e-06,raw_biopol,2050
raw_biopol|end-of-life|waste|recycled_closed|share of waste,circularity,eutrophication: freshwater,0.00014976998990445537,4.905904304682231e-07,4.2333305642943405e-07,5.838402594897761e-07,raw_biopol,2050
raw_biopol|end-of-life|waste|recycled_closed|share of waste,circularity,eutrophication: marine,0.00019210065652836068,8.20231748663411e-07,7.083557265254245e-07,9.636508600525226e-07,raw_biopol,2050
raw_biopol|end-of-life|waste|recycled_closed|share of waste,circularity,eutrophication: terrestrial,0.00035345646080084115,1.6253660129373774e-06,1.4234584027922059e-06,1.8859699888388072e-06,raw_biopol,2050
raw_biopol|end-of-life|waste|recycled_closed|share of waste,circularity,human toxicity: carcinogenic,-0.0002686401978361379,1.2029355158839716e-06,1.024368654946845e-06,1.4179337804019444e-06,raw_biopol,2050
raw_biopol|end-of-life|waste|recycled_closed|share of waste,circularity,"human toxicity: carcinogenic, inorganics",-3.163047504596106e-05,2.655207224641031e-08,2.0693891504003194e-08,3.389100989728108e-08,raw_biopol,2050
raw_biopol|end-of-life|waste|recycled_closed|share of waste,circularity,"human toxicity: carcinogenic, organics",-0.00048337511533633393,3.933581122951418e-06,3.306683133125158e-06,4.652879150219158e-06,raw_biopol,2050
raw_biopol|end-of-life|waste|recycled_closed|share of waste,circularity,human toxicity: non-carcinogenic,-0.00010477409007291965,2.077999428307512e-07,1.7872706562733238e-07,2.4353706191878564e-07,raw_biopol,2050
raw_biopol|end-of-life|waste|recycled_closed|share of waste,circularity,"human toxicity: non-carcinogenic, inorganics",-0.00012516543851208702,3.004946533857054e-07,2.596792815189236e-07,3.487326244952663e-07,raw_biopol,2050
raw_biopol|end-of-life|waste|recycled_closed|share of waste,circularity,"human toxicity: non-carcinogenic, organics",0.00031163828202348203,2.196526311331886e-06,1.9018730689735556e-06,2.6427133031352316e-06,raw_biopol,2050
raw_biopol|end-of-life|waste|recycled_closed|share of waste,circularity,ionising radiation: human health,-0.0003244599894676188,2.6010898797873855e-06,2.2318074039261092e-06,3.0454812467188606e-06,raw_biopol,2050
raw_biopol|end-of-life|waste|recycled_closed|share of waste,circularity,land use,-0.00027701224532689555,1.1680612580216795e-06,1.008687514928463e-06,1.3621287221688948e-06,raw_biopol,2050
raw_biopol|end-of-life|waste|recycled_closed|share of waste,circularity,material resources: metals/minerals,-0.00028252785408030396,1.7425612255451001e-06,1.4796295515290667e-06,2.067468441270254e-06,raw_biopol,2050
raw_biopol|end-of-life|waste|recycled_closed|share of waste,circularity,ozone depletion,-0.0009227482478137351,1.7028083652794117e-05,1.4401708925199545e-05,2.028774916523221e-05,raw_biopol,2050
raw_biopol|end-of-life|waste|recycled_closed|share of waste,circularity,particulate matter formation,-0.0004859585600184637,4.451627646253843e-06,3.786763275775894e-06,5.250470906899546e-06,raw_biopol,2050
raw_biopol|end-of-life|waste|recycled_closed|share of waste,circularity,photochemical oxidant formation: human health,-0.00023134094281063015,8.816364960612755e-07,7.633043146720358e-07,1.0185421687313847e-06,raw_biopol,2050
raw_biopol|end-of-life|waste|recycled_closed|share of waste,circularity,water use,-0.00012421126725921876,2.955224498401693e-07,2.542255638195191e-07,3.4416320052291435e-07,raw_biopol,2050
raw_biopol|end-of-life|waste|incinerated|share of waste,circularity,acidification,0.00035722704419336197,1.6199502692098297e-05,1.36477034767303e-05,1.863918494755982e-05,raw_biopol,2050
raw_biopol|end-of-life|waste|incinerated|share of waste,circularity,climate change,0.0008302824654015918,9.231686990527303e-05,7.74617148359304e-05,0.00010941139139098174,raw_biopol,2050
raw_biopol|end-of-life|waste|incinerated|share of waste,circularity,climate change: biogenic,0.002581105354233654,0.0011877380563524893,0.0010286588051389642,0.001370588251245282,raw_biopol,2050
raw_biopol|end-of-life|waste|incinerated|share of waste,circularity,climate change: fossil,0.0002561965805569827,1.4368796103230492e-05,1.2205737995792072e-05,1.66139894026464e-05,raw_biopol,2050
raw_biopol|end-of-life|waste|incinerated|share of waste,circularity,climate change: land use and land use change,-0.0002245419809630432,1.3239531548351394e-05,1.1416283716169973e-05,1.5429661828457497e-05,raw_biopol,2050
raw_biopol|end-of-life|waste|incinerated|share of waste,circularity,ecotoxicity: freshwater,0.0002178449981375452,5.03798895561444e-06,4.269598785891589e-06,5.838486561754065e-06,raw_biopol,2050
raw_biopol|end-of-life|waste|incinerated|share of waste,circularity,"ecotoxicity: freshwater, inorganics",0.000299124945792541,8.548106658190221e-06,7.2169488670418305e-06,9.91752873317306e-06,raw_biopol,2050
raw_biopol|end-of-life|waste|incinerated|share of waste,circularity,"ecotoxicity: freshwater, organics",8.114058310619905e-06,1.1641684385400791e-08,9.973219398714182e-09,1.3434626408739763e-08,raw_biopol,2050
raw_biopol|end-of-life|waste|incinerated|share of waste,circularity,energy resources: non-renewable,0.0003852903351775053,2.855945818128479e-05,2.431730939168196e-05,3.28184180313544e-05,raw_biopol,2050
raw_biopol|end-of-life|waste|incinerated|share of waste,circularity,eutrophication: freshwater,0.0001258823643913515,1.3147502649802705e-06,1.1159384113777423e-06,1.5337137380851104e-06,raw_biopol,2050
raw_biopol|end-of-life|waste|incinerated|share of waste,circularity,eutrophication: marine,5.343310686274156e-05,4.002111962814677e-07,3.4223387316852984e-07,4.6157638197965627e-07,raw_biopol,2050
raw_biopol|end-of-life|waste|incinerated|share of waste,circularity,eutrophication: terrestrial,0.00021592779722916003,8.876371524572243e-06,7.536949572988508e-06,1.0198261628901928e-05,raw_biopol,2050
raw_biopol|end-of-life|waste|incinerated|share of waste,circularity,human toxicity: carcinogenic,0.00026454583945959204,2.155072929518595e-06,1.7389726471777776e-06,2.6171576662336554e-06,raw_biopol,2050
raw_biopol|end-of-life|waste|incinerated|share of waste,circularity,"human toxicity: carcinogenic, inorganics",0.00010487208680905034,2.585064691548862e-07,1.9513204057072354e-07,3.340234983897126e-07,raw_biopol,2050
raw_biopol|end-of-life|waste|incinerated|share of waste,circularity,"human toxicity: carcinogenic, organics",0.00043384964852845667,5.610975733168354e-06,4.509006444221143e-06,6.842246575114194e-06,raw_biopol,2050
raw_biopol|end-of-life|waste|incinerated|share of waste,circularity,human toxicity: non-carcinogenic,0.000191096315842714,3.002162354480612e-06,2.5476555717861555e-06,3.5090771817199536e-06,raw_biopol,2050
raw_biopol|end-of-life|waste|incinerated|share of waste,circularity,"human toxicity: non-carcinogenic, inorganics",0.00018058797788591063,2.6228775172676184e-06,2.2278362382658735e-06,3.0674200701033103e-06,raw_biopol,2050
raw_biopol|end-of-life|waste|incinerated|share of waste,circularity,"human toxicity: non-carcinogenic, organics",0.00041530697649200254,1.628839084090846e-05,1.3658454817246365e-05,1.8885250134709484e-05,raw_biopol,2050
raw_biopol|end-of-life|waste|incinerated|share of waste,circularity,ionising radiation: human health,-3.7551933752166334e-05,2.1670289793744093e-05,1.88082072827272e-05,2.506195061097753e-05,raw_biopol,2050
raw_biopol|end-of-life|waste|incinerated|share of waste,circularity,land use,5.9853421153199464e-05,6.228603288575442e-07,5.315993571208689e-07,7.222609442873576e-07,raw_biopol,2050
raw_biopol|end-of-life|waste|incinerated|share of waste,circularity,material resources: metals/minerals,0.0006185985525923802,1.3059077568041503e-05,1.0606000800359765e-05,1.558994178829083e-05,raw_biopol,2050
raw_biopol|end-of-life|waste|incinerated|share of waste,circularity,ozone depletion,0.0015783878157204514,0.00011914505666314982,9.673875846213326e-05,0.00014157672780522657,raw_biopol,2050
raw_biopol|end-of-life|waste|incinerated|share of waste,circularity,particulate matter formation,0.0007282460517996813,3.959839976674188e-05,3.289425766237445e-05,4.642232876559959e-05,raw_biopol,2050
raw_biopol|end-of-life|waste|incinerated|share of waste,circularity,photochemical oxidant formation: human health,0.00030183098783239217,9.709968143775502e-06,8.152211281489646e-06,1.12680311221467e-05,raw_biopol,2050
raw_biopol|end-of-life|waste|incinerated|share of waste,circularity,water use,-2.888749332289511e-05,2.139259016626876e-06,1.8361244557727579e-06,2.4610308269396882e-06,raw_biopol,2050
raw_biopol|end-of-life|waste|landfilled|share of waste,circularity,acidification,2.7841003938081737e-05,2.335252065329033e-08,1.928563455335202e-08,2.797275729936248e-08,raw_biopol,2050
raw_biopol|end-of-life|waste|landfilled|share of waste,circularity,climate change,0.007739377516398725,0.0009590989009635083,0.0008081212091987827,0.0011514815072025274,raw_biopol,2050
raw_biopol|end-of-life|waste|landfilled|share of waste,circularity,climate change: biogenic,0.19827361571254812,0.09341517971230257,0.07970005189093868,0.1083101380710502,raw_biopol,2050
raw_biopol|end-of-life|waste|landfilled|share of waste,circularity,climate change: fossil,9.17356501981388e-05,1.332711604101085e-07,1.1317886326365995e-07,1.5449013729111167e-07,raw_biopol,2050
raw_biopol|end-of-life|waste|landfilled|share of waste,circularity,climate change: land use and land use change,0.00010078740583031881,1.9392174112643583e-07,1.659248791971223e-07,2.30754038440519e-07,raw_biopol,2050
raw_biopol|end-of-life|waste|landfilled|share of waste,circularity,ecotoxicity: freshwater,0.0020904311739256883,4.447554432363856e-05,3.778295262921752e-05,5.2006184384003925e-05,raw_biopol,2050
raw_biopol|end-of-life|waste|landfilled|share of waste,circularity,"ecotoxicity: freshwater, inorganics",0.0027793636554276583,7.69548192544635e-05,6.503221526335674e-05,9.021007913526566e-05,raw_biopol,2050
raw_biopol|end-of-life|waste|landfilled|share of waste,circularity,"ecotoxicity: freshwater, organics",1.6405948007107243e-05,3.2513295052825566e-09,2.7951043438573826e-09,3.791196972874336e-09,raw_biopol,2050
raw_biopol|end-of-life|waste|landfilled|share of waste,circularity,energy resources: non-renewable,0.0001432893461963079,2.9996031712308625e-07,2.54444996060816e-07,3.4771508567211e-07,raw_biopol,2050
raw_biopol|end-of-life|waste|landfilled|share of waste,circularity,eutrophication: freshwater,0.0009884543619807298,1.0535957290940384e-05,8.960814339151225e-06,1.2307838264911013e-05,raw_biopol,2050
raw_biopol|end-of-life|waste|landfilled|share of waste,circularity,eutrophication: marine,0.0009755736222187286,1.0199176173869501e-05,8.726262077764363e-06,1.1941784473882494e-05,raw_biopol,2050
raw_biopol|end-of-life|waste|landfilled|share of waste,circularity,eutrophication: terrestrial,-0.0001678436963044145,2.486350914022079e-07,2.1071577033770429e-07,2.913812771349558e-07,raw_biopol,2050
raw_biopol|end-of-life|waste|landfilled|share of waste,circularity,human toxicity: carcinogenic,0.0001218771929487574,2.104119947024605e-07,1.7156625742511265e-07,2.5046329056635387e-07,raw_biopol,2050
raw_biopol|end-of-life|waste|landfilled|share of waste,circularity,"human toxicity: carcinogenic, inorganics",8.392301898510067e-05,8.533936756706287e-08,7.114608554940464e-08,9.888377044524828e-08,raw_biopol,2050
raw_biopol|end-of-life|waste|landfilled|share of waste,circularity,"human toxicity: carcinogenic, organics",0.00015094175431117687,3.7152031621919123e-07,2.9690031316991e-07,4.52061426908457e-07,raw_biopol,2050
raw_biopol|end-of-life|waste|landfilled|share of waste,circularity,human toxicity: non-carcinogenic,0.00019079088965426658,4.3535250816211044e-07,3.657166029802392e-07,5.07736046977961e-07,raw_biopol,2050
raw_biopol|end-of-life|waste|landfilled|share of waste,circularity,"human toxicity: non-carcinogenic, inorganics",7.933595092397795e-05,8.453135807135253e-08,7.062818766833142e-08,9.82916211752443e-08,raw_biopol,2050
raw_biopol|end-of-life|waste|landfilled|share of waste,circularity,"human toxicity: non-carcinogenic, organics",0.002556780322493532,6.651236815646665e-05,5.5984807579328664e-05,7.793669397385807e-05,raw_biopol,2050
raw_biopol|end-of-life|waste|landfilled|share of waste,circularity,ionising radiation: human health,0.00012320676271698378,2.373901998022051e-07,2.023052962774457e-07,2.813433309752633e-07,raw_biopol,2050
raw_biopol|end-of-life|waste|landfilled|share of waste,circularity,land use,0.00016753809278409817,3.4105535023252625e-07,2.9097495425335914e-07,3.9946419729076326e-07,raw_biopol,2050
raw_biopol|end-of-life|waste|landfilled|share of waste,circularity,material resources: metals/minerals,8.753354825384338e-05,1.3455681559606116e-07,1.0561096269168381e-07,1.6204514845886e-07,raw_biopol,2050
raw_biopol|end-of-life|waste|landfilled|share of waste,circularity,ozone depletion,0.0002722676336020745,1.1801723524502766e-06,9.500041885234315e-07,1.4381867251685836e-06,raw_biopol,2050
raw_biopol|end-of-life|waste|landfilled|share of waste,circularity,particulate matter formation,0.00014819302090072703,3.617329440620482e-07,3.003726558585629e-07,4.2437246004955747e-07,raw_biopol,2050
raw_biopol|end-of-life|waste|landfilled|share of waste,circularity,photochemical oxidant formation: human health,0.0004782552364363037,2.5710783921985214e-06,2.168742663511071e-06,3.009871633452598e-06,raw_biopol,2050
raw_biopol|end-of-life|waste|landfilled|share of waste,circularity,water use,4.281077343675972e-05,2.7718978715024376e-08,2.3581868298211627e-08,3.267964581804615e-08,raw_biopol,2050
raw_biopol|production|Milling||electricity location,location,acidification,-0.0009383120111044718,0.009511313461416464,0.007771338491942411,0.011429651503213796,raw_biopol,2050
raw_biopol|production|Milling||electricity location,location,climate change,-0.0006152171528501371,0.0064241019055500635,0.0051574766431590705,0.00782548217559297,raw_biopol,2050
raw_biopol|production|Milling||electricity location,location,climate change: biogenic,0.0005425345286972886,2.214022575698249e-05,1.7814281692682326e-05,2.6570634372529812e-05,raw_biopol,2050
raw_biopol|production|Milling||electricity location,location,climate change: fossil,-0.0029855222135446516,0.002847222330241046,0.002321286080839809,0.0034196759288037657,raw_biopol,2050
raw_biopol|production|Milling||electricity location,location,climate change: land use and land use change,0.11102425108168225,0.10052981700708538,0.08145964359554486,0.12291898018765793,raw_biopol,2050
raw_biopol|production|Milling||electricity location,location,ecotoxicity: freshwater,-0.0027038028139132813,0.00474851750934685,0.0038747564237584364,0.005688166058584676,raw_biopol,2050
raw_biopol|production|Milling||electricity location,location,"ecotoxicity: freshwater, inorganics",-0.0017492498742220984,0.007981787605090378,0.006520306727501135,0.009532456636851148,raw_biopol,2050
raw_biopol|production|Milling||electricity location,location,"ecotoxicity: freshwater, organics",-0.0004558020862602163,2.118269621746349e-05,1.7217116856434747e-05,2.551231525305089e-05,raw_biopol,2050
raw_biopol|production|Milling||electricity location,location,energy resources: non-renewable,-0.0025775407615907108,0.0026336219072806196,0.0021435891069102033,0.003152285950479763,raw_biopol,2050
raw_biopol|production|Milling||electricity location,location,eutrophication: freshwater,-0.0027577957412556983,0.004526458087588626,0.003690244919561899,0.005425675548103585,raw_biopol,2050
raw_biopol|production|Milling||electricity location,location,eutrophication: marine,-0.0011672222944895563,0.00015988620746187218,0.00013037235161957644,0.0001926724736352392,raw_biopol,2050
raw_biopol|production|Milling||electricity location,location,eutrophication: terrestrial,-0.0028115520377568455,0.0029458998504640153,0.00241242576462368,0.0035334377831285893,raw_biopol,2050
raw_biopol|production|Milling||electricity location,location,human toxicity: carcinogenic,0.022963541968284627,0.05055399908184079,0.042054604137258554,0.06066355096803691,raw_biopol,2050
raw_biopol|production|Milling||electricity location,location,"human toxicity: carcinogenic, inorganics",0.0013537703351507787,0.014017067780575059,0.011506267757254449,0.0167549587257318,raw_biopol,2050
raw_biopol|production|Milling||electricity location,location,"human toxicity: carcinogenic, organics",0.06034029245198188,0.1039626546951538,0.08526955495931085,0.12597626500714412,raw_biopol,2050
raw_biopol|production|Milling||electricity location,location,human toxicity: non-carcinogenic,-0.0001616055515996332,0.011126789890766734,0.009110469366698222,0.01328683212091218,raw_biopol,2050
raw_biopol|production|Milling||electricity location,location,"human toxicity: non-carcinogenic, inorganics",-0.00019042150226626897,0.011088424623882012,0.009079293271154412,0.013240138052891048,raw_biopol,2050
raw_biopol|production|Milling||electricity location,location,"human toxicity: non-carcinogenic, organics",0.00044390434088099483,0.011897697714416391,0.00973731630061937,0.014225176231160612,raw_biopol,2050
raw_biopol|production|Milling||electricity location,location,ionising radiation: human health,0.052588823376960706,0.042597305934135965,0.034651962195164164,0.05216373606130387,raw_biopol,2050
raw_biopol|production|Milling||electricity location,location,land use,-0.0013300115727936832,0.00023563921681331545,0.00019152035301168855,0.0002833057026595331,raw_biopol,2050
raw_biopol|production|Milling||electricity location,location,material resources: metals/minerals,0.0667809509759542,0.10570576526975206,0.08554520327434365,0.12753388059448978,raw_biopol,2050
raw_biopol|production|Milling||electricity location,location,ozone depletion,0.06340471250137687,0.10382246255972064,0.08401506250783519,0.12604841709950954,raw_biopol,2050
raw_biopol|production|Milling||electricity location,location,particulate matter formation,0.017953699862641587,0.043055210982800615,0.03574476171609391,0.05151107757457403,raw_biopol,2050
raw_biopol|production|Milling||electricity location,location,photochemical oxidant formation: human health,-0.000542244715069317,0.010893616862957681,0.008908090211285313,0.013042965032743103,raw_biopol,2050
raw_biopol|production|Milling||electricity location,location,water use,0.021607456987722228,0.012787570372947761,0.010340243646924431,0.01550053780780011,raw_biopol,2050
raw_biopol|production|Mixing||electricity location,location,acidification,-0.00021005919984831784,1.8462591085191274e-05,1.5308874550555736e-05,2.323379601504359e-05,raw_biopol,2050
raw_biopol|production|Mixing||electricity location,location,climate change,-2.0419361253930628e-05,1.246994613865961e-05,1.0359453901041778e-05,1.5238779006225572e-05,raw_biopol,2050
raw_biopol|production|Mixing||electricity location,location,climate change: biogenic,1.2775242276151156e-05,4.2976812439539843e-08,3.563566220121991e-08,5.362270779664072e-08,raw_biopol,2050
raw_biopol|production|Mixing||electricity location,location,climate change: fossil,-9.668983941968172e-05,5.526797305662381e-06,4.563019242373416e-06,6.842160328058905e-06,raw_biopol,2050
raw_biopol|production|Mixing||electricity location,location,climate change: land use and land use change,0.0009869439831390696,0.00019514033585373372,0.00016396577401119248,0.00024050349758675607,raw_biopol,2050
raw_biopol|production|Mixing||electricity location,location,ecotoxicity: freshwater,-0.00013402758675975872,9.217437464508354e-06,7.636524560639084e-06,1.152001584591175e-05,raw_biopol,2050
raw_biopol|production|Mixing||electricity location,location,"ecotoxicity: freshwater, inorganics",-0.0001776960601060814,1.5493599414994767e-05,1.286667242562464e-05,1.9410513096400686e-05,raw_biopol,2050
raw_biopol|production|Mixing||electricity location,location,"ecotoxicity: freshwater, organics",-8.15199439985483e-06,4.111813367642228e-08,3.3971022760035405e-08,5.071348525722534e-08,raw_biopol,2050
raw_biopol|production|Mixing||electricity location,location,energy resources: non-renewable,-0.00010479288503983113,5.11217347050645e-06,4.23976745661587e-06,6.355047675840688e-06,raw_biopol,2050
raw_biopol|production|Mixing||electricity location,location,eutrophication: freshwater,-0.00012705686702415493,8.786393706233749e-06,7.277451429314526e-06,1.0958509136265307e-05,raw_biopol,2050
raw_biopol|production|Mixing||electricity location,location,eutrophication: marine,-2.4055457688744173e-05,3.103581519529515e-07,2.5624529124750467e-07,3.83567213325111e-07,raw_biopol,2050
raw_biopol|production|Mixing||electricity location,location,eutrophication: terrestrial,-0.0001248302653516365,5.718342113071675e-06,4.724998520437812e-06,7.172477777012346e-06,raw_biopol,2050
raw_biopol|production|Mixing||electricity location,location,human toxicity: carcinogenic,-0.00032352518247141354,9.813132713535572e-05,8.188706961316245e-05,0.0001211780954749408,raw_biopol,2050
raw_biopol|production|Mixing||electricity location,location,"human toxicity: carcinogenic, inorganics",-0.00022681752455311121,2.7208796313567252e-05,2.2648689519862242e-05,3.386429883440136e-05,raw_biopol,2050
raw_biopol|production|Mixing||electricity location,location,"human toxicity: carcinogenic, organics",-0.00030658273745995683,0.00020180388224548453,0.00016492585746184836,0.00025127375369806754,raw_biopol,2050
raw_biopol|production|Mixing||electricity location,location,human toxicity: non-carcinogenic,-0.00020006605434924553,2.1598423044031838e-05,1.7942341447182003e-05,2.691681284122271e-05,raw_biopol,2050
raw_biopol|production|Mixing||electricity location,location,"human toxicity: non-carcinogenic, inorganics",-0.00019902712106100752,2.1523951496307573e-05,1.7879272925485756e-05,2.6814468184651466e-05,raw_biopol,2050
raw_biopol|production|Mixing||electricity location,location,"human toxicity: non-carcinogenic, organics",-0.00022125705402537994,2.309484685238998e-05,1.9212045987501345e-05,2.898675183171995e-05,raw_biopol,2050
raw_biopol|production|Mixing||electricity location,location,ionising radiation: human health,0.0006319780804988474,8.268643904788624e-05,6.87835151862027e-05,0.00010345087492742728,raw_biopol,2050
raw_biopol|production|Mixing||electricity location,location,land use,-3.04490157164547e-05,4.57403756201231e-07,3.7648019763538294e-07,5.637585537738377e-07,raw_biopol,2050
raw_biopol|production|Mixing||electricity location,location,material resources: metals/minerals,-0.00045616940925201637,0.00020518746726616962,0.00016718986273417977,0.000254435158322934,raw_biopol,2050
raw_biopol|production|Mixing||electricity location,location,ozone depletion,-0.00039881830075067003,0.00020153175263054113,0.00016440061397670204,0.0002509249151128306,raw_biopol,2050
raw_biopol|production|Mixing||electricity location,location,particulate matter formation,-0.00035375154733357416,8.357528722891158e-05,6.973379583713686e-05,0.00010345737747096064,raw_biopol,2050
raw_biopol|production|Mixing||electricity location,location,photochemical oxidant formation: human health,-0.0001994976477031437,2.1145806454115298e-05,1.7475399019938908e-05,2.6446992174358406e-05,raw_biopol,2050
raw_biopol|production|Mixing||electricity location,location,water use,0.00027340387761239896,2.482219555969565e-05,2.0746120630745143e-05,3.0507179168502704e-05,raw_biopol,2050
raw_biopol|production|3D printing||electricity location,location,acidification,0.0019429790428772435,0.00015545510555912132,0.0001280992885671244,0.0001831084103048958,raw_biopol,2050
raw_biopol|production|3D printing||electricity location,location,climate change,0.0015667818576852294,0.00010499700634418021,8.56784791574089e-05,0.00012195090945143961,raw_biopol,2050
raw_biopol|production|3D printing||electricity location,location,climate change: biogenic,-0.00010493233198946282,3.6186496703284524e-07,2.988708957032415e-07,4.4266528540930154e-07,raw_biopol,2050
raw_biopol|production|3D printing||electricity location,location,climate change: fossil,0.0009381885541421602,4.6535659842714696e-05,3.8307086043838264e-05,5.448518386085005e-05,raw_biopol,2050
raw_biopol|production|3D printing||electricity location,location,climate change: land use and land use change,-0.0024504341792185636,0.0016430825645765495,0.0013568715354787633,0.0019539395750507943,raw_biopol,2050
raw_biopol|production|3D printing||electricity location,location,ecotoxicity: freshwater,0.0013013932798862026,7.761086769554493e-05,6.401190324260764e-05,9.097506227603279e-05,raw_biopol,2050
raw_biopol|production|3D printing||electricity location,location,"ecotoxicity: freshwater, inorganics",0.0017953917723411076,0.00013045618144468416,0.00010739036340401055,0.00015301767896100046,raw_biopol,2050
raw_biopol|production|3D printing||electricity location,location,"ecotoxicity: freshwater, organics",6.804670002595398e-05,3.4621488292555634e-07,2.852694263951885e-07,4.0584754743197547e-07,raw_biopol,2050
raw_biopol|production|3D printing||electricity location,location,energy resources: non-renewable,0.0009357876847861202,4.304452516047696e-05,3.551002429251128e-05,5.043687870399214e-05,raw_biopol,2050
raw_biopol|production|3D printing||electricity location,location,eutrophication: freshwater,0.0012481455111620673,7.398147718183206e-05,6.092464346052779e-05,8.673008352819366e-05,raw_biopol,2050
raw_biopol|production|3D printing||electricity location,location,eutrophication: marine,0.0001946516198211189,2.6132171291862558e-06,2.151850627215911e-06,3.0640231107559e-06,raw_biopol,2050
raw_biopol|production|3D printing||electricity location,location,eutrophication: terrestrial,0.0009820665829971373,4.814846804053105e-05,3.96726349172476e-05,5.689487583753012e-05,raw_biopol,2050
raw_biopol|production|3D printing||electricity location,location,human toxicity: carcinogenic,0.005129269219628685,0.000826266245517358,0.0006727440480451775,0.0009825551423727017,raw_biopol,2050
raw_biopol|production|3D printing||electricity location,location,"human toxicity: carcinogenic, inorganics",0.002505381020508477,0.00022909819556447974,0.00018766186572406784,0.00026929114645167057,raw_biopol,2050
raw_biopol|production|3D printing||electricity location,location,"human toxicity: carcinogenic, organics",0.007714178737337711,0.0016991896571806162,0.0013750954594732713,0.002054097331165615,raw_biopol,2050
raw_biopol|production|3D printing||electricity location,location,human toxicity: non-carcinogenic,0.0021508726308665377,0.0001818588257047843,0.0001491941306376649,0.00021364233574035118,raw_biopol,2050
raw_biopol|production|3D printing||electricity location,location,"human toxicity: non-carcinogenic, inorganics",0.002145161513402415,0.00018123177491547317,0.0001486602997709506,0.00021288513520107208,raw_biopol,2050
raw_biopol|production|3D printing||electricity location,location,"human toxicity: non-carcinogenic, organics",0.0022640937961886116,0.00019445872135410313,0.0001599449940835871,0.0002288787350839519,raw_biopol,2050
raw_biopol|production|3D printing||electricity location,location,ionising radiation: human health,-0.002461414570737583,0.0006962202136842537,0.0005769047933589769,0.0008241223644618772,raw_biopol,2050
raw_biopol|production|3D printing||electricity location,location,land use,0.0002409672432891378,3.8513418227861645e-06,3.1762607980438495e-06,4.5060240503587425e-06,raw_biopol,2050
raw_biopol|production|3D printing||electricity location,location,material resources: metals/minerals,0.008116333560159299,0.001727679459296237,0.001391459714701825,0.002102868782793124,raw_biopol,2050
raw_biopol|production|3D printing||electricity location,location,ozone depletion,0.0076688405648416445,0.0016968983245165498,0.0013691133786709407,0.002066359024214663,raw_biopol,2050
raw_biopol|production|3D printing||electricity location,location,particulate matter formation,0.004646538820802993,0.0007037043196350222,0.0005737434333679316,0.0008399510438523446,raw_biopol,2050
raw_biopol|production|3D printing||electricity location,location,photochemical oxidant formation: human health,0.0020396932024765724,0.000178047791845093,0.00014604769558015208,0.00020907759321133214,raw_biopol,2050
raw_biopol|production|3D printing||electricity location,location,water use,-0.0014935797239714146,0.00020900300576101954,0.00017182588299114037,0.0002455442140468577,raw_biopol,2050
raw_biopol|production|Baking||electricity location,location,acidification,0.013435664283340799,0.005055029998176414,0.004233038261169568,0.005921171724989128,raw_biopol,2050
raw_biopol|production|Baking||electricity location,location,climate change,0.011465385042686066,0.003414252718684099,0.0028551816040029545,0.0040416175252161604,raw_biopol,2050
raw_biopol|production|Baking||electricity location,location,climate change: biogenic,-0.0005893168903066902,1.1766987369510655e-05,9.71505535657077e-06,1.3980744965600121e-05,raw_biopol,2050
raw_biopol|production|Baking||electricity location,location,climate change: fossil,0.006253679841082397,0.0015132288878115477,0.0012591368550352777,0.0017790858057253525,raw_biopol,2050
raw_biopol|production|Baking||electricity location,location,climate change: land use and land use change,0.030007753072819995,0.05342913391967226,0.043579599117165004,0.06435219319608464,raw_biopol,2050
raw_biopol|production|Baking||electricity location,location,ecotoxicity: freshwater,0.008570892994236072,0.0025237206779051375,0.0021085763636094898,0.002963928370187679,raw_biopol,2050
raw_biopol|production|Baking||electricity location,location,"ecotoxicity: freshwater, inorganics",0.012108525846845382,0.004242124491688838,0.003554143570724819,0.004969018983433444,raw_biopol,2050
raw_biopol|production|Baking||electricity location,location,"ecotoxicity: freshwater, organics",0.00040304177950367063,1.1258083886722124e-05,9.356459253727873e-06,1.318262265210792e-05,raw_biopol,2050
raw_biopol|production|Baking||electricity location,location,energy resources: non-renewable,0.00573211721814944,0.0013997054980012678,0.0011692364817489599,0.0016460318496870168,raw_biopol,2050
raw_biopol|production|Baking||electricity location,location,eutrophication: freshwater,0.008304662998671126,0.0024057015375499096,0.002007767174838842,0.0028269735501062643,raw_biopol,2050
raw_biopol|production|Baking||electricity location,location,eutrophication: marine,0.0011854009129818384,8.497560071940412e-05,7.065068142617879e-05,9.989739712511314e-05,raw_biopol,2050
raw_biopol|production|Baking||electricity location,location,eutrophication: terrestrial,0.00638761005497709,0.0015656735713871894,0.0013071459674120094,0.001848417839239481,raw_biopol,2050
raw_biopol|production|Baking||electricity location,location,human toxicity: carcinogenic,0.04539358215229728,0.026868211517069494,0.02272998439015946,0.0315885476439854,raw_biopol,2050
raw_biopol|production|Baking||electricity location,location,"human toxicity: carcinogenic, inorganics",0.017425965192585522,0.007449727990220889,0.006268611788033729,0.008725706088008477,raw_biopol,2050
raw_biopol|production|Baking||electricity location,location,"human toxicity: carcinogenic, organics",0.08068808180454716,0.05525360301770494,0.04642440384602331,0.06556892164037083,raw_biopol,2050
raw_biopol|production|Baking||electricity location,location,human toxicity: non-carcinogenic,0.014819509964868976,0.0059136161277199084,0.004964465894320259,0.006938526661972572,raw_biopol,2050
raw_biopol|production|Baking||electricity location,location,"human toxicity: non-carcinogenic, inorganics",0.014788046454038516,0.005893225928639937,0.004947341858691944,0.006914996907964655,raw_biopol,2050
raw_biopol|production|Baking||electricity location,location,"human toxicity: non-carcinogenic, organics",0.015434030836417615,0.0063233347423136,0.005309093771580903,0.007410704083454573,raw_biopol,2050
raw_biopol|production|Baking||electricity location,location,ionising radiation: human health,0.00721683232616356,0.022639424114457414,0.01866122731390708,0.02715657090262514,raw_biopol,2050
raw_biopol|production|Baking||electricity location,location,land use,0.0014059538372020088,0.0001252364686086914,0.00010410883956457032,0.00014718655698144534,raw_biopol,2050
raw_biopol|production|Baking||electricity location,location,material resources: metals/minerals,0.07841866126441452,0.05618002356734589,0.04695935097869403,0.06659914734046064,raw_biopol,2050
raw_biopol|production|Baking||electricity location,location,ozone depletion,0.07801922219576554,0.055179094333599576,0.046335092254221846,0.0654576415460207,raw_biopol,2050
raw_biopol|production|Baking||electricity location,location,particulate matter formation,0.040370452119501014,0.022882789425327052,0.019327463961365244,0.026981409241615434,raw_biopol,2050
raw_biopol|production|Baking||electricity location,location,photochemical oxidant formation: human health,0.01461858470020832,0.005789690378124762,0.004844245026720874,0.006807594309198107,raw_biopol,2050
raw_biopol|production|Baking||electricity location,location,water use,-0.0025664222914664205,0.0067962802510155235,0.005652514662508187,0.008035934016430848,raw_biopol,2050
raw_biopol|repair|Mixing||electricity location,location,acidification,-0.00014596797623102296,4.3100104495108693e-07,3.642659980094029e-07,5.359567222580287e-07,raw_biopol,2050
raw_biopol|repair|Mixing||electricity location,location,climate change,-6.278862157047923e-05,2.9110539205718725e-07,2.455437118497884e-07,3.6918403309387035e-07,raw_biopol,2050
raw_biopol|repair|Mixing||electricity location,location,climate change: biogenic,7.871662310168046e-06,1.0032747291340953e-09,8.526940056138357e-10,1.2179210532160189e-09,raw_biopol,2050
raw_biopol|repair|Mixing||electricity location,location,climate change: fossil,-7.594835327929068e-05,1.2902064520531852e-07,1.1054577800082916e-07,1.6108896837861545e-07,raw_biopol,2050
raw_biopol|repair|Mixing||electricity location,location,climate change: land use and land use change,0.00039906794918556215,4.5554650632175865e-06,3.8022302798324174e-06,5.570178667047767e-06,raw_biopol,2050
raw_biopol|repair|Mixing||electricity location,location,ecotoxicity: freshwater,-9.886825157015643e-05,2.151770117554494e-07,1.8237965159805555e-07,2.6881954160708865e-07,raw_biopol,2050
raw_biopol|repair|Mixing||electricity location,location,"ecotoxicity: freshwater, inorganics",-0.00013106616604169875,3.6169124404604494e-07,3.043966037371241e-07,4.5072482893171077e-07,raw_biopol,2050
raw_biopol|repair|Mixing||electricity location,location,"ecotoxicity: freshwater, organics",-6.015877655369343e-06,9.598846932802195e-10,8.228255994852469e-10,1.2054054707878717e-09,raw_biopol,2050
raw_biopol|repair|Mixing||electricity location,location,energy resources: non-renewable,-7.258786924151748e-05,1.1934143466604027e-07,1.0161670844463339e-07,1.4818931011177885e-07,raw_biopol,2050
raw_biopol|repair|Mixing||electricity location,location,eutrophication: freshwater,-9.669958789623043e-05,2.0511448535388447e-07,1.7450696051307054e-07,2.556785017586804e-07,raw_biopol,2050
raw_biopol|repair|Mixing||electricity location,location,eutrophication: marine,-1.7252770456541123e-05,7.245174156955014e-09,6.2236398901647135e-09,9.07116620448506e-09,raw_biopol,2050
raw_biopol|repair|Mixing||electricity location,location,eutrophication: terrestrial,-8.24743334110712e-05,1.3349217424300974e-07,1.1552375256018837e-07,1.6613359345827199e-07,raw_biopol,2050
raw_biopol|repair|Mixing||electricity location,location,human toxicity: carcinogenic,-0.00031735458806177,2.290832545801122e-06,1.886328947754897e-06,2.8589597906219857e-06,raw_biopol,2050
raw_biopol|repair|Mixing||electricity location,location,"human toxicity: carcinogenic, inorganics",-0.00017341977488697556,6.351773480166821e-07,5.315698890234693e-07,7.875747694988228e-07,raw_biopol,2050
raw_biopol|repair|Mixing||electricity location,location,"human toxicity: carcinogenic, organics",-0.00042912327711728366,4.711022614412559e-06,3.917942347675001e-06,5.884117549649359e-06,raw_biopol,2050
raw_biopol|repair|Mixing||electricity location,location,human toxicity: non-carcinogenic,-0.00015222753486925363,5.042056588005111e-07,4.2266557669286443e-07,6.263289403799009e-07,raw_biopol,2050
raw_biopol|repair|Mixing||electricity location,location,"human toxicity: non-carcinogenic, inorganics",-0.00015193415895212593,5.02467153368618e-07,4.2123608558575035e-07,6.241167999560615e-07,raw_biopol,2050
raw_biopol|repair|Mixing||electricity location,location,"human toxicity: non-carcinogenic, organics",-0.00015791385785181522,5.39139012527265e-07,4.5220391566733994e-07,6.70883322620166e-07,raw_biopol,2050
raw_biopol|repair|Mixing||electricity location,location,ionising radiation: human health,0.0002752523924520539,1.9302784462092844e-06,1.63717543864225e-06,2.393865352392905e-06,raw_biopol,2050
raw_biopol|repair|Mixing||electricity location,location,land use,-2.032355663894588e-05,1.06778889256421e-08,9.148239944993392e-09,1.3395182209482172e-08,raw_biopol,2050
raw_biopol|repair|Mixing||electricity location,location,material resources: metals/minerals,-0.0004195316574845144,4.7900109142056845e-06,3.9490799083408016e-06,6.0162413914116775e-06,raw_biopol,2050
raw_biopol|repair|Mixing||electricity location,location,ozone depletion,-0.00040706787375099495,4.704669868589318e-06,3.9017696694056225e-06,5.9379263372721335e-06,raw_biopol,2050
raw_biopol|repair|Mixing||electricity location,location,particulate matter formation,-0.00030499628738155587,1.951028214920442e-06,1.6162244512389693e-06,2.4274644568482157e-06,raw_biopol,2050
raw_biopol|repair|Mixing||electricity location,location,photochemical oxidant formation: human health,-0.00014881547682457083,4.93639524160126e-07,4.170857681350564e-07,6.156709303405738e-07,raw_biopol,2050
raw_biopol|repair|Mixing||electricity location,location,water use,0.0001524840074480899,5.794632061579824e-07,4.976519715108817e-07,7.196334401082345e-07,raw_biopol,2050
raw_biopol|repair|3D printing||electricity location,location,acidification,0.00955461437154591,0.0008666610870445913,0.0006984721152939026,0.0010343847116565514,raw_biopol,2050
raw_biopol|repair|3D printing||electricity location,location,climate change,0.0037936881362166932,0.0005853575495471171,0.0004631971095828891,0.0007025148674368027,raw_biopol,2050
raw_biopol|repair|3D printing||electricity location,location,climate change: biogenic,-0.00038550080960213316,2.017394569088434e-06,1.6012862726140557e-06,2.4653421954748613e-06,raw_biopol,2050
raw_biopol|repair|3D printing||electricity location,location,climate change: fossil,0.004830951894642843,0.0002594359664198115,0.00020928673501063343,0.0003105236778419405,raw_biopol,2050
raw_biopol|repair|3D printing||electricity location,location,climate change: land use and land use change,-0.017200352790305524,0.009160173391528569,0.0073101671976623355,0.011222390458095794,raw_biopol,2050
raw_biopol|repair|3D printing||electricity location,location,ecotoxicity: freshwater,0.006380618563827762,0.0004326800250244242,0.00034897282698196584,0.0005162814029938805,raw_biopol,2050
raw_biopol|repair|3D printing||electricity location,location,"ecotoxicity: freshwater, inorganics",0.00846876729559937,0.0007272922662519961,0.0005846870011890034,0.0008652152771546897,raw_biopol,2050
raw_biopol|repair|3D printing||electricity location,location,"ecotoxicity: freshwater, organics",0.00038662423247454424,1.9301454635927945e-06,1.539905866669984e-06,2.313054793866639e-06,raw_biopol,2050
raw_biopol|repair|3D printing||electricity location,location,energy resources: non-renewable,0.004684223351551688,0.00023997291586354313,0.00019365161588000293,0.0002872203384528003,raw_biopol,2050
raw_biopol|repair|3D printing||electricity location,location,eutrophication: freshwater,0.0062137160519677714,0.00041244619920949673,0.0003323107343746587,0.0004933119882153477,raw_biopol,2050
raw_biopol|repair|3D printing||electricity location,location,eutrophication: marine,0.0010987755007079852,1.4568666559508794e-05,1.1616493115750387e-05,1.751011600199828e-05,raw_biopol,2050
raw_biopol|repair|3D printing||electricity location,location,eutrophication: terrestrial,0.00522263215587632,0.0002684273604360247,0.0002146500634594928,0.00032116244562876067,raw_biopol,2050
raw_biopol|repair|3D printing||electricity location,location,human toxicity: carcinogenic,0.02286829351283969,0.004606428331528735,0.0036841988336191204,0.005422453608219694,raw_biopol,2050
raw_biopol|repair|3D printing||electricity location,location,"human toxicity: carcinogenic, inorganics",0.011389476459993076,0.0012772207801972487,0.0010176923505207122,0.0015149100794333683,raw_biopol,2050
raw_biopol|repair|3D printing||electricity location,location,"human toxicity: carcinogenic, organics",0.03381853359485993,0.009472970026237103,0.007482632562284987,0.01120758746899891,raw_biopol,2050
raw_biopol|repair|3D printing||electricity location,location,human toxicity: non-carcinogenic,0.01002426034508905,0.0010138616355319435,0.0008091121860664154,0.001203786614252425,raw_biopol,2050
raw_biopol|repair|3D printing||electricity location,location,"human toxicity: non-carcinogenic, inorganics",0.010000615616113378,0.0010103658319252228,0.0008062280505461805,0.0011997363822844123,raw_biopol,2050
raw_biopol|repair|3D printing||electricity location,location,"human toxicity: non-carcinogenic, organics",0.010489529754334148,0.0010841059624764453,0.0008673241531319708,0.001285210497189566,raw_biopol,2050
raw_biopol|repair|3D printing||electricity location,location,ionising radiation: human health,-0.01407655035762848,0.003881422646389309,0.0031225184411690934,0.004748899839346187,raw_biopol,2050
raw_biopol|repair|3D printing||electricity location,location,land use,0.0013273042386294136,2.1471202754719337e-05,1.7149974272875898e-05,2.5760978849676957e-05,raw_biopol,2050
raw_biopol|repair|3D printing||electricity location,location,material resources: metals/minerals,0.03459032572093583,0.00963180046659095,0.007561732883872943,0.011440818213666016,raw_biopol,2050
raw_biopol|repair|3D printing||electricity location,location,ozone depletion,0.03399239711440828,0.009460195863238218,0.007407369862574433,0.011246941270827865,raw_biopol,2050
raw_biopol|repair|3D printing||electricity location,location,particulate matter formation,0.021506309536615434,0.003923146482834059,0.003106685262172569,0.0046291251352689276,raw_biopol,2050
raw_biopol|repair|3D printing||electricity location,location,photochemical oxidant formation: human health,0.009992428955117386,0.0009926151493793991,0.0007930651107368765,0.001179837557149495,raw_biopol,2050
raw_biopol|repair|3D printing||electricity location,location,water use,-0.008623239649142175,0.0011651902426552646,0.0009340505184429878,0.0014131537107540842,raw_biopol,2050
raw_biopol|end-of-life|waste||disposal grid location,location,acidification,-9.08562316685389e-05,6.985614790708721e-06,5.653453324963779e-06,8.547053049105014e-06,raw_biopol,2050
raw_biopol|end-of-life|waste||disposal grid location,location,climate change,0.00010045882736867012,4.718202325102204e-06,3.8009447836100617e-06,5.698176132807275e-06,raw_biopol,2050
raw_biopol|end-of-life|waste||disposal grid location,location,climate change: biogenic,2.0216267829352987e-06,1.626096008138774e-08,1.3710811733649701e-08,1.9329237706826753e-08,raw_biopol,2050
raw_biopol|end-of-life|waste||disposal grid location,location,climate change: fossil,-3.435006696012597e-05,2.0911516062689037e-06,1.6876192792767387e-06,2.5309051319779307e-06,raw_biopol,2050
raw_biopol|end-of-life|waste||disposal grid location,location,climate change: land use and land use change,1.0180571349209933e-05,7.383444772803754e-05,6.127398178371759e-05,9.173547368864057e-05,raw_biopol,2050
raw_biopol|end-of-life|waste||disposal grid location,location,ecotoxicity: freshwater,-4.485390737231393e-05,3.4875639712428504e-06,2.814612114285045e-06,4.246134581011303e-06,raw_biopol,2050
raw_biopol|end-of-life|waste||disposal grid location,location,"ecotoxicity: freshwater, inorganics",-6.124311870086608e-05,5.862249601656056e-06,4.7287464372821746e-06,7.166309449641363e-06,raw_biopol,2050
raw_biopol|end-of-life|waste||disposal grid location,location,"ecotoxicity: freshwater, organics",-2.4464086965743173e-06,1.5557699428586508e-08,1.2617745159251687e-08,1.8792477400295774e-08,raw_biopol,2050
raw_biopol|end-of-life|waste||disposal grid location,location,energy resources: non-renewable,-3.209991713050118e-05,1.9342720879997216e-06,1.5629803989278547e-06,2.3596989713184706e-06,raw_biopol,2050
raw_biopol|end-of-life|waste||disposal grid location,location,eutrophication: freshwater,-4.506562002778962e-05,3.3244717140752383e-06,2.6848024705695627e-06,4.041579415018974e-06,raw_biopol,2050
raw_biopol|end-of-life|waste||disposal grid location,location,eutrophication: marine,-8.57725588948227e-06,1.1742893977859246e-07,9.506817673864565e-08,1.416253833454243e-07,raw_biopol,2050
raw_biopol|end-of-life|waste||disposal grid location,location,eutrophication: terrestrial,-5.7641153173342526e-05,2.163625628660843e-06,1.753108304151881e-06,2.621134382067728e-06,raw_biopol,2050
raw_biopol|end-of-life|waste||disposal grid location,location,human toxicity: carcinogenic,-0.00018470983996208385,3.712954736989498e-05,2.9992439564917804e-05,4.492015358951155e-05,raw_biopol,2050
raw_biopol|end-of-life|waste||disposal grid location,location,"human toxicity: carcinogenic, inorganics",-8.102089187648135e-05,1.0294880555410577e-05,8.327154295292197e-06,1.2594411024257925e-05,raw_biopol,2050
raw_biopol|end-of-life|waste||disposal grid location,location,"human toxicity: carcinogenic, organics",-0.00030186583209068505,7.635570641908491e-05,6.014813876658197e-05,9.255653591474035e-05,raw_biopol,2050
raw_biopol|end-of-life|waste||disposal grid location,location,human toxicity: non-carcinogenic,-6.923362296055133e-05,8.172106654812424e-06,6.611824801440457e-06,9.999341802325557e-06,raw_biopol,2050
raw_biopol|end-of-life|waste||disposal grid location,location,"human toxicity: non-carcinogenic, inorganics",-6.887388919153699e-05,8.143929161042821e-06,6.588656998114317e-06,9.964100400616899e-06,raw_biopol,2050
raw_biopol|end-of-life|waste||disposal grid location,location,"human toxicity: non-carcinogenic, organics",-7.65711940842234e-05,8.738302387610687e-06,7.0784651886666696e-06,1.0708293167790574e-05,raw_biopol,2050
raw_biopol|end-of-life|waste||disposal grid location,location,ionising radiation: human health,4.897849925908367e-05,3.128572847325009e-05,2.5665739840235868e-05,3.8720098457068794e-05,raw_biopol,2050
raw_biopol|end-of-life|waste||disposal grid location,location,land use,-8.711962992570961e-06,1.7306598136204727e-07,1.4035761477092714e-07,2.0936861645760397e-07,raw_biopol,2050
raw_biopol|end-of-life|waste||disposal grid location,location,material resources: metals/minerals,-0.0003216188966320288,7.763593959204796e-05,6.063967892487187e-05,9.58417458371053e-05,raw_biopol,2050
raw_biopol|end-of-life|waste||disposal grid location,location,ozone depletion,-0.0003119134169082907,7.62527418539071e-05,5.984859792254248e-05,9.384951251832735e-05,raw_biopol,2050
raw_biopol|end-of-life|waste||disposal grid location,location,particulate matter formation,-0.00020990749915458703,3.1622038310336955e-05,2.5501106103653497e-05,3.827602281211701e-05,raw_biopol,2050
raw_biopol|end-of-life|waste||disposal grid location,location,photochemical oxidant formation: human health,-7.943371890940432e-05,8.000851973903564e-06,6.492994804475732e-06,9.789607089030946e-06,raw_biopol,2050
raw_biopol|end-of-life|waste||disposal grid location,location,water use,4.150056352870887e-05,9.391872226361153e-06,7.646670821553932e-06,1.1432619221355884e-05,raw_biopol,2050
