name,group,category,S1,ST,ST_lo,ST_hi,raw_case,background
raw_biopol|product|product size formula||wall_height,design,acidification,0.107479398351417,0.11076784847106609,0.09050024695352996,0.13387393923658408,raw_biopol,today
raw_biopol|product|product size formula||wall_height,design,climate change,0.1251357505374614,0.12396526424027815,0.102222904831321,0.1469186561865334,raw_biopol,today
raw_biopol|product|product size formula||wall_height,design,climate change: biogenic,0.4612058602163925,0.4699158581066683,0.4209403997433802,0.5334665685340033,raw_biopol,today
raw_biopol|product|product size formula||wall_height,design,climate change: fossil,0.15320480709588,0.14765850080393372,0.12304382513830708,0.1739010331538584,raw_biopol,today
raw_biopol|product|product size formula||wall_height,design,climate change: land use and land use change,0.0700954267364508,0.12145238382291007,0.10269228118580084,0.14819508206377077,raw_biopol,today
raw_biopol|product|product size formula||wall_height,design,ecotoxicity: freshwater,0.2758266002455017,0.26845741145435303,0.22749110800200395,0.3142840257816366,raw_biopol,today
raw_biopol|product|product size formula||wall_height,design,"ecotoxicity: freshwater, inorganics",0.22895654479824387,0.22264918477712592,0.18738053930868892,0.26163142852481175,raw_biopol,today
raw_biopol|product|product size formula||wall_height,design,"ecotoxicity: freshwater, organics",0.4128812566953283,0.44263541975865905,0.38353513917287607,0.5020920561759634,raw_biopol,today
raw_biopol|product|product size formula||wall_height,design,energy resources: non-renewable,0.2708665797328172,0.2917181705705746,0.25261043963990254,0.3436065598382566,raw_biopol,today
raw_biopol|product|product size formula||wall_height,design,eutrophication: freshwater,0.06677536152046987,0.0812261999628264,0.06377739880533456,0.09768737934454137,raw_biopol,today
raw_biopol|product|product size formula||wall_height,design,eutrophication: marine,0.3883254928297695,0.3874819900931773,0.3414455191158993,0.45001186018293154,raw_biopol,today
raw_biopol|product|product size formula||wall_height,design,eutrophication: terrestrial,0.2477007898933455,0.23474600204274157,0.19751150397419961,0.27634555353795076,raw_biopol,today
raw_biopol|product|product size formula||wall_height,design,human toxicity: carcinogenic,0.3350318166202199,0.3305607535432648,0.2829811488096698,0.387851623570582,raw_biopol,today
raw_biopol|product|product size formula||wall_height,design,"human toxicity: carcinogenic, inorganics",0.2153947173102793,0.21116284864091794,0.1765063385567128,0.24979013806384384,raw_biopol,today
raw_biopol|product|product size formula||wall_height,design,"human toxicity: carcinogenic, organics",0.3789279438548247,0.4039236539341651,0.35933398209228723,0.45694649254319974,raw_biopol,today
raw_biopol|product|product size formula||wall_height,design,human toxicity: non-carcinogenic,0.28076587528495467,0.27380829469594936,0.23151569514781725,0.3239858584173328,raw_biopol,today
raw_biopol|product|product size formula||wall_height,design,"human toxicity: non-carcinogenic, inorganics",0.2743804561229238,0.2676025320970052,0.2260576848635473,0.31654477720414126,raw_biopol,today
raw_biopol|product|product size formula||wall_height,design,"human toxicity: non-carcinogenic, organics",0.4127362660614919,0.4156297077585202,0.3668221774435733,0.4757990679534799,raw_biopol,today
raw_biopol|product|product size formula||wall_height,design,ionising radiation: human health,0.033041620053354544,0.08410037505951651,0.07055239704605885,0.10097876642810838,raw_biopol,today
raw_biopol|product|product size formula||wall_height,design,land use,0.42361124982987286,0.4436923609260924,0.3878363518609382,0.5021790132437575,raw_biopol,today
raw_biopol|product|product size formula||wall_height,design,material resources: metals/minerals,0.3869110001412717,0.4018712676890236,0.3549984271787883,0.4561435256792879,raw_biopol,today
raw_biopol|product|product size formula||wall_height,design,ozone depletion,0.2301529644926892,0.23476325542043056,0.20814321158212729,0.26844310524658643,raw_biopol,today
raw_biopol|product|product size formula||wall_height,design,particulate matter formation,0.3792322029006325,0.37833520215672484,0.33344363176901404,0.43267630498994025,raw_biopol,today
raw_biopol|product|product size formula||wall_height,design,photochemical oxidant formation: human health,0.2100012052761846,0.20070768543120185,0.16802464985589396,0.23555659828710387,raw_biopol,today
raw_biopol|product|product size formula||wall_height,design,water use,0.4006133414142258,0.409569983123359,0.3588476233408589,0.4612776956347276,raw_biopol,today
raw_biopol|product|product size formula||thickness_ratio,design,acidification,0.013880621993741385,0.025357862607461694,0.020781422460047373,0.03031885440979789,raw_biopol,today
raw_biopol|product|product size formula||thickness_ratio,design,climate change,0.015751395720584017,0.029609929149648523,0.024620855163833014,0.03544728671101563,raw_biopol,today
raw_biopol|product|product size formula||thickness_ratio,design,climate change: biogenic,0.03075289585666642,0.11100802937582638,0.09660497252050074,0.12638880537823072,raw_biopol,today
raw_biopol|product|product size formula||thickness_ratio,design,climate change: fossil,0.014832090772572616,0.035383643182853926,0.029650036797193302,0.0423338310249407,raw_biopol,today
raw_biopol|product|product size formula||thickness_ratio,design,climate change: land use and land use change,-0.010676829571376412,0.02510672549436628,0.020834466323192816,0.030879874208046776,raw_biopol,today
raw_biopol|product|product size formula||thickness_ratio,design,ecotoxicity: freshwater,0.008190937157801725,0.06455585222737582,0.05563120100959325,0.07527023079744204,raw_biopol,today
raw_biopol|product|product size formula||thickness_ratio,design,"ecotoxicity: freshwater, inorganics",0.011371573530624594,0.05342802237099311,0.045715549887851314,0.06314684643477397,raw_biopol,today
raw_biopol|product|product size formula||thickness_ratio,design,"ecotoxicity: freshwater, organics",-0.023440152640572007,0.10732136957363556,0.09505153182685905,0.12105792880968119,raw_biopol,today
raw_biopol|product|product size formula||thickness_ratio,design,energy resources: non-renewable,-0.00215603509501876,0.07177326332002096,0.061749717078840395,0.08229717863711816,raw_biopol,today
raw_biopol|product|product size formula||thickness_ratio,design,eutrophication: freshwater,0.015792753077199986,0.0195972061932566,0.016212990345118215,0.023320650084991724,raw_biopol,today
raw_biopol|product|product size formula||thickness_ratio,design,eutrophication: marine,-0.006194617985164144,0.09350819681197786,0.08127241584368983,0.10731850182258634,raw_biopol,today
raw_biopol|product|product size formula||thickness_ratio,design,eutrophication: terrestrial,0.006464387123419452,0.05621968843234248,0.04738296035329901,0.06676422958850604,raw_biopol,today
raw_biopol|product|product size formula||thickness_ratio,design,human toxicity: carcinogenic,-0.004285946306044361,0.07962546253020435,0.06857280992322146,0.09230892866990326,raw_biopol,today
raw_biopol|product|product size formula||thickness_ratio,design,"human toxicity: carcinogenic, inorganics",0.010055817770551223,0.049997095846584176,0.042466852219326785,0.05915269475407882,raw_biopol,today
raw_biopol|product|product size formula||thickness_ratio,design,"human toxicity: carcinogenic, organics",-0.030460153208405765,0.09929369886580476,0.08757976655341648,0.11500816253968846,raw_biopol,today
raw_biopol|product|product size formula||thickness_ratio,design,human toxicity: non-carcinogenic,0.004304239218426584,0.0652877575866566,0.055788278344024105,0.07607936483194444,raw_biopol,today
raw_biopol|product|product size formula||thickness_ratio,design,"human toxicity: non-carcinogenic, inorganics",0.0047764094517007165,0.06375899197850571,0.05449769644238175,0.07432432264396233,raw_biopol,today
raw_biopol|product|product size formula||thickness_ratio,design,"human toxicity: non-carcinogenic, organics",-0.013069721721076585,0.10094837781328979,0.08866099067587777,0.1159070287224298,raw_biopol,today
raw_biopol|product|product size formula||thickness_ratio,design,ionising radiation: human health,-0.00649061951739814,0.020454152342788284,0.016465915996096123,0.026043977313364778,raw_biopol,today
raw_biopol|product|product size formula||thickness_ratio,design,land use,-0.02318316778962666,0.10776032215668822,0.09559335800565064,0.12205420286889913,raw_biopol,today
raw_biopol|product|product size formula||thickness_ratio,design,material resources: metals/minerals,-0.024014560497723596,0.09977863788253803,0.08779400534419578,0.11512234606296541,raw_biopol,today
raw_biopol|product|product size formula||thickness_ratio,design,ozone depletion,-0.01174906289933855,0.06002184342240746,0.05214686783572316,0.07046451541370495,raw_biopol,today
raw_biopol|product|product size formula||thickness_ratio,design,particulate matter formation,-0.009807823295833176,0.09198536570928752,0.07969578034319047,0.10609637600587196,raw_biopol,today
raw_biopol|product|product size formula||thickness_ratio,design,photochemical oxidant formation: human health,0.00826650522033883,0.04752874758510491,0.039534061649924075,0.05632459614225431,raw_biopol,today
raw_biopol|product|product size formula||thickness_ratio,design,water use,-0.003226002548585165,0.09582381785410682,0.0848176516173918,0.1084281591766059,raw_biopol,today
raw_biopol|product|product size formula||density,design,acidification,0.05648068463970325,0.02544501343433642,0.020944207393168327,0.03154068128907122,raw_biopol,today
raw_biopol|product|product size formula||density,design,climate change,0.0708547814400436,0.029971388349746064,0.02552130582089163,0.03586867649830183,raw_biopol,today
raw_biopol|product|product size formula||density,design,climate change: biogenic,0.23656022905747404,0.11633147313621076,0.09927477481168769,0.13611484637610888,raw_biopol,today
raw_biopol|product|product size formula||density,design,climate change: fossil,0.08429732449687372,0.035855815036959164,0.03089245369392963,0.042735289942208966,raw_biopol,today
raw_biopol|product|product size formula||density,design,climate change: land use and land use change,0.022241135524232417,0.02522477761641994,0.02159773756258629,0.029462296716330258,raw_biopol,today
raw_biopol|product|product size formula||density,design,ecotoxicity: freshwater,0.14515723606761732,0.06582970777912184,0.05703764617844779,0.07819763799676807,raw_biopol,today
raw_biopol|product|product size formula||density,design,"ecotoxicity: freshwater, inorganics",0.12096532659549508,0.05423857148381061,0.04671811692716006,0.0646819374137222,raw_biopol,today
raw_biopol|product|product size formula||density,design,"ecotoxicity: freshwater, organics",0.21953171690257786,0.11165905282858407,0.09636652439222024,0.13047968298885732,raw_biopol,today
raw_biopol|product|product size formula||density,design,energy resources: non-renewable,0.15101235513521002,0.07520295146921613,0.06429470345850365,0.08846987276509573,raw_biopol,today
raw_biopol|product|product size formula||density,design,eutrophication: freshwater,0.03798308799920299,0.019368060371275315,0.01620096547212049,0.022881653946989825,raw_biopol,today
raw_biopol|product|product size formula||density,design,eutrophication: marine,0.20195198696903888,0.09616236048004717,0.08445119979397521,0.1140372356863192,raw_biopol,today
raw_biopol|product|product size formula||density,design,eutrophication: terrestrial,0.12859055737436156,0.05698429307508375,0.04915188902286026,0.06807778575443589,raw_biopol,today
raw_biopol|product|product size formula||density,design,human toxicity: carcinogenic,0.17802519416912957,0.08198069601956873,0.0719184614651113,0.09768053465036056,raw_biopol,today
raw_biopol|product|product size formula||density,design,"human toxicity: carcinogenic, inorganics",0.1126555803099185,0.0507222691143765,0.04333321632633616,0.06042237446166182,raw_biopol,today
raw_biopol|product|product size formula||density,design,"human toxicity: carcinogenic, organics",0.21102296553635047,0.10389876653387085,0.0905899519471938,0.12086216381347091,raw_biopol,today
raw_biopol|product|product size formula||density,design,human toxicity: non-carcinogenic,0.1466023737663265,0.06643265363459455,0.05692711494452036,0.07901783357920546,raw_biopol,today
raw_biopol|product|product size formula||density,design,"human toxicity: non-carcinogenic, inorganics",0.14318222481371615,0.06483019542539453,0.05549815887442563,0.07717987807869439,raw_biopol,today
raw_biopol|product|product size formula||density,design,"human toxicity: non-carcinogenic, organics",0.22085204838926417,0.10442197154119859,0.09146608001058815,0.12505291692490897,raw_biopol,today
raw_biopol|product|product size formula||density,design,ionising radiation: human health,0.019488062161511138,0.02171357325031454,0.017921754846381373,0.026476647867650062,raw_biopol,today
raw_biopol|product|product size formula||density,design,land use,0.22312081430404604,0.11160227851577403,0.09657442777704489,0.13046738762867366,raw_biopol,today
raw_biopol|product|product size formula||density,design,material resources: metals/minerals,0.21463996942206726,0.10274083115938391,0.08956198018470272,0.12012443880472176,raw_biopol,today
raw_biopol|product|product size formula||density,design,ozone depletion,0.1358016616472053,0.06289221622748334,0.05283983501895666,0.07587153173160627,raw_biopol,today
raw_biopol|product|product size formula||density,design,particulate matter formation,0.20490268709797022,0.09515917048152728,0.08396306792594971,0.11400868860832261,raw_biopol,today
raw_biopol|product|product size formula||density,design,photochemical oxidant formation: human health,0.1116546922209964,0.048890846519738504,0.042036997255354924,0.05826037500611801,raw_biopol,today
raw_biopol|product|product size formula||density,design,water use,0.20206364161811083,0.09947299754873976,0.087145937605766,0.11653964295437833,raw_biopol,today
raw_biopol|production|Pea protein binder|virgin|share of input mass,design,acidification,-5.08361920671618e-05,3.4569315133191176e-05,2.688948713719864e-05,4.252932960548778e-05,raw_biopol,today
raw_biopol|production|Pea protein binder|virgin|share of input mass,design,climate change,0.00023060749843204355,6.377599538501973e-05,5.086160396540993e-05,7.681463976873078e-05,raw_biopol,today
raw_biopol|production|Pea protein binder|virgin|share of input mass,design,climate change: biogenic,-0.00022760399459477437,3.121693337296573e-06,2.6000509281806393e-06,3.7968935926863907e-06,raw_biopol,today
raw_biopol|production|Pea protein binder|virgin|share of input mass,design,climate change: fossil,0.0001446658495811857,4.6438513580951264e-05,3.673299943682008e-05,5.578677253537859e-05,raw_biopol,today
raw_biopol|production|Pea protein binder|virgin|share of input mass,design,climate change: land use and land use change,-0.0013507195741943217,9.534184343342044e-05,8.13322046250369e-05,0.00011296579995268576,raw_biopol,today
raw_biopol|production|Pea protein binder|virgin|share of input mass,design,ecotoxicity: freshwater,-0.0003386835282582304,0.0007594596915609489,0.0006061790711491213,0.0009000903770367896,raw_biopol,today
raw_biopol|production|Pea protein binder|virgin|share of input mass,design,"ecotoxicity: freshwater, inorganics",-0.00022469752967045536,0.00030527808897471575,0.0002422727592469134,0.00036389976530441646,raw_biopol,today
raw_biopol|production|Pea protein binder|virgin|share of input mass,design,"ecotoxicity: freshwater, organics",-0.00044988910045106644,0.006432015003471638,0.005288002602800789,0.007517002447508364,raw_biopol,today
raw_biopol|production|Pea protein binder|virgin|share of input mass,design,energy resources: non-renewable,-0.0004335335347577771,4.093085052404643e-05,3.362956292693695e-05,4.8785783902883925e-05,raw_biopol,today
raw_biopol|production|Pea protein binder|virgin|share of input mass,design,eutrophication: freshwater,-1.2677547156275331e-05,1.772459160632505e-05,1.4226047171458318e-05,2.1230801761621434e-05,raw_biopol,today
raw_biopol|production|Pea protein binder|virgin|share of input mass,design,eutrophication: marine,-0.0005167368010041237,0.003222911357567596,0.002632250468258107,0.003757984085017423,raw_biopol,today
raw_biopol|production|Pea protein binder|virgin|share of input mass,design,eutrophication: terrestrial,-1.8042178356015925e-05,0.00028182321183705284,0.00022256748021181027,0.0003377655966504967,raw_biopol,today
raw_biopol|production|Pea protein binder|virgin|share of input mass,design,human toxicity: carcinogenic,-0.00043392904306047684,0.000552997652526948,0.00044722089938062316,0.000644360430426083,raw_biopol,today
raw_biopol|production|Pea protein binder|virgin|share of input mass,design,"human toxicity: carcinogenic, inorganics",-0.00029069935883177723,0.00015888610563129224,0.0001247494505694956,0.00019060676117490483,raw_biopol,today
raw_biopol|production|Pea protein binder|virgin|share of input mass,design,"human toxicity: carcinogenic, organics",-0.00024130506699954026,0.001247529190167049,0.0010332500142345388,0.001465928351531343,raw_biopol,today
raw_biopol|production|Pea protein binder|virgin|share of input mass,design,human toxicity: non-carcinogenic,-0.0004531094105878658,0.00047118656541615846,0.0003720672570005497,0.0005574993529540494,raw_biopol,today
raw_biopol|production|Pea protein binder|virgin|share of input mass,design,"human toxicity: non-carcinogenic, inorganics",-0.0004435962441484068,0.00046463681503484163,0.0003662806436854166,0.0005508228257106721,raw_biopol,today
raw_biopol|production|Pea protein binder|virgin|share of input mass,design,"human toxicity: non-carcinogenic, organics",-0.0006433412689670486,0.0005619291619279226,0.00046327430936507485,0.000655067307806467,raw_biopol,today
raw_biopol|production|Pea protein binder|virgin|share of input mass,design,ionising radiation: human health,-0.00010615066930783067,6.045268259379043e-07,5.033317880659816e-07,7.114200413694808e-07,raw_biopol,today
raw_biopol|production|Pea protein binder|virgin|share of input mass,design,land use,-0.0011165488970830838,0.003910424585447124,0.0032348125377373595,0.0045774302533996575,raw_biopol,today
raw_biopol|production|Pea protein binder|virgin|share of input mass,design,material resources: metals/minerals,-0.00019699257179133355,4.248485212524904e-05,3.523022043042177e-05,4.9661412927117634e-05,raw_biopol,today
raw_biopol|production|Pea protein binder|virgin|share of input mass,design,ozone depletion,0.001072086618842648,0.00022411145013057388,0.00018169540937698682,0.00026859695614086734,raw_biopol,today
raw_biopol|production|Pea protein binder|virgin|share of input mass,design,particulate matter formation,-0.0005349751726624532,0.00036522070383238493,0.0002974629225713796,0.0004273473254622987,raw_biopol,today
raw_biopol|production|Pea protein binder|virgin|share of input mass,design,photochemical oxidant formation: human health,8.889195953669524e-05,0.0001380922776894029,0.0001106061215286142,0.00016717838102734737,raw_biopol,today
raw_biopol|production|Pea protein binder|virgin|share of input mass,design,water use,-0.0021742465969786656,0.002006051239884896,0.001668810704916049,0.0023554950054991888,raw_biopol,today
raw_biopol|production|Sawdust|co-product|share of input mass,design,acidification,0.0002113678245328061,1.3417896145664739e-05,1.055400605395335e-05,1.6501721667971733e-05,raw_biopol,today
raw_biopol|production|Sawdust|co-product|share of input mass,design,climate change,0.00038010028688089146,2.2055044314993547e-05,1.7442437670516704e-05,2.641629479276309e-05,raw_biopol,today
raw_biopol|production|Sawdust|co-product|share of input mass,design,climate change: biogenic,0.0002914380460343193,1.2251993650406636e-06,1.0550706967588963e-06,1.4308135202449025e-06,raw_biopol,today
raw_biopol|production|Sawdust|co-product|share of input mass,design,climate change: fossil,0.0004065536023878886,1.79163262488573e-05,1.421662436831217e-05,2.137627925442317e-05,raw_biopol,today
raw_biopol|production|Sawdust|co-product|share of input mass,design,climate change: land use and land use change,0.0008413484098853572,3.677734872840864e-05,3.0843588149140795e-05,4.3123967140636274e-05,raw_biopol,today
raw_biopol|production|Sawdust|co-product|share of input mass,design,ecotoxicity: freshwater,0.00320954140713612,0.00030393511939110065,0.00024393574391471767,0.00036336328058291434,raw_biopol,today
raw_biopol|production|Sawdust|co-product|share of input mass,design,"ecotoxicity: freshwater, inorganics",0.0017090642868157323,0.00012164970667806305,9.694561200771302e-05,0.00014657398891446702,raw_biopol,today
raw_biopol|production|Sawdust|co-product|share of input mass,design,"ecotoxicity: freshwater, organics",0.015608315388038266,0.0025884752042788493,0.002228204983176025,0.0029718028090383393,raw_biopol,today
raw_biopol|production|Sawdust|co-product|share of input mass,design,energy resources: non-renewable,0.0008019737389248601,1.5397045613170527e-05,1.2837470431384298e-05,1.788281464235689e-05,raw_biopol,today
raw_biopol|production|Sawdust|co-product|share of input mass,design,eutrophication: freshwater,0.00013874653857282986,6.9357063890238174e-06,5.542691481296932e-06,8.14851645269357e-06,raw_biopol,today
raw_biopol|production|Sawdust|co-product|share of input mass,design,eutrophication: marine,0.009109157673971203,0.001293247142476923,0.0010798856046916282,0.0015048634823780526,raw_biopol,today
raw_biopol|production|Sawdust|co-product|share of input mass,design,eutrophication: terrestrial,0.0016151314064495126,0.00011012103989953814,8.772108988123206e-05,0.00013293431561434244,raw_biopol,today
raw_biopol|production|Sawdust|co-product|share of input mass,design,human toxicity: carcinogenic,0.003243856169846579,0.00021948714258121334,0.0001800749206987172,0.00025680319647534457,raw_biopol,today
raw_biopol|production|Sawdust|co-product|share of input mass,design,"human toxicity: carcinogenic, inorganics",0.0011418374719111618,6.31903335161526e-05,4.9850659796391986e-05,7.75433146338834e-05,raw_biopol,today
raw_biopol|production|Sawdust|co-product|share of input mass,design,"human toxicity: carcinogenic, organics",0.006388045212447061,0.0004945829293422338,0.00042771467474336924,0.0005649249911779245,raw_biopol,today
raw_biopol|production|Sawdust|co-product|share of input mass,design,human toxicity: non-carcinogenic,0.00254249460795066,0.00018847311265419927,0.00015061130568065327,0.0002276503467062558,raw_biopol,today
raw_biopol|production|Sawdust|co-product|share of input mass,design,"human toxicity: non-carcinogenic, inorganics",0.0024774508757898364,0.00018591052807976578,0.00014832009592598936,0.00022511746299672532,raw_biopol,today
raw_biopol|production|Sawdust|co-product|share of input mass,design,"human toxicity: non-carcinogenic, organics",0.003973834258497705,0.00022294925075304288,0.00018909831614158124,0.0002558972786144293,raw_biopol,today
raw_biopol|production|Sawdust|co-product|share of input mass,design,ionising radiation: human health,6.423509421203905e-05,1.9687149507910172e-07,1.6820695081733218e-07,2.2762286365511943e-07,raw_biopol,today
raw_biopol|production|Sawdust|co-product|share of input mass,design,land use,0.010516765753332782,0.0013092425973652727,0.0011258401527777155,0.0015005029811418784,raw_biopol,today
raw_biopol|production|Sawdust|co-product|share of input mass,design,material resources: metals/minerals,0.0011873453124188586,1.6844605965723088e-05,1.4761780470813538e-05,1.912128202775669e-05,raw_biopol,today
raw_biopol|production|Sawdust|co-product|share of input mass,design,ozone depletion,0.0019205201374881517,8.797707408126571e-05,7.436574440864434e-05,0.0001018334244577273,raw_biopol,today
raw_biopol|production|Sawdust|co-product|share of input mass,design,particulate matter formation,0.0028634043913832188,0.000138397682403512,0.00011579490424065537,0.0001593470031929456,raw_biopol,today
raw_biopol|production|Sawdust|co-product|share of input mass,design,photochemical oxidant formation: human health,0.0008978832940351579,5.2331143031642605e-05,4.175107852778802e-05,6.336706425278608e-05,raw_biopol,today
raw_biopol|production|Sawdust|co-product|share of input mass,design,water use,0.006956658343065112,0.0008045357924511071,0.0006771382610451758,0.0009294554102243997,raw_biopol,today
raw_biopol|production|Seagrass|wild-harvested|share of input mass,design,acidification,0.00010365257647519224,4.20626754574385e-06,3.289576733358757e-06,5.223349355403222e-06,raw_biopol,today
raw_biopol|production|Seagrass|wild-harvested|share of input mass,design,climate change,0.00027723703336112485,9.387424662229074e-06,7.498338965756292e-06,1.133938969255988e-05,raw_biopol,today
raw_biopol|production|Seagrass|wild-harvested|share of input mass,design,climate change: biogenic,0.00019683069283712903,3.7188163729822206e-07,3.119040356105942e-07,4.42946970664374e-07,raw_biopol,today
raw_biopol|production|Seagrass|wild-harvested|share of input mass,design,climate change: fossil,0.0002425099765004119,5.715072512567261e-06,4.560039197760304e-06,6.89018082363947e-06,raw_biopol,today
raw_biopol|production|Seagrass|wild-harvested|share of input mass,design,climate change: land use and land use change,0.0006810546601253818,1.1737219728182594e-05,1.0043202896773625e-05,1.416993454099101e-05,raw_biopol,today
raw_biopol|production|Seagrass|wild-harvested|share of input mass,design,ecotoxicity: freshwater,0.001822949888180169,8.710256576021253e-05,7.101571401810436e-05,0.00010411733823117228,raw_biopol,today
raw_biopol|production|Seagrass|wild-harvested|share of input mass,design,"ecotoxicity: freshwater, inorganics",0.0009927261510074249,3.5309316972750426e-05,2.8433917064113908e-05,4.253519910825699e-05,raw_biopol,today
raw_biopol|production|Seagrass|wild-harvested|share of input mass,design,"ecotoxicity: freshwater, organics",0.008365910071100442,0.0007295696118727451,0.0006146164706632684,0.0008618042947151306,raw_biopol,today
raw_biopol|production|Seagrass|wild-harvested|share of input mass,design,energy resources: non-renewable,0.00037905789631579006,5.277315270316746e-06,4.433567314719201e-06,6.218067358608285e-06,raw_biopol,today
raw_biopol|production|Seagrass|wild-harvested|share of input mass,design,eutrophication: freshwater,0.00011292513511967183,2.123669363489599e-06,1.7129059292319036e-06,2.543874690823954e-06,raw_biopol,today
raw_biopol|production|Seagrass|wild-harvested|share of input mass,design,eutrophication: marine,0.0049313005510395694,0.0003676904192859988,0.0003097948927626347,0.00043213943210055234,raw_biopol,today
raw_biopol|production|Seagrass|wild-harvested|share of input mass,design,eutrophication: terrestrial,0.000879169092784572,3.3858985719658966e-05,2.7090415111412505e-05,4.125951114847198e-05,raw_biopol,today
raw_biopol|production|Seagrass|wild-harvested|share of input mass,design,human toxicity: carcinogenic,0.0017357167234732364,6.446221544544876e-05,5.328897598223963e-05,7.770589294215722e-05,raw_biopol,today
raw_biopol|production|Seagrass|wild-harvested|share of input mass,design,"human toxicity: carcinogenic, inorganics",0.0006307978722277358,1.844796984692909e-05,1.466799151929744e-05,2.2488752820310602e-05,raw_biopol,today
raw_biopol|production|Seagrass|wild-harvested|share of input mass,design,"human toxicity: carcinogenic, organics",0.003327234942440731,0.0001457482434346205,0.00012471338928516328,0.00017396940660380762,raw_biopol,today
raw_biopol|production|Seagrass|wild-harvested|share of input mass,design,human toxicity: non-carcinogenic,0.0013658549112092024,5.409451960401456e-05,4.365045147850988e-05,6.588672307594624e-05,raw_biopol,today
raw_biopol|production|Seagrass|wild-harvested|share of input mass,design,"human toxicity: non-carcinogenic, inorganics",0.001329632951500853,5.331009324070403e-05,4.294721816782279e-05,6.498283329000549e-05,raw_biopol,today
raw_biopol|production|Seagrass|wild-harvested|share of input mass,design,"human toxicity: non-carcinogenic, organics",0.0021820366389089752,6.55508867461038e-05,5.5681467102702984e-05,7.76812996715418e-05,raw_biopol,today
raw_biopol|production|Seagrass|wild-harvested|share of input mass,design,ionising radiation: human health,3.48780808484984e-05,9.877918864618413e-08,8.131031054478597e-08,1.1660339038214625e-07,raw_biopol,today
raw_biopol|production|Seagrass|wild-harvested|share of input mass,design,land use,0.007685557093156067,0.000612608512472895,0.0005175213577053638,0.0007225023983581543,raw_biopol,today
raw_biopol|production|Seagrass|wild-harvested|share of input mass,design,material resources: metals/minerals,0.000648614656165398,4.96263075410394e-06,4.144207414585895e-06,5.87453698414199e-06,raw_biopol,today
raw_biopol|production|Seagrass|wild-harvested|share of input mass,design,ozone depletion,0.0010416569643990911,2.6687484037679394e-05,2.2736374054075685e-05,3.278152039016998e-05,raw_biopol,today
raw_biopol|production|Seagrass|wild-harvested|share of input mass,design,particulate matter formation,0.001599766513188985,4.6465011788289356e-05,3.8831002815595306e-05,5.467862092098837e-05,raw_biopol,today
raw_biopol|production|Seagrass|wild-harvested|share of input mass,design,photochemical oxidant formation: human health,0.0004876241902399844,1.756743152181005e-05,1.4095090978937132e-05,2.1281055813536605e-05,raw_biopol,today
raw_biopol|production|Seagrass|wild-harvested|share of input mass,design,water use,0.003933065959594971,0.0002291036540568853,0.00019361159242178575,0.00026939242337099156,raw_biopol,today
raw_biopol|repair|Pea protein binder|virgin|share of input mass,design,acidification,-9.08331785870149e-05,1.1231460747640668e-05,8.911992857901176e-06,1.3750852664264585e-05,raw_biopol,today
raw_biopol|repair|Pea protein binder|virgin|share of input mass,design,climate change,8.865618827496655e-06,1.9390585289919632e-07,1.5624422343611182e-07,2.3488755856650494e-07,raw_biopol,today
raw_biopol|repair|Pea protein binder|virgin|share of input mass,design,climate change: biogenic,-5.1746811302768214e-05,4.403914790288661e-06,3.813291481999061e-06,5.12576112709346e-06,raw_biopol,today
raw_biopol|repair|Pea protein binder|virgin|share of input mass,design,climate change: fossil,6.045658087436567e-06,8.52052173031193e-08,6.853223836096286e-08,1.024105522848793e-07,raw_biopol,today
raw_biopol|repair|Pea protein binder|virgin|share of input mass,design,climate change: land use and land use change,6.208266660150699e-05,1.997397425697359e-06,1.7184175282671948e-06,2.3488283162789856e-06,raw_biopol,today
raw_biopol|repair|Pea protein binder|virgin|share of input mass,design,ecotoxicity: freshwater,5.710510558082809e-05,9.585291641750596e-06,7.889906863317681e-06,1.157412239619903e-05,raw_biopol,today
raw_biopol|repair|Pea protein binder|virgin|share of input mass,design,"ecotoxicity: freshwater, inorganics",2.0869310048601572e-05,2.5355257784766896e-06,2.067249401849875e-06,3.0444095451749913e-06,raw_biopol,today
raw_biopol|repair|Pea protein binder|virgin|share of input mass,design,"ecotoxicity: freshwater, organics",0.0005911355180322443,0.00012613126511650305,0.00011066241256178739,0.00014586021440223188,raw_biopol,today
raw_biopol|repair|Pea protein binder|virgin|share of input mass,design,energy resources: non-renewable,6.955723229806027e-06,4.0335513763832995e-09,3.2329299042107355e-09,5.058383475268594e-09,raw_biopol,today
raw_biopol|repair|Pea protein binder|virgin|share of input mass,design,eutrophication: freshwater,-1.0266672630441175e-06,6.601070353360102e-08,5.388340925397742e-08,7.859564909025366e-08,raw_biopol,today
raw_biopol|repair|Pea protein binder|virgin|share of input mass,design,eutrophication: marine,7.677468347686945e-05,2.689646554760488e-07,2.0901737146316124e-07,3.3338518655790694e-07,raw_biopol,today
raw_biopol|repair|Pea protein binder|virgin|share of input mass,design,eutrophication: terrestrial,-8.461586521242108e-05,0.00015518526390590154,0.00012490353826712572,0.000186449310468863,raw_biopol,today
raw_biopol|repair|Pea protein binder|virgin|share of input mass,design,human toxicity: carcinogenic,4.3216715361224055e-05,1.5629208486072826e-05,1.3087623752573462e-05,1.899535547218338e-05,raw_biopol,today
raw_biopol|repair|Pea protein binder|virgin|share of input mass,design,"human toxicity: carcinogenic, inorganics",3.855247400575373e-05,8.269735542344626e-06,6.64942475740106e-06,1.0084069249532089e-05,raw_biopol,today
raw_biopol|repair|Pea protein binder|virgin|share of input mass,design,"human toxicity: carcinogenic, organics",2.2858830084220643e-05,2.2465186237263793e-05,1.9405028852584206e-05,2.6020988822644464e-05,raw_biopol,today
raw_biopol|repair|Pea protein binder|virgin|share of input mass,design,human toxicity: non-carcinogenic,9.141458801285053e-05,2.3419386119824994e-05,1.8951408277292198e-05,2.83659013885877e-05,raw_biopol,today
raw_biopol|repair|Pea protein binder|virgin|share of input mass,design,"human toxicity: non-carcinogenic, inorganics",9.315289568633175e-05,2.3898206083888728e-05,1.9306271963460915e-05,2.8934387220865454e-05,raw_biopol,today
raw_biopol|repair|Pea protein binder|virgin|share of input mass,design,"human toxicity: non-carcinogenic, organics",4.471641342177957e-05,8.315100548671242e-06,7.107877039466976e-06,9.779028151297024e-06,raw_biopol,today
raw_biopol|repair|Pea protein binder|virgin|share of input mass,design,ionising radiation: human health,1.777594420690699e-05,1.6690257895476447e-07,1.4492048695816e-07,1.9211216006499384e-07,raw_biopol,today
raw_biopol|repair|Pea protein binder|virgin|share of input mass,design,land use,0.0003664064653686625,5.021425870291654e-05,4.3631909107124436e-05,5.836603481545163e-05,raw_biopol,today
raw_biopol|repair|Pea protein binder|virgin|share of input mass,design,material resources: metals/minerals,-5.445006619956964e-06,2.2030379839240095e-07,1.9075234209205754e-07,2.563612840985067e-07,raw_biopol,today
raw_biopol|repair|Pea protein binder|virgin|share of input mass,design,ozone depletion,2.9475169944730958e-05,2.63905773596509e-06,2.259262637451331e-06,3.0571316025802176e-06,raw_biopol,today
raw_biopol|repair|Pea protein binder|virgin|share of input mass,design,particulate matter formation,0.00014298437799140456,0.00010899715994636094,9.206989395910144e-05,0.0001297164512505597,raw_biopol,today
raw_biopol|repair|Pea protein binder|virgin|share of input mass,design,photochemical oxidant formation: human health,-3.5730250090453676e-07,2.2844092832844174e-07,1.7857013403071704e-07,2.7670464819720977e-07,raw_biopol,today
raw_biopol|repair|Pea protein binder|virgin|share of input mass,design,water use,0.0005028325973920895,4.029985175260674e-05,3.44479657336303e-05,4.721363623034012e-05,raw_biopol,today
raw_biopol|repair|Seagrass|wild-harvested|share of input mass,design,acidification,-7.126903225430795e-05,9.388381762486866e-07,7.250552216035485e-07,1.1460461686246056e-06,raw_biopol,today
raw_biopol|repair|Seagrass|wild-harvested|share of input mass,design,climate change,-6.701130659729177e-05,4.767214765212211e-07,3.807739656399039e-07,5.585260853011964e-07,raw_biopol,today
raw_biopol|repair|Seagrass|wild-harvested|share of input mass,design,climate change: biogenic,-0.00014284065877856627,1.7767158953922286e-07,1.5283576263989233e-07,2.058037749030015e-07,raw_biopol,today
raw_biopol|repair|Seagrass|wild-harvested|share of input mass,design,climate change: fossil,-7.178341875453941e-05,3.8907577129081786e-07,3.1157232744240213e-07,4.554661731328515e-07,raw_biopol,today
raw_biopol|repair|Seagrass|wild-harvested|share of input mass,design,climate change: land use and land use change,-0.00015022474905972252,5.988849513996971e-07,5.225099408235565e-07,6.944998879059312e-07,raw_biopol,today
raw_biopol|repair|Seagrass|wild-harvested|share of input mass,design,ecotoxicity: freshwater,-0.00042390483951456595,4.9547134823119095e-06,4.001692507080629e-06,5.883252602784439e-06,raw_biopol,today
raw_biopol|repair|Seagrass|wild-harvested|share of input mass,design,"ecotoxicity: freshwater, inorganics",-0.0002450812545848159,2.133651502547409e-06,1.719619780960725e-06,2.531248726109148e-06,raw_biopol,today
raw_biopol|repair|Seagrass|wild-harvested|share of input mass,design,"ecotoxicity: freshwater, organics",-0.0017054150377034682,3.82164561471488e-05,3.369995974664871e-05,4.381706783080267e-05,raw_biopol,today
raw_biopol|repair|Seagrass|wild-harvested|share of input mass,design,energy resources: non-renewable,-0.00012395203092379717,3.89257507832184e-07,3.2325527532405803e-07,4.526927622964564e-07,raw_biopol,today
raw_biopol|repair|Seagrass|wild-harvested|share of input mass,design,eutrophication: freshwater,-3.123191091849735e-05,1.3854993939821872e-07,1.1203129039889635e-07,1.6316310199740855e-07,raw_biopol,today
raw_biopol|repair|Seagrass|wild-harvested|share of input mass,design,eutrophication: marine,-0.0012991576172485407,2.8847193483687985e-05,2.416712419112558e-05,3.383792331528112e-05,raw_biopol,today
raw_biopol|repair|Seagrass|wild-harvested|share of input mass,design,eutrophication: terrestrial,-0.0005091265480819307,9.656703061028233e-06,7.654623770508529e-06,1.1538273370098441e-05,raw_biopol,today
raw_biopol|repair|Seagrass|wild-harvested|share of input mass,design,human toxicity: carcinogenic,-0.00037805692908583435,3.0787207800260334e-06,2.511956353719095e-06,3.6428903009347308e-06,raw_biopol,today
raw_biopol|repair|Seagrass|wild-harvested|share of input mass,design,"human toxicity: carcinogenic, inorganics",-0.00012658150619666205,7.195396885864965e-07,5.719874629975865e-07,8.684963171622828e-07,raw_biopol,today
raw_biopol|repair|Seagrass|wild-harvested|share of input mass,design,"human toxicity: carcinogenic, organics",-0.0007438986708796001,7.738295416872005e-06,6.720557879468066e-06,8.798906294250214e-06,raw_biopol,today
raw_biopol|repair|Seagrass|wild-harvested|share of input mass,design,human toxicity: non-carcinogenic,-0.00026398842007603753,2.1496633556170954e-06,1.7216748246549398e-06,2.5971057733337367e-06,raw_biopol,today
raw_biopol|repair|Seagrass|wild-harvested|share of input mass,design,"human toxicity: non-carcinogenic, inorganics",-0.00025475268108283457,2.089728393893402e-06,1.6715270320543181e-06,2.5265266780674754e-06,raw_biopol,today
raw_biopol|repair|Seagrass|wild-harvested|share of input mass,design,"human toxicity: non-carcinogenic, organics",-0.0005146099976594095,3.615730661080212e-06,3.0705856761382756e-06,4.143566763841179e-06,raw_biopol,today
raw_biopol|repair|Seagrass|wild-harvested|share of input mass,design,ionising radiation: human health,-1.7163496680763932e-05,1.7510515877560764e-08,1.464595289967107e-08,2.0658350878095238e-08,raw_biopol,today
raw_biopol|repair|Seagrass|wild-harvested|share of input mass,design,land use,-0.00161110189467623,3.293572275776285e-05,2.9006981731063498e-05,3.7751010629430704e-05,raw_biopol,today
raw_biopol|repair|Seagrass|wild-harvested|share of input mass,design,material resources: metals/minerals,-0.00016292330188329076,3.1593275839831285e-07,2.7081848633945433e-07,3.612788397075251e-07,raw_biopol,today
raw_biopol|repair|Seagrass|wild-harvested|share of input mass,design,ozone depletion,-0.0002546747568430824,1.5246711013895774e-06,1.3322599627274139e-06,1.7690110669555985e-06,raw_biopol,today
raw_biopol|repair|Seagrass|wild-harvested|share of input mass,design,particulate matter formation,-0.0007896329614395599,9.759499820429388e-06,8.168726079242412e-06,1.1364397068492794e-05,raw_biopol,today
raw_biopol|repair|Seagrass|wild-harvested|share of input mass,design,photochemical oxidant formation: human health,-0.0001651135599033774,1.4511746538759138e-06,1.1443298193586948e-06,1.743169975545515e-06,raw_biopol,today
raw_biopol|repair|Seagrass|wild-harvested|share of input mass,design,water use,-0.0009307240906453847,1.1925448974528535e-05,1.0102486341322518e-05,1.3797218547931753e-05,raw_biopol,today
raw_biopol|repair|Hemp fiber|virgin|share of input mass,design,acidification,0.0008072941120910255,1.6342211339260406e-05,1.2655766129272668e-05,2.000297457347109e-05,raw_biopol,today
raw_biopol|repair|Hemp fiber|virgin|share of input mass,design,climate change,5.104424944917143e-05,6.238120451298681e-08,4.8769169684972995e-08,7.517150158798737e-08,raw_biopol,today
raw_biopol|repair|Hemp fiber|virgin|share of input mass,design,climate change: biogenic,0.001188621123185328,5.5496157482447605e-06,4.773340670484776e-06,6.4871250979852865e-06,raw_biopol,today
raw_biopol|repair|Hemp fiber|virgin|share of input mass,design,climate change: fossil,7.913488083869944e-05,1.0491660405437063e-07,8.146891976738382e-08,1.2708326877299903e-07,raw_biopol,today
raw_biopol|repair|Hemp fiber|virgin|share of input mass,design,climate change: land use and land use change,-0.00015814317584776844,3.395622750009349e-07,2.9410169014088197e-07,4.0012068491436815e-07,raw_biopol,today
raw_biopol|repair|Hemp fiber|virgin|share of input mass,design,ecotoxicity: freshwater,-0.0002774311876915988,5.947617008841633e-07,4.782152735319399e-07,7.134993893151242e-07,raw_biopol,today
raw_biopol|repair|Hemp fiber|virgin|share of input mass,design,"ecotoxicity: freshwater, inorganics",-2.6785159055793444e-05,9.337179455184884e-09,7.379702748755221e-09,1.1463466764781536e-08,raw_biopol,today
raw_biopol|repair|Hemp fiber|virgin|share of input mass,design,"ecotoxicity: freshwater, organics",-0.0025110599177997884,2.1158857305728052e-05,1.8477405221931987e-05,2.437008343698835e-05,raw_biopol,today
raw_biopol|repair|Hemp fiber|virgin|share of input mass,design,energy resources: non-renewable,0.00023564130478761344,3.1135803543667113e-07,2.6211207662214726e-07,3.7186183901749064e-07,raw_biopol,today
raw_biopol|repair|Hemp fiber|virgin|share of input mass,design,eutrophication: freshwater,1.4850471167438768e-05,1.3297806149849519e-08,1.0621595144074138e-08,1.5604737097207568e-08,raw_biopol,today
raw_biopol|repair|Hemp fiber|virgin|share of input mass,design,eutrophication: marine,0.0026397620889181557,2.8490075698621308e-05,2.378596851316301e-05,3.384586883432933e-05,raw_biopol,today
raw_biopol|repair|Hemp fiber|virgin|share of input mass,design,eutrophication: terrestrial,0.005195616711763544,0.00021194541550244813,0.00016656874072609558,0.0002542075485306437,raw_biopol,today
raw_biopol|repair|Hemp fiber|virgin|share of input mass,design,human toxicity: carcinogenic,-0.0008803331578992073,4.081987908062984e-06,3.346459029219284e-06,4.8413804375867135e-06,raw_biopol,today
raw_biopol|repair|Hemp fiber|virgin|share of input mass,design,"human toxicity: carcinogenic, inorganics",-0.000588746217897195,3.522717247049853e-06,2.7601831811902027e-06,4.243336880255278e-06,raw_biopol,today
raw_biopol|repair|Hemp fiber|virgin|share of input mass,design,"human toxicity: carcinogenic, organics",-0.0009349772323036587,3.1568475377918394e-06,2.707537210286439e-06,3.6939053334741937e-06,raw_biopol,today
raw_biopol|repair|Hemp fiber|virgin|share of input mass,design,human toxicity: non-carcinogenic,-0.00118670761521373,9.744973767209474e-06,7.752953106212117e-06,1.1686122750184936e-05,raw_biopol,today
raw_biopol|repair|Hemp fiber|virgin|share of input mass,design,"human toxicity: non-carcinogenic, inorganics",-0.0011920125819665712,1.015829159801424e-05,8.06241182600688e-06,1.219981570328751e-05,raw_biopol,today
raw_biopol|repair|Hemp fiber|virgin|share of input mass,design,"human toxicity: non-carcinogenic, organics",-0.0004506473148360553,7.775932478783969e-07,6.669568100701865e-07,9.177237555171387e-07,raw_biopol,today
raw_biopol|repair|Hemp fiber|virgin|share of input mass,design,ionising radiation: human health,0.00012460406273589583,2.562993725373455e-07,2.1846209431334789e-07,2.932724582609911e-07,raw_biopol,today
raw_biopol|repair|Hemp fiber|virgin|share of input mass,design,land use,-0.0006104678363280562,1.3265081755334188e-06,1.1434106432891869e-06,1.534581359831342e-06,raw_biopol,today
raw_biopol|repair|Hemp fiber|virgin|share of input mass,design,material resources: metals/minerals,5.352106873511687e-05,9.576936132707573e-09,8.332480555105572e-09,1.1261872560005287e-08,raw_biopol,today
raw_biopol|repair|Hemp fiber|virgin|share of input mass,design,ozone depletion,-0.00013625818434732215,1.1630797432319476e-07,9.851999216513207e-08,1.3728330767382964e-07,raw_biopol,today
raw_biopol|repair|Hemp fiber|virgin|share of input mass,design,particulate matter formation,0.006340914390694123,0.00016112417180777508,0.00013444744233176206,0.00019243379451696992,raw_biopol,today
raw_biopol|repair|Hemp fiber|virgin|share of input mass,design,photochemical oxidant formation: human health,0.0005008497853876173,2.4914032056902735e-06,1.959070800119369e-06,2.9905592753219517e-06,raw_biopol,today
raw_biopol|repair|Hemp fiber|virgin|share of input mass,design,water use,-0.0013874743303125177,6.965004909826239e-06,5.9302496951225826e-06,8.142581651937572e-06,raw_biopol,today
raw_biopol|production|Milling||machine weight,manufacturing,acidification,2.71767858335939e-05,1.1496408929062585e-07,8.514802788776322e-08,1.423674585183373e-07,raw_biopol,today
raw_biopol|production|Milling||machine weight,manufacturing,climate change,2.0109272813725556e-05,1.1794630014351578e-07,9.020494489266146e-08,1.4710727432330447e-07,raw_biopol,today
raw_biopol|production|Milling||machine weight,manufacturing,climate change: biogenic,4.9152442021425014e-06,1.1788658832079606e-09,9.35677941598784e-10,1.4761217118602366e-09,raw_biopol,today
raw_biopol|production|Milling||machine weight,manufacturing,climate change: fossil,2.0051959776451113e-05,1.1036379772692896e-07,8.435109157428529e-08,1.3789249698517703e-07,raw_biopol,today
raw_biopol|production|Milling||machine weight,manufacturing,climate change: land use and land use change,1.936811173141865e-05,2.9964189941369985e-08,2.3918777384346986e-08,3.784965003087761e-08,raw_biopol,today
raw_biopol|production|Milling||machine weight,manufacturing,ecotoxicity: freshwater,7.848372038528773e-05,6.749124153402324e-07,5.132213534932683e-07,8.362660541653184e-07,raw_biopol,today
raw_biopol|production|Milling||machine weight,manufacturing,"ecotoxicity: freshwater, inorganics",8.50730528399212e-05,8.116403735105769e-07,6.14890617104522e-07,1.0002539905670726e-06,raw_biopol,today
raw_biopol|production|Milling||machine weight,manufacturing,"ecotoxicity: freshwater, organics",8.692496524254196e-06,1.3365492573626057e-08,1.084265750109372e-08,1.654279686621948e-08,raw_biopol,today
raw_biopol|production|Milling||machine weight,manufacturing,energy resources: non-renewable,2.512076797622863e-05,9.563701269332394e-08,7.6793580007973e-08,1.218886093726958e-07,raw_biopol,today
raw_biopol|production|Milling||machine weight,manufacturing,eutrophication: freshwater,1.6303072290029692e-05,4.062690837260447e-08,3.125268093988235e-08,5.0259887200742674e-08,raw_biopol,today
raw_biopol|production|Milling||machine weight,manufacturing,eutrophication: marine,1.6512693858656516e-05,3.366552922465901e-08,2.6439649705886627e-08,4.1427150098424467e-08,raw_biopol,today
raw_biopol|production|Milling||machine weight,manufacturing,eutrophication: terrestrial,3.547478123311086e-05,2.0486687811518784e-07,1.5707707637556836e-07,2.541491211639139e-07,raw_biopol,today
raw_biopol|production|Milling||machine weight,manufacturing,human toxicity: carcinogenic,0.00017417344042939073,3.6567022297919872e-06,2.8180886331031537e-06,4.49805650396763e-06,raw_biopol,today
raw_biopol|production|Milling||machine weight,manufacturing,"human toxicity: carcinogenic, inorganics",0.00012671439019908267,1.5932052098288285e-06,1.2019176945671465e-06,1.998232792846979e-06,raw_biopol,today
raw_biopol|production|Milling||machine weight,manufacturing,"human toxicity: carcinogenic, organics",0.00013757587864415686,6.231507516572079e-06,5.052724064688662e-06,7.786980274614187e-06,raw_biopol,today
raw_biopol|production|Milling||machine weight,manufacturing,human toxicity: non-carcinogenic,0.0001288292197223211,1.618370911678817e-06,1.2234382671128396e-06,2.022278684664607e-06,raw_biopol,today
raw_biopol|production|Milling||machine weight,manufacturing,"human toxicity: non-carcinogenic, inorganics",0.00012731215906295031,1.574665123180789e-06,1.190433008627268e-06,1.9676460954404216e-06,raw_biopol,today
raw_biopol|production|Milling||machine weight,manufacturing,"human toxicity: non-carcinogenic, organics",0.00013837275535569913,2.6671695480159985e-06,2.125257518546639e-06,3.3065090743865216e-06,raw_biopol,today
raw_biopol|production|Milling||machine weight,manufacturing,ionising radiation: human health,1.7949622984693943e-06,6.988318480005339e-10,5.698393337374938e-10,8.793749459718755e-10,raw_biopol,today
raw_biopol|production|Milling||machine weight,manufacturing,land use,6.026196717449159e-06,6.309695293768395e-09,5.123532645283149e-09,7.846438755698548e-09,raw_biopol,today
raw_biopol|production|Milling||machine weight,manufacturing,material resources: metals/minerals,0.00018771636038949815,6.50543697327395e-06,5.227986516698084e-06,8.168810152609292e-06,raw_biopol,today
raw_biopol|production|Milling||machine weight,manufacturing,ozone depletion,-4.705051842027768e-06,3.689511647927344e-08,2.958318544203026e-08,4.6227279007794815e-08,raw_biopol,today
raw_biopol|production|Milling||machine weight,manufacturing,particulate matter formation,0.00018999967392273914,4.946842809876723e-06,3.915303696442822e-06,6.100086581864789e-06,raw_biopol,today
raw_biopol|production|Milling||machine weight,manufacturing,photochemical oxidant formation: human health,3.4496593839999896e-05,3.0701368037698054e-07,2.3478461770120173e-07,3.83888703779754e-07,raw_biopol,today
raw_biopol|production|Milling||machine weight,manufacturing,water use,4.0161344472511304e-05,1.5394836597205472e-07,1.2258497733740706e-07,1.9036407616463375e-07,raw_biopol,today
raw_biopol|production|Milling||power,manufacturing,acidification,0.000844593418290748,0.006129535815012786,0.004297720120811634,0.008350241117131656,raw_biopol,today
raw_biopol|production|Milling||power,manufacturing,climate change,0.003211879800031262,0.008004456305370389,0.006312185666190319,0.010182694518192844,raw_biopol,today
raw_biopol|production|Milling||power,manufacturing,climate change: biogenic,0.0013795413216635458,0.0004089802824059898,0.0002984655495417212,0.0005318892283191994,raw_biopol,today
raw_biopol|production|Milling||power,manufacturing,climate change: fossil,0.00213733667141431,0.007501002343645549,0.005905177478967769,0.009577651090454243,raw_biopol,today
raw_biopol|production|Milling||power,manufacturing,climate change: land use and land use change,0.0010483474707799025,0.004983998307366221,0.0035557896026948803,0.006795838650610026,raw_biopol,today
raw_biopol|production|Milling||power,manufacturing,ecotoxicity: freshwater,-0.0029430455139392397,0.005055259208302371,0.0038822727737881473,0.00637377687938273,raw_biopol,today
raw_biopol|production|Milling||power,manufacturing,"ecotoxicity: freshwater, inorganics",-0.0017741340313847467,0.0062497450239156135,0.0047747655579837706,0.00784002955859073,raw_biopol,today
raw_biopol|production|Milling||power,manufacturing,"ecotoxicity: freshwater, organics",-0.00031557901544668687,2.461988053797575e-05,2.075029214461538e-05,2.9220748545280496e-05,raw_biopol,today
raw_biopol|production|Milling||power,manufacturing,energy resources: non-renewable,0.004424312435647631,0.01301794614293801,0.01056516059132001,0.015644478194656797,raw_biopol,today
raw_biopol|production|Milling||power,manufacturing,eutrophication: freshwater,-5.136250188343401e-05,0.005995459446920474,0.004471084743516007,0.007639675630851277,raw_biopol,today
raw_biopol|production|Milling||power,manufacturing,eutrophication: marine,-0.004359689674867631,0.0015585291094884842,0.001204705240422,0.0019900555074183765,raw_biopol,today
raw_biopol|production|Milling||power,manufacturing,eutrophication: terrestrial,-0.0019534410736426868,0.006115605198314087,0.004650820006370844,0.007893549164316187,raw_biopol,today
raw_biopol|production|Milling||power,manufacturing,human toxicity: carcinogenic,-0.0012995296509138352,0.007244892375994844,0.0058795920359052236,0.008900021001627982,raw_biopol,today
raw_biopol|production|Milling||power,manufacturing,"human toxicity: carcinogenic, inorganics",-0.0006360795577902258,0.0076445017920136185,0.005892789431558058,0.009726612288155684,raw_biopol,today
raw_biopol|production|Milling||power,manufacturing,"human toxicity: carcinogenic, organics",-0.0005490047940878868,0.0048809206397495124,0.00418994240270918,0.005619778228319781,raw_biopol,today
raw_biopol|production|Milling||power,manufacturing,human toxicity: non-carcinogenic,-0.0019465283236050877,0.006915149328798064,0.005382030857904209,0.008694578544734542,raw_biopol,today
raw_biopol|production|Milling||power,manufacturing,"human toxicity: non-carcinogenic, inorganics",-0.001994870909913103,0.0068488262657064895,0.005322031138512766,0.008629103348409597,raw_biopol,today
raw_biopol|production|Milling||power,manufacturing,"human toxicity: non-carcinogenic, organics",0.0014468084081736318,0.008317532212588864,0.006975669889052859,0.009779172988967128,raw_biopol,today
raw_biopol|production|Milling||power,manufacturing,ionising radiation: human health,0.0014958130135784256,0.005841313464597131,0.003981889347754179,0.007431750732702341,raw_biopol,today
raw_biopol|production|Milling||power,manufacturing,land use,-0.0015584890399067198,0.0003190326123892171,0.00026924844180297456,0.000365141287766305,raw_biopol,today
raw_biopol|production|Milling||power,manufacturing,material resources: metals/minerals,0.0077697605585846175,0.014281245572586716,0.0122158777638503,0.016436681825058745,raw_biopol,today
raw_biopol|production|Milling||power,manufacturing,ozone depletion,0.005293088023056756,0.0073970137220770345,0.006419850739483738,0.00892283757097166,raw_biopol,today
raw_biopol|production|Milling||power,manufacturing,particulate matter formation,-0.00023096147337350263,0.007573962374832402,0.0062884682580300905,0.009022845799228638,raw_biopol,today
raw_biopol|production|Milling||power,manufacturing,photochemical oxidant formation: human health,0.0005042220235971323,0.007266789163050152,0.005631832775597634,0.009391805692905372,raw_biopol,today
raw_biopol|production|Milling||power,manufacturing,water use,0.0018739609593824461,0.003890660403886593,0.0032597608132182193,0.004684634334583636,raw_biopol,today
raw_biopol|production|Milling||output rate,manufacturing,acidification,-0.009897314427627413,0.005833557538660073,0.004142846848148604,0.008424688082937759,raw_biopol,today
raw_biopol|production|Milling||output rate,manufacturing,climate change,-0.005078992779848727,0.007894329168462028,0.006138751954048337,0.010718355912577464,raw_biopol,today
raw_biopol|production|Milling||output rate,manufacturing,climate change: biogenic,0.0025855546686446833,0.00036300030396445505,0.00026631576670270744,0.000466713107278514,raw_biopol,today
raw_biopol|production|Milling||output rate,manufacturing,climate change: fossil,-0.005452160263740437,0.007398109491932991,0.00572153762897137,0.010018044971581772,raw_biopol,today
raw_biopol|production|Milling||output rate,manufacturing,climate change: land use and land use change,0.010360961541261808,0.0058540296357867195,0.004292548676855973,0.008400401595434549,raw_biopol,today
raw_biopol|production|Milling||output rate,manufacturing,ecotoxicity: freshwater,-0.00569578727262299,0.004792057537475716,0.0036758014242408783,0.006312292381358326,raw_biopol,today
raw_biopol|production|Milling||output rate,manufacturing,"ecotoxicity: freshwater, inorganics",-0.00632775016074334,0.005906645880841475,0.0045009753275674245,0.007902612963308303,raw_biopol,today
raw_biopol|production|Milling||output rate,manufacturing,"ecotoxicity: freshwater, organics",9.984116839423432e-05,3.365872430722931e-05,2.768814432234538e-05,4.100447658483057e-05,raw_biopol,today
raw_biopol|production|Milling||output rate,manufacturing,energy resources: non-renewable,0.006460670951862137,0.013606513374641844,0.011173722235370876,0.01696559837816226,raw_biopol,today
raw_biopol|production|Milling||output rate,manufacturing,eutrophication: freshwater,-0.007995124185966835,0.005183767154597812,0.0037953021647154058,0.006963020843617895,raw_biopol,today
raw_biopol|production|Milling||output rate,manufacturing,eutrophication: marine,-0.004532480270723143,0.0015009301004200374,0.00115400790092498,0.001995720685626315,raw_biopol,today
raw_biopol|production|Milling||output rate,manufacturing,eutrophication: terrestrial,-0.006820561147146478,0.0061714476007677325,0.004785145281229763,0.008392346118759381,raw_biopol,today
raw_biopol|production|Milling||output rate,manufacturing,human toxicity: carcinogenic,-0.0005344990564582493,0.007646032116806285,0.006204715390484656,0.009611890853554862,raw_biopol,today
raw_biopol|production|Milling||output rate,manufacturing,"human toxicity: carcinogenic, inorganics",-0.006826495708774057,0.007436579026649685,0.005754354421178005,0.010077715959533731,raw_biopol,today
raw_biopol|production|Milling||output rate,manufacturing,"human toxicity: carcinogenic, organics",0.008023125507943213,0.006046811669726288,0.005257603515732636,0.007057172756067155,raw_biopol,today
raw_biopol|production|Milling||output rate,manufacturing,human toxicity: non-carcinogenic,-0.004962154550642087,0.006912225304693195,0.005432143646820716,0.009098065408000369,raw_biopol,today
raw_biopol|production|Milling||output rate,manufacturing,"human toxicity: non-carcinogenic, inorganics",-0.005316760266507071,0.006817470931923515,0.005349317871997929,0.009028967545979965,raw_biopol,today
raw_biopol|production|Milling||output rate,manufacturing,"human toxicity: non-carcinogenic, organics",0.007381280003545333,0.00933254482634053,0.007880467690567208,0.011071332437901057,raw_biopol,today
raw_biopol|production|Milling||output rate,manufacturing,ionising radiation: human health,0.002655750692739053,0.006199130341189798,0.004455713585840194,0.00837636098387313,raw_biopol,today
raw_biopol|production|Milling||output rate,manufacturing,land use,0.0008828604365339991,0.00037648349630814236,0.0003193424482049993,0.00044738216533230993,raw_biopol,today
raw_biopol|production|Milling||output rate,manufacturing,material resources: metals/minerals,0.02101381173870138,0.016323979480124026,0.014163439767787651,0.019060715057889397,raw_biopol,today
raw_biopol|production|Milling||output rate,manufacturing,ozone depletion,0.008510437393597128,0.009862609166384977,0.008162691519256887,0.012332715416186317,raw_biopol,today
raw_biopol|production|Milling||output rate,manufacturing,particulate matter formation,0.0019160860681886047,0.008394563821978559,0.007015859714527187,0.010359630625117836,raw_biopol,today
raw_biopol|production|Milling||output rate,manufacturing,photochemical oxidant formation: human health,-0.005256471031769414,0.0076056916519251,0.0059157807400120775,0.010065480388677968,raw_biopol,today
raw_biopol|production|Milling||output rate,manufacturing,water use,0.0004572391088629312,0.004419218408898759,0.003703090140417209,0.005436678249552643,raw_biopol,today
raw_biopol|production|Milling||machine lifetime,manufacturing,acidification,4.39108613506165e-06,1.3151057401621656e-07,9.416338330250619e-08,1.7139520519063232e-07,raw_biopol,today
raw_biopol|production|Milling||machine lifetime,manufacturing,climate change,7.064347318044343e-06,1.3492190951225023e-07,9.641085723587551e-08,1.7489671815130522e-07,raw_biopol,today
raw_biopol|production|Milling||machine lifetime,manufacturing,climate change: biogenic,-1.220516091377896e-06,1.3485376289120416e-09,1.015968741835949e-09,1.7464283346349802e-09,raw_biopol,today
raw_biopol|production|Milling||machine lifetime,manufacturing,climate change: fossil,5.048008226046608e-06,1.262480826344778e-07,9.068162034451182e-08,1.633341882231065e-07,raw_biopol,today
raw_biopol|production|Milling||machine lifetime,manufacturing,climate change: land use and land use change,-5.912744064350392e-06,3.4276875494420225e-08,2.6136742710277557e-08,4.418294491420111e-08,raw_biopol,today
raw_biopol|production|Milling||machine lifetime,manufacturing,ecotoxicity: freshwater,-7.36454329155239e-06,7.720511868577925e-07,5.472501070293887e-07,9.951931671070896e-07,raw_biopol,today
raw_biopol|production|Milling||machine lifetime,manufacturing,"ecotoxicity: freshwater, inorganics",-4.9543402071159385e-06,9.284581248514436e-07,6.515170608479952e-07,1.202618645404108e-06,raw_biopol,today
raw_biopol|production|Milling||machine lifetime,manufacturing,"ecotoxicity: freshwater, organics",-3.1643905718788246e-06,1.528915710991964e-08,1.1815107011124216e-08,1.9281343332820182e-08,raw_biopol,today
raw_biopol|production|Milling||machine lifetime,manufacturing,energy resources: non-renewable,-1.415169116866535e-05,1.0940161817075763e-07,8.39437982378572e-08,1.405971243213131e-07,raw_biopol,today
raw_biopol|production|Milling||machine lifetime,manufacturing,eutrophication: freshwater,-4.6562818927861594e-07,4.647425877228684e-08,3.3546184007024034e-08,6.001061976572153e-08,raw_biopol,today
raw_biopol|production|Milling||machine lifetime,manufacturing,eutrophication: marine,-2.9864315106628825e-06,3.851080391224196e-08,2.846174518871038e-08,4.9089136408578056e-08,raw_biopol,today
raw_biopol|production|Milling||machine lifetime,manufacturing,eutrophication: terrestrial,4.711964513881944e-06,2.3435210165234817e-07,1.674233587627782e-07,3.0168512079559055e-07,raw_biopol,today
raw_biopol|production|Milling||machine lifetime,manufacturing,human toxicity: carcinogenic,-1.7684237388958583e-05,4.183004005691765e-06,3.043140165379873e-06,5.342855633726197e-06,raw_biopol,today
raw_biopol|production|Milling||machine lifetime,manufacturing,"human toxicity: carcinogenic, inorganics",-8.515913662317586e-06,1.8225120707657032e-06,1.299429770554587e-06,2.354140659106034e-06,raw_biopol,today
raw_biopol|production|Milling||machine lifetime,manufacturing,"human toxicity: carcinogenic, organics",-2.7513783601074563e-05,7.1283956022776304e-06,5.487614396974768e-06,9.077695910467034e-06,raw_biopol,today
raw_biopol|production|Milling||machine lifetime,manufacturing,human toxicity: non-carcinogenic,-9.87900034808588e-06,1.8512997828121242e-06,1.3113892370151471e-06,2.375277861227538e-06,raw_biopol,today
raw_biopol|production|Milling||machine lifetime,manufacturing,"human toxicity: non-carcinogenic, inorganics",-9.179836150717382e-06,1.8013035236654706e-06,1.2770497375699769e-06,2.3107660577866573e-06,raw_biopol,today
raw_biopol|production|Milling||machine lifetime,manufacturing,"human toxicity: non-carcinogenic, organics",-3.246757083351777e-05,3.0510483813777044e-06,2.3096662084758478e-06,3.904568743350955e-06,raw_biopol,today
raw_biopol|production|Milling||machine lifetime,manufacturing,ionising radiation: human health,-2.0540253382367355e-06,7.994131650957704e-10,6.034809250136526e-10,1.0462757448451723e-09,raw_biopol,today
raw_biopol|production|Milling||machine lifetime,manufacturing,land use,-1.948133856851058e-06,7.217780180169532e-09,5.571717528464533e-09,9.147447218389176e-09,raw_biopol,today
raw_biopol|production|Milling||machine lifetime,manufacturing,material resources: metals/minerals,-5.453572919924925e-05,7.441751670851966e-06,5.675114704780132e-06,9.624027299526343e-06,raw_biopol,today
raw_biopol|production|Milling||machine lifetime,manufacturing,ozone depletion,2.7827391635810425e-06,4.2204837925617154e-08,3.141782217988697e-08,5.593000963765386e-08,raw_biopol,today
raw_biopol|production|Milling||machine lifetime,manufacturing,particulate matter formation,-3.802150075914184e-05,5.658824738859558e-06,4.254387062474378e-06,7.155487294650913e-06,raw_biopol,today
raw_biopol|production|Milling||machine lifetime,manufacturing,photochemical oxidant formation: human health,8.733843243890268e-06,3.51200113553275e-07,2.531905591570813e-07,4.555293097535457e-07,raw_biopol,today
raw_biopol|production|Milling||machine lifetime,manufacturing,water use,-1.639020360288405e-05,1.76105846713397e-07,1.3403299047844903e-07,2.2197425788681528e-07,raw_biopol,today
raw_biopol|production|Milling||process yield,manufacturing,acidification,0.0004671850884862756,0.003017526713426071,0.002271439782191981,0.003946257939100333,raw_biopol,today
raw_biopol|production|Milling||process yield,manufacturing,climate change,-0.003910310237112614,0.0027948028974432056,0.00220954048942041,0.003486368634377453,raw_biopol,today
raw_biopol|production|Milling||process yield,manufacturing,climate change: biogenic,0.00029006424147105683,0.00022400682549996435,0.00017607329453932019,0.00029382801554038424,raw_biopol,today
raw_biopol|production|Milling||process yield,manufacturing,climate change: fossil,-0.002138449859602241,0.00406612495833208,0.0032685752700518053,0.004918462665457165,raw_biopol,today
raw_biopol|production|Milling||process yield,manufacturing,climate change: land use and land use change,0.009838338368587232,0.0038336328974020173,0.0030703203380759102,0.004839529668146666,raw_biopol,today
raw_biopol|production|Milling||process yield,manufacturing,ecotoxicity: freshwater,0.00854584270257935,0.008828442082141109,0.007217428769808271,0.010348321320732127,raw_biopol,today
raw_biopol|production|Milling||process yield,manufacturing,"ecotoxicity: freshwater, inorganics",0.002495820785721073,0.006206944825243179,0.005049726311897294,0.007322597266282946,raw_biopol,today
raw_biopol|production|Milling||process yield,manufacturing,"ecotoxicity: freshwater, organics",0.06371256849198005,0.027387550452435905,0.023464755956347887,0.032925221396066344,raw_biopol,today
raw_biopol|production|Milling||process yield,manufacturing,energy resources: non-renewable,0.017150614160056775,0.007115770867661202,0.005827223887688782,0.008377154498245158,raw_biopol,today
raw_biopol|production|Milling||process yield,manufacturing,eutrophication: freshwater,-0.005589806617086291,0.0025138593322931602,0.0019926711997462028,0.0031589670252948673,raw_biopol,today
raw_biopol|production|Milling||process yield,manufacturing,eutrophication: marine,0.03510415386107968,0.018199639902520933,0.015282506109206144,0.021536401992483405,raw_biopol,today
raw_biopol|production|Milling||process yield,manufacturing,eutrophication: terrestrial,0.006510231802599716,0.006252819783302868,0.005079579410826829,0.0075261573328613595,raw_biopol,today
raw_biopol|production|Milling||process yield,manufacturing,human toxicity: carcinogenic,0.01537818881780635,0.009964902374308962,0.008195825747918509,0.01167652115244584,raw_biopol,today
raw_biopol|production|Milling||process yield,manufacturing,"human toxicity: carcinogenic, inorganics",0.0034211126499573206,0.0056852129967117065,0.004556964552481654,0.006841074182755792,raw_biopol,today
raw_biopol|production|Milling||process yield,manufacturing,"human toxicity: carcinogenic, organics",0.03382717154043509,0.014281607065582765,0.012232958780173159,0.017251701789877696,raw_biopol,today
raw_biopol|production|Milling||process yield,manufacturing,human toxicity: non-carcinogenic,0.010759549386974473,0.008424951398652453,0.006834003208563521,0.009968957602544182,raw_biopol,today
raw_biopol|production|Milling||process yield,manufacturing,"human toxicity: non-carcinogenic, inorganics",0.010259889127902697,0.008275089645743545,0.006708070124998512,0.009780527981452571,raw_biopol,today
raw_biopol|production|Milling||process yield,manufacturing,"human toxicity: non-carcinogenic, organics",0.02540111593459457,0.011510170457913685,0.009826555328669417,0.013866652884330826,raw_biopol,today
raw_biopol|production|Milling||process yield,manufacturing,ionising radiation: human health,0.01037803860514063,0.0024542981268332546,0.0018035765516491754,0.003206492488827461,raw_biopol,today
raw_biopol|production|Milling||process yield,manufacturing,land use,0.05847958743663202,0.025578741641921806,0.021921489885975413,0.030633392367456807,raw_biopol,today
raw_biopol|production|Milling||process yield,manufacturing,material resources: metals/minerals,0.02035503172878674,0.00825635366395103,0.006946248592154448,0.010055384231358596,raw_biopol,today
raw_biopol|production|Milling||process yield,manufacturing,ozone depletion,0.015404674371564873,0.007462980511336119,0.00621969071450345,0.009159056392006289,raw_biopol,today
raw_biopol|production|Milling||process yield,manufacturing,particulate matter formation,0.01982904490367786,0.009435389411318666,0.00794921835311113,0.011244555617303989,raw_biopol,today
raw_biopol|production|Milling||process yield,manufacturing,photochemical oxidant formation: human health,0.004561152837829856,0.0056632875818208835,0.0045534734703608975,0.006823470707347119,raw_biopol,today
raw_biopol|production|Milling||process yield,manufacturing,water use,0.04325293541366428,0.016459135215674995,0.01407576611364405,0.019438394337814493,raw_biopol,today
raw_biopol|production|Milling||machine source,manufacturing,acidification,0.0004968467897182883,1.0343201979106526e-05,8.088670197604771e-06,1.2125566221225751e-05,raw_biopol,today
raw_biopol|production|Milling||machine source,manufacturing,climate change,0.0006051540250095874,1.0589448680453512e-05,8.569933077244718e-06,1.2301205594330068e-05,raw_biopol,today
raw_biopol|production|Milling||machine source,manufacturing,climate change: biogenic,0.00011450863657521522,1.0632134723232515e-07,9.156362368911134e-08,1.2042109840389866e-07,raw_biopol,today
raw_biopol|production|Milling||machine source,manufacturing,climate change: fossil,0.0006278088560896695,9.908544483546756e-06,8.078464365291226e-06,1.1506578480084484e-05,raw_biopol,today
raw_biopol|production|Milling||machine source,manufacturing,climate change: land use and land use change,0.00027913492184627277,2.7035605907245967e-06,2.3394390870474974e-06,3.170025733459681e-06,raw_biopol,today
raw_biopol|production|Milling||machine source,manufacturing,ecotoxicity: freshwater,0.0022268241451416874,6.088120088161344e-05,5.0251908669318504e-05,7.153339963086915e-05,raw_biopol,today
raw_biopol|production|Milling||machine source,manufacturing,"ecotoxicity: freshwater, inorganics",0.002253655915062279,7.321743953646595e-05,6.032767431800289e-05,8.632403036868384e-05,raw_biopol,today
raw_biopol|production|Milling||machine source,manufacturing,"ecotoxicity: freshwater, organics",0.00036977815103770494,1.2036925101795752e-06,1.0482254418241476e-06,1.3441730788313452e-06,raw_biopol,today
raw_biopol|production|Milling||machine source,manufacturing,energy resources: non-renewable,0.0007226605975055678,8.569698442425271e-06,7.253718737315721e-06,9.695021772163082e-06,raw_biopol,today
raw_biopol|production|Milling||machine source,manufacturing,eutrophication: freshwater,0.0003199800753803813,3.6673525399515464e-06,2.984220108155061e-06,4.251789474390659e-06,raw_biopol,today
raw_biopol|production|Milling||machine source,manufacturing,eutrophication: marine,0.000556969171362973,3.009987842328509e-06,2.544586250970135e-06,3.4907350352356624e-06,raw_biopol,today
raw_biopol|production|Milling||machine source,manufacturing,eutrophication: terrestrial,0.0010482830840375227,1.8314754108633328e-05,1.512895538845574e-05,2.140557055097669e-05,raw_biopol,today
raw_biopol|production|Milling||machine source,manufacturing,human toxicity: carcinogenic,0.005536296687246194,0.00032991355224837554,0.0002764079654144414,0.0003840905160054083,raw_biopol,today
raw_biopol|production|Milling||machine source,manufacturing,"human toxicity: carcinogenic, inorganics",0.003031058569033825,0.0001438039610448263,0.00011665298549032886,0.00016957198034222752,raw_biopol,today
raw_biopol|production|Milling||machine source,manufacturing,"human toxicity: carcinogenic, organics",0.007495891120205818,0.0005620209940354363,0.0004938743202998125,0.0006369902944289442,raw_biopol,today
raw_biopol|production|Milling||machine source,manufacturing,human toxicity: non-carcinogenic,0.003478635178378952,0.00014602292678179935,0.00011952595796308027,0.00017123462982488022,raw_biopol,today
raw_biopol|production|Milling||machine source,manufacturing,"human toxicity: non-carcinogenic, inorganics",0.0033952868606945243,0.00014209775947272987,0.00011634381700238157,0.00016683761654037,raw_biopol,today
raw_biopol|production|Milling||machine source,manufacturing,"human toxicity: non-carcinogenic, organics",0.005334263836482125,0.00023996324783917572,0.00020646409287610091,0.0002727097534146685,raw_biopol,today
raw_biopol|production|Milling||machine source,manufacturing,ionising radiation: human health,2.72577388699401e-05,6.29616081414753e-08,5.4089215360853844e-08,7.315284494501056e-08,raw_biopol,today
raw_biopol|production|Milling||machine source,manufacturing,land use,0.00025894027082080636,5.613620685039648e-07,4.879445891970381e-07,6.274426631837043e-07,raw_biopol,today
raw_biopol|production|Milling||machine source,manufacturing,material resources: metals/minerals,0.00872692442292296,0.0005873540179687918,0.0005110726963690633,0.0006664162419958697,raw_biopol,today
raw_biopol|production|Milling||machine source,manufacturing,ozone depletion,0.00044089357702091367,3.2701258492416533e-06,2.8391085230368656e-06,3.7668795631508997e-06,raw_biopol,today
raw_biopol|production|Milling||machine source,manufacturing,particulate matter formation,0.006714926550972008,0.0004440792571538886,0.00037669407518619127,0.0005100780426868675,raw_biopol,today
raw_biopol|production|Milling||machine source,manufacturing,photochemical oxidant formation: human health,0.0010874883923582105,2.743071288190584e-05,2.2627319855622744e-05,3.195049362677648e-05,raw_biopol,today
raw_biopol|production|Milling||machine source,manufacturing,water use,0.0012395340301710961,1.3892888695851658e-05,1.1857365570149104e-05,1.5896925222430552e-05,raw_biopol,today
raw_biopol|production|Mixing||machine weight,manufacturing,acidification,-3.7517962700927557e-06,5.339330350838466e-09,3.891595698490633e-09,7.032991418173371e-09,raw_biopol,today
raw_biopol|production|Mixing||machine weight,manufacturing,climate change,-6.4808965855357355e-06,5.477825122367838e-09,4.059259917259427e-09,7.037195317020026e-09,raw_biopol,today
raw_biopol|production|Mixing||machine weight,manufacturing,climate change: biogenic,-2.304968158801869e-06,5.4750673422769264e-11,4.257473518719577e-11,6.862451259236164e-11,raw_biopol,today
raw_biopol|production|Mixing||machine weight,manufacturing,climate change: fossil,-7.514819770706509e-06,5.125667994433007e-09,3.799512533143796e-09,6.584724020337322e-09,raw_biopol,today
raw_biopol|production|Mixing||machine weight,manufacturing,climate change: land use and land use change,-4.316772928551021e-06,1.3916423755260808e-09,1.0684071976781363e-09,1.7534706457100194e-09,raw_biopol,today
raw_biopol|production|Mixing||machine weight,manufacturing,ecotoxicity: freshwater,-3.194811712284416e-05,3.134530510664799e-08,2.34476180474598e-08,3.9710245496806196e-08,raw_biopol,today
raw_biopol|production|Mixing||machine weight,manufacturing,"ecotoxicity: freshwater, inorganics",-3.102251462928029e-05,3.7695432402636734e-08,2.8165376881114623e-08,4.788709256653862e-08,raw_biopol,today
raw_biopol|production|Mixing||machine weight,manufacturing,"ecotoxicity: freshwater, organics",-6.3248102085039556e-06,6.207401073113724e-10,4.732743141375953e-10,7.649648069862529e-10,raw_biopol,today
raw_biopol|production|Mixing||machine weight,manufacturing,energy resources: non-renewable,-1.3847111186931476e-05,4.441696264864965e-09,3.4112922572816085e-09,5.584152468250653e-09,raw_biopol,today
raw_biopol|production|Mixing||machine weight,manufacturing,eutrophication: freshwater,-3.7149015324526144e-06,1.8868566444132494e-09,1.4042685852237757e-09,2.378469354424904e-09,raw_biopol,today
raw_biopol|production|Mixing||machine weight,manufacturing,eutrophication: marine,-8.771361064038407e-06,1.5635322974544865e-09,1.1691996455071296e-09,1.947437090902611e-09,raw_biopol,today
raw_biopol|production|Mixing||machine weight,manufacturing,eutrophication: terrestrial,-1.378823089319309e-05,9.514655660131224e-09,7.0072664245210984e-09,1.223136342023553e-08,raw_biopol,today
raw_biopol|production|Mixing||machine weight,manufacturing,human toxicity: carcinogenic,-8.462454233912398e-05,1.6983011185318157e-07,1.2602176206218852e-07,2.1232214216359475e-07,raw_biopol,today
raw_biopol|production|Mixing||machine weight,manufacturing,"human toxicity: carcinogenic, inorganics",-3.8616742640125066e-05,7.399405783511174e-08,5.501513969157308e-08,9.508395288952515e-08,raw_biopol,today
raw_biopol|production|Mixing||machine weight,manufacturing,"human toxicity: carcinogenic, organics",-0.00013873720505863416,2.894131032803804e-07,2.210596070893827e-07,3.574721030822621e-07,raw_biopol,today
raw_biopol|production|Mixing||machine weight,manufacturing,human toxicity: non-carcinogenic,-4.6670204954885514e-05,7.516283780295166e-08,5.5994566437125587e-08,9.590561857742645e-08,raw_biopol,today
raw_biopol|production|Mixing||machine weight,manufacturing,"human toxicity: non-carcinogenic, inorganics",-4.512192578151993e-05,7.313298876120483e-08,5.448427662585564e-08,9.34030051625556e-08,raw_biopol,today
raw_biopol|production|Mixing||machine weight,manufacturing,"human toxicity: non-carcinogenic, organics",-8.779038512315128e-05,1.2387258868736914e-07,9.353376205882646e-08,1.5336112738705735e-07,raw_biopol,today
raw_biopol|production|Mixing||machine weight,manufacturing,ionising radiation: human health,-7.35944929892234e-07,3.245619507300741e-11,2.446160127742558e-11,4.192577331289379e-11,raw_biopol,today
raw_biopol|production|Mixing||machine weight,manufacturing,land use,-4.385489590791381e-06,2.9303893302200345e-10,2.229039590046067e-10,3.617065586985127e-10,raw_biopol,today
raw_biopol|production|Mixing||machine weight,manufacturing,material resources: metals/minerals,-0.0001516603127842622,3.021353988668669e-07,2.35023176311749e-07,3.769452883494278e-07,raw_biopol,today
raw_biopol|production|Mixing||machine weight,manufacturing,ozone depletion,-7.79070958787614e-06,1.7134887457277137e-09,1.320449722966582e-09,2.120683432522446e-09,raw_biopol,today
raw_biopol|production|Mixing||machine weight,manufacturing,particulate matter formation,-0.00011022082072138041,2.297480821001406e-07,1.7203114802768868e-07,2.8619795205480784e-07,raw_biopol,today
raw_biopol|production|Mixing||machine weight,manufacturing,photochemical oxidant formation: human health,-1.4100901686270909e-05,1.4258656817210391e-08,1.0401036776947896e-08,1.8454888551598234e-08,raw_biopol,today
raw_biopol|production|Mixing||machine weight,manufacturing,water use,-1.7666556338636404e-05,7.1499038255493495e-09,5.412826695479565e-09,9.156163604351754e-09,raw_biopol,today
raw_biopol|production|Mixing||power,manufacturing,acidification,-0.00014447620175431615,8.849654285616327e-06,6.067989642942855e-06,1.2528717011802912e-05,raw_biopol,today
raw_biopol|production|Mixing||power,manufacturing,climate change,-0.00011847417260663733,1.3153259940200206e-05,1.0122304335714128e-05,1.7007439942970703e-05,raw_biopol,today
raw_biopol|production|Mixing||power,manufacturing,climate change: biogenic,-7.311987296116657e-05,5.991942608105604e-07,4.6046253662037225e-07,7.837307187462451e-07,raw_biopol,today
raw_biopol|production|Mixing||power,manufacturing,climate change: fossil,-0.0001037829424570109,1.2322642534919386e-05,9.488886179664357e-06,1.599846704664256e-05,raw_biopol,today
raw_biopol|production|Mixing||power,manufacturing,climate change: land use and land use change,-0.0001368782108774995,1.0566527230846234e-05,7.31295684423532e-06,1.3746161863951699e-05,raw_biopol,today
raw_biopol|production|Mixing||power,manufacturing,ecotoxicity: freshwater,-0.0001433469691919487,7.829147139069094e-06,6.029332715920387e-06,1.0016784223072672e-05,raw_biopol,today
raw_biopol|production|Mixing||power,manufacturing,"ecotoxicity: freshwater, inorganics",-0.000170663069715034,9.624890813717372e-06,7.401372140802921e-06,1.240623327093316e-05,raw_biopol,today
raw_biopol|production|Mixing||power,manufacturing,"ecotoxicity: freshwater, organics",1.2901227426353116e-05,6.684517953042213e-08,5.330370153634157e-08,8.01944166249621e-08,raw_biopol,today
raw_biopol|production|Mixing||power,manufacturing,energy resources: non-renewable,-0.0001642474058410547,2.3982160916021317e-05,2.0376944420200782e-05,2.7927047418857942e-05,raw_biopol,today
raw_biopol|production|Mixing||power,manufacturing,eutrophication: freshwater,-0.00022578363864405283,7.903321590801312e-06,5.676476078998265e-06,1.0479104113092324e-05,raw_biopol,today
raw_biopol|production|Mixing||power,manufacturing,eutrophication: marine,-5.939097212652341e-05,2.4377960240063114e-06,1.856122832571519e-06,3.0928315860091482e-06,raw_biopol,today
raw_biopol|production|Mixing||power,manufacturing,eutrophication: terrestrial,-7.441804769752648e-05,1.0441581149739438e-05,7.95916408157824e-06,1.3268093328406995e-05,raw_biopol,today
raw_biopol|production|Mixing||power,manufacturing,human toxicity: carcinogenic,-0.00012541844592416838,1.3445878789689072e-05,1.0742528303433657e-05,1.621917324756181e-05,raw_biopol,today
raw_biopol|production|Mixing||power,manufacturing,"human toxicity: carcinogenic, inorganics",-0.00020577922746231207,1.2094140020571296e-05,9.366675131220131e-06,1.5589654142178195e-05,raw_biopol,today
raw_biopol|production|Mixing||power,manufacturing,"human toxicity: carcinogenic, organics",2.636417247039736e-05,1.2052790533822219e-05,1.0064563312122926e-05,1.4351510754303762e-05,raw_biopol,today
raw_biopol|production|Mixing||power,manufacturing,human toxicity: non-carcinogenic,-0.00014951372225063337,1.1668746988043116e-05,9.199757780203163e-06,1.4643243332630008e-05,raw_biopol,today
raw_biopol|production|Mixing||power,manufacturing,"human toxicity: non-carcinogenic, inorganics",-0.00015270401355806212,1.1454851255478117e-05,8.953603422321437e-06,1.4428875210248358e-05,raw_biopol,today
raw_biopol|production|Mixing||power,manufacturing,"human toxicity: non-carcinogenic, organics",-3.173977419205179e-05,1.7571234528307143e-05,1.5071458752272839e-05,2.0415533043663378e-05,raw_biopol,today
raw_biopol|production|Mixing||power,manufacturing,ionising radiation: human health,-0.00017022541803806603,1.090276947030689e-05,8.170377031048256e-06,1.3973014186008225e-05,raw_biopol,today
raw_biopol|production|Mixing||power,manufacturing,land use,7.302323145148479e-05,7.88289233352399e-07,6.685718830189095e-07,9.274017861216359e-07,raw_biopol,today
raw_biopol|production|Mixing||power,manufacturing,material resources: metals/minerals,2.2408296202388848e-07,3.2749023310711896e-05,2.8265058866394535e-05,3.7611291752010974e-05,raw_biopol,today
raw_biopol|production|Mixing||power,manufacturing,ozone depletion,0.0003256223889608969,2.0801195096695143e-05,1.6801920996877582e-05,2.5085168954170896e-05,raw_biopol,today
raw_biopol|production|Mixing||power,manufacturing,particulate matter formation,-4.722891417604141e-05,1.5148827964353977e-05,1.2491945973459838e-05,1.780125065990097e-05,raw_biopol,today
raw_biopol|production|Mixing||power,manufacturing,photochemical oxidant formation: human health,-7.21375708395481e-05,1.2766454185867084e-05,9.821843691841621e-06,1.6210304913864806e-05,raw_biopol,today
raw_biopol|production|Mixing||power,manufacturing,water use,-0.00016184837494029013,7.301496218112835e-06,6.178367258343646e-06,8.580569432153752e-06,raw_biopol,today
raw_biopol|production|Mixing||output rate,manufacturing,acidification,0.00046102774658613924,1.2050892789927253e-05,8.583191193232311e-06,1.6723790360733677e-05,raw_biopol,today
raw_biopol|production|Mixing||output rate,manufacturing,climate change,0.0006613990842656587,1.6310055895976312e-05,1.2645014172374911e-05,2.084313151517578e-05,raw_biopol,today
raw_biopol|production|Mixing||output rate,manufacturing,climate change: biogenic,0.00017344189106278222,7.328949246663196e-07,5.689327501985575e-07,9.5582320295397e-07,raw_biopol,today
raw_biopol|production|Mixing||output rate,manufacturing,climate change: fossil,0.0006815340114274016,1.528090094166845e-05,1.1917093596584885e-05,1.9534587217796398e-05,raw_biopol,today
raw_biopol|production|Mixing||output rate,manufacturing,climate change: land use and land use change,-0.0003955531842018419,1.4127270208131022e-05,8.986810996588362e-06,2.1214385117662787e-05,raw_biopol,today
raw_biopol|production|Mixing||output rate,manufacturing,ecotoxicity: freshwater,0.0006577234439488332,1.0506692666070642e-05,8.04120449921433e-06,1.3783279284680787e-05,raw_biopol,today
raw_biopol|production|Mixing||output rate,manufacturing,"ecotoxicity: freshwater, inorganics",0.0006870900340601453,1.2940645766209837e-05,9.893782362486546e-06,1.7154820869702715e-05,raw_biopol,today
raw_biopol|production|Mixing||output rate,manufacturing,"ecotoxicity: freshwater, organics",3.09673021326664e-05,7.489136572157755e-08,6.192076648115656e-08,9.018351750076826e-08,raw_biopol,today
raw_biopol|production|Mixing||output rate,manufacturing,energy resources: non-renewable,0.0005975816797989986,2.6858691841881394e-05,2.1927225029343353e-05,3.0931639054415186e-05,raw_biopol,today
raw_biopol|production|Mixing||output rate,manufacturing,eutrophication: freshwater,0.00048479592006544294,1.0880485522013191e-05,7.876584605459328e-06,1.4869082267029978e-05,raw_biopol,today
raw_biopol|production|Mixing||output rate,manufacturing,eutrophication: marine,0.00041002400735076506,3.14830772905779e-06,2.3558704504822547e-06,3.9888624938834785e-06,raw_biopol,today
raw_biopol|production|Mixing||output rate,manufacturing,eutrophication: terrestrial,0.0006189027565712495,1.30216977095869e-05,1.0053753238147384e-05,1.672328757013969e-05,raw_biopol,today
raw_biopol|production|Mixing||output rate,manufacturing,human toxicity: carcinogenic,0.0006609816457389271,1.7954153594296323e-05,1.4715365414571276e-05,2.186847056130327e-05,raw_biopol,today
raw_biopol|production|Mixing||output rate,manufacturing,"human toxicity: carcinogenic, inorganics",0.000644601930599334,1.6518613929561153e-05,1.2630199718983928e-05,2.1783117312773683e-05,raw_biopol,today
raw_biopol|production|Mixing||output rate,manufacturing,"human toxicity: carcinogenic, organics",0.0003334951629398233,1.547637319702159e-05,1.2876492690529e-05,1.8274642754171368e-05,raw_biopol,today
raw_biopol|production|Mixing||output rate,manufacturing,human toxicity: non-carcinogenic,0.0005995297736013169,1.5547602334596753e-05,1.2101466178018885e-05,1.9780213478764475e-05,raw_biopol,today
raw_biopol|production|Mixing||output rate,manufacturing,"human toxicity: non-carcinogenic, inorganics",0.0005988779527912324,1.531714162817917e-05,1.1910598523925672e-05,1.959207488484941e-05,raw_biopol,today
raw_biopol|production|Mixing||output rate,manufacturing,"human toxicity: non-carcinogenic, organics",0.00045207754939370604,2.1340536326728026e-05,1.8022730582467334e-05,2.4782335075372506e-05,raw_biopol,today
raw_biopol|production|Mixing||output rate,manufacturing,ionising radiation: human health,-0.0002439629722977409,1.2030410442291967e-05,8.727740712364149e-06,1.6070157074158707e-05,raw_biopol,today
raw_biopol|production|Mixing||output rate,manufacturing,land use,5.483757527450168e-05,8.134954711148119e-07,6.934091880347279e-07,9.525783038671775e-07,raw_biopol,today
raw_biopol|production|Mixing||output rate,manufacturing,material resources: metals/minerals,0.00033076334632015986,3.9104210330744e-05,3.274826228881437e-05,4.503714872796218e-05,raw_biopol,today
raw_biopol|production|Mixing||output rate,manufacturing,ozone depletion,0.0001905580062669812,1.9260333416740762e-05,1.6239581817985922e-05,2.336178601683023e-05,raw_biopol,today
raw_biopol|production|Mixing||output rate,manufacturing,particulate matter formation,0.0005931848225891144,1.9801664466696206e-05,1.6526911334248873e-05,2.3389490632830227e-05,raw_biopol,today
raw_biopol|production|Mixing||output rate,manufacturing,photochemical oxidant formation: human health,0.0006320055179676413,1.5777930499987427e-05,1.2097321768400676e-05,2.0014484908536774e-05,raw_biopol,today
raw_biopol|production|Mixing||output rate,manufacturing,water use,8.145282667054682e-06,8.879555846810353e-06,7.251711909444095e-06,1.06813033253099e-05,raw_biopol,today
raw_biopol|production|Mixing||machine lifetime,manufacturing,acidification,4.319885841422683e-06,7.484971536419832e-09,5.726164185566137e-09,9.233403005452623e-09,raw_biopol,today
raw_biopol|production|Mixing||machine lifetime,manufacturing,climate change,6.784871195074071e-06,7.679120261356849e-09,5.8576119569496404e-09,9.673505275843944e-09,raw_biopol,today
raw_biopol|production|Mixing||machine lifetime,manufacturing,climate change: biogenic,1.6943231454650323e-06,7.675255860128455e-11,6.179989232382284e-11,9.318291203956837e-11,raw_biopol,today
raw_biopol|production|Mixing||machine lifetime,manufacturing,climate change: fossil,7.250267815874573e-06,7.185446784201643e-09,5.515737596832069e-09,9.033075752462344e-09,raw_biopol,today
raw_biopol|production|Mixing||machine lifetime,manufacturing,climate change: land use and land use change,4.058751246598748e-06,1.9508821897656107e-09,1.5475719401570688e-09,2.375973228269872e-09,raw_biopol,today
raw_biopol|production|Mixing||machine lifetime,manufacturing,ecotoxicity: freshwater,2.742299140461004e-05,4.3941603347631956e-08,3.450793257145847e-08,5.6147627511073394e-08,raw_biopol,today
raw_biopol|production|Mixing||machine lifetime,manufacturing,"ecotoxicity: freshwater, inorganics",2.5418565323604867e-05,5.28435672875451e-08,4.1122260851611795e-08,6.75528365046304e-08,raw_biopol,today
raw_biopol|production|Mixing||machine lifetime,manufacturing,"ecotoxicity: freshwater, organics",6.346790736931318e-06,8.701881935912771e-10,7.03087968024609e-10,1.0601361104604793e-09,raw_biopol,today
raw_biopol|production|Mixing||machine lifetime,manufacturing,energy resources: non-renewable,1.0964264464928706e-05,6.226616086268014e-09,4.907416529674808e-09,7.672784994808434e-09,raw_biopol,today
raw_biopol|production|Mixing||machine lifetime,manufacturing,eutrophication: freshwater,2.2695793532701656e-06,2.6451012878136434e-09,2.0536913871079458e-09,3.409355517894617e-09,raw_biopol,today
raw_biopol|production|Mixing||machine lifetime,manufacturing,eutrophication: marine,8.234085354678996e-06,2.1918457202607745e-09,1.751113448583226e-09,2.714921874230841e-09,raw_biopol,today
raw_biopol|production|Mixing||machine lifetime,manufacturing,eutrophication: terrestrial,1.2420552941425997e-05,1.3338168338667303e-08,1.0349209697266034e-08,1.659883009032008e-08,raw_biopol,today
raw_biopol|production|Mixing||machine lifetime,manufacturing,human toxicity: carcinogenic,6.983308323768452e-05,2.3807735815844902e-07,1.8702802920515776e-07,2.960069818882863e-07,raw_biopol,today
raw_biopol|production|Mixing||machine lifetime,manufacturing,"human toxicity: carcinogenic, inorganics",3.258749758174283e-05,1.0372901307205627e-07,8.019982072571792e-08,1.3142001862097513e-07,raw_biopol,today
raw_biopol|production|Mixing||machine lifetime,manufacturing,"human toxicity: carcinogenic, organics",0.00011223625178792,4.0571548775389585e-07,3.1783670741922695e-07,4.930847268625861e-07,raw_biopol,today
raw_biopol|production|Mixing||machine lifetime,manufacturing,human toxicity: non-carcinogenic,4.216319220570276e-05,1.0536747387238187e-07,8.200433688231883e-08,1.3368274298224626e-07,raw_biopol,today
raw_biopol|production|Mixing||machine lifetime,manufacturing,"human toxicity: non-carcinogenic, inorganics",4.0788534370701744e-05,1.0252191800620742e-07,7.961492787877364e-08,1.301567750266228e-07,raw_biopol,today
raw_biopol|production|Mixing||machine lifetime,manufacturing,"human toxicity: non-carcinogenic, organics",7.838137380995823e-05,1.7365151426857327e-07,1.4017080134668832e-07,2.134992639834282e-07,raw_biopol,today
raw_biopol|production|Mixing||machine lifetime,manufacturing,ionising radiation: human health,5.291259800084477e-07,4.5498909778358346e-11,3.590958502576087e-11,5.674642201101423e-11,raw_biopol,today
raw_biopol|production|Mixing||machine lifetime,manufacturing,land use,4.403003331560908e-06,4.1079780736895337e-10,3.33153479241115e-10,5.000311446417715e-10,raw_biopol,today
raw_biopol|production|Mixing||machine lifetime,manufacturing,material resources: metals/minerals,0.0001237597796958085,4.2355031894640293e-07,3.3617240784663566e-07,5.153042843985629e-07,raw_biopol,today
raw_biopol|production|Mixing||machine lifetime,manufacturing,ozone depletion,9.2532259256366e-06,2.4020592156051986e-09,1.9003339110147393e-09,2.9429869927476297e-09,raw_biopol,today
raw_biopol|production|Mixing||machine lifetime,manufacturing,particulate matter formation,8.649531586611955e-05,3.2207365068632176e-07,2.553907563814659e-07,3.9285017322493073e-07,raw_biopol,today
raw_biopol|production|Mixing||machine lifetime,manufacturing,photochemical oxidant formation: human health,1.3875421647613262e-05,1.9988568946967664e-08,1.5559919705310368e-08,2.4350627752007584e-08,raw_biopol,today
raw_biopol|production|Mixing||machine lifetime,manufacturing,water use,2.1276199035952034e-05,1.0023135475653919e-08,8.090440297537695e-09,1.2220157906773169e-08,raw_biopol,today
raw_biopol|production|Mixing||process yield,manufacturing,acidification,-0.00820599134585996,0.004260384659348975,0.0031530031006704066,0.005590622890827497,raw_biopol,today
raw_biopol|production|Mixing||process yield,manufacturing,climate change,-0.007219930098271894,0.003973820756091205,0.003000257531797813,0.005135401937462406,raw_biopol,today
raw_biopol|production|Mixing||process yield,manufacturing,climate change: biogenic,-0.0031964952615369,0.0002913087265485067,0.0002145201892573837,0.0003631716583151676,raw_biopol,today
raw_biopol|production|Mixing||process yield,manufacturing,climate change: fossil,-0.0068759805441461165,0.005577571218252404,0.004295771328119444,0.007068020958949393,raw_biopol,today
raw_biopol|production|Mixing||process yield,manufacturing,climate change: land use and land use change,-0.0006061494202196614,0.0044411526566044395,0.0035342369959710566,0.005588809450247333,raw_biopol,today
raw_biopol|production|Mixing||process yield,manufacturing,ecotoxicity: freshwater,-0.008590353610493432,0.011251638305134174,0.009160822384463335,0.01368964671408217,raw_biopol,today
raw_biopol|production|Mixing||process yield,manufacturing,"ecotoxicity: freshwater, inorganics",-0.007728552000103619,0.00818165816775378,0.006508685587518864,0.010133729792823657,raw_biopol,today
raw_biopol|production|Mixing||process yield,manufacturing,"ecotoxicity: freshwater, organics",-0.005062773076953237,0.03141931440778012,0.02714008738818439,0.035773358503882004,raw_biopol,today
raw_biopol|production|Mixing||process yield,manufacturing,energy resources: non-renewable,-0.016158805476109185,0.008627593913271713,0.007264390418485168,0.010115029394141424,raw_biopol,today
raw_biopol|production|Mixing||process yield,manufacturing,eutrophication: freshwater,-0.0023891732839003473,0.0035943872550768074,0.0026271743943841407,0.004548335482808073,raw_biopol,today
raw_biopol|production|Mixing||process yield,manufacturing,eutrophication: marine,-0.009449616864602767,0.021704584755592952,0.018619808235287867,0.025508310291758998,raw_biopol,today
raw_biopol|production|Mixing||process yield,manufacturing,eutrophication: terrestrial,-0.00907062335538433,0.008122623711446118,0.006431545414179844,0.010243401959309091,raw_biopol,today
raw_biopol|production|Mixing||process yield,manufacturing,human toxicity: carcinogenic,-0.009747774542088191,0.012470273956752069,0.010424299467966249,0.01487769737455386,raw_biopol,today
raw_biopol|production|Mixing||process yield,manufacturing,"human toxicity: carcinogenic, inorganics",-0.008529015234488988,0.0075980993105053225,0.005943408473210146,0.009654925491291143,raw_biopol,today
raw_biopol|production|Mixing||process yield,manufacturing,"human toxicity: carcinogenic, organics",-0.005168633000260328,0.01667997100417367,0.014376565705967117,0.01912754527534055,raw_biopol,today
raw_biopol|production|Mixing||process yield,manufacturing,human toxicity: non-carcinogenic,-0.0090258504145931,0.010823072259562068,0.008746423311692023,0.013421521107390647,raw_biopol,today
raw_biopol|production|Mixing||process yield,manufacturing,"human toxicity: non-carcinogenic, inorganics",-0.008940933178876266,0.010651242970827604,0.00857996058036751,0.01325291848901196,raw_biopol,today
raw_biopol|production|Mixing||process yield,manufacturing,"human toxicity: non-carcinogenic, organics",-0.008870537657523823,0.014098758724056266,0.01217141981987983,0.01653348381943252,raw_biopol,today
raw_biopol|production|Mixing||process yield,manufacturing,ionising radiation: human health,-0.0006632530084181129,0.0025187144345142215,0.001841891583906029,0.003123557920531951,raw_biopol,today
raw_biopol|production|Mixing||process yield,manufacturing,land use,-0.004210984222384752,0.029582495725552826,0.025639775263907653,0.033954475713510804,raw_biopol,today
raw_biopol|production|Mixing||process yield,manufacturing,material resources: metals/minerals,-0.0033061408666317823,0.010223169982654795,0.00885708531090335,0.011833486480428016,raw_biopol,today
raw_biopol|production|Mixing||process yield,manufacturing,ozone depletion,0.0013247633831012502,0.00906381256826969,0.0076223182038863795,0.010881191397972062,raw_biopol,today
raw_biopol|production|Mixing||process yield,manufacturing,particulate matter formation,-0.011432955977844569,0.011676758003902029,0.009950277728687746,0.013764913854925455,raw_biopol,today
raw_biopol|production|Mixing||process yield,manufacturing,photochemical oxidant formation: human health,-0.010130408135284269,0.007393322356384242,0.00577364178881879,0.009381446172104069,raw_biopol,today
raw_biopol|production|Mixing||process yield,manufacturing,water use,-0.012473512472078823,0.019872198078823938,0.017181978892323806,0.022968058353821735,raw_biopol,today
raw_biopol|production|Mixing||machine source,manufacturing,acidification,-2.1477199320896405e-05,5.462716740169285e-07,4.3313597473871324e-07,6.494648711019757e-07,raw_biopol,today
raw_biopol|production|Mixing||machine source,manufacturing,climate change,-1.938316796991826e-05,5.592770854975914e-07,4.5514411271760745e-07,6.53896497346868e-07,raw_biopol,today
raw_biopol|production|Mixing||machine source,manufacturing,climate change: biogenic,4.648234783701612e-06,5.6153153011667454e-09,4.836033953515009e-09,6.249857419145253e-09,raw_biopol,today
raw_biopol|production|Mixing||machine source,manufacturing,climate change: fossil,-1.653213093583097e-05,5.233154291129648e-07,4.2786757042976594e-07,6.106667019519418e-07,raw_biopol,today
raw_biopol|production|Mixing||machine source,manufacturing,climate change: land use and land use change,1.7674631864750827e-05,1.4278736629958316e-07,1.2141314328788426e-07,1.6312412431136468e-07,raw_biopol,today
raw_biopol|production|Mixing||machine source,manufacturing,ecotoxicity: freshwater,-2.5810383769679286e-05,3.2154139104061354e-06,2.6748536405208935e-06,3.7330243460713626e-06,raw_biopol,today
raw_biopol|production|Mixing||machine source,manufacturing,"ecotoxicity: freshwater, inorganics",-4.43681301045767e-05,3.8669469419249245e-06,3.2083726648551776e-06,4.489824097259873e-06,raw_biopol,today
raw_biopol|production|Mixing||machine source,manufacturing,"ecotoxicity: freshwater, organics",9.719931372525825e-06,6.357249175503356e-08,5.43626918284618e-08,7.076839090475474e-08,raw_biopol,today
raw_biopol|production|Mixing||machine source,manufacturing,energy resources: non-renewable,1.4446163157470298e-06,4.5260486292549305e-07,3.829383683401793e-07,5.123709977926457e-07,raw_biopol,today
raw_biopol|production|Mixing||machine source,manufacturing,eutrophication: freshwater,-2.4273934736231783e-05,1.936896151942515e-07,1.5943663332164291e-07,2.2393843064091203e-07,raw_biopol,today
raw_biopol|production|Mixing||machine source,manufacturing,eutrophication: marine,4.5533643117534385e-06,1.5897118713534934e-07,1.3346045558462943e-07,1.811885256269162e-07,raw_biopol,today
raw_biopol|production|Mixing||machine source,manufacturing,eutrophication: terrestrial,-8.270481935252235e-06,9.672857018882025e-07,7.980922876997929e-07,1.1287530211935293e-06,raw_biopol,today
raw_biopol|production|Mixing||machine source,manufacturing,human toxicity: carcinogenic,2.817042335415702e-05,1.7424239498719977e-05,1.4593958176979037e-05,1.992080808251064e-05,raw_biopol,today
raw_biopol|production|Mixing||machine source,manufacturing,"human toxicity: carcinogenic, inorganics",-6.173795443160151e-05,7.5949431026199915e-06,6.210718314131226e-06,8.887159858298736e-06,raw_biopol,today
raw_biopol|production|Mixing||machine source,manufacturing,"human toxicity: carcinogenic, organics",0.0002798373399508083,2.968289218992014e-05,2.6122513511889625e-05,3.32791872178532e-05,raw_biopol,today
raw_biopol|production|Mixing||machine source,manufacturing,human toxicity: non-carcinogenic,-3.060971458500079e-05,7.712136804354911e-06,6.4185657790583855e-06,8.95745146701348e-06,raw_biopol,today
raw_biopol|production|Mixing||machine source,manufacturing,"human toxicity: non-carcinogenic, inorganics",-3.410565472935037e-05,7.504830815256519e-06,6.233583717268488e-06,8.73063130547635e-06,raw_biopol,today
raw_biopol|production|Mixing||machine source,manufacturing,"human toxicity: non-carcinogenic, organics",0.00011220441542690941,1.2673553640781476e-05,1.0672976586964697e-05,1.4354280270825859e-05,raw_biopol,today
raw_biopol|production|Mixing||machine source,manufacturing,ionising radiation: human health,1.2593116088240175e-06,3.3252897069707913e-09,2.839116792701284e-09,3.820265507529773e-09,raw_biopol,today
raw_biopol|production|Mixing||machine source,manufacturing,land use,6.412698965007887e-06,2.9648091327098814e-08,2.539334034767893e-08,3.3033561568352635e-08,raw_biopol,today
raw_biopol|production|Mixing||machine source,manufacturing,material resources: metals/minerals,0.00021161290375742796,3.102084473304368e-05,2.6946524407216272e-05,3.482644869260626e-05,raw_biopol,today
raw_biopol|production|Mixing||machine source,manufacturing,ozone depletion,2.5215320660167556e-05,1.7271026182411418e-07,1.5239025151279368e-07,1.9749859359804641e-07,raw_biopol,today
raw_biopol|production|Mixing||machine source,manufacturing,particulate matter formation,0.00010311539079310854,2.3453851108358592e-05,1.9502376564281524e-05,2.6683867124637022e-05,raw_biopol,today
raw_biopol|production|Mixing||machine source,manufacturing,photochemical oxidant formation: human health,-2.4922362128188662e-06,1.4487410644929252e-06,1.2109500155023432e-06,1.6937625374413985e-06,raw_biopol,today
raw_biopol|production|Mixing||machine source,manufacturing,water use,3.637771939771023e-05,7.337468203892635e-07,6.158423495462189e-07,8.328778124889304e-07,raw_biopol,today
raw_biopol|production|3D printing||machine weight,manufacturing,acidification,0.0006591743429979191,5.344188274396881e-06,3.884240573250048e-06,6.8937589155800474e-06,raw_biopol,today
raw_biopol|production|3D printing||machine weight,manufacturing,climate change,0.000812787270566601,5.4828042219184025e-06,4.108175356527879e-06,6.950810959271154e-06,raw_biopol,today
raw_biopol|production|3D printing||machine weight,manufacturing,climate change: biogenic,0.00015264109955972826,5.480051849241021e-08,4.2418633419376405e-08,6.994546195332188e-08,raw_biopol,today
raw_biopol|production|3D printing||machine weight,manufacturing,climate change: fossil,0.0008580217619286269,5.130326963686123e-06,3.874745054529891e-06,6.502023883094688e-06,raw_biopol,today
raw_biopol|production|3D printing||machine weight,manufacturing,climate change: land use and land use change,0.00022956050423951436,1.3929093891714476e-06,1.0739987976707156e-06,1.7596768335549946e-06,raw_biopol,today
raw_biopol|production|3D printing||machine weight,manufacturing,ecotoxicity: freshwater,0.0027971052062098056,3.1373842577631444e-05,2.3789188324006457e-05,3.954119556012824e-05,raw_biopol,today
raw_biopol|production|3D printing||machine weight,manufacturing,"ecotoxicity: freshwater, inorganics",0.00279314192342092,3.772975131333456e-05,2.8640352205489627e-05,4.808744200538875e-05,raw_biopol,today
raw_biopol|production|3D printing||machine weight,manufacturing,"ecotoxicity: freshwater, organics",0.0004936326222144276,6.21305062688171e-07,4.70315623897298e-07,7.74345994204786e-07,raw_biopol,today
raw_biopol|production|3D printing||machine weight,manufacturing,energy resources: non-renewable,0.0010477097826467165,4.445728397671926e-06,3.408514138182638e-06,5.518486277155932e-06,raw_biopol,today
raw_biopol|production|3D printing||machine weight,manufacturing,eutrophication: freshwater,0.0003631867296196681,1.8885745850552408e-06,1.4010204504588901e-06,2.456005019876814e-06,raw_biopol,today
raw_biopol|production|3D printing||machine weight,manufacturing,eutrophication: marine,0.0007372488378310168,1.5649489931880184e-06,1.195505356578374e-06,1.923364138285189e-06,raw_biopol,today
raw_biopol|production|3D printing||machine weight,manufacturing,eutrophication: terrestrial,0.0014128562449196977,9.523275812077574e-06,7.219360847698784e-06,1.2025762975970693e-05,raw_biopol,today
raw_biopol|production|3D printing||machine weight,manufacturing,human toxicity: carcinogenic,0.007210442346581974,0.00016998473197862756,0.00013080661774723788,0.00021003354664190642,raw_biopol,today
raw_biopol|production|3D printing||machine weight,manufacturing,"human toxicity: carcinogenic, inorganics",0.0037076402885842727,7.40614274077065e-05,5.507090423331602e-05,9.479061090667085e-05,raw_biopol,today
raw_biopol|production|3D printing||machine weight,manufacturing,"human toxicity: carcinogenic, organics",0.010513718604224807,0.00028967658554510676,0.00022155731342036626,0.0003596827750522047,raw_biopol,today
raw_biopol|production|3D printing||machine weight,manufacturing,human toxicity: non-carcinogenic,0.004271165015410104,7.523126956670984e-05,5.6876975343130895e-05,9.505655541756828e-05,raw_biopol,today
raw_biopol|production|3D printing||machine weight,manufacturing,"human toxicity: non-carcinogenic, inorganics",0.0041568636484954884,7.319957323070305e-05,5.518810310607356e-05,9.247792708075551e-05,raw_biopol,today
raw_biopol|production|3D printing||machine weight,manufacturing,"human toxicity: non-carcinogenic, organics",0.006999605696785991,0.0001239852927519641,9.43625906956038e-05,0.00015479095784322948,raw_biopol,today
raw_biopol|production|3D printing||machine weight,manufacturing,ionising radiation: human health,2.956846781222971e-05,3.248573747926756e-08,2.466484339446731e-08,4.049548581413092e-08,raw_biopol,today
raw_biopol|production|3D printing||machine weight,manufacturing,land use,0.000341491303367282,2.933029044384725e-07,2.2142011069389218e-07,3.656874661800765e-07,raw_biopol,today
raw_biopol|production|3D printing||machine weight,manufacturing,material resources: metals/minerals,0.01086469947927817,0.00030241048874188575,0.0002335732158623899,0.00037834011195633836,raw_biopol,today
raw_biopol|production|3D printing||machine weight,manufacturing,ozone depletion,0.0006930362721127837,1.7150230311745804e-06,1.3178056090990436e-06,2.205756533044003e-06,raw_biopol,today
raw_biopol|production|3D printing||machine weight,manufacturing,particulate matter formation,0.009082666251633486,0.00022995689737232938,0.00017512972066171183,0.0002813226454682856,raw_biopol,today
raw_biopol|production|3D printing||machine weight,manufacturing,photochemical oxidant formation: human health,0.001610094011074999,1.4271567606296282e-05,1.0785790021231625e-05,1.8007773098904016e-05,raw_biopol,today
raw_biopol|production|3D printing||machine weight,manufacturing,water use,0.0016273001804080218,7.156413530977072e-06,5.433640242736223e-06,8.836000449442209e-06,raw_biopol,today
raw_biopol|production|3D printing||power,manufacturing,acidification,0.0005298326213985106,0.00012764189914022905,8.778807187002913e-05,0.00018261023426548853,raw_biopol,today
raw_biopol|production|3D printing||power,manufacturing,climate change,0.0011310045106479496,0.0001610282174458428,0.0001211698219179832,0.0002174698296129682,raw_biopol,today
raw_biopol|production|3D printing||power,manufacturing,climate change: biogenic,0.0006489509171094749,7.206028702239191e-06,4.927382138274367e-06,9.81638020004044e-06,raw_biopol,today
raw_biopol|production|3D printing||power,manufacturing,climate change: fossil,0.0013784207698961724,0.00015090041761418852,0.00011293843162678154,0.0002038597613994354,raw_biopol,today
raw_biopol|production|3D printing||power,manufacturing,climate change: land use and land use change,0.000664837930871746,0.0001046756276715795,8.247253918841385e-05,0.0001329805995722671,raw_biopol,today
raw_biopol|production|3D printing||power,manufacturing,ecotoxicity: freshwater,0.002383636525808019,0.00010143345552577033,7.642288059826745e-05,0.00013549494143729252,raw_biopol,today
raw_biopol|production|3D printing||power,manufacturing,"ecotoxicity: freshwater, inorganics",0.0022825167058850996,0.00012538539830650518,9.479767272054284e-05,0.00016831009180859634,raw_biopol,today
raw_biopol|production|3D printing||power,manufacturing,"ecotoxicity: freshwater, organics",0.00016053583345098686,5.234443000205774e-07,4.132453327793101e-07,6.426590461781303e-07,raw_biopol,today
raw_biopol|production|3D printing||power,manufacturing,energy resources: non-renewable,0.003408753472184276,0.0002706780129641705,0.00022466761943049773,0.0003214321315629684,raw_biopol,today
raw_biopol|production|3D printing||power,manufacturing,eutrophication: freshwater,0.001201740084168509,0.00011847278629358286,8.70811618887053e-05,0.00016671696896229568,raw_biopol,today
raw_biopol|production|3D printing||power,manufacturing,eutrophication: marine,0.0017269668352498802,3.189271148561057e-05,2.394502027245652e-05,4.280630888983411e-05,raw_biopol,today
raw_biopol|production|3D printing||power,manufacturing,eutrophication: terrestrial,0.0018593699346955686,0.0001260969142566302,9.50157650947638e-05,0.00017244871745176072,raw_biopol,today
raw_biopol|production|3D printing||power,manufacturing,human toxicity: carcinogenic,0.002888792454972556,0.00014876400065302675,0.00011731132838331574,0.00018543252575190186,raw_biopol,today
raw_biopol|production|3D printing||power,manufacturing,"human toxicity: carcinogenic, inorganics",0.0021815962906627105,0.00015569987279191998,0.00011732126789108452,0.00021337188063460602,raw_biopol,today
raw_biopol|production|3D printing||power,manufacturing,"human toxicity: carcinogenic, organics",0.002229638553010642,0.00010378468219170399,8.74948648011377e-05,0.00012342888213133496,raw_biopol,today
raw_biopol|production|3D printing||power,manufacturing,human toxicity: non-carcinogenic,0.0025184832336206924,0.00014105898489250393,0.00010798915398334642,0.0001862917148080543,raw_biopol,today
raw_biopol|production|3D printing||power,manufacturing,"human toxicity: non-carcinogenic, inorganics",0.002472332997865702,0.00013975496434885548,0.000106433020252407,0.00018603237525439682,raw_biopol,today
raw_biopol|production|3D printing||power,manufacturing,"human toxicity: non-carcinogenic, organics",0.0031852303595083504,0.00016877395300931734,0.00014286277042331998,0.0002023438896390616,raw_biopol,today
raw_biopol|production|3D printing||power,manufacturing,ionising radiation: human health,0.0009268113879913261,0.00012241456777537882,9.522516458189732e-05,0.00015097783460528094,raw_biopol,today
raw_biopol|production|3D printing||power,manufacturing,land use,0.0007007452910319694,6.33744866471895e-06,5.385928513310999e-06,7.4606700219758124e-06,raw_biopol,today
raw_biopol|production|3D printing||power,manufacturing,material resources: metals/minerals,0.0039030664035995134,0.00028780288984290854,0.000242558763593043,0.00033805897748482075,raw_biopol,today
raw_biopol|production|3D printing||power,manufacturing,ozone depletion,0.0009873456490122187,0.00014111486575899758,0.00011472732060437995,0.00017116619953664181,raw_biopol,today
raw_biopol|production|3D printing||power,manufacturing,particulate matter formation,0.002963508411498698,0.00015577939021921522,0.00012830276387009603,0.0001890794712669328,raw_biopol,today
raw_biopol|production|3D printing||power,manufacturing,photochemical oxidant formation: human health,0.0014661872111676223,0.00015087219104852547,0.00011346375065676097,0.0002029318483010757,raw_biopol,today
raw_biopol|production|3D printing||power,manufacturing,water use,0.0016853760087556114,7.753084731900707e-05,6.31572520625554e-05,9.395768369117485e-05,raw_biopol,today
raw_biopol|production|3D printing||output rate,manufacturing,acidification,0.00010546854362123222,0.0001283279439555093,9.5167349882118e-05,0.00017246949144589108,raw_biopol,today
raw_biopol|production|3D printing||output rate,manufacturing,climate change,-0.00035970315454414344,0.00016895634798209821,0.00013402483913846355,0.00021748468096249792,raw_biopol,today
raw_biopol|production|3D printing||output rate,manufacturing,climate change: biogenic,-0.0007524469536129732,6.529221196256258e-06,4.996364053658338e-06,8.203737687833876e-06,raw_biopol,today
raw_biopol|production|3D printing||output rate,manufacturing,climate change: fossil,-0.00045423874506990165,0.00015819146998299216,0.00012498692601702738,0.00020332951679956007,raw_biopol,today
raw_biopol|production|3D printing||output rate,manufacturing,climate change: land use and land use change,-0.002133441298645069,0.00013126993324959934,9.771016939980545e-05,0.00017415988691627286,raw_biopol,today
raw_biopol|production|3D printing||output rate,manufacturing,ecotoxicity: freshwater,-0.000364788418634121,0.0001717035391385166,0.0001390448125731771,0.00021379037402717314,raw_biopol,today
raw_biopol|production|3D printing||output rate,manufacturing,"ecotoxicity: freshwater, inorganics",-0.00014381999349115954,0.00020955557668622579,0.00016890389023550077,0.000260862843344965,raw_biopol,today
raw_biopol|production|3D printing||output rate,manufacturing,"ecotoxicity: freshwater, organics",-0.00018359024769853957,1.9104462835094884e-06,1.5884840181888248e-06,2.3134749854218357e-06,raw_biopol,today
raw_biopol|production|3D printing||output rate,manufacturing,energy resources: non-renewable,-0.0005811917033856723,0.00031809011623148053,0.0002710577385212533,0.0003798744292289863,raw_biopol,today
raw_biopol|production|3D printing||output rate,manufacturing,eutrophication: freshwater,3.733632910633911e-05,0.00010347727855057583,7.859767795197979e-05,0.00013719680849915602,raw_biopol,today
raw_biopol|production|3D printing||output rate,manufacturing,eutrophication: marine,-0.0005152276240779123,3.4674973504294545e-05,2.7942740174423717e-05,4.3664917474779574e-05,raw_biopol,today
raw_biopol|production|3D printing||output rate,manufacturing,eutrophication: terrestrial,-0.0005356972116141645,0.0001525557843770536,0.00012111257214545854,0.0001931545776524522,raw_biopol,today
raw_biopol|production|3D printing||output rate,manufacturing,human toxicity: carcinogenic,-0.00022878878821583836,0.0004976963377986917,0.0004101852009227585,0.0005977716175681328,raw_biopol,today
raw_biopol|production|3D printing||output rate,manufacturing,"human toxicity: carcinogenic, inorganics",0.00025237498221887983,0.00031838998426915075,0.0002541215739285081,0.000401422033001361,raw_biopol,today
raw_biopol|production|3D printing||output rate,manufacturing,"human toxicity: carcinogenic, organics",-0.001262473412578992,0.0006338892720504125,0.0005341222618009041,0.0007659227895203733,raw_biopol,today
raw_biopol|production|3D printing||output rate,manufacturing,human toxicity: non-carcinogenic,-0.000137203412591538,0.00031238184755736693,0.00025242691747245016,0.0003894007498353726,raw_biopol,today
raw_biopol|production|3D printing||output rate,manufacturing,"human toxicity: non-carcinogenic, inorganics",-9.9155045112308e-05,0.00030541341661786584,0.0002464172451619913,0.000381992978493487,raw_biopol,today
raw_biopol|production|3D printing||output rate,manufacturing,"human toxicity: non-carcinogenic, organics",-0.0015022887010237849,0.0004844567521649134,0.00041430432172182756,0.0005687954969721974,raw_biopol,today
raw_biopol|production|3D printing||output rate,manufacturing,ionising radiation: human health,-0.0006194985934302684,0.00014377865311653574,0.000107264417069436,0.0001770288992217665,raw_biopol,today
raw_biopol|production|3D printing||output rate,manufacturing,land use,-0.0006618149607218983,8.643379994923767e-06,7.335167589455627e-06,9.936935978119216e-06,raw_biopol,today
raw_biopol|production|3D printing||output rate,manufacturing,material resources: metals/minerals,-0.0020553126671679117,0.001010189209957185,0.0008568367569789211,0.0012007651461842673,raw_biopol,today
raw_biopol|production|3D printing||output rate,manufacturing,ozone depletion,-0.001978377634751333,0.00017652673866970077,0.0001390912734525398,0.00021465567703708241,raw_biopol,today
raw_biopol|production|3D printing||output rate,manufacturing,particulate matter formation,-0.00039770096501899735,0.0006216052994876996,0.0005202830345073386,0.0007498013371096392,raw_biopol,today
raw_biopol|production|3D printing||output rate,manufacturing,photochemical oxidant formation: human health,-0.00043032515131792993,0.0001937536853439615,0.0001561210511146006,0.00024236438279692652,raw_biopol,today
raw_biopol|production|3D printing||output rate,manufacturing,water use,-0.001223708260039045,0.0001123068705763815,9.59755019572282e-05,0.00013384146336411338,raw_biopol,today
raw_biopol|production|3D printing||machine lifetime,manufacturing,acidification,-0.0004148197533663394,5.191783921319509e-06,3.894328968829239e-06,6.499863971718233e-06,raw_biopol,today
raw_biopol|production|3D printing||machine lifetime,manufacturing,climate change,-0.00045743830235261566,5.326451268045016e-06,4.045760833667183e-06,6.83065210172963e-06,raw_biopol,today
raw_biopol|production|3D printing||machine lifetime,manufacturing,climate change: biogenic,-4.1466459852981756e-05,5.3237701491863923e-08,4.1370435934931875e-08,6.669867551508446e-08,raw_biopol,today
raw_biopol|production|3D printing||machine lifetime,manufacturing,climate change: fossil,-0.00045761531186302166,4.984025624701696e-06,3.8037053532821e-06,6.38344035001757e-06,raw_biopol,today
raw_biopol|production|3D printing||machine lifetime,manufacturing,climate change: land use and land use change,-2.4174477403199666e-06,1.35318594148532e-06,1.1179442222253248e-06,1.6969654508315268e-06,raw_biopol,today
raw_biopol|production|3D printing||machine lifetime,manufacturing,ecotoxicity: freshwater,-0.0012940923147992758,3.047911366599308e-05,2.354353288790412e-05,3.883492609095526e-05,raw_biopol,today
raw_biopol|production|3D printing||machine lifetime,manufacturing,"ecotoxicity: freshwater, inorganics",-0.0013849088428754793,3.665376250868946e-05,2.803531521311622e-05,4.732855966500598e-05,raw_biopol,today
raw_biopol|production|3D printing||machine lifetime,manufacturing,"ecotoxicity: freshwater, organics",-0.00015720797380652674,6.035866583473382e-07,4.885608248891039e-07,7.473384591032946e-07,raw_biopol,today
raw_biopol|production|3D printing||machine lifetime,manufacturing,energy resources: non-renewable,-0.00040475156354795235,4.318954430370656e-06,3.371166417663926e-06,5.292374243094461e-06,raw_biopol,today
raw_biopol|production|3D printing||machine lifetime,manufacturing,eutrophication: freshwater,-0.00027073901281353375,1.8347155380109896e-06,1.4368181220585321e-06,2.374155641933231e-06,raw_biopol,today
raw_biopol|production|3D printing||machine lifetime,manufacturing,eutrophication: marine,-0.0002864603085216229,1.5203254934588739e-06,1.2156193900122444e-06,1.8693102703997428e-06,raw_biopol,today
raw_biopol|production|3D printing||machine lifetime,manufacturing,eutrophication: terrestrial,-0.0006482361607589402,9.251726683287651e-06,7.038091879707493e-06,1.1641194084384112e-05,raw_biopol,today
raw_biopol|production|3D printing||machine lifetime,manufacturing,human toxicity: carcinogenic,-0.0028398486723179264,0.00016513705228898492,0.00012981785369123303,0.00020412336251308572,raw_biopol,today
raw_biopol|production|3D printing||machine lifetime,manufacturing,"human toxicity: carcinogenic, inorganics",-0.0018735955057977035,7.194931739728605e-05,5.497541887791218e-05,9.081936538289346e-05,raw_biopol,today
raw_biopol|production|3D printing||machine lifetime,manufacturing,"human toxicity: carcinogenic, organics",-0.0028460755027044132,0.000281415504830794,0.0002288238714572548,0.0003475056823807356,raw_biopol,today
raw_biopol|production|3D printing||machine lifetime,manufacturing,human toxicity: non-carcinogenic,-0.0019519363279987122,7.308579936721562e-05,5.5935243607776386e-05,9.103015926900623e-05,raw_biopol,today
raw_biopol|production|3D printing||machine lifetime,manufacturing,"human toxicity: non-carcinogenic, inorganics",-0.0019233296790288762,7.111204290972968e-05,5.438525360127985e-05,8.861558572384069e-05,raw_biopol,today
raw_biopol|production|3D printing||machine lifetime,manufacturing,"human toxicity: non-carcinogenic, organics",-0.002309118965508028,0.00012044950808794734,9.736813141691756e-05,0.00014787512044270044,raw_biopol,today
raw_biopol|production|3D printing||machine lifetime,manufacturing,ionising radiation: human health,-2.2447082280101077e-06,3.1559305097570367e-08,2.5217039332443616e-08,3.8815293341753e-08,raw_biopol,today
raw_biopol|production|3D printing||machine lifetime,manufacturing,land use,-0.00011021907445335532,2.849409780223764e-07,2.3060694245804606e-07,3.534211185174604e-07,raw_biopol,today
raw_biopol|production|3D printing||machine lifetime,manufacturing,material resources: metals/minerals,-0.003189599306521851,0.00029378623584466653,0.0002368907564263838,0.0003671929832432383,raw_biopol,today
raw_biopol|production|3D printing||machine lifetime,manufacturing,ozone depletion,-0.00017034654049103874,1.666136984281521e-06,1.348461826706579e-06,2.1311980672988975e-06,raw_biopol,today
raw_biopol|production|3D printing||machine lifetime,manufacturing,particulate matter formation,-0.003188938074830812,0.00022339923802433597,0.00017955436929548274,0.0002732252905801706,raw_biopol,today
raw_biopol|production|3D printing||machine lifetime,manufacturing,photochemical oxidant formation: human health,-0.0007228525471924442,1.3864631201119514e-05,1.055189512364349e-05,1.7221037136204607e-05,raw_biopol,today
raw_biopol|production|3D printing||machine lifetime,manufacturing,water use,-0.0005312620612800819,6.952324475596237e-06,5.696259142317235e-06,8.497406531533994e-06,raw_biopol,today
raw_biopol|production|3D printing||process yield,manufacturing,acidification,0.015680468051366064,0.004641443458027957,0.0032741713724102417,0.006224380477687123,raw_biopol,today
raw_biopol|production|3D printing||process yield,manufacturing,climate change,0.01336148682433715,0.004365448107148734,0.0032099337987680377,0.0057482857260726895,raw_biopol,today
raw_biopol|production|3D printing||process yield,manufacturing,climate change: biogenic,0.005352424234342006,0.0002502090427691234,0.00019971318675677402,0.00029961119345914375,raw_biopol,today
raw_biopol|production|3D printing||process yield,manufacturing,climate change: fossil,0.018593657853959094,0.005934591835494493,0.004522880105712207,0.00761888441741554,raw_biopol,today
raw_biopol|production|3D printing||process yield,manufacturing,climate change: land use and land use change,0.02370562272253716,0.005310970723167226,0.00416271462599463,0.006710721894622979,raw_biopol,today
raw_biopol|production|3D printing||process yield,manufacturing,ecotoxicity: freshwater,0.044343953340269276,0.011803017264292627,0.009229253019130784,0.014898420150641719,raw_biopol,today
raw_biopol|production|3D printing||process yield,manufacturing,"ecotoxicity: freshwater, inorganics",0.03305938838078076,0.008799481106296863,0.006693812037209697,0.01112401985670701,raw_biopol,today
raw_biopol|production|3D printing||process yield,manufacturing,"ecotoxicity: freshwater, organics",0.11149398640262417,0.030301576180138828,0.02513565156945339,0.03594064592303216,raw_biopol,today
raw_biopol|production|3D printing||process yield,manufacturing,energy resources: non-renewable,0.041046716192261905,0.010763072089942961,0.008778864173323866,0.013060243877117761,raw_biopol,today
raw_biopol|production|3D printing||process yield,manufacturing,eutrophication: freshwater,0.008873804700285154,0.0034085774964805306,0.002449961525209286,0.0045312307547405875,raw_biopol,today
raw_biopol|production|3D printing||process yield,manufacturing,eutrophication: marine,0.08044296062438598,0.021344004586465848,0.01729899624660849,0.02601228007967627,raw_biopol,today
raw_biopol|production|3D printing||process yield,manufacturing,eutrophication: terrestrial,0.035009474759720695,0.00879611423316866,0.006728831423585155,0.011106363968627422,raw_biopol,today
raw_biopol|production|3D printing||process yield,manufacturing,human toxicity: carcinogenic,0.05857395759143633,0.01477851647422485,0.011735610437028952,0.018212363787069235,raw_biopol,today
raw_biopol|production|3D printing||process yield,manufacturing,"human toxicity: carcinogenic, inorganics",0.033182235757037305,0.008771758235822307,0.006615012941591052,0.011115285036935856,raw_biopol,today
raw_biopol|production|3D printing||process yield,manufacturing,"human toxicity: carcinogenic, organics",0.08256193006130141,0.02011806901673412,0.016721794754739172,0.023659277587318284,raw_biopol,today
raw_biopol|production|3D printing||process yield,manufacturing,human toxicity: non-carcinogenic,0.04722800719489561,0.012282004558019284,0.009570722603414851,0.015541823267851067,raw_biopol,today
raw_biopol|production|3D printing||process yield,manufacturing,"human toxicity: non-carcinogenic, inorganics",0.04615190283639355,0.012063841450665537,0.009372650205011789,0.0152986012630138,raw_biopol,today
raw_biopol|production|3D printing||process yield,manufacturing,"human toxicity: non-carcinogenic, organics",0.07161384341676667,0.016738173495855112,0.013708364168746419,0.020228682729086858,raw_biopol,today
raw_biopol|production|3D printing||process yield,manufacturing,ionising radiation: human health,0.004840124429876143,0.0036018933634923084,0.002605054523537301,0.004570927173320587,raw_biopol,today
raw_biopol|production|3D printing||process yield,manufacturing,land use,0.10729917959407193,0.02879721548910257,0.023775046038835648,0.03420415387184177,raw_biopol,today
raw_biopol|production|3D printing||process yield,manufacturing,material resources: metals/minerals,0.06251643525143719,0.013985316791717073,0.01173791198123313,0.016515987028163894,raw_biopol,today
raw_biopol|production|3D printing||process yield,manufacturing,ozone depletion,0.03905941765059795,0.010035892879556727,0.008402322204494323,0.011940993928361914,raw_biopol,today
raw_biopol|production|3D printing||process yield,manufacturing,particulate matter formation,0.06259365085829466,0.014538440167769267,0.011719123166084257,0.017698171738574835,raw_biopol,today
raw_biopol|production|3D printing||process yield,manufacturing,photochemical oxidant formation: human health,0.030454885732210044,0.008280844582195444,0.006335986248373779,0.010382545848873125,raw_biopol,today
raw_biopol|production|3D printing||process yield,manufacturing,water use,0.08616618669128957,0.021062160747109225,0.017323317952007998,0.025501998471340562,raw_biopol,today
raw_biopol|production|3D printing||machine source,manufacturing,acidification,-0.0028255728177437192,0.000379051716081429,0.0003008057286021276,0.000454772974850339,raw_biopol,today
raw_biopol|production|3D printing||machine source,manufacturing,climate change,-0.002503157784840872,0.00038807602353607614,0.00031575114276341623,0.00045469972707102793,raw_biopol,today
raw_biopol|production|3D printing||machine source,manufacturing,climate change: biogenic,-0.00028361967075675763,3.896403570762017e-06,3.4216741632281993e-06,4.605014788137975e-06,raw_biopol,today
raw_biopol|production|3D printing||machine source,manufacturing,climate change: fossil,-0.002494741084238648,0.0003631226382260034,0.00029764783024980907,0.00042461162828013476,raw_biopol,today
raw_biopol|production|3D printing||machine source,manufacturing,climate change: land use and land use change,-3.50959378922547e-05,9.907853327377516e-05,8.586139428564424e-05,0.00011547153601164839,raw_biopol,today
raw_biopol|production|3D printing||machine source,manufacturing,ecotoxicity: freshwater,-0.004932823718605635,0.0022311392272808712,0.0018577169138118514,0.0026201886531684706,raw_biopol,today
raw_biopol|production|3D printing||machine source,manufacturing,"ecotoxicity: freshwater, inorganics",-0.004751064717870641,0.002683230604937207,0.0022229624870412153,0.0031586388087776144,raw_biopol,today
raw_biopol|production|3D printing||machine source,manufacturing,"ecotoxicity: freshwater, organics",-0.0010042647546116517,4.411223067475576e-05,3.872459018189534e-05,5.0991524065370276e-05,raw_biopol,today
raw_biopol|production|3D printing||machine source,manufacturing,energy resources: non-renewable,-0.0024013573581198786,0.00031405737869795485,0.0002653471760046978,0.00036156685571497296,raw_biopol,today
raw_biopol|production|3D printing||machine source,manufacturing,eutrophication: freshwater,-0.0006543948024945235,0.0001343990261963663,0.000111274644462098,0.0001569463149457427,raw_biopol,today
raw_biopol|production|3D printing||machine source,manufacturing,eutrophication: marine,-0.0017245851918029232,0.0001103083029146694,9.486123200220144e-05,0.00012801691298060968,raw_biopol,today
raw_biopol|production|3D printing||machine source,manufacturing,eutrophication: terrestrial,-0.004170624984324271,0.0006711885727950009,0.0005489486290654025,0.0007859297151840051,raw_biopol,today
raw_biopol|production|3D printing||machine source,manufacturing,human toxicity: carcinogenic,-0.008114279615170663,0.012090482076138415,0.010225062493370421,0.014036550304822896,raw_biopol,today
raw_biopol|production|3D printing||machine source,manufacturing,"human toxicity: carcinogenic, inorganics",-0.006205268308795514,0.005270044839446996,0.004287350352893556,0.006227229834871248,raw_biopol,today
raw_biopol|production|3D printing||machine source,manufacturing,"human toxicity: carcinogenic, organics",-0.0054646553952459615,0.020596622080208602,0.01839783426052418,0.023924536142126286,raw_biopol,today
raw_biopol|production|3D printing||machine source,manufacturing,human toxicity: non-carcinogenic,-0.007456268093304398,0.0053513642192894164,0.004428373255682384,0.006325682661489689,raw_biopol,today
raw_biopol|production|3D printing||machine source,manufacturing,"human toxicity: non-carcinogenic, inorganics",-0.007363759468874602,0.0052075169457453715,0.004299521916625444,0.006161091070034935,raw_biopol,today
raw_biopol|production|3D printing||machine source,manufacturing,"human toxicity: non-carcinogenic, organics",-0.008192272322427254,0.008794035065123043,0.007598536192425741,0.010219313180414864,raw_biopol,today
raw_biopol|production|3D printing||machine source,manufacturing,ionising radiation: human health,-1.1957696614125109e-05,2.307380795761464e-06,1.9204741596111847e-06,2.6664965199561973e-06,raw_biopol,today
raw_biopol|production|3D printing||machine source,manufacturing,land use,-0.0007145028773634926,2.0572474156384748e-05,1.81926299420673e-05,2.3804307530648846e-05,raw_biopol,today
raw_biopol|production|3D printing||machine source,manufacturing,material resources: metals/minerals,-0.0014695468845476057,0.0215250121681976,0.019263648641196732,0.024751614465553948,raw_biopol,today
raw_biopol|production|3D printing||machine source,manufacturing,ozone depletion,-0.001582792801974862,0.00011984169094456462,0.00010573977909785125,0.00013720502654727035,raw_biopol,today
raw_biopol|production|3D printing||machine source,manufacturing,particulate matter formation,-0.008517116101087588,0.016274361154348105,0.014072278169725118,0.018852222137264677,raw_biopol,today
raw_biopol|production|3D printing||machine source,manufacturing,photochemical oxidant formation: human health,-0.005072900105377721,0.001005264985855139,0.0008225887910204517,0.0011782693584681198,raw_biopol,today
raw_biopol|production|3D printing||machine source,manufacturing,water use,-0.0035297045133098966,0.0005091385928775735,0.0004354187167339188,0.0005909964431457881,raw_biopol,today
raw_biopol|production|Baking||machine weight,manufacturing,acidification,-8.18358849947638e-05,1.120922701407962e-06,8.179348861449664e-07,1.4952453774555215e-06,raw_biopol,today
raw_biopol|production|Baking||machine weight,manufacturing,climate change,-8.491617541762874e-05,1.149998665236185e-06,8.682628364957739e-07,1.498577180906045e-06,raw_biopol,today
raw_biopol|production|Baking||machine weight,manufacturing,climate change: biogenic,-3.824898113095938e-06,1.1494184033871528e-08,8.97444980351668e-09,1.4175608757417644e-08,raw_biopol,today
raw_biopol|production|Baking||machine weight,manufacturing,climate change: fossil,-7.97476988736804e-05,1.076067828381775e-06,8.148171208792156e-07,1.394693873330661e-06,raw_biopol,today
raw_biopol|production|Baking||machine weight,manufacturing,climate change: land use and land use change,3.0210922166416684e-05,2.9215700966565534e-07,2.325481981637123e-07,3.8167492321913724e-07,raw_biopol,today
raw_biopol|production|Baking||machine weight,manufacturing,ecotoxicity: freshwater,-0.00021516678288576794,6.5805345744546875e-06,5.034030537947163e-06,8.48100819082236e-06,raw_biopol,today
raw_biopol|production|Baking||machine weight,manufacturing,"ecotoxicity: freshwater, inorganics",-0.00023822077921190887,7.913660264397886e-06,6.0283305210291875e-06,1.02535874415308e-05,raw_biopol,today
raw_biopol|production|Baking||machine weight,manufacturing,"ecotoxicity: freshwater, organics",-2.010293686298344e-05,1.3031625163234532e-07,1.0425141103890312e-07,1.6100433726413826e-07,raw_biopol,today
raw_biopol|production|Baking||machine weight,manufacturing,energy resources: non-renewable,-5.49391288873942e-05,9.324776386346735e-07,7.20591710847158e-07,1.1906202227731293e-06,raw_biopol,today
raw_biopol|production|Baking||machine weight,manufacturing,eutrophication: freshwater,-4.411080827058284e-05,3.961207207183592e-07,2.99043470234005e-07,5.181624156945646e-07,raw_biopol,today
raw_biopol|production|Baking||machine weight,manufacturing,eutrophication: marine,-4.308797679126047e-05,3.282441582026461e-07,2.5315194526075494e-07,4.136892501389975e-07,raw_biopol,today
raw_biopol|production|Baking||machine weight,manufacturing,eutrophication: terrestrial,-0.00011649234507083249,1.997483766235623e-06,1.4946194076725546e-06,2.6047566189234374e-06,raw_biopol,today
raw_biopol|production|Baking||machine weight,manufacturing,human toxicity: carcinogenic,-0.000521812538245593,3.565359800190635e-05,2.7147816262170095e-05,4.540957338203969e-05,raw_biopol,today
raw_biopol|production|Baking||machine weight,manufacturing,"human toxicity: carcinogenic, inorganics",-0.00034860329290877504,1.5534078710268396e-05,1.1533089807265399e-05,2.0453817682020728e-05,raw_biopol,today
raw_biopol|production|Baking||machine weight,manufacturing,"human toxicity: carcinogenic, organics",-0.0005092216955539168,6.075847584049973e-05,4.849733546881407e-05,7.4811473996396e-05,raw_biopol,today
raw_biopol|production|Baking||machine weight,manufacturing,human toxicity: non-carcinogenic,-0.0003608145637314551,1.5779449004716463e-05,1.1756342233032243e-05,2.0616389870105428e-05,raw_biopol,today
raw_biopol|production|Baking||machine weight,manufacturing,"human toxicity: non-carcinogenic, inorganics",-0.00035733599712042526,1.5353308774237543e-05,1.1424404972692861e-05,2.0096873671191838e-05,raw_biopol,today
raw_biopol|production|Baking||machine weight,manufacturing,"human toxicity: non-carcinogenic, organics",-0.00035860639864837687,2.6005432799372285e-05,2.0473656996236323e-05,3.2408755370487526e-05,raw_biopol,today
raw_biopol|production|Baking||machine weight,manufacturing,ionising radiation: human health,1.4867104814864679e-06,6.813752372957941e-09,5.458330923540823e-09,8.763028178741246e-09,raw_biopol,today
raw_biopol|production|Baking||machine weight,manufacturing,land use,-1.4536109416332766e-05,6.152013354373053e-08,4.909957341082994e-08,7.563907468911383e-08,raw_biopol,today
raw_biopol|production|Baking||machine weight,manufacturing,material resources: metals/minerals,-0.0005445978916859874,6.342935038112145e-05,5.008586746831707e-05,7.943058574892139e-05,raw_biopol,today
raw_biopol|production|Baking||machine weight,manufacturing,ozone depletion,-2.2416137738844642e-05,3.597286562165784e-07,2.82344018934204e-07,4.416694662174973e-07,raw_biopol,today
raw_biopol|production|Baking||machine weight,manufacturing,particulate matter formation,-0.0006049257712014485,4.823264632171085e-05,3.7132177497815284e-05,5.984229089646906e-05,raw_biopol,today
raw_biopol|production|Baking||machine weight,manufacturing,photochemical oxidant formation: human health,-0.00012572594673055423,2.9934290911330517e-06,2.2396847146355607e-06,3.89042908502696e-06,raw_biopol,today
raw_biopol|production|Baking||machine weight,manufacturing,water use,-5.725610216756837e-05,1.5010282326232335e-06,1.1639078142165147e-06,1.8744376580839029e-06,raw_biopol,today
raw_biopol|production|Baking||power,manufacturing,acidification,-0.002132646819386579,0.0031544015018443046,0.0020909853591248194,0.004214475011020839,raw_biopol,today
raw_biopol|production|Baking||power,manufacturing,climate change,0.002617401084560076,0.004298964499150694,0.003214429502538958,0.005411445227007364,raw_biopol,today
raw_biopol|production|Baking||power,manufacturing,climate change: biogenic,0.0024315170733724325,0.00023311997597933153,0.00015937328209111884,0.0003087147867650999,raw_biopol,today
raw_biopol|production|Baking||power,manufacturing,climate change: fossil,0.002839996486858781,0.004027798686482563,0.0030059533579560862,0.0051080288554401386,raw_biopol,today
raw_biopol|production|Baking||power,manufacturing,climate change: land use and land use change,-0.003059446859359456,0.0029786831668548613,0.002155555331341056,0.004025871416659867,raw_biopol,today
raw_biopol|production|Baking||power,manufacturing,ecotoxicity: freshwater,0.0008694513089721296,0.002722997748175156,0.0019737553969438513,0.0034850998386615293,raw_biopol,today
raw_biopol|production|Baking||power,manufacturing,"ecotoxicity: freshwater, inorganics",0.0005287916516348501,0.0033623361966072713,0.0024547198203978718,0.004327858539737976,raw_biopol,today
raw_biopol|production|Baking||power,manufacturing,"ecotoxicity: freshwater, organics",0.0005252553166571622,1.496445836066328e-05,1.2478376476911122e-05,1.7991824218579087e-05,raw_biopol,today
raw_biopol|production|Baking||power,manufacturing,energy resources: non-renewable,-0.0036084272534824707,0.008420518898555085,0.006842483047795226,0.01001062173175134,raw_biopol,today
raw_biopol|production|Baking||power,manufacturing,eutrophication: freshwater,-0.0011552958341490155,0.0031344963845610857,0.002259921379900214,0.004025869118493953,raw_biopol,today
raw_biopol|production|Baking||power,manufacturing,eutrophication: marine,0.0011157374311981248,0.0008282188087798778,0.0006037355007139265,0.0010876983872438685,raw_biopol,today
raw_biopol|production|Baking||power,manufacturing,eutrophication: terrestrial,0.0018551854331515915,0.0032894181626737353,0.002376692574602632,0.004194003565144851,raw_biopol,today
raw_biopol|production|Baking||power,manufacturing,human toxicity: carcinogenic,0.0010010356577996342,0.00410985884226581,0.003237487673874092,0.004961370504461964,raw_biopol,today
raw_biopol|production|Baking||power,manufacturing,"human toxicity: carcinogenic, inorganics",-0.00131285920389788,0.00414571351356307,0.0030198300253745656,0.005193619153523231,raw_biopol,today
raw_biopol|production|Baking||power,manufacturing,"human toxicity: carcinogenic, organics",0.0028168806502727566,0.0030066185082429733,0.002495811596259095,0.00348722817782716,raw_biopol,today
raw_biopol|production|Baking||power,manufacturing,human toxicity: non-carcinogenic,-0.0007091810280150116,0.0038135664246619913,0.0028819622724130622,0.004730071347664926,raw_biopol,today
raw_biopol|production|Baking||power,manufacturing,"human toxicity: non-carcinogenic, inorganics",-0.0007909407701667341,0.0037650473865503296,0.0028246078300511765,0.004681393650462864,raw_biopol,today
raw_biopol|production|Baking||power,manufacturing,"human toxicity: non-carcinogenic, organics",0.0008064682811740331,0.004990831415723288,0.004117056218100898,0.005832515094366666,raw_biopol,today
raw_biopol|production|Baking||power,manufacturing,ionising radiation: human health,-0.0051286123388788315,0.004473906002499377,0.0032717929934530285,0.00580798462071267,raw_biopol,today
raw_biopol|production|Baking||power,manufacturing,land use,0.0009507294317420356,0.0001919975686406308,0.00015800514012433877,0.00022210659864672683,raw_biopol,today
raw_biopol|production|Baking||power,manufacturing,material resources: metals/minerals,0.001953827326074511,0.00891471130241985,0.007315434076532345,0.010415329908869262,raw_biopol,today
raw_biopol|production|Baking||power,manufacturing,ozone depletion,0.010630827720183434,0.004646005370216916,0.0038959507096955216,0.005586642468018195,raw_biopol,today
raw_biopol|production|Baking||power,manufacturing,particulate matter formation,0.0005055656564155215,0.0044688117256927095,0.003488767333385165,0.005201833440487045,raw_biopol,today
raw_biopol|production|Baking||power,manufacturing,photochemical oxidant formation: human health,0.002678876911621059,0.003923500647843536,0.0028830539543309086,0.004978190943720764,raw_biopol,today
raw_biopol|production|Baking||power,manufacturing,water use,-0.0067799413858784284,0.0022882031702631737,0.0018663522635023638,0.002739276456876507,raw_biopol,today
raw_biopol|production|Baking||output rate,manufacturing,acidification,0.009138492255392146,0.004053619064483247,0.0027535115467340644,0.005746583684790338,raw_biopol,today
raw_biopol|production|Baking||output rate,manufacturing,climate change,0.014878750440318965,0.005452111071911095,0.003976435496291811,0.007070649011523482,raw_biopol,today
raw_biopol|production|Baking||output rate,manufacturing,climate change: biogenic,0.0041644669419792415,0.00026266602491085414,0.00019475987366107545,0.0003284368467188112,raw_biopol,today
raw_biopol|production|Baking||output rate,manufacturing,climate change: fossil,0.015506145974360739,0.005108736419803447,0.0037126165279844445,0.006616118471086739,raw_biopol,today
raw_biopol|production|Baking||output rate,manufacturing,climate change: land use and land use change,0.019125975432552463,0.0025958037274979692,0.001978540912613925,0.003372373794189621,raw_biopol,today
raw_biopol|production|Baking||output rate,manufacturing,ecotoxicity: freshwater,0.017760972627865305,0.0035309243706884174,0.0025750593063465967,0.004502740843945423,raw_biopol,today
raw_biopol|production|Baking||output rate,manufacturing,"ecotoxicity: freshwater, inorganics",0.018227386385033184,0.004356111121424461,0.0031887004305024154,0.005569066887770274,raw_biopol,today
raw_biopol|production|Baking||output rate,manufacturing,"ecotoxicity: freshwater, organics",0.002477552592257782,2.1009644901898073e-05,1.7002812992422374e-05,2.4530480618615e-05,raw_biopol,today
raw_biopol|production|Baking||output rate,manufacturing,energy resources: non-renewable,0.03855429192144858,0.009387086387770202,0.007553746274754417,0.0115974103234635,raw_biopol,today
raw_biopol|production|Baking||output rate,manufacturing,eutrophication: freshwater,0.007143945969830052,0.0039005893813021746,0.0027252274780018688,0.005001992481719838,raw_biopol,today
raw_biopol|production|Baking||output rate,manufacturing,eutrophication: marine,0.010290585165807492,0.0010575044774040227,0.0007732782897935108,0.001360226170656454,raw_biopol,today
raw_biopol|production|Baking||output rate,manufacturing,eutrophication: terrestrial,0.019164654108349884,0.00424770193987742,0.0030552677584412278,0.0056184649806534925,raw_biopol,today
raw_biopol|production|Baking||output rate,manufacturing,human toxicity: carcinogenic,0.032910969986896736,0.005591852514566685,0.0043760218043504264,0.006908441398402061,raw_biopol,today
raw_biopol|production|Baking||output rate,manufacturing,"human toxicity: carcinogenic, inorganics",0.022146341294136316,0.005419975331573346,0.003947968990071058,0.0070371789429129455,raw_biopol,today
raw_biopol|production|Baking||output rate,manufacturing,"human toxicity: carcinogenic, organics",0.03792678277794447,0.004406464614748935,0.0036132311965473484,0.005100298901637443,raw_biopol,today
raw_biopol|production|Baking||output rate,manufacturing,human toxicity: non-carcinogenic,0.02604912796734098,0.005000943621491342,0.0037506761873419923,0.006398919713013902,raw_biopol,today
raw_biopol|production|Baking||output rate,manufacturing,"human toxicity: non-carcinogenic, inorganics",0.02529017199685502,0.00493839074203681,0.0036881131737842364,0.006339773551792186,raw_biopol,today
raw_biopol|production|Baking||output rate,manufacturing,"human toxicity: non-carcinogenic, organics",0.045653907610786124,0.006461510406810639,0.005246049308539839,0.007567567247005242,raw_biopol,today
raw_biopol|production|Baking||output rate,manufacturing,ionising radiation: human health,0.011647540798216201,0.0040111895468414585,0.0028442920246922235,0.005902005477042305,raw_biopol,today
raw_biopol|production|Baking||output rate,manufacturing,land use,0.00900538182914219,0.00023994927462731646,0.00020210877048509722,0.00027313390953461044,raw_biopol,today
raw_biopol|production|Baking||output rate,manufacturing,material resources: metals/minerals,0.06524322839896916,0.01160258604803144,0.009688566239520788,0.013599049791520932,raw_biopol,today
raw_biopol|production|Baking||output rate,manufacturing,ozone depletion,0.030758256282135403,0.005736049293703312,0.004655250500165629,0.006748518331581847,raw_biopol,today
raw_biopol|production|Baking||output rate,manufacturing,particulate matter formation,0.038627119409822434,0.006097784438382404,0.0048171411115448225,0.007299005789650199,raw_biopol,today
raw_biopol|production|Baking||output rate,manufacturing,photochemical oxidant formation: human health,0.01957490708766731,0.0050747441867218385,0.003708686983077155,0.006639764366237215,raw_biopol,today
raw_biopol|production|Baking||output rate,manufacturing,water use,0.027696686624416145,0.002556639260606717,0.002047305667701319,0.003021388546531931,raw_biopol,today
raw_biopol|production|Baking||machine lifetime,manufacturing,acidification,-0.0002053297069106874,1.170226661345672e-06,8.828399325773156e-07,1.5194045860853006e-06,raw_biopol,today
raw_biopol|production|Baking||machine lifetime,manufacturing,climate change,-0.00024820557117931645,1.2005811526461593e-06,9.025320937723526e-07,1.5576278769909504e-06,raw_biopol,today
raw_biopol|production|Baking||machine lifetime,manufacturing,climate change: biogenic,-5.744550750781995e-05,1.1999759959571608e-08,9.44973124664624e-09,1.480633653282572e-08,raw_biopol,today
raw_biopol|production|Baking||machine lifetime,manufacturing,climate change: fossil,-0.0002710487226601367,1.1233984782533377e-06,8.464330791891555e-07,1.4570005070475247e-06,raw_biopol,today
raw_biopol|production|Baking||machine lifetime,manufacturing,climate change: land use and land use change,-0.00011212683161922382,3.0500764837102245e-07,2.4828103048561116e-07,3.820762176920469e-07,raw_biopol,today
raw_biopol|production|Baking||machine lifetime,manufacturing,ecotoxicity: freshwater,-0.00096306806118623,6.8699818690980174e-06,5.169558300004795e-06,8.92619367766127e-06,raw_biopol,today
raw_biopol|production|Baking||machine lifetime,manufacturing,"ecotoxicity: freshwater, inorganics",-0.0009509197706239326,8.261745606391304e-06,6.2077078366022785e-06,1.0783729106824953e-05,raw_biopol,today
raw_biopol|production|Baking||machine lifetime,manufacturing,"ecotoxicity: freshwater, organics",-0.00017826702873252682,1.360482467891575e-07,1.0674203398226142e-07,1.708998773550692e-07,raw_biopol,today
raw_biopol|production|Baking||machine lifetime,manufacturing,energy resources: non-renewable,-0.00037807926854578107,9.734920919524761e-07,7.468095759258097e-07,1.2410270434320694e-06,raw_biopol,today
raw_biopol|production|Baking||machine lifetime,manufacturing,eutrophication: freshwater,-0.00012096929638673575,4.1354424823149764e-07,3.144908014824109e-07,5.409287261499971e-07,raw_biopol,today
raw_biopol|production|Baking||machine lifetime,manufacturing,eutrophication: marine,-0.00026211443974248757,3.4268156343474014e-07,2.643045856416652e-07,4.3896237768698126e-07,raw_biopol,today
raw_biopol|production|Baking||machine lifetime,manufacturing,eutrophication: terrestrial,-0.00047898049568920377,2.085340494542666e-06,1.5659376351786663e-06,2.673627676631641e-06,raw_biopol,today
raw_biopol|production|Baking||machine lifetime,manufacturing,human toxicity: carcinogenic,-0.0024599875887175533,3.7221835189954476e-05,2.816327977887797e-05,4.780440195518943e-05,raw_biopol,today
raw_biopol|production|Baking||machine lifetime,manufacturing,"human toxicity: carcinogenic, inorganics",-0.001240438299690403,1.6217351314866593e-05,1.2063804750411191e-05,2.09879374450324e-05,raw_biopol,today
raw_biopol|production|Baking||machine lifetime,manufacturing,"human toxicity: carcinogenic, organics",-0.003663543292770881,6.34309598402083e-05,5.0827077911346286e-05,8.052884486230811e-05,raw_biopol,today
raw_biopol|production|Baking||machine lifetime,manufacturing,human toxicity: non-carcinogenic,-0.0014521077588324114,1.647351416410281e-05,1.2265767066079382e-05,2.10457281198073e-05,raw_biopol,today
raw_biopol|production|Baking||machine lifetime,manufacturing,"human toxicity: non-carcinogenic, inorganics",-0.001412237826164478,1.6028630052494318e-05,1.1926717484539443e-05,2.0465392147014908e-05,raw_biopol,today
raw_biopol|production|Baking||machine lifetime,manufacturing,"human toxicity: non-carcinogenic, organics",-0.002417400703548554,2.714928582900779e-05,2.115067765938893e-05,3.475180658249462e-05,raw_biopol,today
raw_biopol|production|Baking||machine lifetime,manufacturing,ionising radiation: human health,-1.502220380965193e-05,7.113457329172231e-09,5.574000623263267e-09,8.923740208557118e-09,raw_biopol,today
raw_biopol|production|Baking||machine lifetime,manufacturing,land use,-0.0001230338778563313,6.422589626003876e-08,5.06494975886279e-08,8.105049329372682e-08,raw_biopol,today
raw_biopol|production|Baking||machine lifetime,manufacturing,material resources: metals/minerals,-0.0038112311661540016,6.621931578376801e-05,5.240846428495216e-05,8.26410922004195e-05,raw_biopol,today
raw_biopol|production|Baking||machine lifetime,manufacturing,ozone depletion,-0.00021720334385374597,3.7554941681058083e-07,3.008362184569221e-07,4.820207148931275e-07,raw_biopol,today
raw_biopol|production|Baking||machine lifetime,manufacturing,particulate matter formation,-0.0031147689675092025,5.0354149487638765e-05,3.882431919168538e-05,6.364604045991861e-05,raw_biopol,today
raw_biopol|production|Baking||machine lifetime,manufacturing,photochemical oxidant formation: human health,-0.0005193861488120055,3.1250905962998663e-06,2.3582220713338642e-06,4.032203735411312e-06,raw_biopol,today
raw_biopol|production|Baking||machine lifetime,manufacturing,water use,-0.0005460702691938653,1.5670515470317958e-06,1.232011189005098e-06,1.966085193995762e-06,raw_biopol,today
raw_biopol|production|Baking||process yield,manufacturing,acidification,0.011520305209135124,0.019051174786953774,0.0143195579287759,0.024328049659374046,raw_biopol,today
raw_biopol|production|Baking||process yield,manufacturing,climate change,0.005359288317231128,0.022127330213144402,0.017466070654671012,0.027298186401965283,raw_biopol,today
raw_biopol|production|Baking||process yield,manufacturing,climate change: biogenic,-0.01418190776663335,0.0014168113555917102,0.0011109947679641206,0.0016690367168806642,raw_biopol,today
raw_biopol|production|Baking||process yield,manufacturing,climate change: fossil,0.008187568447648109,0.027306056400924705,0.02183669446152676,0.03377070761163154,raw_biopol,today
raw_biopol|production|Baking||process yield,manufacturing,climate change: land use and land use change,0.0053747519664787136,0.021139077511613518,0.017527504895861027,0.026060072625683352,raw_biopol,today
raw_biopol|production|Baking||process yield,manufacturing,ecotoxicity: freshwater,0.01160608315506462,0.04293824606812303,0.035174455216310054,0.05249370150325795,raw_biopol,today
raw_biopol|production|Baking||process yield,manufacturing,"ecotoxicity: freshwater, inorganics",0.0083130731323922,0.03589907049668234,0.0289036871640289,0.04438597005894796,raw_biopol,today
raw_biopol|production|Baking||process yield,manufacturing,"ecotoxicity: freshwater, organics",0.029913850462016826,0.06975552007504209,0.05963130320818724,0.08092181328863611,raw_biopol,today
raw_biopol|production|Baking||process yield,manufacturing,energy resources: non-renewable,0.04838898850074474,0.05636055578265377,0.04744684592852629,0.06896415619673456,raw_biopol,today
raw_biopol|production|Baking||process yield,manufacturing,eutrophication: freshwater,-6.74346916045351e-05,0.01562968061377158,0.012301113540575254,0.01982471341583054,raw_biopol,today
raw_biopol|production|Baking||process yield,manufacturing,eutrophication: marine,0.024965800480465025,0.058279508297730986,0.04905737953958011,0.07141352601824631,raw_biopol,today
raw_biopol|production|Baking||process yield,manufacturing,eutrophication: terrestrial,0.014924974199405508,0.034819460821337654,0.027930551221521244,0.042876761219897655,raw_biopol,today
raw_biopol|production|Baking||process yield,manufacturing,human toxicity: carcinogenic,0.0229387363583787,0.05947470726834535,0.04913644618852794,0.07267729527344231,raw_biopol,today
raw_biopol|production|Baking||process yield,manufacturing,"human toxicity: carcinogenic, inorganics",0.015417783148161663,0.03816423635954409,0.030507667575760566,0.0474563683114428,raw_biopol,today
raw_biopol|production|Baking||process yield,manufacturing,"human toxicity: carcinogenic, organics",0.024573516360153064,0.07292628153841851,0.062183202594844306,0.08651364289323216,raw_biopol,today
raw_biopol|production|Baking||process yield,manufacturing,human toxicity: non-carcinogenic,0.020603505209195763,0.048833119177984975,0.03963778898405765,0.06091340854526193,raw_biopol,today
raw_biopol|production|Baking||process yield,manufacturing,"human toxicity: non-carcinogenic, inorganics",0.02031754522845511,0.04785150696214491,0.03871968891800095,0.059730592881531555,raw_biopol,today
raw_biopol|production|Baking||process yield,manufacturing,"human toxicity: non-carcinogenic, organics",0.023557380064808908,0.06998027075858033,0.05970231120574266,0.08264146362741023,raw_biopol,today
raw_biopol|production|Baking||process yield,manufacturing,ionising radiation: human health,0.026300527833840927,0.017686821462705928,0.013789553113034259,0.0228982607752294,raw_biopol,today
raw_biopol|production|Baking||process yield,manufacturing,land use,0.028408232763448067,0.07131754143051387,0.06110966632108181,0.08255432673572242,raw_biopol,today
raw_biopol|production|Baking||process yield,manufacturing,material resources: metals/minerals,0.014879523996808476,0.07517596577762019,0.06404573261253134,0.08785345265336864,raw_biopol,today
raw_biopol|production|Baking||process yield,manufacturing,ozone depletion,0.007404433033389157,0.0434525733800421,0.03671148366788189,0.05049511989298416,raw_biopol,today
raw_biopol|production|Baking||process yield,manufacturing,particulate matter formation,0.02497383764477759,0.06075680433653787,0.05093326678438149,0.07329906695258033,raw_biopol,today
raw_biopol|production|Baking||process yield,manufacturing,photochemical oxidant formation: human health,0.018112395529248922,0.03503860918071529,0.02792338886346373,0.04297268778723846,raw_biopol,today
raw_biopol|production|Baking||process yield,manufacturing,water use,0.04019629400426616,0.06723563206632038,0.0568720729811663,0.0797805529478272,raw_biopol,today
raw_biopol|production|Baking||machine source,manufacturing,acidification,0.001965607160401273,7.310533831496446e-05,5.8832167824851315e-05,8.6623977939815e-05,raw_biopol,today
raw_biopol|production|Baking||machine source,manufacturing,climate change,0.0018584369639952547,7.484580016104252e-05,6.100012240970652e-05,8.954797412143169e-05,raw_biopol,today
raw_biopol|production|Baking||machine source,manufacturing,climate change: biogenic,0.00018817923498231335,7.51475034058427e-07,6.429838269073295e-07,8.848796118631778e-07,raw_biopol,today
raw_biopol|production|Baking||machine source,manufacturing,climate change: fossil,0.0018939152902639669,7.003319650353924e-05,5.7117146265555835e-05,8.38238663580785e-05,raw_biopol,today
raw_biopol|production|Baking||machine source,manufacturing,climate change: land use and land use change,0.000331966773556323,1.9108658231674672e-05,1.6670323052274308e-05,2.224318881322347e-05,raw_biopol,today
raw_biopol|production|Baking||machine source,manufacturing,ecotoxicity: freshwater,0.005891760102393608,0.00043030589525973047,0.0003481518939216715,0.0005186198716246699,raw_biopol,today
raw_biopol|production|Baking||machine source,manufacturing,"ecotoxicity: freshwater, inorganics",0.0061887367566428675,0.0005174979371650229,0.00041920228532752135,0.000624471810130247,raw_biopol,today
raw_biopol|production|Baking||machine source,manufacturing,"ecotoxicity: freshwater, organics",0.0008049015361487448,8.507650567166929e-06,7.285567844207481e-06,9.809666652797539e-06,raw_biopol,today
raw_biopol|production|Baking||machine source,manufacturing,energy resources: non-renewable,0.002104217284267182,6.0570286179874826e-05,5.1052270474297654e-05,6.97361150824608e-05,raw_biopol,today
raw_biopol|production|Baking||machine source,manufacturing,eutrophication: freshwater,0.0009140019273914648,2.59207012195043e-05,2.0872998968623195e-05,3.067109968002049e-05,raw_biopol,today
raw_biopol|production|Baking||machine source,manufacturing,eutrophication: marine,0.0013600248308218584,2.1274473802393038e-05,1.7737301412871268e-05,2.4747771165201584e-05,raw_biopol,today
raw_biopol|production|Baking||machine source,manufacturing,eutrophication: terrestrial,0.003069522331096336,0.0001294479502548298,0.00010612837400676025,0.00015264687053688107,raw_biopol,today
raw_biopol|production|Baking||machine source,manufacturing,human toxicity: carcinogenic,0.01562616151249565,0.0023318158052534304,0.0019297156245567458,0.002714357804513548,raw_biopol,today
raw_biopol|production|Baking||machine source,manufacturing,"human toxicity: carcinogenic, inorganics",0.009200239138617021,0.001016400650828449,0.000829187076163464,0.001230832850823388,raw_biopol,today
raw_biopol|production|Baking||machine source,manufacturing,"human toxicity: carcinogenic, organics",0.019136430833404695,0.0039723419297108525,0.0033981428238802646,0.004656366646385782,raw_biopol,today
raw_biopol|production|Baking||machine source,manufacturing,human toxicity: non-carcinogenic,0.009926689372118807,0.0010320842119963052,0.0008412653461121662,0.0012323647077590774,raw_biopol,today
raw_biopol|production|Baking||machine source,manufacturing,"human toxicity: non-carcinogenic, inorganics",0.009748433496936621,0.001004341286289924,0.0008191244603366161,0.001201407201846036,raw_biopol,today
raw_biopol|production|Baking||machine source,manufacturing,"human toxicity: non-carcinogenic, organics",0.012979749271320213,0.001696050647746898,0.0014377822837601624,0.001947258554256947,raw_biopol,today
raw_biopol|production|Baking||machine source,manufacturing,ionising radiation: human health,5.870940462134308e-05,4.4501013064759833e-07,3.844719551388348e-07,5.113150784189412e-07,raw_biopol,today
raw_biopol|production|Baking||machine source,manufacturing,land use,0.0005498120611705376,3.967684670382306e-06,3.3808099182474e-06,4.592510216321128e-06,raw_biopol,today
raw_biopol|production|Baking||machine source,manufacturing,material resources: metals/minerals,0.01970346156989729,0.004151394730664583,0.0035244076983858143,0.004904357273981808,raw_biopol,today
raw_biopol|production|Baking||machine source,manufacturing,ozone depletion,0.0008182091327233243,2.311311884117066e-05,1.9953866243086908e-05,2.71965064866933e-05,raw_biopol,today
raw_biopol|production|Baking||machine source,manufacturing,particulate matter formation,0.018732589875034778,0.0031387344459164715,0.0026371974409973046,0.0036094845325665642,raw_biopol,today
raw_biopol|production|Baking||machine source,manufacturing,photochemical oxidant formation: human health,0.003560057598433213,0.00019387918262673217,0.00016003079604741855,0.00022706513242617542,raw_biopol,today
raw_biopol|production|Baking||machine source,manufacturing,water use,0.002968320546898669,9.819438219750466e-05,8.320208595196495e-05,0.00011232591470739,raw_biopol,today
raw_biopol|repair|Mixing||machine weight,manufacturing,acidification,9.937152702689059e-07,7.666781867077032e-11,5.806090897531516e-11,9.648542976657342e-11,raw_biopol,today
raw_biopol|repair|Mixing||machine weight,manufacturing,climate change,1.3094027867421909e-06,7.86564427298281e-11,6.103411201886737e-11,9.887954913603957e-11,raw_biopol,today
raw_biopol|repair|Mixing||machine weight,manufacturing,climate change: biogenic,3.012227151965093e-07,7.861689611947788e-13,6.164292487519195e-13,9.559291148727583e-13,raw_biopol,today
raw_biopol|repair|Mixing||machine weight,manufacturing,climate change: fossil,1.3887403638173046e-06,7.359979568038055e-11,5.743906825040813e-11,9.289660449738593e-11,raw_biopol,today
raw_biopol|repair|Mixing||machine weight,manufacturing,climate change: land use and land use change,8.207439180304776e-07,1.9982696001122423e-11,1.6124153997626556e-11,2.4063141296359885e-11,raw_biopol,today
raw_biopol|repair|Mixing||machine weight,manufacturing,ecotoxicity: freshwater,4.700077551107755e-06,4.500895542922289e-10,3.5570914119269777e-10,5.647554270144795e-10,raw_biopol,today
raw_biopol|repair|Mixing||machine weight,manufacturing,"ecotoxicity: freshwater, inorganics",4.469645908859772e-06,5.412715027192256e-10,4.2768303481279196e-10,6.806774104058755e-10,raw_biopol,today
raw_biopol|repair|Mixing||machine weight,manufacturing,"ecotoxicity: freshwater, organics",1.0006558793979155e-06,8.913251912896104e-12,7.076299812345971e-12,1.1141209630088286e-11,raw_biopol,today
raw_biopol|repair|Mixing||machine weight,manufacturing,energy resources: non-renewable,1.739011130335906e-06,6.377856759578129e-11,5.083122827209775e-11,7.968074736543012e-11,raw_biopol,today
raw_biopol|repair|Mixing||machine weight,manufacturing,eutrophication: freshwater,3.3984589338619445e-07,2.7093514796693136e-11,2.128725343555934e-11,3.384354560425583e-11,raw_biopol,today
raw_biopol|repair|Mixing||machine weight,manufacturing,eutrophication: marine,1.3824536373366365e-06,2.245083089950874e-11,1.7808096349470507e-11,2.7697176859172094e-11,raw_biopol,today
raw_biopol|repair|Mixing||machine weight,manufacturing,eutrophication: terrestrial,2.5575319728858707e-06,1.3662136418696627e-10,1.0696311348223707e-10,1.713173614361048e-10,raw_biopol,today
raw_biopol|repair|Mixing||machine weight,manufacturing,human toxicity: carcinogenic,1.3206241051178852e-05,2.438603156275045e-09,1.9319821646397407e-09,3.0428708766792587e-09,raw_biopol,today
raw_biopol|repair|Mixing||machine weight,manufacturing,"human toxicity: carcinogenic, inorganics",5.942839619754461e-06,1.0624861736537246e-09,8.276819380394906e-10,1.338199734585794e-09,raw_biopol,today
raw_biopol|repair|Mixing||machine weight,manufacturing,"human toxicity: carcinogenic, organics",2.1913395082210337e-05,4.155704115296884e-09,3.313571394610075e-09,5.149449398044499e-09,raw_biopol,today
raw_biopol|repair|Mixing||machine weight,manufacturing,human toxicity: non-carcinogenic,7.475076503439136e-06,1.079268759091827e-09,8.507588632179618e-10,1.351911276911525e-09,raw_biopol,today
raw_biopol|repair|Mixing||machine weight,manufacturing,"human toxicity: non-carcinogenic, inorganics",7.231177154511803e-06,1.0501220113946207e-09,8.275090369510666e-10,1.315356851881286e-09,raw_biopol,today
raw_biopol|repair|Mixing||machine weight,manufacturing,"human toxicity: non-carcinogenic, organics",1.3900975547884921e-05,1.778695182383526e-09,1.4219412104526588e-09,2.2212582947298993e-09,raw_biopol,today
raw_biopol|repair|Mixing||machine weight,manufacturing,ionising radiation: human health,5.832505086485132e-08,4.660408627035452e-13,3.7156700015072255e-13,5.726336569701257e-13,raw_biopol,today
raw_biopol|repair|Mixing||machine weight,manufacturing,land use,6.969367495281721e-07,4.2077490089739164e-12,3.339438439649308e-12,5.276671389389991e-12,raw_biopol,today
raw_biopol|repair|Mixing||machine weight,manufacturing,material resources: metals/minerals,2.2402442794182166e-05,4.338384664127351e-09,3.465231143654548e-09,5.3567798228901e-09,raw_biopol,today
raw_biopol|repair|Mixing||machine weight,manufacturing,ozone depletion,1.5787478173928913e-06,2.4603940957666403e-11,1.9464856318341672e-11,3.0251840938415093e-11,raw_biopol,today
raw_biopol|repair|Mixing||machine weight,manufacturing,particulate matter formation,1.690204770451322e-05,3.298967362767101e-09,2.6407737791585936e-09,4.105770228963414e-09,raw_biopol,today
raw_biopol|repair|Mixing||machine weight,manufacturing,photochemical oxidant formation: human health,2.9639831994704527e-06,2.0474063910490237e-10,1.5915810952966283e-10,2.5656271627623457e-10,raw_biopol,today
raw_biopol|repair|Mixing||machine weight,manufacturing,water use,3.2946034247372167e-06,1.026659996368115e-10,8.084919705971893e-11,1.2829871371027302e-10,raw_biopol,today
raw_biopol|repair|Mixing||power,manufacturing,acidification,3.503631638015779e-05,2.8919480822092714e-07,1.8638603617114934e-07,4.3097101647988247e-07,raw_biopol,today
raw_biopol|repair|Mixing||power,manufacturing,climate change,5.483239666688899e-05,3.7107007787241986e-07,2.658217247720339e-07,5.036406138525952e-07,raw_biopol,today
raw_biopol|repair|Mixing||power,manufacturing,climate change: biogenic,1.985785983353274e-05,1.5452913209397677e-08,1.1922379977452037e-08,1.9705270580395823e-08,raw_biopol,today
raw_biopol|repair|Mixing||power,manufacturing,climate change: fossil,5.618126937991176e-05,3.4776066739141543e-07,2.494029568403199e-07,4.718620975345217e-07,raw_biopol,today
raw_biopol|repair|Mixing||power,manufacturing,climate change: land use and land use change,2.060258235697192e-05,2.787888887421165e-07,2.0023314986236734e-07,3.6476751562886356e-07,raw_biopol,today
raw_biopol|repair|Mixing||power,manufacturing,ecotoxicity: freshwater,6.961112370188723e-05,2.2810016156715189e-07,1.6788426403498966e-07,3.0583895555004214e-07,raw_biopol,today
raw_biopol|repair|Mixing||power,manufacturing,"ecotoxicity: freshwater, inorganics",7.369139479448372e-05,2.8160269431283617e-07,2.0664984548167421e-07,3.7840312409301465e-07,raw_biopol,today
raw_biopol|repair|Mixing||power,manufacturing,"ecotoxicity: freshwater, organics",-5.048302140804326e-06,1.39097217767197e-09,1.1174811402284051e-09,1.7460244041153715e-09,raw_biopol,today
raw_biopol|repair|Mixing||power,manufacturing,energy resources: non-renewable,-3.262916256804593e-05,6.295925528062521e-07,5.050278626476803e-07,7.602191362888223e-07,raw_biopol,today
raw_biopol|repair|Mixing||power,manufacturing,eutrophication: freshwater,6.719628800271163e-05,2.5553290381127186e-07,1.7918281027046376e-07,3.587148798367617e-07,raw_biopol,today
raw_biopol|repair|Mixing||power,manufacturing,eutrophication: marine,3.434206550017611e-05,7.257673109311754e-08,5.1795859640906163e-08,9.667507847410275e-08,raw_biopol,today
raw_biopol|repair|Mixing||power,manufacturing,eutrophication: terrestrial,4.508848418766501e-05,2.937294685336197e-07,2.131499062008143e-07,3.9653506280747927e-07,raw_biopol,today
raw_biopol|repair|Mixing||power,manufacturing,human toxicity: carcinogenic,3.9752640276846755e-05,3.4967423733978324e-07,2.762072289184196e-07,4.3451515113220394e-07,raw_biopol,today
raw_biopol|repair|Mixing||power,manufacturing,"human toxicity: carcinogenic, inorganics",6.569851130195933e-05,3.5422339743398855e-07,2.5894255619129977e-07,4.818686252066724e-07,raw_biopol,today
raw_biopol|repair|Mixing||power,manufacturing,"human toxicity: carcinogenic, organics",-3.636263931372418e-05,2.608849558150285e-07,2.1594530344862333e-07,3.133902302388997e-07,raw_biopol,today
raw_biopol|repair|Mixing||power,manufacturing,human toxicity: non-carcinogenic,6.224851322503662e-05,3.2548823266828573e-07,2.426452659914091e-07,4.3307519722668444e-07,raw_biopol,today
raw_biopol|repair|Mixing||power,manufacturing,"human toxicity: non-carcinogenic, inorganics",6.272693733340925e-05,3.2187675395905755e-07,2.3846260427352637e-07,4.2972030220174043e-07,raw_biopol,today
raw_biopol|repair|Mixing||power,manufacturing,"human toxicity: non-carcinogenic, organics",2.5376945920097922e-05,4.113996184428685e-07,3.447951310704629e-07,4.787024599150877e-07,raw_biopol,today
raw_biopol|repair|Mixing||power,manufacturing,ionising radiation: human health,-4.5444112711464545e-05,2.884136187172293e-07,2.1526819456360128e-07,3.7041413834340047e-07,raw_biopol,today
raw_biopol|repair|Mixing||power,manufacturing,land use,3.714699405645634e-06,1.6247530191835698e-08,1.322388185971897e-08,1.9247387773983547e-08,raw_biopol,today
raw_biopol|repair|Mixing||power,manufacturing,material resources: metals/minerals,1.5763172918307018e-05,7.103459563914314e-07,6.01981267667576e-07,8.324287516323947e-07,raw_biopol,today
raw_biopol|repair|Mixing||power,manufacturing,ozone depletion,-1.7789824787859803e-06,3.883078951853394e-07,3.104263713163462e-07,5.017967533852242e-07,raw_biopol,today
raw_biopol|repair|Mixing||power,manufacturing,particulate matter formation,1.830073512029168e-05,3.7373622487138813e-07,3.066669934052333e-07,4.4691588126412554e-07,raw_biopol,today
raw_biopol|repair|Mixing||power,manufacturing,photochemical oxidant formation: human health,2.7489668438029934e-05,3.5611135777750655e-07,2.6157538796853584e-07,4.824985893695598e-07,raw_biopol,today
raw_biopol|repair|Mixing||power,manufacturing,water use,3.4335826876356634e-05,1.9342294031665116e-07,1.540943387741223e-07,2.3249100676205226e-07,raw_biopol,today
raw_biopol|repair|Mixing||output rate,manufacturing,acidification,-1.0204993178739868e-05,2.2232967536686606e-07,1.5272639807389272e-07,3.1088214161600193e-07,raw_biopol,today
raw_biopol|repair|Mixing||output rate,manufacturing,climate change,-4.3488246661339934e-05,3.1873589229472594e-07,2.4633563125209606e-07,4.146885434655596e-07,raw_biopol,today
raw_biopol|repair|Mixing||output rate,manufacturing,climate change: biogenic,-1.907786421950123e-06,1.8629137536963975e-08,1.3390158339534381e-08,2.5582138672792144e-08,raw_biopol,today
raw_biopol|repair|Mixing||output rate,manufacturing,climate change: fossil,-4.813225083224597e-05,2.9850068520634583e-07,2.3134329949092103e-07,3.888860983747803e-07,raw_biopol,today
raw_biopol|repair|Mixing||output rate,manufacturing,climate change: land use and land use change,9.975369141910907e-05,2.2525314519494657e-07,1.54134612273941e-07,3.1344941766694066e-07,raw_biopol,today
raw_biopol|repair|Mixing||output rate,manufacturing,ecotoxicity: freshwater,-3.9422801050123995e-05,2.064667316966277e-07,1.5757231979741698e-07,2.6701560336021553e-07,raw_biopol,today
raw_biopol|repair|Mixing||output rate,manufacturing,"ecotoxicity: freshwater, inorganics",-3.703729535951156e-05,2.544670823218454e-07,1.923330646008121e-07,3.3169827028508817e-07,raw_biopol,today
raw_biopol|repair|Mixing||output rate,manufacturing,"ecotoxicity: freshwater, organics",-9.947860412421473e-06,1.3443513535736533e-09,1.1062588409553856e-09,1.6347298678303448e-09,raw_biopol,today
raw_biopol|repair|Mixing||output rate,manufacturing,energy resources: non-renewable,-9.611259851127387e-05,5.43839428275892e-07,4.511045410288338e-07,6.376485943926598e-07,raw_biopol,today
raw_biopol|repair|Mixing||output rate,manufacturing,eutrophication: freshwater,-3.0861130394864395e-06,2.27693397009492e-07,1.618555097933795e-07,3.1521940434903427e-07,raw_biopol,today
raw_biopol|repair|Mixing||output rate,manufacturing,eutrophication: marine,-3.1563504393717876e-05,6.044486361489212e-08,4.6287363684721545e-08,7.830259113852953e-08,raw_biopol,today
raw_biopol|repair|Mixing||output rate,manufacturing,eutrophication: terrestrial,-5.1240422264607196e-05,2.4430696530086234e-07,1.9035196286146864e-07,3.1247772849436863e-07,raw_biopol,today
raw_biopol|repair|Mixing||output rate,manufacturing,human toxicity: carcinogenic,-7.340382463854572e-05,3.3255975102735425e-07,2.719648694782665e-07,4.083048061035155e-07,raw_biopol,today
raw_biopol|repair|Mixing||output rate,manufacturing,"human toxicity: carcinogenic, inorganics",-3.495263670119838e-05,3.1343921214373443e-07,2.3734822189250027e-07,4.0484983664814174e-07,raw_biopol,today
raw_biopol|repair|Mixing||output rate,manufacturing,"human toxicity: carcinogenic, organics",-0.00010375796179846616,2.7178586964120497e-07,2.2674244935678724e-07,3.1967922126128255e-07,raw_biopol,today
raw_biopol|repair|Mixing||output rate,manufacturing,human toxicity: non-carcinogenic,-4.928791794990409e-05,2.918303558217137e-07,2.2825749568043207e-07,3.7229021576354143e-07,raw_biopol,today
raw_biopol|repair|Mixing||output rate,manufacturing,"human toxicity: non-carcinogenic, inorganics",-4.7258989395239735e-05,2.874617132986689e-07,2.2450872654001225e-07,3.6786045277472266e-07,raw_biopol,today
raw_biopol|repair|Mixing||output rate,manufacturing,"human toxicity: non-carcinogenic, organics",-0.00010211040981532847,4.0063047181275365e-07,3.3729458527144064e-07,4.845014616886869e-07,raw_biopol,today
raw_biopol|repair|Mixing||output rate,manufacturing,ionising radiation: human health,-1.1727418731288275e-06,2.4060958267223844e-07,1.829367647314596e-07,3.182608377622244e-07,raw_biopol,today
raw_biopol|repair|Mixing||output rate,manufacturing,land use,-2.4245705060253256e-05,1.549277477668516e-08,1.2752675674188383e-08,1.8122913842605233e-08,raw_biopol,today
raw_biopol|repair|Mixing||output rate,manufacturing,material resources: metals/minerals,-0.00014005194975696042,7.311495270072387e-07,6.12686169509564e-07,8.541433891006517e-07,raw_biopol,today
raw_biopol|repair|Mixing||output rate,manufacturing,ozone depletion,-0.00016339774231904892,3.738643392607991e-07,3.033154734432638e-07,4.540085521887876e-07,raw_biopol,today
raw_biopol|repair|Mixing||output rate,manufacturing,particulate matter formation,-0.00010490294562187951,3.629447156024203e-07,3.009924269454859e-07,4.323679916041837e-07,raw_biopol,today
raw_biopol|repair|Mixing||output rate,manufacturing,photochemical oxidant formation: human health,-5.4120568126554173e-05,2.947489708039489e-07,2.3343312656417707e-07,3.8353319296729615e-07,raw_biopol,today
raw_biopol|repair|Mixing||output rate,manufacturing,water use,-3.6385401669411116e-05,1.6358934997207178e-07,1.3809702673822313e-07,1.9450392609445148e-07,raw_biopol,today
raw_biopol|repair|Mixing||machine lifetime,manufacturing,acidification,6.137103723660898e-07,6.708947775799608e-11,5.006601142126808e-11,8.686481929623842e-11,raw_biopol,today
raw_biopol|repair|Mixing||machine lifetime,manufacturing,climate change,8.193759615651559e-07,6.882968568397394e-11,5.2943232052831746e-11,8.914143078303185e-11,raw_biopol,today
raw_biopol|repair|Mixing||machine lifetime,manufacturing,climate change: biogenic,8.203959576457864e-08,6.879503281840579e-13,5.484663147239198e-13,8.822105639046021e-13,raw_biopol,today
raw_biopol|repair|Mixing||machine lifetime,manufacturing,climate change: fossil,8.616451218868608e-07,6.440477910840182e-11,4.962464922402117e-11,8.265105503492284e-11,raw_biopol,today
raw_biopol|repair|Mixing||machine lifetime,manufacturing,climate change: land use and land use change,2.434763560794733e-07,1.7486192747586962e-11,1.3972405098378032e-11,2.1826424897353644e-11,raw_biopol,today
raw_biopol|repair|Mixing||machine lifetime,manufacturing,ecotoxicity: freshwater,2.6560035865946092e-06,3.938584054238922e-10,3.054270776961691e-10,4.973867514800324e-10,raw_biopol,today
raw_biopol|repair|Mixing||machine lifetime,manufacturing,"ecotoxicity: freshwater, inorganics",2.6525445624528836e-06,4.736486962504222e-10,3.6556999811891876e-10,6.03363539857175e-10,raw_biopol,today
raw_biopol|repair|Mixing||machine lifetime,manufacturing,"ecotoxicity: freshwater, organics",4.681804164317714e-07,7.7996914910811e-12,6.194537401069234e-12,9.659305245102517e-12,raw_biopol,today
raw_biopol|repair|Mixing||machine lifetime,manufacturing,energy resources: non-renewable,9.84278782852421e-07,5.581057342822182e-11,4.3927201371002444e-11,7.01517323063956e-11,raw_biopol,today
raw_biopol|repair|Mixing||machine lifetime,manufacturing,eutrophication: freshwater,3.5230610717126574e-07,2.370863344010474e-11,1.8277766701129525e-11,3.038012547400087e-11,raw_biopol,today
raw_biopol|repair|Mixing||machine lifetime,manufacturing,eutrophication: marine,7.014550599888603e-07,1.9646015916696875e-11,1.5551180909765714e-11,2.4579240144244248e-11,raw_biopol,today
raw_biopol|repair|Mixing||machine lifetime,manufacturing,eutrophication: terrestrial,1.4004233766480095e-06,1.1955306393391266e-10,9.050065295239862e-11,1.5175512425562254e-10,raw_biopol,today
raw_biopol|repair|Mixing||machine lifetime,manufacturing,human toxicity: carcinogenic,6.971077984619753e-06,2.133940531402779e-09,1.6577634910152065e-09,2.6792571408989197e-09,raw_biopol,today
raw_biopol|repair|Mixing||machine lifetime,manufacturing,"human toxicity: carcinogenic, inorganics",3.4939077903655157e-06,9.297463054393033e-10,7.0456670776558e-10,1.186498363094667e-09,raw_biopol,today
raw_biopol|repair|Mixing||machine lifetime,manufacturing,"human toxicity: carcinogenic, organics",1.0449688818347368e-05,3.636518547237211e-09,2.902574147820081e-09,4.493915051975908e-09,raw_biopol,today
raw_biopol|repair|Mixing||machine lifetime,manufacturing,human toxicity: non-carcinogenic,4.086184179058268e-06,9.444321992265666e-10,7.198846218430734e-10,1.1952291698663436e-09,raw_biopol,today
raw_biopol|repair|Mixing||machine lifetime,manufacturing,"human toxicity: non-carcinogenic, inorganics",3.976903115995614e-06,9.189268450170762e-10,6.995523265387685e-10,1.1651032169487833e-09,raw_biopol,today
raw_biopol|repair|Mixing||machine lifetime,manufacturing,"human toxicity: non-carcinogenic, organics",6.694809384510614e-06,1.5564774489385742e-09,1.2382259089529338e-09,1.9292789288965276e-09,raw_biopol,today
raw_biopol|repair|Mixing||machine lifetime,manufacturing,ionising radiation: human health,2.190410376171634e-08,4.078169033157431e-13,3.179066720779366e-13,5.112692494402703e-13,raw_biopol,today
raw_biopol|repair|Mixing||machine lifetime,manufacturing,land use,3.245004712634246e-07,3.682077973379152e-12,2.9034834332126102e-12,4.562029861318938e-12,raw_biopol,today
raw_biopol|repair|Mixing||machine lifetime,manufacturing,material resources: metals/minerals,1.0966304670366685e-05,3.796376074288763e-09,3.0322065301237647e-09,4.688543890196802e-09,raw_biopol,today
raw_biopol|repair|Mixing||machine lifetime,manufacturing,ozone depletion,7.119934389403176e-07,2.153024319488982e-11,1.7256463121981146e-11,2.6656733905535085e-11,raw_biopol,today
raw_biopol|repair|Mixing||machine lifetime,manufacturing,particulate matter formation,8.553712780449981e-06,2.886818752769256e-09,2.2749882540870122e-09,3.6078981742701254e-09,raw_biopol,today
raw_biopol|repair|Mixing||machine lifetime,manufacturing,photochemical oxidant formation: human health,1.5983766230013193e-06,1.7916214515717532e-10,1.3538692621276518e-10,2.269574931579359e-10,raw_biopol,today
raw_biopol|repair|Mixing||machine lifetime,manufacturing,water use,1.3900326226685961e-06,8.983960146710837e-11,7.089219895794792e-11,1.1238306065305029e-10,raw_biopol,today
raw_biopol|repair|Mixing||process yield,manufacturing,acidification,-0.00021770126507468103,4.29361616205678e-05,3.398860767621773e-05,5.172484820209581e-05,raw_biopol,today
raw_biopol|repair|Mixing||process yield,manufacturing,climate change,-5.033644961832299e-05,1.0597898021291266e-05,8.736469489722776e-06,1.2664863639256692e-05,raw_biopol,today
raw_biopol|repair|Mixing||process yield,manufacturing,climate change: biogenic,7.439010769574682e-05,7.852337366531374e-06,6.60704087281661e-06,9.358601473253913e-06,raw_biopol,today
raw_biopol|repair|Mixing||process yield,manufacturing,climate change: fossil,-3.736679450833903e-05,1.9142402401814206e-05,1.5675001451365637e-05,2.292109013102676e-05,raw_biopol,today
raw_biopol|repair|Mixing||process yield,manufacturing,climate change: land use and land use change,3.592866818694518e-06,2.714597022818134e-05,2.310648299373313e-05,3.218710054418993e-05,raw_biopol,today
raw_biopol|repair|Mixing||process yield,manufacturing,ecotoxicity: freshwater,0.00018594133384241962,0.00021343932722367955,0.0001768665838694466,0.00025248836467497125,raw_biopol,today
raw_biopol|repair|Mixing||process yield,manufacturing,"ecotoxicity: freshwater, inorganics",-1.773158980277021e-05,9.439649405155272e-05,7.734812788854629e-05,0.0001122529035178187,raw_biopol,today
raw_biopol|repair|Mixing||process yield,manufacturing,"ecotoxicity: freshwater, organics",0.003758795033048812,0.0015847592587419864,0.001362648140150824,0.0018651235684410594,raw_biopol,today
raw_biopol|repair|Mixing||process yield,manufacturing,energy resources: non-renewable,-8.182430425274835e-06,2.0867416723835864e-05,1.8154437143596355e-05,2.4106234440978325e-05,raw_biopol,today
raw_biopol|repair|Mixing||process yield,manufacturing,eutrophication: freshwater,-9.409264568208182e-05,6.8014008662173455e-06,5.622406356007891e-06,8.21250222908141e-06,raw_biopol,today
raw_biopol|repair|Mixing||process yield,manufacturing,eutrophication: marine,0.0018433269762976,0.0012136858047734548,0.001028791157968754,0.0014148194901916335,raw_biopol,today
raw_biopol|repair|Mixing||process yield,manufacturing,eutrophication: terrestrial,0.00017566073289522856,0.0004232280819956135,0.00034660447238237684,0.0005004425279448972,raw_biopol,today
raw_biopol|repair|Mixing||process yield,manufacturing,human toxicity: carcinogenic,0.00035943188420744273,0.00013697270935934675,0.00011567415348975323,0.00016057874920987497,raw_biopol,today
raw_biopol|repair|Mixing||process yield,manufacturing,"human toxicity: carcinogenic, inorganics",-5.338615725298767e-05,3.356169884924964e-05,2.7199396607335415e-05,3.99572667412239e-05,raw_biopol,today
raw_biopol|repair|Mixing||process yield,manufacturing,"human toxicity: carcinogenic, organics",0.0016610788646077449,0.00033646965548235686,0.00028358847087026735,0.0003942088659636374,raw_biopol,today
raw_biopol|repair|Mixing||process yield,manufacturing,human toxicity: non-carcinogenic,8.823018953279662e-05,9.552359185503928e-05,7.827551806951961e-05,0.00011285521751169641,raw_biopol,today
raw_biopol|repair|Mixing||process yield,manufacturing,"human toxicity: non-carcinogenic, inorganics",7.330056227264765e-05,9.275038619726013e-05,7.584185849138836e-05,0.00010958489715072367,raw_biopol,today
raw_biopol|repair|Mixing||process yield,manufacturing,"human toxicity: non-carcinogenic, organics",0.0006314747903558189,0.000164891078970153,0.0001400125113383719,0.00019197756448414012,raw_biopol,today
raw_biopol|repair|Mixing||process yield,manufacturing,ionising radiation: human health,4.5407261136920594e-05,1.2803301328347447e-06,1.057089350934913e-06,1.5227114470621633e-06,raw_biopol,today
raw_biopol|repair|Mixing||process yield,manufacturing,land use,0.0032010956142945407,0.0013743016905424506,0.0011788072560919506,0.001630370281130292,raw_biopol,today
raw_biopol|repair|Mixing||process yield,manufacturing,material resources: metals/minerals,0.00022727489063688861,1.7657169867292836e-05,1.497330451378168e-05,2.074027175080926e-05,raw_biopol,today
raw_biopol|repair|Mixing||process yield,manufacturing,ozone depletion,0.0007132744537784994,7.081539264366105e-05,6.083696072349109e-05,8.245852485774913e-05,raw_biopol,today
raw_biopol|repair|Mixing||process yield,manufacturing,particulate matter formation,0.0007186582693554228,0.00044260418389692073,0.00037649644314591925,0.0005154473470738814,raw_biopol,today
raw_biopol|repair|Mixing||process yield,manufacturing,photochemical oxidant formation: human health,4.059098336415155e-05,6.831400320716317e-05,5.589801530850638e-05,7.999826706406859e-05,raw_biopol,today
raw_biopol|repair|Mixing||process yield,manufacturing,water use,0.0006542596037066964,0.0005062714688057784,0.0004351695104420005,0.0005855885685540294,raw_biopol,today
raw_biopol|repair|Mixing||machine source,manufacturing,acidification,8.739101405231023e-06,4.998230860452371e-09,3.897691052394559e-09,5.968899754089771e-09,raw_biopol,today
raw_biopol|repair|Mixing||machine source,manufacturing,climate change,7.935846149945539e-06,5.117226686353128e-09,4.1923884286627985e-09,5.996166289045127e-09,raw_biopol,today
raw_biopol|repair|Mixing||machine source,manufacturing,climate change: biogenic,6.877369471356083e-07,5.1378542151207006e-11,4.4169875373015126e-11,6.029949151112771e-11,raw_biopol,today
raw_biopol|repair|Mixing||machine source,manufacturing,climate change: fossil,8.183680304677083e-06,4.788187731407564e-09,3.93263766407184e-09,5.651301844711959e-09,raw_biopol,today
raw_biopol|repair|Mixing||machine source,manufacturing,climate change: land use and land use change,2.2293157959729323e-06,1.306463898216626e-09,1.1377832067028846e-09,1.4929297548417552e-09,raw_biopol,today
raw_biopol|repair|Mixing||machine source,manufacturing,ecotoxicity: freshwater,2.2752685630123187e-05,2.9420125187787514e-08,2.4382836931440662e-08,3.45391474187912e-08,raw_biopol,today
raw_biopol|repair|Mixing||machine source,manufacturing,"ecotoxicity: freshwater, inorganics",2.3880031456827054e-05,3.538146761068013e-08,2.8972402533312926e-08,4.166483128525479e-08,raw_biopol,today
raw_biopol|repair|Mixing||machine source,manufacturing,"ecotoxicity: freshwater, organics",3.1233310228023527e-06,5.816702664245765e-10,4.979536068212428e-10,6.74172009169751e-10,raw_biopol,today
raw_biopol|repair|Mixing||machine source,manufacturing,energy resources: non-renewable,8.366399993694794e-06,4.141206108727888e-09,3.4657524857059244e-09,4.893312404720334e-09,raw_biopol,today
raw_biopol|repair|Mixing||machine source,manufacturing,eutrophication: freshwater,3.7353349765113765e-06,1.7722050365422732e-09,1.471810788185657e-09,2.0774000949391315e-09,raw_biopol,today
raw_biopol|repair|Mixing||machine source,manufacturing,eutrophication: marine,5.4754017953400956e-06,1.4545412681199249e-09,1.2453668058854472e-09,1.6821771892997577e-09,raw_biopol,today
raw_biopol|repair|Mixing||machine source,manufacturing,eutrophication: terrestrial,1.2915026219312373e-05,8.850389789574272e-09,7.201486883752101e-09,1.044891667584639e-08,raw_biopol,today
raw_biopol|repair|Mixing||machine source,manufacturing,human toxicity: carcinogenic,5.607425121775435e-05,1.594268488095142e-07,1.3379607519114479e-07,1.850988633407841e-07,raw_biopol,today
raw_biopol|repair|Mixing||machine source,manufacturing,"human toxicity: carcinogenic, inorganics",3.5432763475955324e-05,6.949157498822941e-08,5.6182372881661235e-08,8.341921689656112e-08,raw_biopol,today
raw_biopol|repair|Mixing||machine source,manufacturing,"human toxicity: carcinogenic, organics",6.10972530504164e-05,2.715900436136343e-07,2.3271049774400976e-07,3.135497932077033e-07,raw_biopol,today
raw_biopol|repair|Mixing||machine source,manufacturing,human toxicity: non-carcinogenic,3.8027531216814095e-05,7.056386411565038e-08,5.793639532123844e-08,8.30350336262761e-08,raw_biopol,today
raw_biopol|repair|Mixing||machine source,manufacturing,"human toxicity: non-carcinogenic, inorganics",3.737473487200205e-05,6.866707312034127e-08,5.624228326813186e-08,8.084704168155802e-08,raw_biopol,today
raw_biopol|repair|Mixing||machine source,manufacturing,"human toxicity: non-carcinogenic, organics",4.859172062930937e-05,1.1595942080092942e-07,1.0086803194764502e-07,1.3388075247487683e-07,raw_biopol,today
raw_biopol|repair|Mixing||machine source,manufacturing,ionising radiation: human health,2.081262830273011e-07,3.042545755877528e-11,2.5492504564759662e-11,3.52011512055447e-11,raw_biopol,today
raw_biopol|repair|Mixing||machine source,manufacturing,land use,2.2102836176575517e-06,2.712716255903737e-10,2.3343564267271086e-10,3.131946123646576e-10,raw_biopol,today
raw_biopol|repair|Mixing||machine source,manufacturing,material resources: metals/minerals,6.522856670517335e-05,2.8383192985620624e-07,2.443284781984635e-07,3.29820363044577e-07,raw_biopol,today
raw_biopol|repair|Mixing||machine source,manufacturing,ozone depletion,3.775322580180388e-06,1.580249904262088e-09,1.3536559705722085e-09,1.849858800868754e-09,raw_biopol,today
raw_biopol|repair|Mixing||machine source,manufacturing,particulate matter formation,6.587087892308684e-05,2.1459608466286195e-07,1.8428929886099823e-07,2.462271356494125e-07,raw_biopol,today
raw_biopol|repair|Mixing||machine source,manufacturing,photochemical oxidant formation: human health,1.5323389027746244e-05,1.325556978656456e-08,1.0717113831200319e-08,1.5659235359908538e-08,raw_biopol,today
raw_biopol|repair|Mixing||machine source,manufacturing,water use,1.3654569144029082e-05,6.7135752700894485e-09,5.735597732546361e-09,7.796449118369034e-09,raw_biopol,today
raw_biopol|repair|3D printing||machine weight,manufacturing,acidification,8.573071149554151e-05,2.708704093200301e-07,1.9767661824006467e-07,3.3384400683639866e-07,raw_biopol,today
raw_biopol|repair|3D printing||machine weight,manufacturing,climate change,9.840096341309319e-05,2.7789661491015704e-07,2.0809526746377415e-07,3.4026842130646203e-07,raw_biopol,today
raw_biopol|repair|3D printing||machine weight,manufacturing,climate change: biogenic,1.2516864921505424e-05,2.7775637281386603e-09,2.2056224602704714e-09,3.513104171383805e-09,raw_biopol,today
raw_biopol|repair|3D printing||machine weight,manufacturing,climate change: fossil,9.913048217524477e-05,2.6003126444708624e-07,1.947420030878998e-07,3.183594602879634e-07,raw_biopol,today
raw_biopol|repair|3D printing||machine weight,manufacturing,climate change: land use and land use change,1.4228551548364192e-05,7.059959268262115e-08,5.688363836906442e-08,8.799970974170468e-08,raw_biopol,today
raw_biopol|repair|3D printing||machine weight,manufacturing,ecotoxicity: freshwater,0.00028835010182266905,1.5901828324913507e-06,1.2016705261984548e-06,1.931673020233099e-06,raw_biopol,today
raw_biopol|repair|3D printing||machine weight,manufacturing,"ecotoxicity: freshwater, inorganics",0.00029838549077369536,1.91233197693007e-06,1.4493993505918984e-06,2.304546393161386e-06,raw_biopol,today
raw_biopol|repair|3D printing||machine weight,manufacturing,"ecotoxicity: freshwater, organics",4.286894758780702e-05,3.1490856420725865e-08,2.4998234638665104e-08,3.85322634421673e-08,raw_biopol,today
raw_biopol|repair|3D printing||machine weight,manufacturing,energy resources: non-renewable,8.915463923015914e-05,2.253327796812283e-07,1.7574246282749075e-07,2.7378206971772447e-07,raw_biopol,today
raw_biopol|repair|3D printing||machine weight,manufacturing,eutrophication: freshwater,4.9796097643669045e-05,9.572237037033192e-08,7.336458161572192e-08,1.1603354806040857e-07,raw_biopol,today
raw_biopol|repair|3D printing||machine weight,manufacturing,eutrophication: marine,7.045246929181485e-05,7.932005279122929e-08,6.17066503161597e-08,9.67340701731779e-08,raw_biopol,today
raw_biopol|repair|3D printing||machine weight,manufacturing,eutrophication: terrestrial,0.00014879528609578057,4.826910538983742e-07,3.5911642070374026e-07,5.939503268077936e-07,raw_biopol,today
raw_biopol|repair|3D printing||machine weight,manufacturing,human toxicity: carcinogenic,0.0006723709879521236,8.61567381237811e-06,6.450535065682668e-06,1.0522346667563744e-05,raw_biopol,today
raw_biopol|repair|3D printing||machine weight,manufacturing,"human toxicity: carcinogenic, inorganics",0.0003994680910062259,3.7538022079849524e-06,2.8083278505642377e-06,4.545466376930625e-06,raw_biopol,today
raw_biopol|repair|3D printing||machine weight,manufacturing,"human toxicity: carcinogenic, organics",0.0008119526380895758,1.468225479645131e-05,1.1528369985666799e-05,1.7945025302740126e-05,raw_biopol,today
raw_biopol|repair|3D printing||machine weight,manufacturing,human toxicity: non-carcinogenic,0.00043533276237350436,3.8130958201075576e-06,2.8408958301577058e-06,4.592236271196364e-06,raw_biopol,today
raw_biopol|repair|3D printing||machine weight,manufacturing,"human toxicity: non-carcinogenic, inorganics",0.00042670679444328747,3.710119248156148e-06,2.765539769984778e-06,4.4704250826614384e-06,raw_biopol,today
raw_biopol|repair|3D printing||machine weight,manufacturing,"human toxicity: non-carcinogenic, organics",0.0005993231342199019,6.284199809382266e-06,4.912166209666764e-06,7.639070120949124e-06,raw_biopol,today
raw_biopol|repair|3D printing||machine weight,manufacturing,ionising radiation: human health,5.576024714207452e-07,1.646539812863417e-09,1.2849990487480664e-09,2.081876739568417e-09,raw_biopol,today
raw_biopol|repair|3D printing||machine weight,manufacturing,land use,3.003327057250972e-05,1.4866316846719056e-08,1.1831811938955243e-08,1.8224041379966796e-08,raw_biopol,today
raw_biopol|repair|3D printing||machine weight,manufacturing,material resources: metals/minerals,0.0008389236434823808,1.5327670200880298e-05,1.2167008871373351e-05,1.8846015748157653e-05,raw_biopol,today
raw_biopol|repair|3D printing||machine weight,manufacturing,ozone depletion,5.517030806525659e-05,8.69283186041465e-08,6.66368603119146e-08,1.0627855713744777e-07,raw_biopol,today
raw_biopol|repair|3D printing||machine weight,manufacturing,particulate matter formation,0.0007875454182587975,1.1655395433061388e-05,9.027742366746885e-06,1.4136523992135538e-05,raw_biopol,today
raw_biopol|repair|3D printing||machine weight,manufacturing,photochemical oxidant formation: human health,0.0001712285319335936,7.233608143819981e-07,5.347719611232556e-07,8.93401884789883e-07,raw_biopol,today
raw_biopol|repair|3D printing||machine weight,manufacturing,water use,0.00014700375363013412,3.6272270810133943e-07,2.8161563843616935e-07,4.371137879852759e-07,raw_biopol,today
raw_biopol|repair|3D printing||power,manufacturing,acidification,-0.0018792307888750451,0.00040295052128404925,0.00024923277535318183,0.0006036193198971549,raw_biopol,today
raw_biopol|repair|3D printing||power,manufacturing,climate change,-0.0010129580672522474,0.0006388169156125571,0.0004564836141260456,0.0008499660941244817,raw_biopol,today
raw_biopol|repair|3D printing||power,manufacturing,climate change: biogenic,0.0007014608839085912,4.3705594358314975e-05,3.0773107482713923e-05,5.905856685846596e-05,raw_biopol,today
raw_biopol|repair|3D printing||power,manufacturing,climate change: fossil,-0.0011454344839530348,0.000597813968385496,0.0004276210641126552,0.0007990836990455736,raw_biopol,today
raw_biopol|repair|3D printing||power,manufacturing,climate change: land use and land use change,0.0036855821536489163,0.0005539783913083276,0.0004281527891746661,0.0007180174806055814,raw_biopol,today
raw_biopol|repair|3D printing||power,manufacturing,ecotoxicity: freshwater,-0.0009809487807217656,0.00038988609099692537,0.00027981802025445527,0.000530002662674027,raw_biopol,today
raw_biopol|repair|3D printing||power,manufacturing,"ecotoxicity: freshwater, inorganics",-0.0010446111402587525,0.00047935072049257746,0.0003402063195567789,0.00065734641952085,raw_biopol,today
raw_biopol|repair|3D printing||power,manufacturing,"ecotoxicity: freshwater, organics",3.609994120141538e-05,3.3280735211148453e-06,2.7560137230454834e-06,4.016904555102038e-06,raw_biopol,today
raw_biopol|repair|3D printing||power,manufacturing,energy resources: non-renewable,0.0042850109335096954,0.001194057891528189,0.0009883161429339697,0.0014398384600462363,raw_biopol,today
raw_biopol|repair|3D printing||power,manufacturing,eutrophication: freshwater,-0.0014970635390246668,0.0004253253093532655,0.0002839122369426376,0.0006111861078971729,raw_biopol,today
raw_biopol|repair|3D printing||power,manufacturing,eutrophication: marine,-0.0011662777216745802,0.00011633570735542117,8.633047403473549e-05,0.00015446897089312075,raw_biopol,today
raw_biopol|repair|3D printing||power,manufacturing,eutrophication: terrestrial,-0.0016124513556868383,0.0004835327069913707,0.0003533584199793387,0.0006495021732989279,raw_biopol,today
raw_biopol|repair|3D printing||power,manufacturing,human toxicity: carcinogenic,0.00043581397412861855,0.0006504062985233436,0.0005216334106267637,0.0008023606436921307,raw_biopol,today
raw_biopol|repair|3D printing||power,manufacturing,"human toxicity: carcinogenic, inorganics",-0.0007736678043489691,0.0005837390587580956,0.0004205785545563665,0.0007818072989157787,raw_biopol,today
raw_biopol|repair|3D printing||power,manufacturing,"human toxicity: carcinogenic, organics",0.0019878965388632104,0.0005781247065227648,0.0004949563277732646,0.0006768740473747891,raw_biopol,today
raw_biopol|repair|3D printing||power,manufacturing,human toxicity: non-carcinogenic,-0.00027338774497433584,0.0005527588777904562,0.0004172412867674518,0.0007205940593918756,raw_biopol,today
raw_biopol|repair|3D printing||power,manufacturing,"human toxicity: non-carcinogenic, inorganics",-0.00037875171539917423,0.0005418805683165808,0.00040567284334610003,0.0007107850710277446,raw_biopol,today
raw_biopol|repair|3D printing||power,manufacturing,"human toxicity: non-carcinogenic, organics",0.003397922184483472,0.0008550687114710068,0.0007212935648611378,0.001009820633576843,raw_biopol,today
raw_biopol|repair|3D printing||power,manufacturing,ionising radiation: human health,0.005680102029170501,0.0005362075035885225,0.0004213338689253768,0.0007080448308146521,raw_biopol,today
raw_biopol|repair|3D printing||power,manufacturing,land use,0.0005091026729095942,3.6154186890702194e-05,3.0437849652769467e-05,4.361523973744187e-05,raw_biopol,today
raw_biopol|repair|3D printing||power,manufacturing,material resources: metals/minerals,0.006982361952896136,0.0015599719368887181,0.0013167482563900398,0.0018395587067200807,raw_biopol,today
raw_biopol|repair|3D printing||power,manufacturing,ozone depletion,0.001775549340516568,0.0009541064911960102,0.0007980533439321216,0.0011857302319844944,raw_biopol,today
raw_biopol|repair|3D printing||power,manufacturing,particulate matter formation,0.0014007529718343592,0.0007242821849159454,0.0006011493641305725,0.0008602489007890498,raw_biopol,today
raw_biopol|repair|3D printing||power,manufacturing,photochemical oxidant formation: human health,-0.0014056217627557777,0.0006101417126696639,0.00045744531441485744,0.0008161787490605337,raw_biopol,today
raw_biopol|repair|3D printing||power,manufacturing,water use,0.003364223151395251,0.00036708802965212126,0.00030335565838044744,0.0004490700779208067,raw_biopol,today
raw_biopol|repair|3D printing||output rate,manufacturing,acidification,0.0004663600429839818,0.000468545136277683,0.0003139454027920347,0.0005803859581999701,raw_biopol,today
raw_biopol|repair|3D printing||output rate,manufacturing,climate change,0.0014558134189031889,0.0006962444719612739,0.0005399338480831882,0.0008138591565673832,raw_biopol,today
raw_biopol|repair|3D printing||output rate,manufacturing,climate change: biogenic,0.00043201616987015214,4.19664096978366e-05,3.161920815948503e-05,5.435938535892985e-05,raw_biopol,today
raw_biopol|repair|3D printing||output rate,manufacturing,climate change: fossil,0.0018205396843963895,0.0006520987121499142,0.0005055081910942361,0.0007629041177374919,raw_biopol,today
raw_biopol|repair|3D printing||output rate,manufacturing,climate change: land use and land use change,-3.9366810611901586e-05,0.0005294968095274265,0.0003479389917048662,0.0007948351433688942,raw_biopol,today
raw_biopol|repair|3D printing||output rate,manufacturing,ecotoxicity: freshwater,0.002973556115342698,0.0004539997076842797,0.0003546881166519153,0.0005487981696493014,raw_biopol,today
raw_biopol|repair|3D printing||output rate,manufacturing,"ecotoxicity: freshwater, inorganics",0.002755484413718712,0.0005588284205668403,0.0004337318724181079,0.0006759968292344783,raw_biopol,today
raw_biopol|repair|3D printing||output rate,manufacturing,"ecotoxicity: freshwater, organics",0.00020400896790551037,3.231813374508401e-06,2.8016272001717986e-06,3.817486943903365e-06,raw_biopol,today
raw_biopol|repair|3D printing||output rate,manufacturing,energy resources: non-renewable,0.0034892380249157426,0.0012391297947842114,0.001049652516356234,0.0014787549984841203,raw_biopol,today
raw_biopol|repair|3D printing||output rate,manufacturing,eutrophication: freshwater,0.000559323583552383,0.00047759936234742327,0.0003475942918860016,0.0006030652904990583,raw_biopol,today
raw_biopol|repair|3D printing||output rate,manufacturing,eutrophication: marine,0.0022727770167846107,0.00012961880752659826,9.532214738848399e-05,0.00016165643636412375,raw_biopol,today
raw_biopol|repair|3D printing||output rate,manufacturing,eutrophication: terrestrial,0.00253412146509211,0.0005311850297460381,0.00040111660045290525,0.0006338276568796948,raw_biopol,today
raw_biopol|repair|3D printing||output rate,manufacturing,human toxicity: carcinogenic,0.0041996051673356015,0.000768937938796564,0.0006364913010349561,0.0008965513008777986,raw_biopol,today
raw_biopol|repair|3D printing||output rate,manufacturing,"human toxicity: carcinogenic, inorganics",0.002617751042802733,0.0006969448586591563,0.0005268346855427533,0.0008320357629443554,raw_biopol,today
raw_biopol|repair|3D printing||output rate,manufacturing,"human toxicity: carcinogenic, organics",0.0036641383161110284,0.0006578368861889996,0.0005726557339773604,0.0007658940828831959,raw_biopol,today
raw_biopol|repair|3D printing||output rate,manufacturing,human toxicity: non-carcinogenic,0.003212544267945172,0.0006563667702979178,0.0005031120419007521,0.0007786007406669497,raw_biopol,today
raw_biopol|repair|3D printing||output rate,manufacturing,"human toxicity: non-carcinogenic, inorganics",0.003121749508666483,0.0006451482620388685,0.0004922967265126247,0.0007654047599983397,raw_biopol,today
raw_biopol|repair|3D printing||output rate,manufacturing,"human toxicity: non-carcinogenic, organics",0.004620058681687026,0.0009451536044695355,0.0008163859421322213,0.0010726943486426106,raw_biopol,today
raw_biopol|repair|3D printing||output rate,manufacturing,ionising radiation: human health,-0.0007343020229564856,0.000588512863934312,0.00041656027101609456,0.0007989982168988104,raw_biopol,today
raw_biopol|repair|3D printing||output rate,manufacturing,land use,0.0007876566016774809,3.600135482395796e-05,3.1285851233739125e-05,4.201833951632361e-05,raw_biopol,today
raw_biopol|repair|3D printing||output rate,manufacturing,material resources: metals/minerals,0.006551533346795968,0.0017506469439893331,0.0015159813571611603,0.0020588766761951466,raw_biopol,today
raw_biopol|repair|3D printing||output rate,manufacturing,ozone depletion,0.0017251483767225708,0.0009218983393022332,0.0007810073280653349,0.0011382960965760297,raw_biopol,today
raw_biopol|repair|3D printing||output rate,manufacturing,particulate matter formation,0.004644679036932532,0.0008619516318338184,0.0007235060640942363,0.0010136245371734542,raw_biopol,today
raw_biopol|repair|3D printing||output rate,manufacturing,photochemical oxidant formation: human health,0.0023537579283484465,0.0006470433460392538,0.0004987134916451792,0.000760353730712811,raw_biopol,today
raw_biopol|repair|3D printing||output rate,manufacturing,water use,0.001254698958308269,0.0003949239497326205,0.0003260785150043377,0.00047443151100234974,raw_biopol,today
raw_biopol|repair|3D printing||machine lifetime,manufacturing,acidification,-0.00017970827392131943,3.127001496796912e-07,2.3068717796263186e-07,4.121043002090246e-07,raw_biopol,today
raw_biopol|repair|3D printing||machine lifetime,manufacturing,climate change,-0.0002044404607466888,3.2081110128003216e-07,2.4309269783547294e-07,4.166772020649428e-07,raw_biopol,today
raw_biopol|repair|3D printing||machine lifetime,manufacturing,climate change: biogenic,-4.426325743094679e-05,3.2064967839935033e-09,2.4347278278837163e-09,4.028900227367739e-09,raw_biopol,today
raw_biopol|repair|3D printing||machine lifetime,manufacturing,climate change: fossil,-0.00021776206690434665,3.0018687256819206e-07,2.2736639447962907e-07,3.8966592352559787e-07,raw_biopol,today
raw_biopol|repair|3D printing||machine lifetime,manufacturing,climate change: land use and land use change,-0.00010050174039981288,8.150213613098508e-08,6.133270625353682e-08,1.040887485252186e-07,raw_biopol,today
raw_biopol|repair|3D printing||machine lifetime,manufacturing,ecotoxicity: freshwater,-0.0007884856469210576,1.835751309384256e-06,1.4091281241325697e-06,2.3459940154040454e-06,raw_biopol,today
raw_biopol|repair|3D printing||machine lifetime,manufacturing,"ecotoxicity: freshwater, inorganics",-0.0007858475154115583,2.207649254152661e-06,1.692150494707322e-06,2.8326827527123442e-06,raw_biopol,today
raw_biopol|repair|3D printing||machine lifetime,manufacturing,"ecotoxicity: freshwater, organics",-0.00014040233735461668,3.635391004436478e-08,2.8049366444731022e-08,4.576239659144708e-08,raw_biopol,today
raw_biopol|repair|3D printing||machine lifetime,manufacturing,energy resources: non-renewable,-0.0003043829928344307,2.6012972752592334e-07,1.9743377032806344e-07,3.3443795190411995e-07,raw_biopol,today
raw_biopol|repair|3D printing||machine lifetime,manufacturing,eutrophication: freshwater,-0.00010678641761526689,1.1050457412640386e-07,8.395460313102868e-08,1.4328124329019143e-07,raw_biopol,today
raw_biopol|repair|3D printing||machine lifetime,manufacturing,eutrophication: marine,-0.00020855655724365927,9.156886809702792e-08,6.987104646076214e-08,1.152291256655987e-07,raw_biopol,today
raw_biopol|repair|3D printing||machine lifetime,manufacturing,eutrophication: terrestrial,-0.0003781162193155906,5.572294439266983e-07,4.2372304002117937e-07,7.260369600436633e-07,raw_biopol,today
raw_biopol|repair|3D printing||machine lifetime,manufacturing,human toxicity: carcinogenic,-0.0019932666672601755,9.946173762800467e-06,7.652508061672268e-06,1.2431897998628845e-05,raw_biopol,today
raw_biopol|repair|3D printing||machine lifetime,manufacturing,"human toxicity: carcinogenic, inorganics",-0.001052975348170474,4.333493943859617e-06,3.2782014530362745e-06,5.621438774588907e-06,raw_biopol,today
raw_biopol|repair|3D printing||machine lifetime,manufacturing,"human toxicity: carcinogenic, organics",-0.002818572168677872,1.694960312019764e-05,1.3217131981268734e-05,2.1554078839472532e-05,raw_biopol,today
raw_biopol|repair|3D printing||machine lifetime,manufacturing,human toxicity: non-carcinogenic,-0.001207589856747466,4.40194402568384e-06,3.3803929716597314e-06,5.6251916090793165e-06,raw_biopol,today
raw_biopol|repair|3D printing||machine lifetime,manufacturing,"human toxicity: non-carcinogenic, inorganics",-0.0011773100964137797,4.283065049341704e-06,3.280950193713926e-06,5.481720012745392e-06,raw_biopol,today
raw_biopol|repair|3D printing||machine lifetime,manufacturing,"human toxicity: non-carcinogenic, organics",-0.001902398729791652,7.2546507681534564e-06,5.5293027578492305e-06,9.19136904205459e-06,raw_biopol,today
raw_biopol|repair|3D printing||machine lifetime,manufacturing,ionising radiation: human health,-1.3129463608286988e-05,1.9008109878998317e-09,1.4065353953133834e-09,2.419448087892994e-09,raw_biopol,today
raw_biopol|repair|3D printing||machine lifetime,manufacturing,land use,-9.631226749586756e-05,1.7161920259026192e-08,1.325321062604515e-08,2.1587368683173677e-08,raw_biopol,today
raw_biopol|repair|3D printing||machine lifetime,manufacturing,material resources: metals/minerals,-0.0029419176440651455,1.769469012325482e-05,1.387887950835593e-05,2.1940291261610154e-05,raw_biopol,today
raw_biopol|repair|3D printing||machine lifetime,manufacturing,ozone depletion,-0.00014814765336531183,1.0035092244392527e-07,7.851171360036331e-08,1.2971290684654142e-07,raw_biopol,today
raw_biopol|repair|3D printing||machine lifetime,manufacturing,particulate matter formation,-0.0024528325665040406,1.3455291588778258e-05,1.0346291722985909e-05,1.6909782691365357e-05,raw_biopol,today
raw_biopol|repair|3D printing||machine lifetime,manufacturing,photochemical oxidant formation: human health,-0.0004140833061869191,8.350636026224084e-07,6.369252699390533e-07,1.0896336990260891e-06,raw_biopol,today
raw_biopol|repair|3D printing||machine lifetime,manufacturing,water use,-0.0004447658636632691,4.1873720353143294e-07,3.2971859382744155e-07,5.294242952230024e-07,raw_biopol,today
raw_biopol|repair|3D printing||process yield,manufacturing,acidification,0.001832302354769186,0.0005376986249042659,0.0003908080024777927,0.0007286581664085068,raw_biopol,today
raw_biopol|repair|3D printing||process yield,manufacturing,climate change,0.0032065411474678017,0.0005992686735749391,0.0004659109021503652,0.0007624457030364372,raw_biopol,today
raw_biopol|repair|3D printing||process yield,manufacturing,climate change: biogenic,0.004920455696259114,7.550397499231357e-05,5.689994376770501e-05,9.856927284701017e-05,raw_biopol,today
raw_biopol|repair|3D printing||process yield,manufacturing,climate change: fossil,0.0040741988000599265,0.0006276540571235108,0.0004888923226218636,0.0007889325474363922,raw_biopol,today
raw_biopol|repair|3D printing||process yield,manufacturing,climate change: land use and land use change,0.001565984064200217,0.00046185111064329075,0.00034710360252586473,0.0006003428384232967,raw_biopol,today
raw_biopol|repair|3D printing||process yield,manufacturing,ecotoxicity: freshwater,0.010846190692378558,0.0011627737676085284,0.0009356429150913392,0.0014114868288222812,raw_biopol,today
raw_biopol|repair|3D printing||process yield,manufacturing,"ecotoxicity: freshwater, inorganics",0.00823580482357425,0.0008977335890760858,0.0007147642581041633,0.0011166798101304126,raw_biopol,today
raw_biopol|repair|3D printing||process yield,manufacturing,"ecotoxicity: freshwater, organics",0.020364916138925205,0.0026568350926529337,0.0022627305938710185,0.003089789918054823,raw_biopol,today
raw_biopol|repair|3D printing||process yield,manufacturing,energy resources: non-renewable,0.008036868507736647,0.001129472931195239,0.0009527519703123626,0.001371383333028068,raw_biopol,today
raw_biopol|repair|3D printing||process yield,manufacturing,eutrophication: freshwater,0.001981405021721408,0.00040029780334108623,0.0002955537957424265,0.0005299182624920385,raw_biopol,today
raw_biopol|repair|3D printing||process yield,manufacturing,eutrophication: marine,0.019721688885225457,0.0026580455811345658,0.002231068720268657,0.003181840332901562,raw_biopol,today
raw_biopol|repair|3D printing||process yield,manufacturing,eutrophication: terrestrial,0.011179146985852645,0.001789092061877071,0.001439379273471722,0.0021401213801170707,raw_biopol,today
raw_biopol|repair|3D printing||process yield,manufacturing,human toxicity: carcinogenic,0.011839722861892155,0.0013159561016639605,0.0010799666128470003,0.0015712433577921737,raw_biopol,today
raw_biopol|repair|3D printing||process yield,manufacturing,"human toxicity: carcinogenic, inorganics",0.006399804756491424,0.0007512514636131171,0.0005926594001503089,0.0009239319018166404,raw_biopol,today
raw_biopol|repair|3D printing||process yield,manufacturing,"human toxicity: carcinogenic, organics",0.014846603462839048,0.001880441570450455,0.0016090427455801141,0.0021976080395360357,raw_biopol,today
raw_biopol|repair|3D printing||process yield,manufacturing,human toxicity: non-carcinogenic,0.009197569927308137,0.0010056827975526079,0.000815438541917683,0.0012248654426550017,raw_biopol,today
raw_biopol|repair|3D printing||process yield,manufacturing,"human toxicity: non-carcinogenic, inorganics",0.00890564479659651,0.0009805256306761605,0.000793538789692573,0.0011966075056741936,raw_biopol,today
raw_biopol|repair|3D printing||process yield,manufacturing,"human toxicity: non-carcinogenic, organics",0.015874683627860944,0.001645308305121987,0.0013938596969048649,0.0019580765696799837,raw_biopol,today
raw_biopol|repair|3D printing||process yield,manufacturing,ionising radiation: human health,-0.0004282648653543453,0.0003839105308644208,0.0002844747837402496,0.0005201164609103091,raw_biopol,today
raw_biopol|repair|3D printing||process yield,manufacturing,land use,0.020846818070611672,0.002635876541061799,0.0022516769111857117,0.0030583277300878426,raw_biopol,today
raw_biopol|repair|3D printing||process yield,manufacturing,material resources: metals/minerals,0.015519203112529875,0.0014943718827271908,0.0012616257214988537,0.0017348544087081837,raw_biopol,today
raw_biopol|repair|3D printing||process yield,manufacturing,ozone depletion,0.008972509696139988,0.0011828048286480985,0.001010147382744275,0.001423959948217068,raw_biopol,today
raw_biopol|repair|3D printing||process yield,manufacturing,particulate matter formation,0.01787149716030704,0.002434450446633724,0.0020632064225892493,0.0028896154962626663,raw_biopol,today
raw_biopol|repair|3D printing||process yield,manufacturing,photochemical oxidant formation: human health,0.005294179394069591,0.0008694577162562833,0.0006982264232695076,0.0010837992771487376,raw_biopol,today
raw_biopol|repair|3D printing||process yield,manufacturing,water use,0.016772994268965943,0.00187027836454245,0.0016036395464241412,0.002201608670820631,raw_biopol,today
raw_biopol|repair|3D printing||machine source,manufacturing,acidification,0.0007804657992769093,2.2316734238935332e-05,1.8273191171173356e-05,2.713429885117742e-05,raw_biopol,today
raw_biopol|repair|3D printing||machine source,manufacturing,climate change,0.0008586336009623437,2.2848041874837415e-05,1.8944330080070207e-05,2.7394011566107246e-05,raw_biopol,today
raw_biopol|repair|3D printing||machine source,manufacturing,climate change: biogenic,0.00014406967482801438,2.294014227801425e-07,1.9731820702366195e-07,2.6447505459423104e-07,raw_biopol,today
raw_biopol|repair|3D printing||machine source,manufacturing,climate change: fossil,0.0009084994057420698,2.137890707158786e-05,1.7779037722016022e-05,2.5627342341407162e-05,raw_biopol,today
raw_biopol|repair|3D printing||machine source,manufacturing,climate change: land use and land use change,0.0002527996714010467,5.833265493987032e-06,5.068247039478733e-06,6.75352505838722e-06,raw_biopol,today
raw_biopol|repair|3D printing||machine source,manufacturing,ecotoxicity: freshwater,0.0029916365115621704,0.00013135870139312228,0.00010947890857901348,0.00015644371665946802,raw_biopol,today
raw_biopol|repair|3D printing||machine source,manufacturing,"ecotoxicity: freshwater, inorganics",0.003011514971671538,0.00015797565812707595,0.00013107340778841718,0.0001890270337078969,raw_biopol,today
raw_biopol|repair|3D printing||machine source,manufacturing,"ecotoxicity: freshwater, organics",0.0005091909597575872,2.5971150818999903e-06,2.2567660318346687e-06,2.9623218073685635e-06,raw_biopol,today
raw_biopol|repair|3D printing||machine source,manufacturing,energy resources: non-renewable,0.0010130975343034107,1.8490181573728273e-05,1.606090398034779e-05,2.1342399565022036e-05,raw_biopol,today
raw_biopol|repair|3D printing||machine source,manufacturing,eutrophication: freshwater,0.0003664287238613823,7.912765520765213e-06,6.676767043950814e-06,9.339208257169845e-06,raw_biopol,today
raw_biopol|repair|3D printing||machine source,manufacturing,eutrophication: marine,0.0007757459818276457,6.4944200911250044e-06,5.549763069785976e-06,7.523479102545185e-06,raw_biopol,today
raw_biopol|repair|3D printing||machine source,manufacturing,eutrophication: terrestrial,0.0015756528597556932,3.9516341353428026e-05,3.300330981638247e-05,4.639816985882351e-05,raw_biopol,today
raw_biopol|repair|3D printing||machine source,manufacturing,human toxicity: carcinogenic,0.00799432974678878,0.0007118291881201482,0.0006021468661802873,0.0008334063050375907,raw_biopol,today
raw_biopol|repair|3D printing||machine source,manufacturing,"human toxicity: carcinogenic, inorganics",0.00415364438421905,0.00031027478605042406,0.0002557279863960716,0.00037217189932368884,raw_biopol,today
raw_biopol|repair|3D printing||machine source,manufacturing,"human toxicity: carcinogenic, organics",0.011522969099233778,0.001212629627259255,0.0010240133224658544,0.0013945177978418593,raw_biopol,today
raw_biopol|repair|3D printing||machine source,manufacturing,human toxicity: non-carcinogenic,0.00477669844291162,0.00031506247836634183,0.0002639685661312514,0.0003732595850260127,raw_biopol,today
raw_biopol|repair|3D printing||machine source,manufacturing,"human toxicity: non-carcinogenic, inorganics",0.004659038091557118,0.00030659344567638466,0.00025636585718940934,0.0003632974139424702,raw_biopol,today
raw_biopol|repair|3D printing||machine source,manufacturing,"human toxicity: non-carcinogenic, organics",0.0074455601751175675,0.0005177503098127909,0.00044842086369668155,0.000596960996342627,raw_biopol,today
raw_biopol|repair|3D printing||machine source,manufacturing,ionising radiation: human health,2.5657119787017757e-05,1.358474367016695e-07,1.1714181218026673e-07,1.600968873584207e-07,raw_biopol,today
raw_biopol|repair|3D printing||machine source,manufacturing,land use,0.0003518968904505752,1.211207914137984e-06,1.0555437892414444e-06,1.3826333113543778e-06,raw_biopol,today
raw_biopol|repair|3D printing||machine source,manufacturing,material resources: metals/minerals,0.011792780678296973,0.0012672887515547413,0.0010841576365500881,0.0014876463831112032,raw_biopol,today
raw_biopol|repair|3D printing||machine source,manufacturing,ozone depletion,0.0006765331241845693,7.055699932459748e-06,6.137191670607714e-06,8.213456682064167e-06,raw_biopol,today
raw_biopol|repair|3D printing||machine source,manufacturing,particulate matter formation,0.010102713182355293,0.0009581557802841307,0.0008208057539041989,0.0011105047938200809,raw_biopol,today
raw_biopol|repair|3D printing||machine source,manufacturing,photochemical oxidant formation: human health,0.001750871372250325,5.918514697930256e-05,4.944684681582879e-05,7.027514606623424e-05,raw_biopol,today
raw_biopol|repair|3D printing||machine source,manufacturing,water use,0.0016773146560289335,2.9975621230516983e-05,2.6092359478072482e-05,3.434107352958917e-05,raw_biopol,today
raw_biopol|use|product||expected lifetime,circularity,acidification,0.014976241150705182,0.004721107345631641,0.0035919799773146905,0.006061303675983815,raw_biopol,today
raw_biopol|use|product||expected lifetime,circularity,climate change,0.022882960545934538,0.007197961563123025,0.005669245564949087,0.008643951394306184,raw_biopol,today
raw_biopol|use|product||expected lifetime,circularity,climate change: biogenic,0.09996591109150113,0.020805406746853806,0.018090177184350794,0.024084430481827578,raw_biopol,today
raw_biopol|use|product||expected lifetime,circularity,climate change: fossil,0.022886053140099706,0.006530074277420817,0.005153709140087747,0.007875322877522883,raw_biopol,today
raw_biopol|use|product||expected lifetime,circularity,climate change: land use and land use change,0.016107392207041573,0.004554143566974307,0.003786497136361574,0.005571963568953611,raw_biopol,today
raw_biopol|use|product||expected lifetime,circularity,ecotoxicity: freshwater,0.04757259142738781,0.011858822618652594,0.009619194942560055,0.014084203351901992,raw_biopol,today
raw_biopol|use|product||expected lifetime,circularity,"ecotoxicity: freshwater, inorganics",0.03844777625193549,0.009846046975599453,0.007861550983472371,0.01179106748579061,raw_biopol,today
raw_biopol|use|product||expected lifetime,circularity,"ecotoxicity: freshwater, organics",0.08289728556403914,0.019403297835912273,0.016564936869869245,0.022530545498834077,raw_biopol,today
raw_biopol|use|product||expected lifetime,circularity,energy resources: non-renewable,0.05002377656978138,0.013398473729794861,0.011229420697927409,0.015601128606544444,raw_biopol,today
raw_biopol|use|product||expected lifetime,circularity,eutrophication: freshwater,0.010459008515782233,0.0036008435093556183,0.0027175185100987743,0.004469217139829086,raw_biopol,today
raw_biopol|use|product||expected lifetime,circularity,eutrophication: marine,0.07056896247229136,0.016988990224778316,0.014173446789955683,0.019812817427703393,raw_biopol,today
raw_biopol|use|product||expected lifetime,circularity,eutrophication: terrestrial,0.03962355761597279,0.010273183641685307,0.0082001645557807,0.012284826379203901,raw_biopol,today
raw_biopol|use|product||expected lifetime,circularity,human toxicity: carcinogenic,0.06076586626594709,0.014620690879611774,0.012075614342962917,0.01729456163897029,raw_biopol,today
raw_biopol|use|product||expected lifetime,circularity,"human toxicity: carcinogenic, inorganics",0.03565670033220812,0.009270124042240313,0.007346530592252983,0.011185121896846131,raw_biopol,today
raw_biopol|use|product||expected lifetime,circularity,"human toxicity: carcinogenic, organics",0.07888268167580463,0.017978500793345172,0.015293808220387216,0.020927603104158345,raw_biopol,today
raw_biopol|use|product||expected lifetime,circularity,human toxicity: non-carcinogenic,0.04812110864981017,0.012037643830962863,0.00971241346526805,0.014415270239838388,raw_biopol,today
raw_biopol|use|product||expected lifetime,circularity,"human toxicity: non-carcinogenic, inorganics",0.04678732923703668,0.011758566647271167,0.009468187165255923,0.014103253076888802,raw_biopol,today
raw_biopol|use|product||expected lifetime,circularity,"human toxicity: non-carcinogenic, organics",0.0806061874972654,0.01846635530438781,0.015588120838428187,0.02137580350044473,raw_biopol,today
raw_biopol|use|product||expected lifetime,circularity,ionising radiation: human health,0.011872196181568272,0.003712992688178277,0.0029839989016424455,0.004566272452588632,raw_biopol,today
raw_biopol|use|product||expected lifetime,circularity,land use,0.08400751116615583,0.019477588052396848,0.0166678529203086,0.02261132961644043,raw_biopol,today
raw_biopol|use|product||expected lifetime,circularity,material resources: metals/minerals,0.08144143332420753,0.018052196330726588,0.015405510769860875,0.021201205106331538,raw_biopol,today
raw_biopol|use|product||expected lifetime,circularity,ozone depletion,0.044886870505894495,0.01083803440115265,0.009085234332645775,0.012959600656391825,raw_biopol,today
raw_biopol|use|product||expected lifetime,circularity,particulate matter formation,0.0710507663769206,0.01681169479634245,0.014039058089447436,0.01948167850058345,raw_biopol,today
raw_biopol|use|product||expected lifetime,circularity,photochemical oxidant formation: human health,0.03321209377510892,0.00880084651401548,0.0069431411718791965,0.010679100236378266,raw_biopol,today
raw_biopol|use|product||expected lifetime,circularity,water use,0.0773120309889188,0.017734767647223735,0.014916373668328452,0.02101640507762822,raw_biopol,today
raw_biopol|use|product||lifetime extension per repair,circularity,acidification,0.0008169684808969578,0.009840651215785057,0.00741641320071133,0.012550626587962046,raw_biopol,today
raw_biopol|use|product||lifetime extension per repair,circularity,climate change,-0.00376695041906727,0.015457485363809871,0.012176901684512211,0.018971768959357854,raw_biopol,today
raw_biopol|use|product||lifetime extension per repair,circularity,climate change: biogenic,-0.03672581285047543,0.043485021759483135,0.03756042117997697,0.05143300232529686,raw_biopol,today
raw_biopol|use|product||lifetime extension per repair,circularity,climate change: fossil,-0.004744243791336184,0.013510259708158612,0.010671325582048207,0.01663140298440174,raw_biopol,today
raw_biopol|use|product||lifetime extension per repair,circularity,climate change: land use and land use change,-0.00027955246658161907,0.010108296371319995,0.008054837117178403,0.012147221751197871,raw_biopol,today
raw_biopol|use|product||lifetime extension per repair,circularity,ecotoxicity: freshwater,-0.010574467354907484,0.02505332941887698,0.020225861027570922,0.030743171266437278,raw_biopol,today
raw_biopol|use|product||lifetime extension per repair,circularity,"ecotoxicity: freshwater, inorganics",-0.008735914674052376,0.02068262094413879,0.016590862177069402,0.025337085438650597,raw_biopol,today
raw_biopol|use|product||lifetime extension per repair,circularity,"ecotoxicity: freshwater, organics",-0.013841558343890207,0.04212990391814879,0.03631276525231253,0.049604747192340815,raw_biopol,today
raw_biopol|use|product||lifetime extension per repair,circularity,energy resources: non-renewable,-0.01850590190560043,0.028560481668781147,0.023203803891864872,0.034987666970736124,raw_biopol,today
raw_biopol|use|product||lifetime extension per repair,circularity,eutrophication: freshwater,-0.0018259625633231652,0.007468272704572402,0.0057498618120732205,0.009398941909335103,raw_biopol,today
raw_biopol|use|product||lifetime extension per repair,circularity,eutrophication: marine,-0.013133556573980028,0.03645025221954216,0.0304869019654515,0.04376590923838043,raw_biopol,today
raw_biopol|use|product||lifetime extension per repair,circularity,eutrophication: terrestrial,-0.007023339283030449,0.02162304710004798,0.017069349708786836,0.026295683571066392,raw_biopol,today
raw_biopol|use|product||lifetime extension per repair,circularity,human toxicity: carcinogenic,-0.013257799795103983,0.03105698420207199,0.025443252048103885,0.03761209403511232,raw_biopol,today
raw_biopol|use|product||lifetime extension per repair,circularity,"human toxicity: carcinogenic, inorganics",-0.006671039214661414,0.019474400893123595,0.015358355793708115,0.023793782477051977,raw_biopol,today
raw_biopol|use|product||lifetime extension per repair,circularity,"human toxicity: carcinogenic, organics",-0.01721834213322583,0.03872489607761124,0.033137769216891745,0.045602168184352095,raw_biopol,today
raw_biopol|use|product||lifetime extension per repair,circularity,human toxicity: non-carcinogenic,-0.010096163363082,0.025421066261200137,0.020315763726116782,0.03092374513418215,raw_biopol,today
raw_biopol|use|product||lifetime extension per repair,circularity,"human toxicity: non-carcinogenic, inorganics",-0.009698917638993445,0.024824347278746547,0.019795586560575916,0.030186734501220704,raw_biopol,today
raw_biopol|use|product||lifetime extension per repair,circularity,"human toxicity: non-carcinogenic, organics",-0.019337820963286255,0.03932738737861188,0.033617724447291476,0.04594187538638313,raw_biopol,today
raw_biopol|use|product||lifetime extension per repair,circularity,ionising radiation: human health,-0.007871887446259895,0.008750710108258241,0.006582813795623537,0.01158506543530901,raw_biopol,today
raw_biopol|use|product||lifetime extension per repair,circularity,land use,-0.014596941894820468,0.04211049369523725,0.036172064314028377,0.04912181878245995,raw_biopol,today
raw_biopol|use|product||lifetime extension per repair,circularity,material resources: metals/minerals,-0.02481327216057449,0.03857070618960932,0.033287814723019955,0.045588218756341975,raw_biopol,today
raw_biopol|use|product||lifetime extension per repair,circularity,ozone depletion,-0.010494472533130633,0.022435545183935826,0.019607033863495965,0.025875047692529553,raw_biopol,today
raw_biopol|use|product||lifetime extension per repair,circularity,particulate matter formation,-0.01766751229556355,0.035905221347862,0.030100266983653402,0.042857948526627006,raw_biopol,today
raw_biopol|use|product||lifetime extension per repair,circularity,photochemical oxidant formation: human health,-0.00430371285762139,0.018381944276156862,0.014430450244743591,0.022611651124228645,raw_biopol,today
raw_biopol|use|product||lifetime extension per repair,circularity,water use,-0.009712552867483458,0.03796814660950743,0.03236943040890256,0.04505917593317136,raw_biopol,today
raw_biopol|use|product||number of repair events,circularity,acidification,0.021983611796449636,0.019480065806434473,0.014343788736629386,0.024824125114775185,raw_biopol,today
raw_biopol|use|product||number of repair events,circularity,climate change,0.03972968063399335,0.03511860178281265,0.027610871368463623,0.04288820524902018,raw_biopol,today
raw_biopol|use|product||number of repair events,circularity,climate change: biogenic,0.12170004200746619,0.07132120059250235,0.06093132464945752,0.08407652396501729,raw_biopol,today
raw_biopol|use|product||number of repair events,circularity,climate change: fossil,0.03672689506370032,0.029775202673832137,0.02364739298102666,0.03657021558030061,raw_biopol,today
raw_biopol|use|product||number of repair events,circularity,climate change: land use and land use change,0.047580971405492715,0.03017820780829677,0.02350202497701496,0.03979139364937517,raw_biopol,today
raw_biopol|use|product||number of repair events,circularity,ecotoxicity: freshwater,0.0830730419177781,0.05057097228308856,0.041172110898329235,0.06230321688925163,raw_biopol,today
raw_biopol|use|product||number of repair events,circularity,"ecotoxicity: freshwater, inorganics",0.0677988427854142,0.04280157437664422,0.03489785706590744,0.05256521509164264,raw_biopol,today
raw_biopol|use|product||number of repair events,circularity,"ecotoxicity: freshwater, organics",0.13861734112530455,0.07865797899855148,0.0662586265129127,0.09248435901710905,raw_biopol,today
raw_biopol|use|product||number of repair events,circularity,energy resources: non-renewable,0.09479042746725704,0.06360716515014032,0.05235662602248447,0.07477751953113292,raw_biopol,today
raw_biopol|use|product||number of repair events,circularity,eutrophication: freshwater,0.01868203455203634,0.01737760499171785,0.013806873037242364,0.0217124638798454,raw_biopol,today
raw_biopol|use|product||number of repair events,circularity,eutrophication: marine,0.10910879027459255,0.06109018385720347,0.050383073861769684,0.07267369090731891,raw_biopol,today
raw_biopol|use|product||number of repair events,circularity,eutrophication: terrestrial,0.0544325203116929,0.03370660416390894,0.02694457342834901,0.04175195847037798,raw_biopol,today
raw_biopol|use|product||number of repair events,circularity,human toxicity: carcinogenic,0.11501292137243728,0.0682402324784477,0.05582797285672904,0.08223911670281278,raw_biopol,today
raw_biopol|use|product||number of repair events,circularity,"human toxicity: carcinogenic, inorganics",0.06981609101371031,0.04329197145716598,0.03530200517525577,0.05285087861507843,raw_biopol,today
raw_biopol|use|product||number of repair events,circularity,"human toxicity: carcinogenic, organics",0.1421270908668037,0.08562677599791889,0.0724280660182212,0.10146952925076914,raw_biopol,today
raw_biopol|use|product||number of repair events,circularity,human toxicity: non-carcinogenic,0.09538371335899949,0.05574209090085718,0.04532307709664897,0.06741036268483601,raw_biopol,today
raw_biopol|use|product||number of repair events,circularity,"human toxicity: non-carcinogenic, inorganics",0.09307521925449166,0.05447147779304431,0.04428187750319952,0.06601338149506422,raw_biopol,today
raw_biopol|use|product||number of repair events,circularity,"human toxicity: non-carcinogenic, organics",0.14629950114252774,0.08577440271570226,0.07194302388359557,0.10154570433647461,raw_biopol,today
raw_biopol|use|product||number of repair events,circularity,ionising radiation: human health,0.028176636551380668,0.022607101538482288,0.017110952093167636,0.029487750564596855,raw_biopol,today
raw_biopol|use|product||number of repair events,circularity,land use,0.14107976018979831,0.07956333385205226,0.06703832487377794,0.0943430668526645,raw_biopol,today
raw_biopol|use|product||number of repair events,circularity,material resources: metals/minerals,0.15689996161418468,0.09158606150963959,0.07736955384134797,0.10819126440580516,raw_biopol,today
raw_biopol|use|product||number of repair events,circularity,ozone depletion,0.06636644061124089,0.053749618134426316,0.04453183692358815,0.06666122582996883,raw_biopol,today
raw_biopol|use|product||number of repair events,circularity,particulate matter formation,0.1130293959005426,0.06430858061626417,0.05298083386478997,0.0758572344588207,raw_biopol,today
raw_biopol|use|product||number of repair events,circularity,photochemical oxidant formation: human health,0.052827214925191844,0.03880145196742544,0.030379059723783023,0.046945392263370446,raw_biopol,today
raw_biopol|use|product||number of repair events,circularity,water use,0.13534519155904573,0.0778323342453274,0.06507091586263598,0.09300935075560188,raw_biopol,today
raw_biopol|repair|repair material||share of product mass per repair,circularity,acidification,-0.007432696662494332,0.0010271096431380294,0.0007123335204142558,0.0013627782654966317,raw_biopol,today
raw_biopol|repair|repair material||share of product mass per repair,circularity,climate change,-0.007430211951330037,0.0010405564536396731,0.0008015883256506655,0.0013383139463737433,raw_biopol,today
raw_biopol|repair|repair material||share of product mass per repair,circularity,climate change: biogenic,-0.034985370017108955,0.006661248296725457,0.00582705216107787,0.007734240962593359,raw_biopol,today
raw_biopol|repair|repair material||share of product mass per repair,circularity,climate change: fossil,-0.008370202877733117,0.0010518645449088893,0.0008176781282805252,0.001345214361722635,raw_biopol,today
raw_biopol|repair|repair material||share of product mass per repair,circularity,climate change: land use and land use change,-0.0064805865849663314,0.0009333693263001646,0.0007094066993986447,0.0012114633849672892,raw_biopol,today
raw_biopol|repair|repair material||share of product mass per repair,circularity,ecotoxicity: freshwater,-0.0179950602257613,0.002191660525032457,0.0017812337680976657,0.002610773865727033,raw_biopol,today
raw_biopol|repair|repair material||share of product mass per repair,circularity,"ecotoxicity: freshwater, inorganics",-0.014535393648731763,0.0017450065169594892,0.001411394591165912,0.002145515137402997,raw_biopol,today
raw_biopol|repair|repair material||share of product mass per repair,circularity,"ecotoxicity: freshwater, organics",-0.030688694823933323,0.0044757111563697395,0.00386895659261064,0.005174419405335271,raw_biopol,today
raw_biopol|repair|repair material||share of product mass per repair,circularity,energy resources: non-renewable,-0.02147282653753213,0.0017983844656564516,0.0014992179173803403,0.002098584654134381,raw_biopol,today
raw_biopol|repair|repair material||share of product mass per repair,circularity,eutrophication: freshwater,-0.0038263288088644263,0.0006952047236353818,0.0005114468050838616,0.0009075249913532347,raw_biopol,today
raw_biopol|repair|repair material||share of product mass per repair,circularity,eutrophication: marine,-0.03054132726645979,0.004574204696849785,0.003893660798017467,0.005356324386086265,raw_biopol,today
raw_biopol|repair|repair material||share of product mass per repair,circularity,eutrophication: terrestrial,-0.020293558782178138,0.0031199158663956575,0.002509371299565984,0.003780385492477745,raw_biopol,today
raw_biopol|repair|repair material||share of product mass per repair,circularity,human toxicity: carcinogenic,-0.021168487824071963,0.0021944637190450507,0.001804040712653537,0.002604908752524966,raw_biopol,today
raw_biopol|repair|repair material||share of product mass per repair,circularity,"human toxicity: carcinogenic, inorganics",-0.013240950619801732,0.0013523564532150326,0.0010635378025556832,0.0016822363678546648,raw_biopol,today
raw_biopol|repair|repair material||share of product mass per repair,circularity,"human toxicity: carcinogenic, organics",-0.025003068308450737,0.0029249720471950865,0.002473045566801902,0.003398867654715176,raw_biopol,today
raw_biopol|repair|repair material||share of product mass per repair,circularity,human toxicity: non-carcinogenic,-0.017577841921550583,0.001764520170196876,0.0014125693904226428,0.002115776803373884,raw_biopol,today
raw_biopol|repair|repair material||share of product mass per repair,circularity,"human toxicity: non-carcinogenic, inorganics",-0.01714325965406993,0.0017210903980222827,0.001375639226887752,0.00206618693447484,raw_biopol,today
raw_biopol|repair|repair material||share of product mass per repair,circularity,"human toxicity: non-carcinogenic, organics",-0.027242483756845605,0.002884193425393099,0.0024982469328803897,0.003315800563803215,raw_biopol,today
raw_biopol|repair|repair material||share of product mass per repair,circularity,ionising radiation: human health,-0.00605911836946982,0.0006822457235331793,0.0004906216185817259,0.0008894085507994818,raw_biopol,today
raw_biopol|repair|repair material||share of product mass per repair,circularity,land use,-0.030802727891378036,0.004340847348166442,0.003737072907622031,0.005020569712422485,raw_biopol,today
raw_biopol|repair|repair material||share of product mass per repair,circularity,material resources: metals/minerals,-0.02412701306947932,0.0023455681610026666,0.00201049166354871,0.0026779589935499106,raw_biopol,today
raw_biopol|repair|repair material||share of product mass per repair,circularity,ozone depletion,-0.012059356424081055,0.0016355737372597122,0.0013429068077932265,0.002000150628968609,raw_biopol,today
raw_biopol|repair|repair material||share of product mass per repair,circularity,particulate matter formation,-0.030761136836516486,0.004073563597370696,0.0034927645875223127,0.004734719157964079,raw_biopol,today
raw_biopol|repair|repair material||share of product mass per repair,circularity,photochemical oxidant formation: human health,-0.012909125958333286,0.0014978456641748042,0.0011411783037937715,0.0018477033303954966,raw_biopol,today
raw_biopol|repair|repair material||share of product mass per repair,circularity,water use,-0.02982031419706808,0.0032143047865256804,0.0027688069981502885,0.0037199075790987357,raw_biopol,today
raw_biopol|end-of-life|waste|composted|share of waste,circularity,acidification,0.00015954020198474968,1.1211291029119994e-06,8.778532998618797e-07,1.372546423553149e-06,raw_biopol,today
raw_biopol|end-of-life|waste|composted|share of waste,circularity,climate change,6.0481960161751145e-05,4.4188712245388386e-07,3.462478874364366e-07,5.402851659444319e-07,raw_biopol,today
raw_biopol|end-of-life|waste|composted|share of waste,circularity,climate change: biogenic,-0.02031064206477663,0.006671703646788359,0.005691216299335479,0.007919083208622533,raw_biopol,today
raw_biopol|end-of-life|waste|composted|share of waste,circularity,climate change: fossil,0.00018101946122415775,1.4843035665068793e-06,1.2001111975680792e-06,1.7618242078419832e-06,raw_biopol,today
raw_biopol|end-of-life|waste|composted|share of waste,circularity,climate change: land use and land use change,1.2691423582362846e-05,5.032549764477939e-07,3.767796272524763e-07,6.700716229787916e-07,raw_biopol,today
raw_biopol|end-of-life|waste|composted|share of waste,circularity,ecotoxicity: freshwater,0.0006392657887685848,6.910881139303925e-06,5.788434170993362e-06,8.14397556850429e-06,raw_biopol,today
raw_biopol|end-of-life|waste|composted|share of waste,circularity,"ecotoxicity: freshwater, inorganics",0.0006662233203008201,8.584715423217761e-06,7.162757218393872e-06,1.0100302295892016e-05,raw_biopol,today
raw_biopol|end-of-life|waste|composted|share of waste,circularity,"ecotoxicity: freshwater, organics",2.0956209618068726e-05,8.311268851033152e-09,7.011706762317129e-09,9.91610369011847e-09,raw_biopol,today
raw_biopol|end-of-life|waste|composted|share of waste,circularity,energy resources: non-renewable,0.0006323641887831678,3.5142060005942566e-06,2.9807163513226283e-06,4.196532250786036e-06,raw_biopol,today
raw_biopol|end-of-life|waste|composted|share of waste,circularity,eutrophication: freshwater,4.87943344928283e-06,2.0238276948453453e-07,1.5013432531754019e-07,2.58850979254773e-07,raw_biopol,today
raw_biopol|end-of-life|waste|composted|share of waste,circularity,eutrophication: marine,-0.000137053121614973,2.2370790026446292e-07,1.8488014081754562e-07,2.6644000719491045e-07,raw_biopol,today
raw_biopol|end-of-life|waste|composted|share of waste,circularity,eutrophication: terrestrial,0.0005535348468871575,7.157710267152088e-06,5.86321964823546e-06,8.510371118689361e-06,raw_biopol,today
raw_biopol|end-of-life|waste|composted|share of waste,circularity,human toxicity: carcinogenic,0.0002441858872672392,9.663244802791724e-07,8.118790727063682e-07,1.1543638051550564e-06,raw_biopol,today
raw_biopol|end-of-life|waste|composted|share of waste,circularity,"human toxicity: carcinogenic, inorganics",-1.118859013372283e-05,1.0141543425634919e-07,7.10524355603567e-08,1.3571866233269084e-07,raw_biopol,today
raw_biopol|end-of-life|waste|composted|share of waste,circularity,"human toxicity: carcinogenic, organics",0.0005947549627582428,5.035105153554921e-06,4.3085616929080025e-06,5.898527126985483e-06,raw_biopol,today
raw_biopol|end-of-life|waste|composted|share of waste,circularity,human toxicity: non-carcinogenic,4.417828582102653e-05,1.2190250814046024e-07,8.707930142910843e-08,1.6208912701807028e-07,raw_biopol,today
raw_biopol|end-of-life|waste|composted|share of waste,circularity,"human toxicity: non-carcinogenic, inorganics",5.633906700600631e-05,1.499130644585777e-07,1.0821959766548233e-07,1.9659886362310142e-07,raw_biopol,today
raw_biopol|end-of-life|waste|composted|share of waste,circularity,"human toxicity: non-carcinogenic, organics",-0.0003735825326765515,1.792259230613977e-06,1.5346867772891064e-06,2.1238401570686492e-06,raw_biopol,today
raw_biopol|end-of-life|waste|composted|share of waste,circularity,ionising radiation: human health,0.00015920439669002995,4.849896879708312e-07,3.674780845160573e-07,6.255197937188775e-07,raw_biopol,today
raw_biopol|end-of-life|waste|composted|share of waste,circularity,land use,0.0002626276528512808,9.365799431557293e-07,8.095220205701811e-07,1.0843585738177206e-06,raw_biopol,today
raw_biopol|end-of-life|waste|composted|share of waste,circularity,material resources: metals/minerals,0.0002991805376848829,1.1363115827913544e-06,9.580407290426562e-07,1.3325938845350694e-06,raw_biopol,today
raw_biopol|end-of-life|waste|composted|share of waste,circularity,ozone depletion,0.0004931665282036441,1.0301655474751393e-05,8.807159067452322e-06,1.2145225831364805e-05,raw_biopol,today
raw_biopol|end-of-life|waste|composted|share of waste,circularity,particulate matter formation,0.0006342294845181106,5.17520435622009e-06,4.455483778973281e-06,6.030022660056354e-06,raw_biopol,today
raw_biopol|end-of-life|waste|composted|share of waste,circularity,photochemical oxidant formation: human health,0.0001337621102242198,7.445475154615697e-07,6.01046520881818e-07,9.06814035967427e-07,raw_biopol,today
raw_biopol|end-of-life|waste|composted|share of waste,circularity,water use,9.562212677523605e-05,2.146609226803394e-07,1.8157135192110575e-07,2.530367841360083e-07,raw_biopol,today
raw_biopol|end-of-life|waste|recycled_open|share of waste,circularity,acidification,-7.81498400332435e-05,8.291815772588936e-08,5.452447656792932e-08,1.2215406467010914e-07,raw_biopol,today
raw_biopol|end-of-life|waste|recycled_open|share of waste,circularity,climate change,-0.00012022941767453979,1.3771055786884348e-07,9.93095765183578e-08,1.8392859894860244e-07,raw_biopol,today
raw_biopol|end-of-life|waste|recycled_open|share of waste,circularity,climate change: biogenic,0.018408757990820552,0.0035021129316649227,0.0028702273511878526,0.004119769810742193,raw_biopol,today
raw_biopol|end-of-life|waste|recycled_open|share of waste,circularity,climate change: fossil,-0.00022686493093449617,5.710300702045659e-07,4.546859467728179e-07,6.895411910692559e-07,raw_biopol,today
raw_biopol|end-of-life|waste|recycled_open|share of waste,circularity,climate change: land use and land use change,7.381384991806727e-05,1.416530090914132e-07,9.857773104112603e-08,1.8747983560863035e-07,raw_biopol,today
raw_biopol|end-of-life|waste|recycled_open|share of waste,circularity,ecotoxicity: freshwater,0.0003370680191564214,3.454709324638294e-06,2.907969354131442e-06,4.166387482112151e-06,raw_biopol,today
raw_biopol|end-of-life|waste|recycled_open|share of waste,circularity,"ecotoxicity: freshwater, inorganics",0.0003649459226201569,4.363758769445569e-06,3.6503286417811355e-06,5.279001918009933e-06,raw_biopol,today
raw_biopol|end-of-life|waste|recycled_open|share of waste,circularity,"ecotoxicity: freshwater, organics",-9.408509508437967e-06,1.9209297168552064e-09,1.5933920701957996e-09,2.312930235931158e-09,raw_biopol,today
raw_biopol|end-of-life|waste|recycled_open|share of waste,circularity,energy resources: non-renewable,-0.00021343667919432414,1.3759833305023409e-06,1.1374433632471502e-06,1.6417103962254996e-06,raw_biopol,today
raw_biopol|end-of-life|waste|recycled_open|share of waste,circularity,eutrophication: freshwater,-6.15099333775175e-05,9.761247103751368e-08,6.80745943235202e-08,1.3179308493187847e-07,raw_biopol,today
raw_biopol|end-of-life|waste|recycled_open|share of waste,circularity,eutrophication: marine,4.2451364920551836e-05,1.7728626181185528e-07,1.4945800336452836e-07,2.1250405461302185e-07,raw_biopol,today
raw_biopol|end-of-life|waste|recycled_open|share of waste,circularity,eutrophication: terrestrial,-1.5791853873364916e-05,1.654864821035079e-07,1.320282470652825e-07,2.0260746452963136e-07,raw_biopol,today
raw_biopol|end-of-life|waste|recycled_open|share of waste,circularity,human toxicity: carcinogenic,9.572765459015236e-05,6.141688662346291e-07,5.028360306218234e-07,7.248462150410074e-07,raw_biopol,today
raw_biopol|end-of-life|waste|recycled_open|share of waste,circularity,"human toxicity: carcinogenic, inorganics",-7.690347671059756e-05,5.331920993095332e-08,3.7213862202362644e-08,7.380600988695321e-08,raw_biopol,today
raw_biopol|end-of-life|waste|recycled_open|share of waste,circularity,"human toxicity: carcinogenic, organics",0.0003419940943279908,3.2008606650365436e-06,2.6595438159937877e-06,3.7208552732732906e-06,raw_biopol,today
raw_biopol|end-of-life|waste|recycled_open|share of waste,circularity,human toxicity: non-carcinogenic,-0.00010070283698196952,4.6274385170257283e-08,3.060052028757029e-08,6.594907876665057e-08,raw_biopol,today
raw_biopol|end-of-life|waste|recycled_open|share of waste,circularity,"human toxicity: non-carcinogenic, inorganics",-0.0001099315732526804,5.619740226724825e-08,3.788333907687616e-08,7.994713015694657e-08,raw_biopol,today
raw_biopol|end-of-life|waste|recycled_open|share of waste,circularity,"human toxicity: non-carcinogenic, organics",0.00021919055023903426,1.1711945281126894e-06,9.65275219913536e-07,1.408225348928627e-06,raw_biopol,today
raw_biopol|end-of-life|waste|recycled_open|share of waste,circularity,ionising radiation: human health,9.38206413350248e-05,2.1438185475852557e-07,1.4788598551469762e-07,2.889427336806718e-07,raw_biopol,today
raw_biopol|end-of-life|waste|recycled_open|share of waste,circularity,land use,0.0005107968887433372,4.9113917767263595e-06,4.201939320539488e-06,5.775581588565022e-06,raw_biopol,today
raw_biopol|end-of-life|waste|recycled_open|share of waste,circularity,material resources: metals/minerals,-0.00011223407872114426,4.086778139126801e-07,3.45375969339297e-07,4.837893878010144e-07,raw_biopol,today
raw_biopol|end-of-life|waste|recycled_open|share of waste,circularity,ozone depletion,-0.0003895789686342545,3.8087532213164027e-06,3.2422662944636554e-06,4.4200595308633915e-06,raw_biopol,today
raw_biopol|end-of-life|waste|recycled_open|share of waste,circularity,particulate matter formation,0.0002125893366018693,1.5446554722764826e-06,1.29054780480913e-06,1.8249215168519466e-06,raw_biopol,today
raw_biopol|end-of-life|waste|recycled_open|share of waste,circularity,photochemical oxidant formation: human health,-0.00015297444789335636,1.4341839505886453e-07,1.0746709872653694e-07,1.8860972919085208e-07,raw_biopol,today
raw_biopol|end-of-life|waste|recycled_open|share of waste,circularity,water use,-5.56349962646693e-05,2.2255630193799972e-08,1.7228858819893114e-08,2.8047317126365594e-08,raw_biopol,today
raw_biopol|end-of-life|waste|recycled_closed|share of waste,circularity,acidification,-1.875368522226256e-05,2.893140759948502e-07,1.881176167729718e-07,4.2179234890186675e-07,raw_biopol,today
raw_biopol|end-of-life|waste|recycled_closed|share of waste,circularity,climate change,-9.359194802643145e-05,5.257133046066079e-07,3.963108041090012e-07,6.999914411355297e-07,raw_biopol,today
raw_biopol|end-of-life|waste|recycled_closed|share of waste,circularity,climate change: biogenic,0.029892718592927792,0.008327804605071744,0.007123080566614344,0.010025705359015412,raw_biopol,today
raw_biopol|end-of-life|waste|recycled_closed|share of waste,circularity,climate change: fossil,-0.00021264223069884577,1.7641369306671012e-06,1.4686429397914494e-06,2.1602319304043994e-06,raw_biopol,today
raw_biopol|end-of-life|waste|recycled_closed|share of waste,circularity,climate change: land use and land use change,-4.553146781547595e-05,5.835932438288997e-07,4.3904968416631457e-07,7.64278521906246e-07,raw_biopol,today
raw_biopol|end-of-life|waste|recycled_closed|share of waste,circularity,ecotoxicity: freshwater,0.0005718448054657732,7.438021831194354e-06,6.168017990995607e-06,9.062020736550971e-06,raw_biopol,today
raw_biopol|end-of-life|waste|recycled_closed|share of waste,circularity,"ecotoxicity: freshwater, inorganics",0.0006028646995695995,9.468200494797983e-06,7.806226447685721e-06,1.1465070251076836e-05,raw_biopol,today
raw_biopol|end-of-life|waste|recycled_closed|share of waste,circularity,"ecotoxicity: freshwater, organics",-3.08083957995407e-05,1.835728191750911e-08,1.574558651186823e-08,2.128442047528429e-08,raw_biopol,today
raw_biopol|end-of-life|waste|recycled_closed|share of waste,circularity,energy resources: non-renewable,-0.0003754185800117162,4.182093568073299e-06,3.5004804395279053e-06,5.011232219158494e-06,raw_biopol,today
raw_biopol|end-of-life|waste|recycled_closed|share of waste,circularity,eutrophication: freshwater,-5.8237648217513525e-05,2.7713114596910704e-07,1.9317896117678417e-07,3.816069199112664e-07,raw_biopol,today
raw_biopol|end-of-life|waste|recycled_closed|share of waste,circularity,eutrophication: marine,9.482665135928287e-05,2.3405130624015134e-07,1.919824779547212e-07,2.878031162693851e-07,raw_biopol,today
raw_biopol|end-of-life|waste|recycled_closed|share of waste,circularity,eutrophication: terrestrial,4.3723510815288344e-05,1.5381429806562247e-07,1.102937238613757e-07,2.0464503752176652e-07,raw_biopol,today
raw_biopol|end-of-life|waste|recycled_closed|share of waste,circularity,human toxicity: carcinogenic,-0.00023601280136214135,1.075746091599269e-06,9.137379857324803e-07,1.2635640422463958e-06,raw_biopol,today
raw_biopol|end-of-life|waste|recycled_closed|share of waste,circularity,"human toxicity: carcinogenic, inorganics",-1.687257386606061e-05,1.487653254168271e-07,9.935654149071235e-08,2.1291378169913165e-07,raw_biopol,today
raw_biopol|end-of-life|waste|recycled_closed|share of waste,circularity,"human toxicity: carcinogenic, organics",-0.0005304096318883127,4.979774933567481e-06,4.296508164419914e-06,5.790285190185479e-06,raw_biopol,today
raw_biopol|end-of-life|waste|recycled_closed|share of waste,circularity,human toxicity: non-carcinogenic,-5.503277430193311e-05,1.774047001670614e-07,1.2282525035931937e-07,2.47675186858935e-07,raw_biopol,today
raw_biopol|end-of-life|waste|recycled_closed|share of waste,circularity,"human toxicity: non-carcinogenic, inorganics",-6.547274224086298e-05,2.1417127926088676e-07,1.5304141343431105e-07,2.9344602956498614e-07,raw_biopol,today
raw_biopol|end-of-life|waste|recycled_closed|share of waste,circularity,"human toxicity: non-carcinogenic, organics",0.00028654966858594164,2.0534262535539074e-06,1.7620663949675618e-06,2.46273004845519e-06,raw_biopol,today
raw_biopol|end-of-life|waste|recycled_closed|share of waste,circularity,ionising radiation: human health,-6.780482123514968e-05,5.95608008819577e-07,3.938798974489184e-07,8.206309454204128e-07,raw_biopol,today
raw_biopol|end-of-life|waste|recycled_closed|share of waste,circularity,land use,-0.0002557950650835761,9.521455963563063e-07,8.261584151857747e-07,1.1069469086021191e-06,raw_biopol,today
raw_biopol|end-of-life|waste|recycled_closed|share of waste,circularity,material resources: metals/minerals,-0.0002460973884022633,1.2029897799922399e-06,1.0409294131699332e-06,1.4122567060681773e-06,raw_biopol,today
raw_biopol|end-of-life|waste|recycled_closed|share of waste,circularity,ozone depletion,-0.0005424835888575732,1.0881654062172026e-05,9.526786397311417e-06,1.3204827980683213e-05,raw_biopol,today
raw_biopol|end-of-life|waste|recycled_closed|share of waste,circularity,particulate matter formation,-0.0002249510043019043,1.0195710587571109e-06,8.586635506961494e-07,1.2094905338133633e-06,raw_biopol,today
raw_biopol|end-of-life|waste|recycled_closed|share of waste,circularity,photochemical oxidant formation: human health,-0.0001876546250036362,1.2198270382288893e-06,1.0206259186244367e-06,1.4937502333009383e-06,raw_biopol,today
raw_biopol|end-of-life|waste|recycled_closed|share of waste,circularity,water use,-6.394649286809386e-05,2.0875097337412815e-07,1.7517137891957809e-07,2.523002201923184e-07,raw_biopol,today
raw_biopol|end-of-life|waste|incinerated|share of waste,circularity,acidification,0.00039068597410786554,4.439578090672272e-06,2.9560634765599832e-06,6.176072441322787e-06,raw_biopol,today
raw_biopol|end-of-life|waste|incinerated|share of waste,circularity,climate change,0.0007580603719073453,1.8968181238660254e-05,1.4856706923508473e-05,2.3115022448705233e-05,raw_biopol,today
raw_biopol|end-of-life|waste|incinerated|share of waste,circularity,climate change: biogenic,0.0022554083384584813,0.0010118340692384668,0.0008731081865402517,0.0011660424933902362,raw_biopol,today
raw_biopol|end-of-life|waste|incinerated|share of waste,circularity,climate change: fossil,0.0006716297253192188,1.587209324435009e-05,1.2511423549352291e-05,1.933945895374894e-05,raw_biopol,today
raw_biopol|end-of-life|waste|incinerated|share of waste,circularity,climate change: land use and land use change,1.0489744711394345e-05,4.272524401001345e-06,2.946643831505495e-06,5.6719786896388095e-06,raw_biopol,today
raw_biopol|end-of-life|waste|incinerated|share of waste,circularity,ecotoxicity: freshwater,0.0003999810151297171,5.078581918054234e-06,3.841995057693816e-06,6.384471657197575e-06,raw_biopol,today
raw_biopol|end-of-life|waste|incinerated|share of waste,circularity,"ecotoxicity: freshwater, inorganics",0.0004590667070751577,6.118363047746509e-06,4.607190497218913e-06,7.69732446072496e-06,raw_biopol,today
raw_biopol|end-of-life|waste|incinerated|share of waste,circularity,"ecotoxicity: freshwater, organics",-2.272060640680142e-05,1.209765455901348e-07,1.0256914762365899e-07,1.4005331963776582e-07,raw_biopol,today
raw_biopol|end-of-life|waste|incinerated|share of waste,circularity,energy resources: non-renewable,0.0008476410849400946,3.497705645430925e-05,2.9790654658327966e-05,4.073900631393588e-05,raw_biopol,today
raw_biopol|end-of-life|waste|incinerated|share of waste,circularity,eutrophication: freshwater,0.00033676219162516083,3.4237281575737783e-06,2.2550635759934594e-06,4.441827822042886e-06,raw_biopol,today
raw_biopol|end-of-life|waste|incinerated|share of waste,circularity,eutrophication: marine,0.00018585249646364268,1.6644639455112673e-06,1.281243748622668e-06,2.0945384808100204e-06,raw_biopol,today
raw_biopol|end-of-life|waste|incinerated|share of waste,circularity,eutrophication: terrestrial,0.000393861540797316,6.591119766472225e-06,5.055688901446889e-06,8.314789890949424e-06,raw_biopol,today
raw_biopol|end-of-life|waste|incinerated|share of waste,circularity,human toxicity: carcinogenic,0.0002396865127026968,3.4275727802726586e-06,2.649153646283379e-06,4.308968503029799e-06,raw_biopol,today
raw_biopol|end-of-life|waste|incinerated|share of waste,circularity,"human toxicity: carcinogenic, inorganics",0.00021375374603475528,1.438029221513859e-06,8.750716354719804e-07,2.0509368733178618e-06,raw_biopol,today
raw_biopol|end-of-life|waste|incinerated|share of waste,circularity,"human toxicity: carcinogenic, organics",-9.209159104723829e-05,1.1517153908344806e-05,9.826531137770584e-06,1.3384118408535932e-05,raw_biopol,today
raw_biopol|end-of-life|waste|incinerated|share of waste,circularity,human toxicity: non-carcinogenic,0.0003002095577242642,2.2088324212218033e-06,1.4704627371949287e-06,3.044766120794803e-06,raw_biopol,today
raw_biopol|end-of-life|waste|incinerated|share of waste,circularity,"human toxicity: non-carcinogenic, inorganics",0.0002901159735064519,2.036093147256787e-06,1.314827247878353e-06,2.8411999822143626e-06,raw_biopol,today
raw_biopol|end-of-life|waste|incinerated|share of waste,circularity,"human toxicity: non-carcinogenic, organics",0.00033339580412962785,1.4729597843651065e-05,1.233866667016803e-05,1.7111360122576764e-05,raw_biopol,today
raw_biopol|end-of-life|waste|incinerated|share of waste,circularity,ionising radiation: human health,0.00010250750403472184,4.540589556330029e-06,3.57396207993783e-06,5.702903568162823e-06,raw_biopol,today
raw_biopol|end-of-life|waste|incinerated|share of waste,circularity,land use,-4.9190654538914674e-05,5.116118395830761e-08,4.126627222689944e-08,6.053429786943583e-08,raw_biopol,today
raw_biopol|end-of-life|waste|incinerated|share of waste,circularity,material resources: metals/minerals,2.7904089370424363e-05,1.0755876871627664e-05,9.067088202287545e-06,1.2488803819273295e-05,raw_biopol,today
raw_biopol|end-of-life|waste|incinerated|share of waste,circularity,ozone depletion,0.00015873215024077053,9.734088192532732e-05,8.317815701155112e-05,0.00011423813147755412,raw_biopol,today
raw_biopol|end-of-life|waste|incinerated|share of waste,circularity,particulate matter formation,0.0002639067821102733,5.028381124220524e-06,4.087933419686663e-06,6.042814633225263e-06,raw_biopol,today
raw_biopol|end-of-life|waste|incinerated|share of waste,circularity,photochemical oxidant formation: human health,0.000453936053280204,9.777968127534106e-06,7.653558539462869e-06,1.2118738368157933e-05,raw_biopol,today
raw_biopol|end-of-life|waste|incinerated|share of waste,circularity,water use,0.0003249852553862351,1.5796053936250197e-06,1.2948997784286388e-06,1.946468175556556e-06,raw_biopol,today
raw_biopol|end-of-life|waste|landfilled|share of waste,circularity,acidification,-5.326811867576934e-06,3.57346582487363e-08,2.1615735792606688e-08,5.2880497259886276e-08,raw_biopol,today
raw_biopol|end-of-life|waste|landfilled|share of waste,circularity,climate change,0.000447164446584601,7.289212148036682e-06,5.748363661335807e-06,8.902597614122877e-06,raw_biopol,today
raw_biopol|end-of-life|waste|landfilled|share of waste,circularity,climate change: biogenic,0.1689643479729294,0.0786255480799473,0.06743794882127525,0.09266966245830603,raw_biopol,today
raw_biopol|end-of-life|waste|landfilled|share of waste,circularity,climate change: fossil,4.962241552134664e-05,1.8159287795760548e-07,1.3977556488109558e-07,2.2740967553435538e-07,raw_biopol,today
raw_biopol|end-of-life|waste|landfilled|share of waste,circularity,climate change: land use and land use change,1.9336462016669005e-05,4.9401153529089184e-08,3.3849225595949965e-08,6.4208867968808e-08,raw_biopol,today
raw_biopol|end-of-life|waste|landfilled|share of waste,circularity,ecotoxicity: freshwater,0.0009805389267995319,1.6329967192154582e-05,1.2756835907651979e-05,1.9977126376311985e-05,raw_biopol,today
raw_biopol|end-of-life|waste|landfilled|share of waste,circularity,"ecotoxicity: freshwater, inorganics",0.001004171594324424,2.0377764064073097e-05,1.5840694361607157e-05,2.5401442481569353e-05,raw_biopol,today
raw_biopol|end-of-life|waste|landfilled|share of waste,circularity,"ecotoxicity: freshwater, organics",2.083927468706804e-05,5.495405795376864e-09,4.800287880183862e-09,6.480741089015865e-09,raw_biopol,today
raw_biopol|end-of-life|waste|landfilled|share of waste,circularity,energy resources: non-renewable,0.0001604708399011408,4.2000628872076283e-07,3.504128533184896e-07,5.021705740377389e-07,raw_biopol,today
raw_biopol|end-of-life|waste|landfilled|share of waste,circularity,eutrophication: freshwater,3.4564000443314286e-05,1.7975602280233617e-07,1.371180178251717e-07,2.2634478150404104e-07,raw_biopol,today
raw_biopol|end-of-life|waste|landfilled|share of waste,circularity,eutrophication: marine,0.00071863971679762,6.185704048826989e-06,5.111891761110229e-06,7.48802814256474e-06,raw_biopol,today
raw_biopol|end-of-life|waste|landfilled|share of waste,circularity,eutrophication: terrestrial,-4.9106299317697086e-05,3.027571510194831e-08,2.2467369204611953e-08,3.7761576724748364e-08,raw_biopol,today
raw_biopol|end-of-life|waste|landfilled|share of waste,circularity,human toxicity: carcinogenic,9.668036619451302e-05,1.8477012612386545e-07,1.4846266965188687e-07,2.2580905181097818e-07,raw_biopol,today
raw_biopol|end-of-life|waste|landfilled|share of waste,circularity,"human toxicity: carcinogenic, inorganics",2.603124075600869e-05,4.792085152428365e-08,3.363184258235902e-08,6.365155272965296e-08,raw_biopol,today
raw_biopol|end-of-life|waste|landfilled|share of waste,circularity,"human toxicity: carcinogenic, organics",0.00017771208974672745,5.035393962915374e-07,4.364038341142309e-07,6.008692571640825e-07,raw_biopol,today
raw_biopol|end-of-life|waste|landfilled|share of waste,circularity,human toxicity: non-carcinogenic,9.956655088785861e-05,2.1547950883076667e-07,1.6551539302102945e-07,2.6672086140318085e-07,raw_biopol,today
raw_biopol|end-of-life|waste|landfilled|share of waste,circularity,"human toxicity: non-carcinogenic, inorganics",3.341652630413271e-05,4.8571639542383056e-08,3.5048129439302364e-08,6.349635999162833e-08,raw_biopol,today
raw_biopol|end-of-life|waste|landfilled|share of waste,circularity,"human toxicity: non-carcinogenic, organics",0.002429460812148875,6.34166183590078e-05,5.293752745772173e-05,7.520019905627726e-05,raw_biopol,today
raw_biopol|end-of-life|waste|landfilled|share of waste,circularity,ionising radiation: human health,1.668394702700838e-05,5.86267067309641e-08,4.217150112243761e-08,7.524842959796429e-08,raw_biopol,today
raw_biopol|end-of-life|waste|landfilled|share of waste,circularity,land use,0.00016037093833771434,3.1130886335301867e-07,2.662953408507718e-07,3.6479761703132653e-07,raw_biopol,today
raw_biopol|end-of-life|waste|landfilled|share of waste,circularity,material resources: metals/minerals,8.744419098371015e-05,1.3324846777626377e-07,1.1241067642630368e-07,1.5679834236114774e-07,raw_biopol,today
raw_biopol|end-of-life|waste|landfilled|share of waste,circularity,ozone depletion,0.00023363540523300475,1.2234554837264913e-06,1.0594807361850729e-06,1.4891601795678813e-06,raw_biopol,today
raw_biopol|end-of-life|waste|landfilled|share of waste,circularity,particulate matter formation,1.4542022868362054e-07,1.1068966523406335e-08,7.958169730336217e-09,1.4656514664380302e-08,raw_biopol,today
raw_biopol|end-of-life|waste|landfilled|share of waste,circularity,photochemical oxidant formation: human health,0.00012010896557795818,4.4034317705044374e-07,3.45058883758038e-07,5.36534374170128e-07,raw_biopol,today
raw_biopol|end-of-life|waste|landfilled|share of waste,circularity,water use,4.1428126500093444e-05,2.05900941129791e-08,1.6370497405708777e-08,2.4946302041543794e-08,raw_biopol,today
raw_biopol|production|Milling||electricity location,location,acidification,0.360255372435656,0.4506052101754824,0.3650874435333949,0.5472375006477661,raw_biopol,today
raw_biopol|production|Milling||electricity location,location,climate change,0.3236722696208919,0.3931307669195331,0.3241742105156021,0.470083035588258,raw_biopol,today
raw_biopol|production|Milling||electricity location,location,climate change: biogenic,-0.015294288340288124,0.02128143341541053,0.017393432319671928,0.024679827389535048,raw_biopol,today
raw_biopol|production|Milling||electricity location,location,climate change: fossil,0.29999652222811574,0.3715986123822246,0.30628656040465413,0.44681907179467933,raw_biopol,today
raw_biopol|production|Milling||electricity location,location,climate change: land use and land use change,0.35749271614888617,0.5356537468378213,0.46109643427718944,0.6236606746585569,raw_biopol,today
raw_biopol|production|Milling||electricity location,location,ecotoxicity: freshwater,0.15875738969670658,0.22218034595783542,0.18380544656449074,0.26975749868086973,raw_biopol,today
raw_biopol|production|Milling||electricity location,location,"ecotoxicity: freshwater, inorganics",0.21332435391135587,0.27963152781606815,0.2297461853993308,0.3369839988385255,raw_biopol,today
raw_biopol|production|Milling||electricity location,location,"ecotoxicity: freshwater, organics",0.0005175539873457548,0.0008639586309116757,0.0007537048981062777,0.0009925432855841794,raw_biopol,today
raw_biopol|production|Milling||electricity location,location,energy resources: non-renewable,0.2823350856696411,0.20945017602806032,0.1791329515863694,0.2424494553350564,raw_biopol,today
raw_biopol|production|Milling||electricity location,location,eutrophication: freshwater,0.40279894990047405,0.45022343333943105,0.3733195519509449,0.5253610593885606,raw_biopol,today
raw_biopol|production|Milling||electricity location,location,eutrophication: marine,0.039300461048295605,0.08059742842543734,0.06711638768862226,0.09732520213459483,raw_biopol,today
raw_biopol|production|Milling||electricity location,location,eutrophication: terrestrial,0.20813424982488624,0.2836864847952696,0.23652961143704127,0.346714832431558,raw_biopol,today
raw_biopol|production|Milling||electricity location,location,human toxicity: carcinogenic,0.09075359407687669,0.139559214747517,0.11643144435945556,0.1710930367199876,raw_biopol,today
raw_biopol|production|Milling||electricity location,location,"human toxicity: carcinogenic, inorganics",0.2291877300389577,0.29969222012216024,0.24728116574139242,0.36491071744666326,raw_biopol,today
raw_biopol|production|Milling||electricity location,location,"human toxicity: carcinogenic, organics",0.04734756286977243,0.04430017582656886,0.03830802040277338,0.05130667624403585,raw_biopol,today
raw_biopol|production|Milling||electricity location,location,human toxicity: non-carcinogenic,0.15517878370135108,0.22005207473771682,0.18309923637931633,0.26896439602968714,raw_biopol,today
raw_biopol|production|Milling||electricity location,location,"human toxicity: non-carcinogenic, inorganics",0.16247478316442104,0.2284366690153512,0.18993106433509957,0.27957860607672375,raw_biopol,today
raw_biopol|production|Milling||electricity location,location,"human toxicity: non-carcinogenic, organics",0.009377307505227209,0.03411472380240477,0.029061288639602025,0.040404995384667845,raw_biopol,today
raw_biopol|production|Milling||electricity location,location,ionising radiation: human health,0.566293283253997,0.46793942188181886,0.40459640413251785,0.5365112498760723,raw_biopol,today
raw_biopol|production|Milling||electricity location,location,land use,-0.011196371949767697,0.004112096338806668,0.003481705664109523,0.004819425306453535,raw_biopol,today
raw_biopol|production|Milling||electricity location,location,material resources: metals/minerals,0.029750800446997832,0.030906506792836866,0.026939161790311035,0.03561544323881858,raw_biopol,today
raw_biopol|production|Milling||electricity location,location,ozone depletion,0.2520949999292163,0.27096268939326457,0.23818280767695696,0.31814726026850404,raw_biopol,today
raw_biopol|production|Milling||electricity location,location,particulate matter formation,0.06954841933123247,0.09025992247810222,0.07684166284179365,0.10657252483314594,raw_biopol,today
raw_biopol|production|Milling||electricity location,location,photochemical oxidant formation: human health,0.2427096204241259,0.31825199108055885,0.2694804622512648,0.3865035544158991,raw_biopol,today
raw_biopol|production|Milling||electricity location,location,water use,0.017073074013836058,0.06526839187033158,0.05505101932135566,0.07448215091403232,raw_biopol,today
raw_biopol|production|Mixing||electricity location,location,acidification,5.0924508435980386e-05,0.0009189829973425352,0.000726613307221599,0.0011626774197783054,raw_biopol,today
raw_biopol|production|Mixing||electricity location,location,climate change,-0.000765387994035571,0.0008631251166136453,0.0006939761515853604,0.0010341534457796824,raw_biopol,today
raw_biopol|production|Mixing||electricity location,location,climate change: biogenic,0.0006735861638941562,4.9674604420317614e-05,4.1248064783821274e-05,5.9606567287586e-05,raw_biopol,today
raw_biopol|production|Mixing||electricity location,location,climate change: fossil,-0.0010134155612894502,0.0008158775289064685,0.0006576121266646069,0.0009764052030017063,raw_biopol,today
raw_biopol|production|Mixing||electricity location,location,climate change: land use and land use change,0.002582440043159457,0.0012208038922394916,0.0010319997136248493,0.0014726959459741816,raw_biopol,today
raw_biopol|production|Mixing||electricity location,location,ecotoxicity: freshwater,-0.0003503533461937582,0.00047524942893850994,0.00037971765612897365,0.0005742575352854155,raw_biopol,today
raw_biopol|production|Mixing||electricity location,location,"ecotoxicity: freshwater, inorganics",-0.00010501293946315892,0.0005972543379740018,0.000474514693999809,0.0007230698470425583,raw_biopol,today
raw_biopol|production|Mixing||electricity location,location,"ecotoxicity: freshwater, organics",-4.494612903248772e-05,1.757371876009173e-06,1.5481946965031898e-06,2.0131576818483193e-06,raw_biopol,today
raw_biopol|production|Mixing||electricity location,location,energy resources: non-renewable,0.005069290081459887,0.00038884274284231975,0.0003295367386339344,0.0004702040112183647,raw_biopol,today
raw_biopol|production|Mixing||electricity location,location,eutrophication: freshwater,0.0028100839826547155,0.0009886050060482186,0.0007945996643159783,0.0011983515262462547,raw_biopol,today
raw_biopol|production|Mixing||electricity location,location,eutrophication: marine,-0.0006620558014905416,0.00017040505952653295,0.00014139043993059326,0.0002047232200481441,raw_biopol,today
raw_biopol|production|Mixing||electricity location,location,eutrophication: terrestrial,-0.0020226827513140696,0.0005975612406256894,0.0004761362777456252,0.0007248904604598581,raw_biopol,today
raw_biopol|production|Mixing||electricity location,location,human toxicity: carcinogenic,-0.0011799247864772945,0.0002939156704588845,0.0002411200647765649,0.00035140124246122313,raw_biopol,today
raw_biopol|production|Mixing||electricity location,location,"human toxicity: carcinogenic, inorganics",-1.5721381852383495e-05,0.0006132868930982617,0.00047471472433547034,0.0007620153729931869,raw_biopol,today
raw_biopol|production|Mixing||electricity location,location,"human toxicity: carcinogenic, organics",-0.0004814597240834409,9.26556025004025e-05,8.03377979595087e-05,0.0001066042814849734,raw_biopol,today
raw_biopol|production|Mixing||electricity location,location,human toxicity: non-carcinogenic,-0.0010675666899709183,0.00044514914363821936,0.0003485130544778384,0.0005510474466449429,raw_biopol,today
raw_biopol|production|Mixing||electricity location,location,"human toxicity: non-carcinogenic, inorganics",-0.001019449783016686,0.0004615708245478633,0.00036063603458622143,0.0005725863997987492,raw_biopol,today
raw_biopol|production|Mixing||electricity location,location,"human toxicity: non-carcinogenic, organics",-0.00152280141952031,7.482890183410145e-05,6.376714161794628e-05,8.690198776462916e-05,raw_biopol,today
raw_biopol|production|Mixing||electricity location,location,ionising radiation: human health,0.003649809375336951,0.0010007695275700249,0.0008331095385905622,0.0011814926735043254,raw_biopol,today
raw_biopol|production|Mixing||electricity location,location,land use,-0.0010830420025852072,8.414198104493933e-06,7.345518292922901e-06,9.75031921215842e-06,raw_biopol,today
raw_biopol|production|Mixing||electricity location,location,material resources: metals/minerals,-0.0023099782756494593,6.853368255608126e-05,5.88742895233715e-05,8.041382471914387e-05,raw_biopol,today
raw_biopol|production|Mixing||electricity location,location,ozone depletion,-0.0024339129578449907,0.0005740764875084837,0.0005074418801184312,0.0006654360642953887,raw_biopol,today
raw_biopol|production|Mixing||electricity location,location,particulate matter formation,-0.0010121370821095117,0.00019158627055295986,0.00015636001838430146,0.00022806297315319858,raw_biopol,today
raw_biopol|production|Mixing||electricity location,location,photochemical oxidant formation: human health,-0.0015247270417822422,0.0006900744570581342,0.0005607648234665663,0.0008197462772281912,raw_biopol,today
raw_biopol|production|Mixing||electricity location,location,water use,0.0006800314450673698,0.00013655778103635537,0.00011743238805871405,0.00015913820203342533,raw_biopol,today
raw_biopol|production|3D printing||electricity location,location,acidification,0.015852780964161883,0.007553871331384719,0.005609158131424899,0.009385126024971253,raw_biopol,today
raw_biopol|production|3D printing||electricity location,location,climate change,0.01352290075325037,0.006811690577383111,0.0052125178707238895,0.008237928049561293,raw_biopol,today
raw_biopol|production|3D printing||electricity location,location,climate change: biogenic,0.0020187164277344774,0.00036611766535674437,0.00030412169271502095,0.00044884650551423055,raw_biopol,today
raw_biopol|production|3D printing||electricity location,location,climate change: fossil,0.014090694031973851,0.006437216711306724,0.004944466391456222,0.007763430558517214,raw_biopol,today
raw_biopol|production|3D printing||electricity location,location,climate change: land use and land use change,-0.012566245367209909,0.009217915340879285,0.0077252728441209425,0.010911367851704885,raw_biopol,today
raw_biopol|production|3D printing||electricity location,location,ecotoxicity: freshwater,0.012305478941213704,0.003822938814937955,0.002982398031125849,0.004663876273289883,raw_biopol,today
raw_biopol|production|3D printing||electricity location,location,"ecotoxicity: freshwater, inorganics",0.012803541751232697,0.0048089683071484025,0.003732949553539954,0.005882850119371135,raw_biopol,today
raw_biopol|production|3D printing||electricity location,location,"ecotoxicity: freshwater, organics",0.00045610658859521295,1.3703231219158899e-05,1.1644993910937331e-05,1.5732883561999364e-05,raw_biopol,today
raw_biopol|production|3D printing||electricity location,location,energy resources: non-renewable,-0.002586636079064943,0.0031882383272024365,0.0026435865384669957,0.0036544453240407717,raw_biopol,today
raw_biopol|production|3D printing||electricity location,location,eutrophication: freshwater,0.00829490014828503,0.007865372724004081,0.006225321667643422,0.00939809683598938,raw_biopol,today
raw_biopol|production|3D printing||electricity location,location,eutrophication: marine,0.008161889489988902,0.0013727236277297403,0.0010919306655017883,0.0016389824332832662,raw_biopol,today
raw_biopol|production|3D printing||electricity location,location,eutrophication: terrestrial,0.0154669926762791,0.004795142774260301,0.003665516540873269,0.005850683935886658,raw_biopol,today
raw_biopol|production|3D printing||electricity location,location,human toxicity: carcinogenic,0.01034225700100074,0.0023546745027976526,0.001843789833065244,0.002868459548930407,raw_biopol,today
raw_biopol|production|3D printing||electricity location,location,"human toxicity: carcinogenic, inorganics",0.013346215768086221,0.005046888965098313,0.0038740851563814262,0.006280130695683086,raw_biopol,today
raw_biopol|production|3D printing||electricity location,location,"human toxicity: carcinogenic, organics",0.002560437324275982,0.0007380898530657528,0.0006190301723999391,0.000868210249180906,raw_biopol,today
raw_biopol|production|3D printing||electricity location,location,human toxicity: non-carcinogenic,0.013353161493632828,0.003677615033648752,0.002843595060123617,0.00454215956897611,raw_biopol,today
raw_biopol|production|3D printing||electricity location,location,"human toxicity: non-carcinogenic, inorganics",0.01348185841353405,0.0038159221564068465,0.00294690129214571,0.004719718732831624,raw_biopol,today
raw_biopol|production|3D printing||electricity location,location,"human toxicity: non-carcinogenic, organics",0.007874815882621075,0.0005805889261646965,0.000473141212038354,0.0006731130047082348,raw_biopol,today
raw_biopol|production|3D printing||electricity location,location,ionising radiation: human health,-0.009207341203340137,0.0076243936035116314,0.006274281734366796,0.009011696131750386,raw_biopol,today
raw_biopol|production|3D printing||electricity location,location,land use,0.003753310609444425,6.563456161938605e-05,5.4118544411064467e-05,7.751268007747194e-05,raw_biopol,today
raw_biopol|production|3D printing||electricity location,location,material resources: metals/minerals,0.007151286074421361,0.0005326779697147799,0.0004603000028371536,0.0006211633076288118,raw_biopol,today
raw_biopol|production|3D printing||electricity location,location,ozone depletion,0.023847591119095866,0.004173083387435046,0.003679919799398317,0.004713546408187105,raw_biopol,today
raw_biopol|production|3D printing||electricity location,location,particulate matter formation,0.008993610835997496,0.0014997923588206613,0.001185036602538516,0.0017639144104328731,raw_biopol,today
raw_biopol|production|3D printing||electricity location,location,photochemical oxidant formation: human health,0.014827611496378523,0.005427954419171416,0.004169928761099018,0.006499203189285599,raw_biopol,today
raw_biopol|production|3D printing||electricity location,location,water use,0.003897643764991166,0.0011306695455577285,0.0009742262894307745,0.0013166859814960148,raw_biopol,today
raw_biopol|production|Baking||electricity location,location,acidification,0.2545525750507747,0.23998717454342944,0.19678517076905935,0.2868258960397338,raw_biopol,today
raw_biopol|production|Baking||electricity location,location,climate change,0.20942684792252805,0.21761577423764097,0.1806158157941078,0.25368372982191734,raw_biopol,today
raw_biopol|production|Baking||electricity location,location,climate change: biogenic,-0.004860538495925441,0.01360782617898558,0.011539651852160819,0.015777967616948902,raw_biopol,today
raw_biopol|production|Baking||electricity location,location,climate change: fossil,0.19181706677415447,0.2055049851904303,0.17157334455252837,0.23838439935234143,raw_biopol,today
raw_biopol|production|Baking||electricity location,location,climate change: land use and land use change,0.3620137133512774,0.2821839749811436,0.23678369776540362,0.3294010713997524,raw_biopol,today
raw_biopol|production|Baking||electricity location,location,ecotoxicity: freshwater,0.11363167122754848,0.1243576875376126,0.1074216987463573,0.14352806700157153,raw_biopol,today
raw_biopol|production|Baking||electricity location,location,"ecotoxicity: freshwater, inorganics",0.150931368054905,0.15653090926298105,0.1342316378852901,0.18115616669530307,raw_biopol,today
raw_biopol|production|Baking||electricity location,location,"ecotoxicity: freshwater, organics",-0.006288223492593998,0.0004562240791392728,0.00039868809754178684,0.0005423120894684734,raw_biopol,today
raw_biopol|production|Baking||electricity location,location,energy resources: non-renewable,0.16173150847480203,0.11194237891517203,0.09793453794752285,0.12998295808879592,raw_biopol,today
raw_biopol|production|Baking||electricity location,location,eutrophication: freshwater,0.28626926274827497,0.2597741686630193,0.22146082143781598,0.30534945928346074,raw_biopol,today
raw_biopol|production|Baking||electricity location,location,eutrophication: marine,0.0336342177237036,0.043603446294263395,0.03748983402388524,0.050469571923287895,raw_biopol,today
raw_biopol|production|Baking||electricity location,location,eutrophication: terrestrial,0.13974649140250459,0.15249120122688864,0.12865749392083478,0.17815444145307555,raw_biopol,today
raw_biopol|production|Baking||electricity location,location,human toxicity: carcinogenic,0.056643728064582434,0.07497805786337787,0.06449407481111241,0.08742028922418953,raw_biopol,today
raw_biopol|production|Baking||electricity location,location,"human toxicity: carcinogenic, inorganics",0.17334005040740394,0.16303889055744042,0.13780500118500338,0.1902681959368428,raw_biopol,today
raw_biopol|production|Baking||electricity location,location,"human toxicity: carcinogenic, organics",-0.03336025012464838,0.02260594256351237,0.020012678534612638,0.026520787318028892,raw_biopol,today
raw_biopol|production|Baking||electricity location,location,human toxicity: non-carcinogenic,0.11937742167447621,0.119455897348905,0.10168249270295082,0.13914969311539271,raw_biopol,today
raw_biopol|production|Baking||electricity location,location,"human toxicity: non-carcinogenic, inorganics",0.1249794222831312,0.1239817016911395,0.10556350307893567,0.14436637126898727,raw_biopol,today
raw_biopol|production|Baking||electricity location,location,"human toxicity: non-carcinogenic, organics",-0.0153347346278136,0.01877056066931475,0.016676400083466294,0.02150336102881269,raw_biopol,today
raw_biopol|production|Baking||electricity location,location,ionising radiation: human health,0.4190336207499364,0.2879888646508753,0.24736310204416365,0.334590086475021,raw_biopol,today
raw_biopol|production|Baking||electricity location,location,land use,-0.020038656980412187,0.0024661558233068826,0.0021590428487175146,0.0029096661013654295,raw_biopol,today
raw_biopol|production|Baking||electricity location,location,material resources: metals/minerals,-0.06412505897681567,0.01769753197418509,0.015387492297616708,0.02089699732092062,raw_biopol,today
raw_biopol|production|Baking||electricity location,location,ozone depletion,0.050062654631702105,0.15049267636695604,0.13278381416501286,0.17553890153323554,raw_biopol,today
raw_biopol|production|Baking||electricity location,location,particulate matter formation,0.026243419978910384,0.04621799184485092,0.040667898415218215,0.05366993303272012,raw_biopol,today
raw_biopol|production|Baking||electricity location,location,photochemical oxidant formation: human health,0.16152219173016014,0.16907010942336453,0.1421212762580722,0.19692303405646874,raw_biopol,today
raw_biopol|production|Baking||electricity location,location,water use,0.11197806723198155,0.03610874761180383,0.031332084080780226,0.04204213538465892,raw_biopol,today
raw_biopol|repair|Mixing||electricity location,location,acidification,-0.00044512873830822015,2.096481990505205e-05,1.640137323586443e-05,2.675302428996447e-05,raw_biopol,today
raw_biopol|repair|Mixing||electricity location,location,climate change,-0.000402697371001347,1.93473542751187e-05,1.602809962797844e-05,2.3372885821621468e-05,raw_biopol,today
raw_biopol|repair|Mixing||electricity location,location,climate change: biogenic,0.0003870081621479694,1.1009936222021445e-06,9.156786218358211e-07,1.3197361911108554e-06,raw_biopol,today
raw_biopol|repair|Mixing||electricity location,location,climate change: fossil,-0.000451854157928276,1.8290764610560514e-05,1.5270298624225443e-05,2.2068793394487596e-05,raw_biopol,today
raw_biopol|repair|Mixing||electricity location,location,climate change: land use and land use change,0.0009311838064518248,2.536996802314353e-05,2.127053222643482e-05,3.09794941388088e-05,raw_biopol,today
raw_biopol|repair|Mixing||electricity location,location,ecotoxicity: freshwater,-0.0004771548552760073,1.0652035449227813e-05,8.876863747832182e-06,1.3183743525769105e-05,raw_biopol,today
raw_biopol|repair|Mixing||electricity location,location,"ecotoxicity: freshwater, inorganics",-0.0004936554164196028,1.3383749204061593e-05,1.1057694886027255e-05,1.6651620549461406e-05,raw_biopol,today
raw_biopol|repair|Mixing||electricity location,location,"ecotoxicity: freshwater, organics",-2.8450443456358217e-05,3.8126667428943206e-08,3.3011986062545165e-08,4.3903390486051776e-08,raw_biopol,today
raw_biopol|repair|Mixing||electricity location,location,energy resources: non-renewable,-0.0009088159252738202,8.220280368210216e-06,6.99047130423019e-06,9.565593697858644e-06,raw_biopol,today
raw_biopol|repair|Mixing||electricity location,location,eutrophication: freshwater,-0.0002514236658993155,2.143735801902727e-05,1.7784575466211905e-05,2.59982925255745e-05,raw_biopol,today
raw_biopol|repair|Mixing||electricity location,location,eutrophication: marine,-0.00040677171816413694,3.872209489398033e-06,3.324614729241861e-06,4.7496578212733365e-06,raw_biopol,today
raw_biopol|repair|Mixing||electricity location,location,eutrophication: terrestrial,-0.0006717325730699898,1.3773831104256002e-05,1.1362108302098242e-05,1.698388061043278e-05,raw_biopol,today
raw_biopol|repair|Mixing||electricity location,location,human toxicity: carcinogenic,-0.0006103565004606629,6.79935325324725e-06,5.812330179576016e-06,8.395457904705114e-06,raw_biopol,today
raw_biopol|repair|Mixing||electricity location,location,"human toxicity: carcinogenic, inorganics",-0.0005453054030912199,1.3966398756722007e-05,1.1394118548555512e-05,1.7294291056113033e-05,raw_biopol,today
raw_biopol|repair|Mixing||electricity location,location,"human toxicity: carcinogenic, organics",-0.0003739295561558681,2.071821807974556e-06,1.709452575482221e-06,2.3820726462975395e-06,raw_biopol,today
raw_biopol|repair|Mixing||electricity location,location,human toxicity: non-carcinogenic,-0.0005965646972181422,1.0334159310352853e-05,8.521502489701402e-06,1.2937413528245844e-05,raw_biopol,today
raw_biopol|repair|Mixing||electricity location,location,"human toxicity: non-carcinogenic, inorganics",-0.0005972011307826416,1.071416425094812e-05,8.819812965881781e-06,1.3377347755500333e-05,raw_biopol,today
raw_biopol|repair|Mixing||electricity location,location,"human toxicity: non-carcinogenic, organics",-0.00037388140322950876,1.72773096499552e-06,1.518912728160471e-06,2.045886736578995e-06,raw_biopol,today
raw_biopol|repair|Mixing||electricity location,location,ionising radiation: human health,0.000644807131306522,2.1587755662512644e-05,1.759405564912657e-05,2.5663336056119698e-05,raw_biopol,today
raw_biopol|repair|Mixing||electricity location,location,land use,-6.407152668759953e-05,1.763547430720956e-07,1.4932212562246286e-07,2.0766482853606279e-07,raw_biopol,today
raw_biopol|repair|Mixing||electricity location,location,material resources: metals/minerals,-0.00035164314066450696,1.478494600349754e-06,1.2316808192615244e-06,1.7426212491307143e-06,raw_biopol,today
raw_biopol|repair|Mixing||electricity location,location,ozone depletion,-0.0001389561270607069,1.1803995296091043e-05,1.0105042347663452e-05,1.3950327654852754e-05,raw_biopol,today
raw_biopol|repair|Mixing||electricity location,location,particulate matter formation,-0.0007336155366420351,4.4576230832382054e-06,3.828542809483274e-06,5.490938022889929e-06,raw_biopol,today
raw_biopol|repair|Mixing||electricity location,location,photochemical oxidant formation: human health,-0.0005660268010333908,1.550688330117432e-05,1.2928334435775972e-05,1.9073919261219183e-05,raw_biopol,today
raw_biopol|repair|Mixing||electricity location,location,water use,0.0003499287450705365,2.9672346509973405e-06,2.566221087306735e-06,3.4282107542624827e-06,raw_biopol,today
raw_biopol|repair|3D printing||electricity location,location,acidification,0.06525188096849849,0.041709203751617144,0.03241909018110989,0.0500394865472307,raw_biopol,today
raw_biopol|repair|3D printing||electricity location,location,climate change,0.05164551529206337,0.0376176254531466,0.03061523667565109,0.04472284867674579,raw_biopol,today
raw_biopol|repair|3D printing||electricity location,location,climate change: biogenic,-0.01630664299121395,0.002010993482620768,0.0016191489131074813,0.0023937690993417375,raw_biopol,today
raw_biopol|repair|3D printing||electricity location,location,climate change: fossil,0.05036949008298642,0.03553543879683394,0.029084723628906035,0.042418574545453856,raw_biopol,today
raw_biopol|repair|3D printing||electricity location,location,climate change: land use and land use change,0.035233755282988784,0.046666767643500306,0.03889379121403427,0.05528264563049935,raw_biopol,today
raw_biopol|repair|3D printing||electricity location,location,ecotoxicity: freshwater,0.027547493683555527,0.021133241518459158,0.01727721801680968,0.02571282756226961,raw_biopol,today
raw_biopol|repair|3D printing||electricity location,location,"ecotoxicity: freshwater, inorganics",0.03344581311044626,0.026606242961821864,0.021700346674340364,0.032327405861388527,raw_biopol,today
raw_biopol|repair|3D printing||electricity location,location,"ecotoxicity: freshwater, organics",-0.0012412266471471336,8.000955993377532e-05,6.88072329972196e-05,9.337524401408606e-05,raw_biopol,today
raw_biopol|repair|3D printing||electricity location,location,energy resources: non-renewable,0.06308246379861653,0.016932180909636593,0.01419233744279199,0.019643452501723415,raw_biopol,today
raw_biopol|repair|3D printing||electricity location,location,eutrophication: freshwater,0.04230407240963425,0.0437106201165407,0.03547872099072195,0.05140317992555033,raw_biopol,today
raw_biopol|repair|3D printing||electricity location,location,eutrophication: marine,0.018265764337990414,0.007505208682591521,0.0060684557548956915,0.009022768700453765,raw_biopol,today
raw_biopol|repair|3D printing||electricity location,location,eutrophication: terrestrial,0.04849887711499728,0.02628108675504739,0.02151730504007075,0.03163925940707126,raw_biopol,today
raw_biopol|repair|3D printing||electricity location,location,human toxicity: carcinogenic,0.02460176408350612,0.0126856618949435,0.010261747491103363,0.0152041354443952,raw_biopol,today
raw_biopol|repair|3D printing||electricity location,location,"human toxicity: carcinogenic, inorganics",0.044453389639136136,0.02805283626746582,0.022420593777685443,0.034143028713968376,raw_biopol,today
raw_biopol|repair|3D printing||electricity location,location,"human toxicity: carcinogenic, organics",-0.0059141512302563525,0.003733583162280876,0.0031310866446618017,0.004346252540032041,raw_biopol,today
raw_biopol|repair|3D printing||electricity location,location,human toxicity: non-carcinogenic,0.037607072043424235,0.020459913130013357,0.016375194899835313,0.024862116409227013,raw_biopol,today
raw_biopol|repair|3D printing||electricity location,location,"human toxicity: non-carcinogenic, inorganics",0.03854428430994995,0.021238213952117533,0.01700960658417656,0.0258092340201214,raw_biopol,today
raw_biopol|repair|3D printing||electricity location,location,"human toxicity: non-carcinogenic, organics",0.005900505918052316,0.0031809164391177177,0.0026886192227193913,0.003738399536320484,raw_biopol,today
raw_biopol|repair|3D printing||electricity location,location,ionising radiation: human health,0.08187226139807578,0.046860882373116405,0.03966153864501307,0.05615651538488143,raw_biopol,today
raw_biopol|repair|3D printing||electricity location,location,land use,-0.004581235495152738,0.000402544284572435,0.00033190971884880364,0.0004716484788438019,raw_biopol,today
raw_biopol|repair|3D printing||electricity location,location,material resources: metals/minerals,-0.01762627989657348,0.002852235572677007,0.002438298866375795,0.0033370072959698033,raw_biopol,today
raw_biopol|repair|3D printing||electricity location,location,ozone depletion,0.024417535083553148,0.026685055896049078,0.023107824700964518,0.031964466403732364,raw_biopol,today
raw_biopol|repair|3D printing||electricity location,location,particulate matter formation,0.02815589162557743,0.00789847526320981,0.006470145946676202,0.009179672777969949,raw_biopol,today
raw_biopol|repair|3D printing||electricity location,location,photochemical oxidant formation: human health,0.0558342379776758,0.029524309118427818,0.024195493683792504,0.034938220479982005,raw_biopol,today
raw_biopol|repair|3D printing||electricity location,location,water use,0.04184700632078346,0.0063340597439981265,0.005278008554454189,0.0071570782690949875,raw_biopol,today
raw_biopol|end-of-life|waste||disposal grid location,location,acidification,-0.0010831586530713243,0.00034610494451132556,0.0002673653582814672,0.00044368092604979534,raw_biopol,today
raw_biopol|end-of-life|waste||disposal grid location,location,climate change,-0.001101707454428679,0.00032082008347372997,0.0002590368378607112,0.0004028153108636733,raw_biopol,today
raw_biopol|end-of-life|waste||disposal grid location,location,climate change: biogenic,0.00038037485692457524,1.613887154609056e-05,1.3445573369409135e-05,1.960238172313267e-05,raw_biopol,today
raw_biopol|end-of-life|waste||disposal grid location,location,climate change: fossil,-0.0010522806171703832,0.0003031721635977564,0.0002458400507483369,0.00038175468181801003,raw_biopol,today
raw_biopol|end-of-life|waste||disposal grid location,location,climate change: land use and land use change,0.0003254986741989655,0.0003935993664490667,0.00032558966454649226,0.0004687552817481375,raw_biopol,today
raw_biopol|end-of-life|waste||disposal grid location,location,ecotoxicity: freshwater,-0.00013691829241025866,0.00017718327167269495,0.00014108581099242862,0.00022118783603251462,raw_biopol,today
raw_biopol|end-of-life|waste||disposal grid location,location,"ecotoxicity: freshwater, inorganics",-0.00029770566981389087,0.00022265206472280808,0.00017560948695206463,0.0002769593219126179,raw_biopol,today
raw_biopol|end-of-life|waste||disposal grid location,location,"ecotoxicity: freshwater, organics",0.00010251424184862881,6.154719539461886e-07,5.416305231312933e-07,7.029736538024007e-07,raw_biopol,today
raw_biopol|end-of-life|waste||disposal grid location,location,energy resources: non-renewable,-0.0006656353358626795,0.00015394769752487698,0.0001309450245241174,0.00017492895751858894,raw_biopol,today
raw_biopol|end-of-life|waste||disposal grid location,location,eutrophication: freshwater,-0.000569495363244537,0.00035933764818983074,0.0002841433100442953,0.00043557614522278596,raw_biopol,today
raw_biopol|end-of-life|waste||disposal grid location,location,eutrophication: marine,2.6370697379948876e-05,6.438197116601042e-05,5.100034244489893e-05,7.950711747004763e-05,raw_biopol,today
raw_biopol|end-of-life|waste||disposal grid location,location,eutrophication: terrestrial,-0.0006241242571432407,0.00022509725627574927,0.00017794124588289486,0.000283997459710095,raw_biopol,today
raw_biopol|end-of-life|waste||disposal grid location,location,human toxicity: carcinogenic,0.00020405224067414926,0.0001115913728511206,8.892105376957925e-05,0.00013801754039732898,raw_biopol,today
raw_biopol|end-of-life|waste||disposal grid location,location,"human toxicity: carcinogenic, inorganics",-0.0004555851299324735,0.00023254789302248365,0.00018141576559308257,0.00028907618471284054,raw_biopol,today
raw_biopol|end-of-life|waste||disposal grid location,location,"human toxicity: carcinogenic, organics",0.0012484739170402226,3.0979715187718966e-05,2.652944417986757e-05,3.541736945672642e-05,raw_biopol,today
raw_biopol|end-of-life|waste||disposal grid location,location,human toxicity: non-carcinogenic,-0.00028117092647303275,0.00016918971649320478,0.00013251851487326266,0.00021147595386861596,raw_biopol,today
raw_biopol|end-of-life|waste||disposal grid location,location,"human toxicity: non-carcinogenic, inorganics",-0.000301646328567602,0.00017546386590379357,0.00013728972280536818,0.00021907408682125167,raw_biopol,today
raw_biopol|end-of-life|waste||disposal grid location,location,"human toxicity: non-carcinogenic, organics",0.00026445843860539763,2.7615780986907275e-05,2.2972138256973557e-05,3.378263698988931e-05,raw_biopol,today
raw_biopol|end-of-life|waste||disposal grid location,location,ionising radiation: human health,-0.002762399645526544,0.00037512156963276686,0.000315026296077429,0.00043667836976885434,raw_biopol,today
raw_biopol|end-of-life|waste||disposal grid location,location,land use,0.00019767626735946685,3.090286756217978e-06,2.6533931120712896e-06,3.523684108433384e-06,raw_biopol,today
raw_biopol|end-of-life|waste||disposal grid location,location,material resources: metals/minerals,0.0009402314963957489,2.1411788020560635e-05,1.8338128621004577e-05,2.4909999786403096e-05,raw_biopol,today
raw_biopol|end-of-life|waste||disposal grid location,location,ozone depletion,-0.0005566403605068146,0.00019805873119404697,0.00017268273113030976,0.00023443551165779555,raw_biopol,today
raw_biopol|end-of-life|waste||disposal grid location,location,particulate matter formation,-7.733296416551422e-05,7.163915599044488e-05,5.7884573920911944e-05,8.775275216477011e-05,raw_biopol,today
raw_biopol|end-of-life|waste||disposal grid location,location,photochemical oxidant formation: human health,-0.0007200523819573358,0.0002572359427662734,0.00020409489624747168,0.000326802949102566,raw_biopol,today
raw_biopol|end-of-life|waste||disposal grid location,location,water use,-0.0016668387783732575,4.353849012082348e-05,3.798868282512869e-05,5.0242151859466555e-05,raw_biopol,today
