name,group,category,S1,ST,ST_lo,ST_hi,raw_case,background
raw_cfw|product|product size formula||fibre_length_per_span,design,acidification,0.09651369056822351,0.23757123544475242,0.20243238722581322,0.2691731741907973,raw_cfw,today
raw_cfw|product|product size formula||fibre_length_per_span,design,climate change,0.03063824993709643,0.12308515357213974,0.10659003263148877,0.14100779856261464,raw_cfw,today
raw_cfw|product|product size formula||fibre_length_per_span,design,climate change: biogenic,0.11215538670041857,0.28641031296969366,0.25100102624312554,0.3187767409819319,raw_cfw,today
raw_cfw|product|product size formula||fibre_length_per_span,design,climate change: fossil,0.052710069399375455,0.16938725937302804,0.1466057722533326,0.1943347400260612,raw_cfw,today
raw_cfw|product|product size formula||fibre_length_per_span,design,climate change: land use and land use change,-0.002947626953910794,0.02942068615661747,0.024670241141297487,0.03600590666998431,raw_cfw,today
raw_cfw|product|product size formula||fibre_length_per_span,design,ecotoxicity: freshwater,0.11265010642239107,0.28931804239560566,0.25602655196255186,0.31980166276809757,raw_cfw,today
raw_cfw|product|product size formula||fibre_length_per_span,design,"ecotoxicity: freshwater, inorganics",0.11072528809944168,0.287612965493043,0.25418948790054025,0.31742478352978754,raw_cfw,today
raw_cfw|product|product size formula||fibre_length_per_span,design,"ecotoxicity: freshwater, organics",0.119763889444416,0.2910775595665409,0.2599036160285389,0.3256704063464437,raw_cfw,today
raw_cfw|product|product size formula||fibre_length_per_span,design,energy resources: non-renewable,0.10935254634803414,0.25739216794575365,0.22521353745376013,0.2860244254845558,raw_cfw,today
raw_cfw|product|product size formula||fibre_length_per_span,design,eutrophication: freshwater,-0.01272599122106738,0.042676873800218784,0.03579203193960247,0.04986582327448577,raw_cfw,today
raw_cfw|product|product size formula||fibre_length_per_span,design,eutrophication: marine,0.14566468601286917,0.31499053798228516,0.27548594352425804,0.35520745257283454,raw_cfw,today
raw_cfw|product|product size formula||fibre_length_per_span,design,eutrophication: terrestrial,0.14622688634974607,0.3155948918542662,0.27582573477499756,0.35642485607600444,raw_cfw,today
raw_cfw|product|product size formula||fibre_length_per_span,design,human toxicity: carcinogenic,0.10991136558717123,0.28298530115647624,0.2505282320791047,0.31292414453973566,raw_cfw,today
raw_cfw|product|product size formula||fibre_length_per_span,design,"human toxicity: carcinogenic, inorganics",0.009974060009321545,0.10666256236956974,0.0912182114281965,0.1215598693731428,raw_cfw,today
raw_cfw|product|product size formula||fibre_length_per_span,design,"human toxicity: carcinogenic, organics",0.11587478850827243,0.2853437421046831,0.25474440597081055,0.31856541985204295,raw_cfw,today
raw_cfw|product|product size formula||fibre_length_per_span,design,human toxicity: non-carcinogenic,-0.005143536494414049,0.06680678041636849,0.05619241992111206,0.077717916935948,raw_cfw,today
raw_cfw|product|product size formula||fibre_length_per_span,design,"human toxicity: non-carcinogenic, inorganics",-0.008673681157040076,0.05605092833125779,0.046731492371888464,0.06575359042237518,raw_cfw,today
raw_cfw|product|product size formula||fibre_length_per_span,design,"human toxicity: non-carcinogenic, organics",0.10394696785112616,0.2825787409771887,0.24924738905276614,0.3142990489957363,raw_cfw,today
raw_cfw|product|product size formula||fibre_length_per_span,design,ionising radiation: human health,0.02209727464655376,0.03577374271779996,0.029970567192467257,0.0422707342861025,raw_cfw,today
raw_cfw|product|product size formula||fibre_length_per_span,design,land use,0.1490205482632018,0.3180053196397365,0.281734502073934,0.3617064279535315,raw_cfw,today
raw_cfw|product|product size formula||fibre_length_per_span,design,material resources: metals/minerals,0.1029085074909248,0.2801148391837759,0.24992345982565714,0.3118395540206028,raw_cfw,today
raw_cfw|product|product size formula||fibre_length_per_span,design,ozone depletion,0.1022955777749197,0.24672479534282352,0.21797954480668477,0.27736410248084153,raw_cfw,today
raw_cfw|product|product size formula||fibre_length_per_span,design,particulate matter formation,0.14530461370633313,0.32554430750948193,0.28806519097244626,0.3668043763663735,raw_cfw,today
raw_cfw|product|product size formula||fibre_length_per_span,design,photochemical oxidant formation: human health,0.10892353950452023,0.26622737807689517,0.23403494858581392,0.2969518097852845,raw_cfw,today
raw_cfw|product|product size formula||fibre_length_per_span,design,water use,0.07349555651749812,0.24648746831226412,0.21550458478699314,0.2756291408644062,raw_cfw,today
raw_cfw|product|product size formula||fibre_mass_per_length,design,acidification,0.39180402145985266,0.25092333637036485,0.21403886156016239,0.2892342677641761,raw_cfw,today
raw_cfw|product|product size formula||fibre_mass_per_length,design,climate change,0.22350886968892228,0.12694151235752693,0.10862790314219056,0.14779722528121286,raw_cfw,today
raw_cfw|product|product size formula||fibre_mass_per_length,design,climate change: biogenic,0.4007011553035631,0.30988576318260547,0.2680248797014552,0.34850999240789526,raw_cfw,today
raw_cfw|product|product size formula||fibre_mass_per_length,design,climate change: fossil,0.29605238392552297,0.1754944510778925,0.15062132339756848,0.2021694250525787,raw_cfw,today
raw_cfw|product|product size formula||fibre_mass_per_length,design,climate change: land use and land use change,0.01015217342021038,0.03242082442938424,0.027335447797659364,0.03883039010177823,raw_cfw,today
raw_cfw|product|product size formula||fibre_mass_per_length,design,ecotoxicity: freshwater,0.42725041047621587,0.30912506857705807,0.27173806806801337,0.3544884272069842,raw_cfw,today
raw_cfw|product|product size formula||fibre_mass_per_length,design,"ecotoxicity: freshwater, inorganics",0.4288110183734318,0.30698087705159127,0.27029337390490615,0.35252235876379284,raw_cfw,today
raw_cfw|product|product size formula||fibre_mass_per_length,design,"ecotoxicity: freshwater, organics",0.40696897038885915,0.31276931717624235,0.27302686565043127,0.355927762638276,raw_cfw,today
raw_cfw|product|product size formula||fibre_mass_per_length,design,energy resources: non-renewable,0.412289190117451,0.2754460926956823,0.24199293281099302,0.313705706706511,raw_cfw,today
raw_cfw|product|product size formula||fibre_mass_per_length,design,eutrophication: freshwater,0.09389513508104193,0.04228277989948979,0.03491806342736311,0.05052486115531651,raw_cfw,today
raw_cfw|product|product size formula||fibre_mass_per_length,design,eutrophication: marine,0.45745478584758,0.33888423796927164,0.29374312882822506,0.38318725524861225,raw_cfw,today
raw_cfw|product|product size formula||fibre_mass_per_length,design,eutrophication: terrestrial,0.45773149196737717,0.3390912839304988,0.29544830825227997,0.3841566987334101,raw_cfw,today
raw_cfw|product|product size formula||fibre_mass_per_length,design,human toxicity: carcinogenic,0.4151045663984021,0.3023789618536081,0.2672047523028808,0.34591954728408286,raw_cfw,today
raw_cfw|product|product size formula||fibre_mass_per_length,design,"human toxicity: carcinogenic, inorganics",0.21537153866935213,0.10790365026159823,0.0920743848901204,0.12826257533764007,raw_cfw,today
raw_cfw|product|product size formula||fibre_mass_per_length,design,"human toxicity: carcinogenic, organics",0.4011773356216362,0.3062620848534975,0.2686597789355984,0.3478143719332196,raw_cfw,today
raw_cfw|product|product size formula||fibre_mass_per_length,design,human toxicity: non-carcinogenic,0.14283296244680313,0.06516870480710003,0.05494860876003524,0.07842242254103053,raw_cfw,today
raw_cfw|product|product size formula||fibre_mass_per_length,design,"human toxicity: non-carcinogenic, inorganics",0.12229020328053111,0.05397588895543148,0.045230552530485676,0.06558615702795134,raw_cfw,today
raw_cfw|product|product size formula||fibre_mass_per_length,design,"human toxicity: non-carcinogenic, organics",0.42686867592794836,0.30037499322653444,0.26220882290003555,0.3405810463122922,raw_cfw,today
raw_cfw|product|product size formula||fibre_mass_per_length,design,ionising radiation: human health,0.03335737965663843,0.042634307046707794,0.036655698459700375,0.05017986938206513,raw_cfw,today
raw_cfw|product|product size formula||fibre_mass_per_length,design,land use,0.43420785118794036,0.34281347048914823,0.296516713541606,0.38773179340687114,raw_cfw,today
raw_cfw|product|product size formula||fibre_mass_per_length,design,material resources: metals/minerals,0.40449090489390094,0.29893600045084173,0.2627879142095502,0.33476039589803896,raw_cfw,today
raw_cfw|product|product size formula||fibre_mass_per_length,design,ozone depletion,0.3337296511733166,0.26336962572574585,0.23176423727479964,0.29265943084834517,raw_cfw,today
raw_cfw|product|product size formula||fibre_mass_per_length,design,particulate matter formation,0.4666573126322893,0.35049598086918565,0.3042715383702454,0.40094098697662456,raw_cfw,today
raw_cfw|product|product size formula||fibre_mass_per_length,design,photochemical oxidant formation: human health,0.415098299886511,0.2816998665201662,0.2432433970385033,0.3207150875338613,raw_cfw,today
raw_cfw|product|product size formula||fibre_mass_per_length,design,water use,0.3767369984109094,0.2624246028679369,0.22776231695058533,0.30340958142484337,raw_cfw,today
raw_cfw|production|Hemp fiber|virgin|share of input mass,design,acidification,0.023730655418730012,0.0009816119349702205,0.0008253551102725904,0.0011454726183365437,raw_cfw,today
raw_cfw|production|Hemp fiber|virgin|share of input mass,design,climate change,-0.06281516015825836,0.029527755842115762,0.024969005481696116,0.034832014828938135,raw_cfw,today
raw_cfw|production|Hemp fiber|virgin|share of input mass,design,climate change: biogenic,0.07157201690671944,0.00621906990915753,0.0052253310292601106,0.007147840626988315,raw_cfw,today
raw_cfw|production|Hemp fiber|virgin|share of input mass,design,climate change: fossil,-0.06399703888653865,0.016319678691223555,0.013505231521718697,0.01905258950265204,raw_cfw,today
raw_cfw|production|Hemp fiber|virgin|share of input mass,design,climate change: land use and land use change,-0.003394935894768239,0.0009322025252775438,0.0008038077023237564,0.001093673585081157,raw_cfw,today
raw_cfw|production|Hemp fiber|virgin|share of input mass,design,ecotoxicity: freshwater,-0.1305034511911003,0.044208330094362015,0.037646601451363705,0.050773776272505296,raw_cfw,today
raw_cfw|production|Hemp fiber|virgin|share of input mass,design,"ecotoxicity: freshwater, inorganics",-0.12887948515370543,0.04325953375548604,0.03668775633006453,0.049728879132333766,raw_cfw,today
raw_cfw|production|Hemp fiber|virgin|share of input mass,design,"ecotoxicity: freshwater, organics",-0.13585371198240329,0.048320997449152525,0.041098282648638663,0.055168669731152815,raw_cfw,today
raw_cfw|production|Hemp fiber|virgin|share of input mass,design,energy resources: non-renewable,-0.10301659459073262,0.03004795485472438,0.025310983075527708,0.03495331654920573,raw_cfw,today
raw_cfw|production|Hemp fiber|virgin|share of input mass,design,eutrophication: freshwater,-0.006732485460806371,0.0008384352411854846,0.0007029469267618803,0.0009830062880694641,raw_cfw,today
raw_cfw|production|Hemp fiber|virgin|share of input mass,design,eutrophication: marine,0.1100072974099412,0.01268187986585361,0.010622252336372855,0.014631427530587932,raw_cfw,today
raw_cfw|production|Hemp fiber|virgin|share of input mass,design,eutrophication: terrestrial,0.09141058474662007,0.00902198174534662,0.007542411349272921,0.010410311539618336,raw_cfw,today
raw_cfw|production|Hemp fiber|virgin|share of input mass,design,human toxicity: carcinogenic,-0.13853967332044018,0.055007254086816226,0.04698327324619502,0.0629283255409535,raw_cfw,today
raw_cfw|production|Hemp fiber|virgin|share of input mass,design,"human toxicity: carcinogenic, inorganics",-0.050499903607955615,0.029115568412303266,0.024133920384395807,0.0342770050749327,raw_cfw,today
raw_cfw|production|Hemp fiber|virgin|share of input mass,design,"human toxicity: carcinogenic, organics",-0.13907103757039097,0.0534017626908648,0.04560572964730225,0.061251768068724,raw_cfw,today
raw_cfw|production|Hemp fiber|virgin|share of input mass,design,human toxicity: non-carcinogenic,-0.030091780525352253,0.049477399867296046,0.040917938564297644,0.05840549713947096,raw_cfw,today
raw_cfw|production|Hemp fiber|virgin|share of input mass,design,"human toxicity: non-carcinogenic, inorganics",-0.02175905751970509,0.04885186499803995,0.040476248176781734,0.05774774830843485,raw_cfw,today
raw_cfw|production|Hemp fiber|virgin|share of input mass,design,"human toxicity: non-carcinogenic, organics",-0.1073438337997886,0.025301884590027832,0.021214961837571385,0.028993105811237565,raw_cfw,today
raw_cfw|production|Hemp fiber|virgin|share of input mass,design,ionising radiation: human health,-0.0014779361069473496,5.7859518752392404e-05,4.938400695026302e-05,6.750280145616954e-05,raw_cfw,today
raw_cfw|production|Hemp fiber|virgin|share of input mass,design,land use,0.11078285226822107,0.012433702395690867,0.010385750067204519,0.014228922847959019,raw_cfw,today
raw_cfw|production|Hemp fiber|virgin|share of input mass,design,material resources: metals/minerals,-0.11764875498122745,0.030785553139781357,0.02571139483113825,0.035105283333734714,raw_cfw,today
raw_cfw|production|Hemp fiber|virgin|share of input mass,design,ozone depletion,-0.12972732794679645,0.051144730392215634,0.043544556178637714,0.05865176380356638,raw_cfw,today
raw_cfw|production|Hemp fiber|virgin|share of input mass,design,particulate matter formation,0.0027770698803467092,9.747410777040677e-06,8.096127405164586e-06,1.1149762110818073e-05,raw_cfw,today
raw_cfw|production|Hemp fiber|virgin|share of input mass,design,photochemical oxidant formation: human health,-0.07772991985612668,0.012952275031145549,0.010902013113607016,0.014968045326385142,raw_cfw,today
raw_cfw|production|Hemp fiber|virgin|share of input mass,design,water use,-0.0642835443023059,0.011489231719167728,0.009759549215724521,0.013426654988361677,raw_cfw,today
raw_cfw|production|Fiber glue (epoxy resin)|virgin|share of input mass,design,acidification,0.028766246664471046,0.0009608226922733188,0.0008242411369610259,0.0011068581805735603,raw_cfw,today
raw_cfw|production|Fiber glue (epoxy resin)|virgin|share of input mass,design,climate change,-0.08144113026627406,0.02900928559057067,0.02514930024761614,0.03336269417810717,raw_cfw,today
raw_cfw|production|Fiber glue (epoxy resin)|virgin|share of input mass,design,climate change: biogenic,0.08301147051904115,0.006087358232593207,0.005217283422367157,0.007091151717646135,raw_cfw,today
raw_cfw|production|Fiber glue (epoxy resin)|virgin|share of input mass,design,climate change: fossil,-0.08031463286628003,0.015974049477722144,0.013778343626277128,0.018381503287930645,raw_cfw,today
raw_cfw|production|Fiber glue (epoxy resin)|virgin|share of input mass,design,climate change: land use and land use change,-0.004835365403408369,0.0009124597085388183,0.0007950085065658782,0.0010577562051851616,raw_cfw,today
raw_cfw|production|Fiber glue (epoxy resin)|virgin|share of input mass,design,ecotoxicity: freshwater,-0.16957805570577553,0.04327205612415558,0.03774948730496424,0.049973887658348946,raw_cfw,today
raw_cfw|production|Fiber glue (epoxy resin)|virgin|share of input mass,design,"ecotoxicity: freshwater, inorganics",-0.1674484850158448,0.0423433540370466,0.03695009977829989,0.04898118098631096,raw_cfw,today
raw_cfw|production|Fiber glue (epoxy resin)|virgin|share of input mass,design,"ecotoxicity: freshwater, organics",-0.17664199808624503,0.04729762262297191,0.04113573388431659,0.05431261213883242,raw_cfw,today
raw_cfw|production|Fiber glue (epoxy resin)|virgin|share of input mass,design,energy resources: non-renewable,-0.14345849113118994,0.029411578906382317,0.025659814857706298,0.034711332215971606,raw_cfw,today
raw_cfw|production|Fiber glue (epoxy resin)|virgin|share of input mass,design,eutrophication: freshwater,-0.008911683268069464,0.0008206782915257678,0.0007088133852785266,0.0009347841186972636,raw_cfw,today
raw_cfw|production|Fiber glue (epoxy resin)|virgin|share of input mass,design,eutrophication: marine,0.12825181109717465,0.012413294420840404,0.010740877319093909,0.014393198603188445,raw_cfw,today
raw_cfw|production|Fiber glue (epoxy resin)|virgin|share of input mass,design,eutrophication: terrestrial,0.10670020988193249,0.008830908102668527,0.007655796174053825,0.010215634388274253,raw_cfw,today
raw_cfw|production|Fiber glue (epoxy resin)|virgin|share of input mass,design,human toxicity: carcinogenic,-0.18191162667963148,0.053842273186970206,0.046700506039174604,0.061899943879963275,raw_cfw,today
raw_cfw|production|Fiber glue (epoxy resin)|virgin|share of input mass,design,"human toxicity: carcinogenic, inorganics",-0.07301558781800452,0.0284989391758219,0.02461645277127943,0.03339365779668224,raw_cfw,today
raw_cfw|production|Fiber glue (epoxy resin)|virgin|share of input mass,design,"human toxicity: carcinogenic, organics",-0.18126552541558227,0.05227078397567978,0.04537429335064468,0.06004062366536238,raw_cfw,today
raw_cfw|production|Fiber glue (epoxy resin)|virgin|share of input mass,design,human toxicity: non-carcinogenic,-0.05459302782827464,0.04842953396712817,0.04207314390618683,0.05730851599904212,raw_cfw,today
raw_cfw|production|Fiber glue (epoxy resin)|virgin|share of input mass,design,"human toxicity: non-carcinogenic, inorganics",-0.04470342483755695,0.04781724709919432,0.04145915345662767,0.056813649056754366,raw_cfw,today
raw_cfw|production|Fiber glue (epoxy resin)|virgin|share of input mass,design,"human toxicity: non-carcinogenic, organics",-0.13429424068513765,0.024766024133678483,0.02132255808346931,0.028697924553562754,raw_cfw,today
raw_cfw|production|Fiber glue (epoxy resin)|virgin|share of input mass,design,ionising radiation: human health,-0.002941648459846399,5.663413065877032e-05,4.9893213449765795e-05,6.569418348125575e-05,raw_cfw,today
raw_cfw|production|Fiber glue (epoxy resin)|virgin|share of input mass,design,land use,0.12705962589164255,0.01217037302130531,0.010395564616023065,0.014201254203808425,raw_cfw,today
raw_cfw|production|Fiber glue (epoxy resin)|virgin|share of input mass,design,material resources: metals/minerals,-0.14568349910820433,0.030133555835163427,0.025819797233907083,0.03435827812077744,raw_cfw,today
raw_cfw|production|Fiber glue (epoxy resin)|virgin|share of input mass,design,ozone depletion,-0.16270323924709704,0.050061552636411516,0.043141238725803215,0.05756531143793911,raw_cfw,today
raw_cfw|production|Fiber glue (epoxy resin)|virgin|share of input mass,design,particulate matter formation,0.003323281581528215,9.540973506779809e-06,8.256587197537253e-06,1.1027290483406998e-05,raw_cfw,today
raw_cfw|production|Fiber glue (epoxy resin)|virgin|share of input mass,design,photochemical oxidant formation: human health,-0.09637866529949876,0.012677962974102643,0.010962357622920312,0.014786763271860568,raw_cfw,today
raw_cfw|production|Fiber glue (epoxy resin)|virgin|share of input mass,design,water use,-0.08629510930251978,0.011245904984740828,0.00967405221871109,0.013288462129979271,raw_cfw,today
raw_cfw|repair|Hemp fiber|virgin|share of input mass,design,acidification,0.00032513720958976273,8.025873969799386e-05,6.608050496688575e-05,9.261026390538501e-05,raw_cfw,today
raw_cfw|repair|Hemp fiber|virgin|share of input mass,design,climate change,-0.0008628560982575544,0.001707789010955835,0.0014304520598806905,0.00199603304176682,raw_cfw,today
raw_cfw|repair|Hemp fiber|virgin|share of input mass,design,climate change: biogenic,-0.00010380503965011692,0.0005084847639080923,0.000422302407881238,0.0005859653589100584,raw_cfw,today
raw_cfw|repair|Hemp fiber|virgin|share of input mass,design,climate change: fossil,-0.00018691548011704915,0.0013343326393780409,0.001108952928410557,0.00153819351640102,raw_cfw,today
raw_cfw|repair|Hemp fiber|virgin|share of input mass,design,climate change: land use and land use change,0.00024887776690609575,7.621891824729318e-05,6.489804695456422e-05,8.863920795513228e-05,raw_cfw,today
raw_cfw|repair|Hemp fiber|virgin|share of input mass,design,ecotoxicity: freshwater,0.0026309575789286834,0.003614569802102105,0.003031811353674457,0.004146447871921341,raw_cfw,today
raw_cfw|repair|Hemp fiber|virgin|share of input mass,design,"ecotoxicity: freshwater, inorganics",0.002487773107349666,0.003536994137345573,0.0029605984466941383,0.0040797268616403785,raw_cfw,today
raw_cfw|repair|Hemp fiber|virgin|share of input mass,design,"ecotoxicity: freshwater, organics",0.003376061515129517,0.003950830484081869,0.003342905746615762,0.0045455409914103165,raw_cfw,today
raw_cfw|repair|Hemp fiber|virgin|share of input mass,design,energy resources: non-renewable,0.0005479436639554333,0.0024567865377630566,0.0020448209977378382,0.002839710805287536,raw_cfw,today
raw_cfw|repair|Hemp fiber|virgin|share of input mass,design,eutrophication: freshwater,-0.00020799642399602027,6.85522999248899e-05,5.789431884252061e-05,8.110505048704219e-05,raw_cfw,today
raw_cfw|repair|Hemp fiber|virgin|share of input mass,design,eutrophication: marine,0.0007579093720067444,0.001036898247437921,0.0008573092592218323,0.0011953341568991913,raw_cfw,today
raw_cfw|repair|Hemp fiber|virgin|share of input mass,design,eutrophication: terrestrial,0.0005921295891211406,0.0007376569687712605,0.00060964671832085,0.0008497276404377152,raw_cfw,today
raw_cfw|repair|Hemp fiber|virgin|share of input mass,design,human toxicity: carcinogenic,0.0032062737020007634,0.0044975134571780696,0.0037919903246933077,0.005165187904844857,raw_cfw,today
raw_cfw|repair|Hemp fiber|virgin|share of input mass,design,"human toxicity: carcinogenic, inorganics",-0.0006869240214782507,0.00238055258204767,0.0019515793554211436,0.0028094063436810493,raw_cfw,today
raw_cfw|repair|Hemp fiber|virgin|share of input mass,design,"human toxicity: carcinogenic, organics",0.003590432174441668,0.004366244967620696,0.003700569807119639,0.005029399646693906,raw_cfw,today
raw_cfw|repair|Hemp fiber|virgin|share of input mass,design,human toxicity: non-carcinogenic,-0.0009210355537974652,0.004045380476148471,0.003322451062949583,0.004872547151765209,raw_cfw,today
raw_cfw|repair|Hemp fiber|virgin|share of input mass,design,"human toxicity: non-carcinogenic, inorganics",-0.0010169095121808109,0.003994235376486275,0.0032825364243557983,0.0048471089171985135,raw_cfw,today
raw_cfw|repair|Hemp fiber|virgin|share of input mass,design,"human toxicity: non-carcinogenic, organics",0.0007722781205918111,0.0020687374479012696,0.0017324675658174076,0.002368698507858798,raw_cfw,today
raw_cfw|repair|Hemp fiber|virgin|share of input mass,design,ionising radiation: human health,-1.998846643702611e-05,4.730720857362366e-06,4.084956143918522e-06,5.381340020010369e-06,raw_cfw,today
raw_cfw|repair|Hemp fiber|virgin|share of input mass,design,land use,0.0005540799897635918,0.0010166067144327699,0.000847087015785356,0.0011746679030043418,raw_cfw,today
raw_cfw|repair|Hemp fiber|virgin|share of input mass,design,material resources: metals/minerals,0.0014396965913326199,0.002517094187510483,0.0021227355043484416,0.0029048749805307594,raw_cfw,today
raw_cfw|repair|Hemp fiber|virgin|share of input mass,design,ozone depletion,0.0029157862571608456,0.004181705068202353,0.0035742747350778494,0.004794614823586289,raw_cfw,today
raw_cfw|repair|Hemp fiber|virgin|share of input mass,design,particulate matter formation,1.8232534059742735e-08,7.969696337358378e-07,6.664894347891534e-07,9.132047076057499e-07,raw_cfw,today
raw_cfw|repair|Hemp fiber|virgin|share of input mass,design,photochemical oxidant formation: human health,0.00021201643057149302,0.0010590063478120488,0.0008752846971799539,0.0012341712084392828,raw_cfw,today
raw_cfw|repair|Hemp fiber|virgin|share of input mass,design,water use,-0.0008512038957678652,0.0009393847252953234,0.000784192119961769,0.0010817991920615475,raw_cfw,today
raw_cfw|repair|Fiber glue (epoxy resin)|virgin|share of input mass,design,acidification,0.001489708015163711,9.610693448252372e-05,8.083774852239049e-05,0.00011075020905670865,raw_cfw,today
raw_cfw|repair|Fiber glue (epoxy resin)|virgin|share of input mass,design,climate change,-0.005545807374078404,0.002048029629367547,0.001741024206061882,0.002385507287531845,raw_cfw,today
raw_cfw|repair|Fiber glue (epoxy resin)|virgin|share of input mass,design,climate change: biogenic,0.005356549591990757,0.0006088920916795585,0.0005177170200146501,0.0006998026669716673,raw_cfw,today
raw_cfw|repair|Fiber glue (epoxy resin)|virgin|share of input mass,design,climate change: fossil,-0.0054591800275357255,0.0015978150171949918,0.0013456974948822282,0.0018688541718587537,raw_cfw,today
raw_cfw|repair|Fiber glue (epoxy resin)|virgin|share of input mass,design,climate change: land use and land use change,0.00027035267518342633,9.126939458413348e-05,7.863839073677303e-05,0.00010736280880113446,raw_cfw,today
raw_cfw|repair|Fiber glue (epoxy resin)|virgin|share of input mass,design,ecotoxicity: freshwater,-0.006824065262631429,0.004328316448281075,0.003673205321431264,0.0049940814485369715,raw_cfw,today
raw_cfw|repair|Fiber glue (epoxy resin)|virgin|share of input mass,design,"ecotoxicity: freshwater, inorganics",-0.006883122419967496,0.004235422398882239,0.003592872568004507,0.004903993156175197,raw_cfw,today
raw_cfw|repair|Fiber glue (epoxy resin)|virgin|share of input mass,design,"ecotoxicity: freshwater, organics",-0.006273131833146099,0.004730976438379158,0.004053673164540109,0.0053968713796961,raw_cfw,today
raw_cfw|repair|Fiber glue (epoxy resin)|virgin|share of input mass,design,energy resources: non-renewable,-0.005249017992956959,0.0029419129145413503,0.0024766941734905663,0.0034460475371982944,raw_cfw,today
raw_cfw|repair|Fiber glue (epoxy resin)|virgin|share of input mass,design,eutrophication: freshwater,-0.0011708679719798713,8.208889676437821e-05,6.890484706737001e-05,9.599128820524668e-05,raw_cfw,today
raw_cfw|repair|Fiber glue (epoxy resin)|virgin|share of input mass,design,eutrophication: marine,0.006464703686852743,0.0012416481034532242,0.0010596426927671472,0.0014202959108033208,raw_cfw,today
raw_cfw|repair|Fiber glue (epoxy resin)|virgin|share of input mass,design,eutrophication: terrestrial,0.005285443439575073,0.000883317508286876,0.000751520152833447,0.0010103621062338634,raw_cfw,today
raw_cfw|repair|Fiber glue (epoxy resin)|virgin|share of input mass,design,human toxicity: carcinogenic,-0.006796966711111942,0.005385609502339177,0.004585559048865811,0.006180564277438549,raw_cfw,today
raw_cfw|repair|Fiber glue (epoxy resin)|virgin|share of input mass,design,"human toxicity: carcinogenic, inorganics",-0.0045378236481403616,0.0028506255131337116,0.002389071901132471,0.0033615728091716556,raw_cfw,today
raw_cfw|repair|Fiber glue (epoxy resin)|virgin|share of input mass,design,"human toxicity: carcinogenic, organics",-0.006410182976566073,0.0052284202395500735,0.004489826759609926,0.005945971314629305,raw_cfw,today
raw_cfw|repair|Fiber glue (epoxy resin)|virgin|share of input mass,design,human toxicity: non-carcinogenic,-0.003388025362124129,0.004844196630062461,0.004045780072555884,0.005657185530060807,raw_cfw,today
raw_cfw|repair|Fiber glue (epoxy resin)|virgin|share of input mass,design,"human toxicity: non-carcinogenic, inorganics",-0.0029615303248359407,0.004782952225268261,0.003991371533153527,0.005606611426121646,raw_cfw,today
raw_cfw|repair|Fiber glue (epoxy resin)|virgin|share of input mass,design,"human toxicity: non-carcinogenic, organics",-0.00616900303442873,0.002477238181351112,0.0020996774952562938,0.002856580609319413,raw_cfw,today
raw_cfw|repair|Fiber glue (epoxy resin)|virgin|share of input mass,design,ionising radiation: human health,0.00014047654343003657,5.664866919222154e-06,4.75523894330468e-06,6.574736771921757e-06,raw_cfw,today
raw_cfw|repair|Fiber glue (epoxy resin)|virgin|share of input mass,design,land use,0.0062607013590714865,0.0012173497274705694,0.0010440622046943083,0.0013943466165243406,raw_cfw,today
raw_cfw|repair|Fiber glue (epoxy resin)|virgin|share of input mass,design,material resources: metals/minerals,-0.006060390821359216,0.003014129141271058,0.0025653048402642284,0.003459241614801223,raw_cfw,today
raw_cfw|repair|Fiber glue (epoxy resin)|virgin|share of input mass,design,ozone depletion,-0.007292980416784516,0.005007440392501049,0.004309406351925013,0.00572501762581117,raw_cfw,today
raw_cfw|repair|Fiber glue (epoxy resin)|virgin|share of input mass,design,particulate matter formation,0.00015179159373275518,9.543422767692037e-07,8.111756248089204e-07,1.0972683382877799e-06,raw_cfw,today
raw_cfw|repair|Fiber glue (epoxy resin)|virgin|share of input mass,design,photochemical oxidant formation: human health,-0.004772335606879149,0.0012681217530792267,0.0010599474663085344,0.0014590717107883352,raw_cfw,today
raw_cfw|repair|Fiber glue (epoxy resin)|virgin|share of input mass,design,water use,-0.0038003294494316203,0.0011248791918183872,0.000963895930416718,0.0012959101670953104,raw_cfw,today
raw_cfw|production|Rope production||machine weight,manufacturing,acidification,1.4254923234211833e-06,1.928623913639737e-08,1.6265114874449634e-08,2.3557167522537048e-08,raw_cfw,today
raw_cfw|production|Rope production||machine weight,manufacturing,climate change,-3.7175853630794836e-06,3.409177513402888e-08,2.8339187090653304e-08,4.2050906503162314e-08,raw_cfw,today
raw_cfw|production|Rope production||machine weight,manufacturing,climate change: biogenic,1.1701790196496455e-06,1.0981807394489056e-09,9.170742412228943e-10,1.3212100365655997e-09,raw_cfw,today
raw_cfw|production|Rope production||machine weight,manufacturing,climate change: fossil,-1.645145865466872e-06,2.9412252744690403e-08,2.451521013039288e-08,3.6083365097959585e-08,raw_cfw,today
raw_cfw|production|Rope production||machine weight,manufacturing,climate change: land use and land use change,7.23907496508742e-06,1.2429008906048204e-08,1.0001650197959089e-08,1.5298474478377154e-08,raw_cfw,today
raw_cfw|production|Rope production||machine weight,manufacturing,ecotoxicity: freshwater,2.96826480036954e-06,1.4707328547610355e-08,1.2071658198676977e-08,1.7797917986393592e-08,raw_cfw,today
raw_cfw|production|Rope production||machine weight,manufacturing,"ecotoxicity: freshwater, inorganics",3.183173869447615e-06,1.965188681977522e-08,1.6163707478123375e-08,2.3783333480488312e-08,raw_cfw,today
raw_cfw|production|Rope production||machine weight,manufacturing,"ecotoxicity: freshwater, organics",5.556051380028882e-07,2.691139625800744e-10,2.1985266484084433e-10,3.2615840002254227e-10,raw_cfw,today
raw_cfw|production|Rope production||machine weight,manufacturing,energy resources: non-renewable,2.66369090577052e-07,1.5331392294787668e-08,1.253027060899333e-08,1.8502790112350658e-08,raw_cfw,today
raw_cfw|production|Rope production||machine weight,manufacturing,eutrophication: freshwater,-5.971440055455044e-06,1.773564932085538e-08,1.461308700713814e-08,2.2182607947897748e-08,raw_cfw,today
raw_cfw|production|Rope production||machine weight,manufacturing,eutrophication: marine,2.0148113862705e-06,2.916774333692738e-09,2.433736401246813e-09,3.481335742698995e-09,raw_cfw,today
raw_cfw|production|Rope production||machine weight,manufacturing,eutrophication: terrestrial,2.8230679206217305e-06,5.736843386987487e-09,4.788966658607298e-09,6.85595644243153e-09,raw_cfw,today
raw_cfw|production|Rope production||machine weight,manufacturing,human toxicity: carcinogenic,6.889515415586584e-06,7.234970429532726e-08,5.9253227626030726e-08,8.793050328979769e-08,raw_cfw,today
raw_cfw|production|Rope production||machine weight,manufacturing,"human toxicity: carcinogenic, inorganics",-2.9643803415842803e-05,7.809783248073949e-07,6.433976210395328e-07,9.759284847615627e-07,raw_cfw,today
raw_cfw|production|Rope production||machine weight,manufacturing,"human toxicity: carcinogenic, organics",5.381423705096336e-06,2.663984736198353e-08,2.174201639369216e-08,3.240498733262027e-08,raw_cfw,today
raw_cfw|production|Rope production||machine weight,manufacturing,human toxicity: non-carcinogenic,-4.429921691563496e-05,1.18034331102245e-06,9.600514260332358e-07,1.4817362620728797e-06,raw_cfw,today
raw_cfw|production|Rope production||machine weight,manufacturing,"human toxicity: non-carcinogenic, inorganics",-4.709030378350664e-05,1.1650722262063573e-06,9.465482353021649e-07,1.4739734097558882e-06,raw_cfw,today
raw_cfw|production|Rope production||machine weight,manufacturing,"human toxicity: non-carcinogenic, organics",1.6261115481415313e-05,6.076417863484478e-07,5.009234485531987e-07,7.355541500590483e-07,raw_cfw,today
raw_cfw|production|Rope production||machine weight,manufacturing,ionising radiation: human health,2.1552121353706684e-07,3.098397626156455e-10,2.4847976438489375e-10,3.81183990896118e-10,raw_cfw,today
raw_cfw|production|Rope production||machine weight,manufacturing,land use,2.5826841668341697e-06,3.1142946789984094e-09,2.606319463195905e-09,3.7205473237097537e-09,raw_cfw,today
raw_cfw|production|Rope production||machine weight,manufacturing,material resources: metals/minerals,2.600913928566427e-05,9.593436813232926e-07,7.849731728348415e-07,1.1680316175729586e-06,raw_cfw,today
raw_cfw|production|Rope production||machine weight,manufacturing,ozone depletion,1.4761762444456911e-06,2.0601405224313875e-09,1.6864871149383369e-09,2.5017608015968355e-09,raw_cfw,today
raw_cfw|production|Rope production||machine weight,manufacturing,particulate matter formation,1.1596199838890809e-05,9.206713883639146e-08,7.694608855353327e-08,1.1025063839005854e-07,raw_cfw,today
raw_cfw|production|Rope production||machine weight,manufacturing,photochemical oxidant formation: human health,2.9933937469488607e-06,3.55322891875589e-08,2.961302486850342e-08,4.29011093722872e-08,raw_cfw,today
raw_cfw|production|Rope production||machine weight,manufacturing,water use,5.6288320119172515e-06,1.2640481802023993e-07,1.0547852684448682e-07,1.5485123700955747e-07,raw_cfw,today
raw_cfw|production|Rope production||power,manufacturing,acidification,0.0013231792124227596,3.6859314698726226e-05,2.7091038382188163e-05,5.1956687707761765e-05,raw_cfw,today
raw_cfw|production|Rope production||power,manufacturing,climate change,0.0011418611536525623,8.183045703362406e-05,6.427337870515189e-05,0.0001053657970202919,raw_cfw,today
raw_cfw|production|Rope production||power,manufacturing,climate change: biogenic,0.0006456119378596483,1.3761276486748626e-05,1.027845026369972e-05,1.7540782151408478e-05,raw_cfw,today
raw_cfw|production|Rope production||power,manufacturing,climate change: fossil,0.0012561858387131978,7.070363160259247e-05,5.5690330451462516e-05,9.148433710905418e-05,raw_cfw,today
raw_cfw|production|Rope production||power,manufacturing,climate change: land use and land use change,-0.0008053330968594192,7.859168891321056e-05,5.271343554952798e-05,0.00010737704040257453,raw_cfw,today
raw_cfw|production|Rope production||power,manufacturing,ecotoxicity: freshwater,0.0005234200632279867,3.909052058941808e-06,3.0899110860243556e-06,5.023650870005874e-06,raw_cfw,today
raw_cfw|production|Rope production||power,manufacturing,"ecotoxicity: freshwater, inorganics",0.0006250199397014886,5.371931495561619e-06,4.232576913470629e-06,6.917711024436847e-06,raw_cfw,today
raw_cfw|production|Rope production||power,manufacturing,"ecotoxicity: freshwater, organics",-4.204112898900215e-05,1.6728202056184702e-08,1.372333495389007e-08,2.0206897414260148e-08,raw_cfw,today
raw_cfw|production|Rope production||power,manufacturing,energy resources: non-renewable,0.0009841714607556305,7.435287834181078e-05,6.189083656339578e-05,8.932920005906939e-05,raw_cfw,today
raw_cfw|production|Rope production||power,manufacturing,eutrophication: freshwater,0.0018821746910225425,9.391350576835577e-05,7.248794525200426e-05,0.00012222006265861485,raw_cfw,today
raw_cfw|production|Rope production||power,manufacturing,eutrophication: marine,0.0005048041556574968,4.794298944250586e-06,3.7629522913434673e-06,6.175671305614679e-06,raw_cfw,today
raw_cfw|production|Rope production||power,manufacturing,eutrophication: terrestrial,0.00033702056512203483,6.033270436458934e-06,4.758673683336146e-06,7.734572072774217e-06,raw_cfw,today
raw_cfw|production|Rope production||power,manufacturing,human toxicity: carcinogenic,0.00023498001858751342,5.020878818062483e-06,4.190877230405848e-06,6.1811285758500645e-06,raw_cfw,today
raw_cfw|production|Rope production||power,manufacturing,"human toxicity: carcinogenic, inorganics",0.0017008413249779918,0.0001332061298624768,0.00010447371724959339,0.00017000329450224603,raw_cfw,today
raw_cfw|production|Rope production||power,manufacturing,"human toxicity: carcinogenic, organics",-0.00014132152252893597,7.05631307292782e-07,6.193007806677695e-07,8.220634748547083e-07,raw_cfw,today
raw_cfw|production|Rope production||power,manufacturing,human toxicity: non-carcinogenic,0.0011659123449256352,0.00017820072596537922,0.00014319728120086933,0.00022407136182168644,raw_cfw,today
raw_cfw|production|Rope production||power,manufacturing,"human toxicity: non-carcinogenic, inorganics",0.001104356236303831,0.0001791565359059323,0.00014385951999183608,0.00022552958609105714,raw_cfw,today
raw_cfw|production|Rope production||power,manufacturing,"human toxicity: non-carcinogenic, organics",-5.522736379412669e-05,6.582416003080551e-05,5.722755109661922e-05,7.56740139151065e-05,raw_cfw,today
raw_cfw|production|Rope production||power,manufacturing,ionising radiation: human health,-0.0001880190784604936,9.60296605910308e-05,7.013921461576911e-05,0.00012887952805535786,raw_cfw,today
raw_cfw|production|Rope production||power,manufacturing,land use,-0.00039382861152254683,5.304962614618903e-06,4.588887411173417e-06,6.104752207865331e-06,raw_cfw,today
raw_cfw|production|Rope production||power,manufacturing,material resources: metals/minerals,-0.0006180587704405089,7.210513872037028e-05,6.334237108804918e-05,8.321296375661099e-05,raw_cfw,today
raw_cfw|production|Rope production||power,manufacturing,ozone depletion,-0.0009509462378399898,1.3735729855296828e-05,1.1220983039596154e-05,1.6388111401788903e-05,raw_cfw,today
raw_cfw|production|Rope production||power,manufacturing,particulate matter formation,9.591634972735432e-05,4.913266160915136e-06,4.242802488365577e-06,5.857180310930071e-06,raw_cfw,today
raw_cfw|production|Rope production||power,manufacturing,photochemical oxidant formation: human health,0.00048272117029235295,2.970783349707446e-05,2.3489954852879834e-05,3.8368235824639685e-05,raw_cfw,today
raw_cfw|production|Rope production||power,manufacturing,water use,0.0007164231600141975,0.00011639689816791889,0.0001004128545201472,0.00013928279713202178,raw_cfw,today
raw_cfw|production|Rope production||output rate,manufacturing,acidification,-0.000866325812531827,4.398338637145468e-05,2.9804634605340416e-05,6.271565918354472e-05,raw_cfw,today
raw_cfw|production|Rope production||output rate,manufacturing,climate change,-0.0007691528582989283,9.523613447331437e-05,7.06086023572758e-05,0.00012789000367053918,raw_cfw,today
raw_cfw|production|Rope production||output rate,manufacturing,climate change: biogenic,-0.00025025737852364617,1.2930073181528142e-05,9.925960183753766e-06,1.715395558562726e-05,raw_cfw,today
raw_cfw|production|Rope production||output rate,manufacturing,climate change: fossil,-0.0009546188019497068,8.230969462997137e-05,6.133210450748379e-05,0.00010944850623182923,raw_cfw,today
raw_cfw|production|Rope production||output rate,manufacturing,climate change: land use and land use change,0.0008038097002947456,6.702410989398583e-05,4.803875814484886e-05,8.897792891565114e-05,raw_cfw,today
raw_cfw|production|Rope production||output rate,manufacturing,ecotoxicity: freshwater,-0.00012790526896941268,4.757452849923946e-06,3.6050521011552643e-06,6.087487282497707e-06,raw_cfw,today
raw_cfw|production|Rope production||output rate,manufacturing,"ecotoxicity: freshwater, inorganics",-0.00014973686564499452,6.530123644542514e-06,4.9515089721564045e-06,8.382251683126777e-06,raw_cfw,today
raw_cfw|production|Rope production||output rate,manufacturing,"ecotoxicity: freshwater, organics",-2.6092094831641854e-05,2.1953353718238883e-08,1.8674428905968934e-08,2.5116080758060772e-08,raw_cfw,today
raw_cfw|production|Rope production||output rate,manufacturing,energy resources: non-renewable,-0.0004884886336051754,9.090443683684492e-05,7.503292191405822e-05,0.00010719643000592547,raw_cfw,today
raw_cfw|production|Rope production||output rate,manufacturing,eutrophication: freshwater,-0.0007024217441980704,0.00010563254473847854,7.410525030409323e-05,0.00014215221522319334,raw_cfw,today
raw_cfw|production|Rope production||output rate,manufacturing,eutrophication: marine,-0.00035569105247745976,5.6798636979738325e-06,4.110657888943512e-06,7.580982916407831e-06,raw_cfw,today
raw_cfw|production|Rope production||output rate,manufacturing,eutrophication: terrestrial,-0.00040708521343686596,7.267683351060972e-06,5.3655476489222475e-06,9.51228711572113e-06,raw_cfw,today
raw_cfw|production|Rope production||output rate,manufacturing,human toxicity: carcinogenic,-0.00013233023707876743,6.7118027748196695e-06,5.504127163478887e-06,8.077861996579383e-06,raw_cfw,today
raw_cfw|production|Rope production||output rate,manufacturing,"human toxicity: carcinogenic, inorganics",-0.0006507847269785245,0.0001670499126342833,0.00012379884439435855,0.00022221542999677714,raw_cfw,today
raw_cfw|production|Rope production||output rate,manufacturing,"human toxicity: carcinogenic, organics",-7.545030466329635e-05,1.0558773624664786e-06,9.191066376855371e-07,1.2024008451452756e-06,raw_cfw,today
raw_cfw|production|Rope production||output rate,manufacturing,human toxicity: non-carcinogenic,-0.0003395071047802533,0.0002264237639554747,0.0001689618424421731,0.00029545003284219603,raw_cfw,today
raw_cfw|production|Rope production||output rate,manufacturing,"human toxicity: non-carcinogenic, inorganics",-0.00032737058854676905,0.00022743423263239825,0.00016732362534474713,0.00029920715652768655,raw_cfw,today
raw_cfw|production|Rope production||output rate,manufacturing,"human toxicity: non-carcinogenic, organics",-0.000331889262697806,8.485189936896386e-05,7.305802304386055e-05,9.659224382875977e-05,raw_cfw,today
raw_cfw|production|Rope production||output rate,manufacturing,ionising radiation: human health,0.0010546525612757974,0.00011513246740965144,7.992017014688606e-05,0.0001518573969213788,raw_cfw,today
raw_cfw|production|Rope production||output rate,manufacturing,land use,-0.00020109989202452867,6.247737705122261e-06,5.394677193560506e-06,7.349793436649932e-06,raw_cfw,today
raw_cfw|production|Rope production||output rate,manufacturing,material resources: metals/minerals,3.495505875221995e-05,9.620044594877837e-05,8.423894164717251e-05,0.0001108115242988152,raw_cfw,today
raw_cfw|production|Rope production||output rate,manufacturing,ozone depletion,-0.00047642237082994433,1.5887464250240903e-05,1.342225763203593e-05,1.8836314968536723e-05,raw_cfw,today
raw_cfw|production|Rope production||output rate,manufacturing,particulate matter formation,-0.0003415319818448749,6.80198189429126e-06,5.755047093195407e-06,7.99881764746396e-06,raw_cfw,today
raw_cfw|production|Rope production||output rate,manufacturing,photochemical oxidant formation: human health,-0.0008151868618710341,3.558421877343303e-05,2.6491692684990907e-05,4.580104190261022e-05,raw_cfw,today
raw_cfw|production|Rope production||output rate,manufacturing,water use,-1.5966697669375013e-05,0.00012822558164621585,0.00010729620006258813,0.0001546076762623257,raw_cfw,today
raw_cfw|production|Rope production||machine lifetime,manufacturing,acidification,2.908418314733565e-05,2.4096851523045577e-08,1.843915999888457e-08,3.088802881846997e-08,raw_cfw,today
raw_cfw|production|Rope production||machine lifetime,manufacturing,climate change,2.6144596320564992e-05,4.2595357303508717e-08,3.3260862652365034e-08,5.4481780214139856e-08,raw_cfw,today
raw_cfw|production|Rope production||machine lifetime,manufacturing,climate change: biogenic,8.230478645025566e-06,1.3721027764986698e-09,1.0634099135493162e-09,1.714900516651444e-09,raw_cfw,today
raw_cfw|production|Rope production||machine lifetime,manufacturing,climate change: fossil,3.0401032724939308e-05,3.674861187214766e-08,2.8962363102735284e-08,4.6268212543005806e-08,raw_cfw,today
raw_cfw|production|Rope production||machine lifetime,manufacturing,climate change: land use and land use change,-2.2053581103694554e-06,1.552920864408168e-08,1.1906839483282373e-08,1.9416329764953296e-08,raw_cfw,today
raw_cfw|production|Rope production||machine lifetime,manufacturing,ecotoxicity: freshwater,2.7617807292516595e-05,1.8375815316768755e-08,1.3875676908059485e-08,2.3154722624441075e-08,raw_cfw,today
raw_cfw|production|Rope production||machine lifetime,manufacturing,"ecotoxicity: freshwater, inorganics",3.180751925525356e-05,2.4553707495103746e-08,1.8517003522475975e-08,3.0967116099021334e-08,raw_cfw,today
raw_cfw|production|Rope production||machine lifetime,manufacturing,"ecotoxicity: freshwater, organics",3.7589950141532052e-06,3.3623972360608883e-10,2.5413343935660434e-10,4.2433802655012804e-10,raw_cfw,today
raw_cfw|production|Rope production||machine lifetime,manufacturing,energy resources: non-renewable,2.746075540564441e-05,1.9155527219893738e-08,1.4586917922109006e-08,2.4690840856974518e-08,raw_cfw,today
raw_cfw|production|Rope production||machine lifetime,manufacturing,eutrophication: freshwater,1.006564622584257e-05,2.21594982565909e-08,1.739038971538707e-08,2.809476146649479e-08,raw_cfw,today
raw_cfw|production|Rope production||machine lifetime,manufacturing,eutrophication: marine,1.4018358347952676e-05,3.6443085690984884e-09,2.8048612604575016e-09,4.613627137628519e-09,raw_cfw,today
raw_cfw|production|Rope production||machine lifetime,manufacturing,eutrophication: terrestrial,1.960760667527396e-05,7.167790358992898e-09,5.509646943669405e-09,9.056619787988336e-09,raw_cfw,today
raw_cfw|production|Rope production||machine lifetime,manufacturing,human toxicity: carcinogenic,6.0000305426750306e-05,9.039607746278698e-08,6.858159908512546e-08,1.1432440579413893e-07,raw_cfw,today
raw_cfw|production|Rope production||machine lifetime,manufacturing,"human toxicity: carcinogenic, inorganics",0.00010468463266024115,9.757797693942056e-07,7.523724591049736e-07,1.2707005053561786e-06,raw_cfw,today
raw_cfw|production|Rope production||machine lifetime,manufacturing,"human toxicity: carcinogenic, organics",3.692825443390056e-05,3.328469278996114e-08,2.5225144135023198e-08,4.204018569454781e-08,raw_cfw,today
raw_cfw|production|Rope production||machine lifetime,manufacturing,human toxicity: non-carcinogenic,9.280573854586806e-05,1.474759387223115e-06,1.1381383211885446e-06,1.92915271981835e-06,raw_cfw,today
raw_cfw|production|Rope production||machine lifetime,manufacturing,"human toxicity: non-carcinogenic, inorganics",8.000287818768297e-05,1.4556792005216938e-06,1.128982659124959e-06,1.8990972009397822e-06,raw_cfw,today
raw_cfw|production|Rope production||machine lifetime,manufacturing,"human toxicity: non-carcinogenic, organics",0.00018224629109303488,7.592073190257718e-07,5.765542199278667e-07,9.646299438012512e-07,raw_cfw,today
raw_cfw|production|Rope production||machine lifetime,manufacturing,ionising radiation: human health,1.19161802745425e-06,3.8712387029718834e-10,2.9680177533543176e-10,4.876087734400384e-10,raw_cfw,today
raw_cfw|production|Rope production||machine lifetime,manufacturing,land use,1.4858939877028702e-05,3.8910910602328545e-09,3.022205388300531e-09,4.9350885629534574e-09,raw_cfw,today
raw_cfw|production|Rope production||machine lifetime,manufacturing,material resources: metals/minerals,0.0002345803876958301,1.1986352624840902e-06,9.234864117866406e-07,1.5398636201267778e-06,raw_cfw,today
raw_cfw|production|Rope production||machine lifetime,manufacturing,ozone depletion,1.0495656259763805e-05,2.573996194215526e-09,1.9541485733639847e-09,3.2116737775949982e-09,raw_cfw,today
raw_cfw|production|Rope production||machine lifetime,manufacturing,particulate matter formation,7.871575971563786e-05,1.1503163409289453e-07,8.812251408652464e-08,1.4580921547257135e-07,raw_cfw,today
raw_cfw|production|Rope production||machine lifetime,manufacturing,photochemical oxidant formation: human health,4.116965449980976e-05,4.439513980343038e-08,3.3573999505170294e-08,5.556630718828515e-08,raw_cfw,today
raw_cfw|production|Rope production||machine lifetime,manufacturing,water use,7.406653552804973e-05,1.5793429837003578e-07,1.2075739412424825e-07,2.037331826635823e-07,raw_cfw,today
raw_cfw|production|Rope production||process yield,manufacturing,acidification,-0.14930776117422642,0.06107583639293259,0.05166949677433598,0.07122420364740223,raw_cfw,today
raw_cfw|production|Rope production||process yield,manufacturing,climate change,-0.07996913738326607,0.032611945490945954,0.02717877500444608,0.037796501251258295,raw_cfw,today
raw_cfw|production|Rope production||process yield,manufacturing,climate change: biogenic,-0.19460833554967993,0.07646266650697116,0.06676895381182577,0.08848587426109536,raw_cfw,today
raw_cfw|production|Rope production||process yield,manufacturing,climate change: fossil,-0.11069664096294066,0.04996195699590143,0.04240547669629435,0.0581121308154089,raw_cfw,today
raw_cfw|production|Rope production||process yield,manufacturing,climate change: land use and land use change,-0.008133154275299084,0.0030304757976907723,0.0026205594193918985,0.0035801839115744832,raw_cfw,today
raw_cfw|production|Rope production||process yield,manufacturing,ecotoxicity: freshwater,-0.20574958519413913,0.07855089114760068,0.0690130756996372,0.0922067227866905,raw_cfw,today
raw_cfw|production|Rope production||process yield,manufacturing,"ecotoxicity: freshwater, inorganics",-0.20301313378505198,0.0772864940285333,0.06773962170456799,0.09081275092063426,raw_cfw,today
raw_cfw|production|Rope production||process yield,manufacturing,"ecotoxicity: freshwater, organics",-0.21532333395232095,0.08344794375616035,0.07308069625659401,0.09705405293563904,raw_cfw,today
raw_cfw|production|Rope production||process yield,manufacturing,energy resources: non-renewable,-0.19010326360202587,0.07697197350300519,0.06659639331931808,0.08942006136054631,raw_cfw,today
raw_cfw|production|Rope production||process yield,manufacturing,eutrophication: freshwater,-0.015301101766397436,0.006748099352366537,0.005798638206726409,0.007828867736722126,raw_cfw,today
raw_cfw|production|Rope production||process yield,manufacturing,eutrophication: marine,-0.2163894666859183,0.08670135761135483,0.07667062911847972,0.10069114351248441,raw_cfw,today
raw_cfw|production|Rope production||process yield,manufacturing,eutrophication: terrestrial,-0.2172590861265406,0.08672139269361182,0.07679193465172252,0.10062419700146527,raw_cfw,today
raw_cfw|production|Rope production||process yield,manufacturing,human toxicity: carcinogenic,-0.2016223495456825,0.07587966339866267,0.06667117705181001,0.0884949379065721,raw_cfw,today
raw_cfw|production|Rope production||process yield,manufacturing,"human toxicity: carcinogenic, inorganics",-0.04545155721887981,0.011846402415534439,0.009668778465153707,0.013820456932068091,raw_cfw,today
raw_cfw|production|Rope production||process yield,manufacturing,"human toxicity: carcinogenic, organics",-0.2106910560506944,0.08122867872831485,0.07103104050308391,0.09434400111711777,raw_cfw,today
raw_cfw|production|Rope production||process yield,manufacturing,human toxicity: non-carcinogenic,-0.02387910974353235,0.005543861252841363,0.004526836117187312,0.00658665575544907,raw_cfw,today
raw_cfw|production|Rope production||process yield,manufacturing,"human toxicity: non-carcinogenic, inorganics",-0.017791303765538308,0.003794726692043091,0.00310614262227056,0.004536675554399359,raw_cfw,today
raw_cfw|production|Rope production||process yield,manufacturing,"human toxicity: non-carcinogenic, organics",-0.18985431343653236,0.06769847731376066,0.05928001108058567,0.07853280428187992,raw_cfw,today
raw_cfw|production|Rope production||process yield,manufacturing,ionising radiation: human health,-0.02145710011651377,0.00529463014694143,0.0045617745857612765,0.00627158626985962,raw_cfw,today
raw_cfw|production|Rope production||process yield,manufacturing,land use,-0.22122473166161002,0.08574970551036179,0.07562633913187286,0.0992955277311409,raw_cfw,today
raw_cfw|production|Rope production||process yield,manufacturing,material resources: metals/minerals,-0.18969788889842676,0.06271010319937179,0.054456626083706244,0.07238381989521928,raw_cfw,today
raw_cfw|production|Rope production||process yield,manufacturing,ozone depletion,-0.2009097764498835,0.09049420778289528,0.0797240201796332,0.10449852244210533,raw_cfw,today
raw_cfw|production|Rope production||process yield,manufacturing,particulate matter formation,-0.22732475255623202,0.08700166915318629,0.07662021676507057,0.10110189383335606,raw_cfw,today
raw_cfw|production|Rope production||process yield,manufacturing,photochemical oxidant formation: human health,-0.1808862313955961,0.07220438833676826,0.0628009166060844,0.08400927119730496,raw_cfw,today
raw_cfw|production|Rope production||process yield,manufacturing,water use,-0.14098889210577864,0.04831605001355431,0.041510620350040627,0.05653434256629811,raw_cfw,today
raw_cfw|production|Rope production||machine source,manufacturing,acidification,-8.233844313922299e-05,1.3666601639481403e-06,1.159748569995307e-06,1.5790844868450967e-06,raw_cfw,today
raw_cfw|production|Rope production||machine source,manufacturing,climate change,-3.550512531129875e-05,2.410789884048365e-06,2.0512448981457413e-06,2.7865111040798375e-06,raw_cfw,today
raw_cfw|production|Rope production||machine source,manufacturing,climate change: biogenic,-2.2193559687055703e-05,7.800990353452934e-08,6.704580722662928e-08,8.813944974412046e-08,raw_cfw,today
raw_cfw|production|Rope production||machine source,manufacturing,climate change: fossil,-5.839655717535075e-05,2.0798510683646982e-06,1.7638085533092047e-06,2.4004559842201207e-06,raw_cfw,today
raw_cfw|production|Rope production||machine source,manufacturing,climate change: land use and land use change,-4.539728076771115e-05,8.832626888036547e-07,7.761993028044125e-07,1.0229867385909124e-06,raw_cfw,today
raw_cfw|production|Rope production||machine source,manufacturing,ecotoxicity: freshwater,-6.578412914768702e-05,1.0449353484080537e-06,8.91700207660665e-07,1.1900879670737532e-06,raw_cfw,today
raw_cfw|production|Rope production||machine source,manufacturing,"ecotoxicity: freshwater, inorganics",-7.493831865842523e-05,1.3962879201673859e-06,1.1937194579036936e-06,1.5890634890672965e-06,raw_cfw,today
raw_cfw|production|Rope production||machine source,manufacturing,"ecotoxicity: freshwater, organics",-9.477729231804796e-06,1.908916047840856e-08,1.63684861903442e-08,2.1609305687694314e-08,raw_cfw,today
raw_cfw|production|Rope production||machine source,manufacturing,energy resources: non-renewable,-8.209590278713549e-05,1.0820380994441102e-06,9.434592878399159e-07,1.2407269452688106e-06,raw_cfw,today
raw_cfw|production|Rope production||machine source,manufacturing,eutrophication: freshwater,-4.844723120755549e-06,1.2609729759230463e-06,1.0887434273049744e-06,1.4543815669388653e-06,raw_cfw,today
raw_cfw|production|Rope production||machine source,manufacturing,eutrophication: marine,-3.760249134165604e-05,2.054019539993741e-07,1.7577632836077243e-07,2.36034993474686e-07,raw_cfw,today
raw_cfw|production|Rope production||machine source,manufacturing,eutrophication: terrestrial,-5.205156594513999e-05,4.03947423666421e-07,3.4490601583363657e-07,4.626632521688428e-07,raw_cfw,today
raw_cfw|production|Rope production||machine source,manufacturing,human toxicity: carcinogenic,-0.00014092824258627305,5.141231299485383e-06,4.383554123240865e-06,5.864236731426538e-06,raw_cfw,today
raw_cfw|production|Rope production||machine source,manufacturing,"human toxicity: carcinogenic, inorganics",-0.00013410735640612167,5.552108120216238e-05,4.666866820428439e-05,6.569999915483647e-05,raw_cfw,today
raw_cfw|production|Rope production||machine source,manufacturing,"human toxicity: carcinogenic, organics",-8.978453747647871e-05,1.8923915215310225e-06,1.6199398548001703e-06,2.137283284872187e-06,raw_cfw,today
raw_cfw|production|Rope production||machine source,manufacturing,human toxicity: non-carcinogenic,-3.227264045934197e-07,8.388245783028437e-05,7.110736355153704e-05,9.910957090615935e-05,raw_cfw,today
raw_cfw|production|Rope production||machine source,manufacturing,"human toxicity: non-carcinogenic, inorganics",3.191966215427347e-05,8.280788332534375e-05,7.054521821786043e-05,9.801402818996593e-05,raw_cfw,today
raw_cfw|production|Rope production||machine source,manufacturing,"human toxicity: non-carcinogenic, organics",-0.00037368800163459253,4.305880021085362e-05,3.6682171377525674e-05,4.861895053727528e-05,raw_cfw,today
raw_cfw|production|Rope production||machine source,manufacturing,ionising radiation: human health,-9.890765972399329e-06,2.198670895581665e-08,1.9103931692196325e-08,2.4535658125173138e-08,raw_cfw,today
raw_cfw|production|Rope production||machine source,manufacturing,land use,-3.7648458873486974e-05,2.1823279100337718e-07,1.8710867282762344e-07,2.4752516941907775e-07,raw_cfw,today
raw_cfw|production|Rope production||machine source,manufacturing,material resources: metals/minerals,-0.0003860179232543078,6.822090643913785e-05,5.811195954541755e-05,7.725304708070709e-05,raw_cfw,today
raw_cfw|production|Rope production||machine source,manufacturing,ozone depletion,-2.1437947665316525e-05,1.4382066715958308e-07,1.2430345859053762e-07,1.6138684488725254e-07,raw_cfw,today
raw_cfw|production|Rope production||machine source,manufacturing,particulate matter formation,-0.00019971019245442905,6.5096521494025275e-06,5.574354066241546e-06,7.390579362106047e-06,raw_cfw,today
raw_cfw|production|Rope production||machine source,manufacturing,photochemical oxidant formation: human health,-0.00010607372480478234,2.5004914363480165e-06,2.1302192532352276e-06,2.8319174421809617e-06,raw_cfw,today
raw_cfw|production|Rope production||machine source,manufacturing,water use,-0.0002687914626669165,8.984644775290835e-06,7.744545657342014e-06,1.0392399681827178e-05,raw_cfw,today
raw_cfw|production|Coreless filament winding||machine weight,manufacturing,acidification,0.0013374742458003594,5.116845067164598e-06,4.129473714326283e-06,6.182554995271028e-06,raw_cfw,today
raw_cfw|production|Coreless filament winding||machine weight,manufacturing,climate change,0.0012906682160400316,9.044908953224091e-06,7.309312549861569e-06,1.0813842349959414e-05,raw_cfw,today
raw_cfw|production|Coreless filament winding||machine weight,manufacturing,climate change: biogenic,0.0003290149264890626,2.9135912807177725e-07,2.2943661144298522e-07,3.577779390412253e-07,raw_cfw,today
raw_cfw|production|Coreless filament winding||machine weight,manufacturing,climate change: fossil,0.0013892109346184348,7.803382091273964e-06,6.290344660008806e-06,9.372062263904586e-06,raw_cfw,today
raw_cfw|production|Coreless filament winding||machine weight,manufacturing,climate change: land use and land use change,0.00016136170223556272,3.2975494139334974e-06,2.6123926019634868e-06,3.994194006077957e-06,raw_cfw,today
raw_cfw|production|Coreless filament winding||machine weight,manufacturing,ecotoxicity: freshwater,0.0012417515167602868,3.90201202815048e-06,3.1184510765503273e-06,4.719355862770518e-06,raw_cfw,today
raw_cfw|production|Coreless filament winding||machine weight,manufacturing,"ecotoxicity: freshwater, inorganics",0.00143410683615978,5.213856384574905e-06,4.16350037854607e-06,6.296678851520874e-06,raw_cfw,today
raw_cfw|production|Coreless filament winding||machine weight,manufacturing,"ecotoxicity: freshwater, organics",0.0001665942419123808,7.139881370533052e-08,5.748921021280374e-08,8.6704832003706e-08,raw_cfw,today
raw_cfw|production|Coreless filament winding||machine weight,manufacturing,energy resources: non-renewable,0.0012699855883009017,4.0675790514582424e-06,3.2898591416409036e-06,4.897201330719263e-06,raw_cfw,today
raw_cfw|production|Coreless filament winding||machine weight,manufacturing,eutrophication: freshwater,0.0005346403684965732,4.705458105462332e-06,3.7003468613117823e-06,5.652702962129086e-06,raw_cfw,today
raw_cfw|production|Coreless filament winding||machine weight,manufacturing,eutrophication: marine,0.0005853888262713483,7.738503327868122e-07,6.164582042361851e-07,9.389123031306401e-07,raw_cfw,today
raw_cfw|production|Coreless filament winding||machine weight,manufacturing,eutrophication: terrestrial,0.0008219698106990992,1.5220437029111658e-06,1.21318199016038e-06,1.8462749685146274e-06,raw_cfw,today
raw_cfw|production|Coreless filament winding||machine weight,manufacturing,human toxicity: carcinogenic,0.002736014778362644,1.91951527583772e-05,1.5401043173700472e-05,2.316241779553942e-05,raw_cfw,today
raw_cfw|production|Coreless filament winding||machine weight,manufacturing,"human toxicity: carcinogenic, inorganics",0.0059987987105072,0.0002072019307501179,0.00016134720054419548,0.0002477689575417512,raw_cfw,today
raw_cfw|production|Coreless filament winding||machine weight,manufacturing,"human toxicity: carcinogenic, organics",0.0016507207847833085,7.067837217652759e-06,5.700121393724266e-06,8.578143919964111e-06,raw_cfw,today
raw_cfw|production|Coreless filament winding||machine weight,manufacturing,human toxicity: non-carcinogenic,0.006045543914018858,0.00031315774456111263,0.00024149765538230503,0.0003738470299098039,raw_cfw,today
raw_cfw|production|Coreless filament winding||machine weight,manufacturing,"human toxicity: non-carcinogenic, inorganics",0.005530778668454581,0.00030910616307102166,0.00023850643552979735,0.00036944841051395814,raw_cfw,today
raw_cfw|production|Coreless filament winding||machine weight,manufacturing,"human toxicity: non-carcinogenic, organics",0.00818178783646729,0.0001612138507771405,0.00012933595768190414,0.00019369275476587686,raw_cfw,today
raw_cfw|production|Coreless filament winding||machine weight,manufacturing,ionising radiation: human health,6.81690883383524e-05,8.220380688253326e-08,6.628029359624407e-08,9.79955568895426e-08,raw_cfw,today
raw_cfw|production|Coreless filament winding||machine weight,manufacturing,land use,0.0006004218883492574,8.262529768534372e-07,6.527218574281824e-07,1.0063846998691654e-06,raw_cfw,today
raw_cfw|production|Coreless filament winding||machine weight,manufacturing,material resources: metals/minerals,0.010234045546144075,0.00025452417512728263,0.00020317869248401014,0.00030412695082310314,raw_cfw,today
raw_cfw|production|Coreless filament winding||machine weight,manufacturing,ozone depletion,0.00043152882161691836,5.465744804529307e-07,4.319953338944872e-07,6.599917030058957e-07,raw_cfw,today
raw_cfw|production|Coreless filament winding||machine weight,manufacturing,particulate matter formation,0.0033613430548303895,2.4426386282279536e-05,1.9458391110698995e-05,2.9736009964599246e-05,raw_cfw,today
raw_cfw|production|Coreless filament winding||machine weight,manufacturing,photochemical oxidant formation: human health,0.0018797491342217385,9.427080972211214e-06,7.617769974441379e-06,1.1347503638470358e-05,raw_cfw,today
raw_cfw|production|Coreless filament winding||machine weight,manufacturing,water use,0.0035006463441123554,3.353655460744457e-05,2.697190614706318e-05,3.9978951248350315e-05,raw_cfw,today
raw_cfw|production|Coreless filament winding||power,manufacturing,acidification,-0.01844369995698974,0.0023290380834968326,0.0014947520225931923,0.003640475756068359,raw_cfw,today
raw_cfw|production|Coreless filament winding||power,manufacturing,climate change,-0.01910609102369301,0.005695699763088319,0.00420799323255904,0.007726294937670188,raw_cfw,today
raw_cfw|production|Coreless filament winding||power,manufacturing,climate change: biogenic,-0.009014761364280336,0.0009315012019938611,0.0006721406756053977,0.001339184960238677,raw_cfw,today
raw_cfw|production|Coreless filament winding||power,manufacturing,climate change: fossil,-0.021106981665060053,0.004919172524962298,0.003641110839577225,0.006662612465767233,raw_cfw,today
raw_cfw|production|Coreless filament winding||power,manufacturing,climate change: land use and land use change,-0.009819617926244794,0.0060352865670438545,0.004767693699577437,0.007463700983545637,raw_cfw,today
raw_cfw|production|Coreless filament winding||power,manufacturing,ecotoxicity: freshwater,-0.00821137489813097,0.00026047892045619604,0.0001878166353947154,0.00038092845061898494,raw_cfw,today
raw_cfw|production|Coreless filament winding||power,manufacturing,"ecotoxicity: freshwater, inorganics",-0.009474063250066807,0.0003563871856085215,0.000256243625720025,0.0005228364422920601,raw_cfw,today
raw_cfw|production|Coreless filament winding||power,manufacturing,"ecotoxicity: freshwater, organics",-0.0007037039050901769,1.834534159636067e-06,1.5086399585220007e-06,2.3140017376982593e-06,raw_cfw,today
raw_cfw|production|Coreless filament winding||power,manufacturing,energy resources: non-renewable,-0.03647772948501225,0.006070599888511836,0.0050106950955997615,0.007512401570786538,raw_cfw,today
raw_cfw|production|Coreless filament winding||power,manufacturing,eutrophication: freshwater,-0.0040261751317739345,0.0056122000925710284,0.0038831797183821355,0.00805124884787273,raw_cfw,today
raw_cfw|production|Coreless filament winding||power,manufacturing,eutrophication: marine,-0.008801571051525087,0.00032193658434399804,0.0002283337994816746,0.00046506382567320764,raw_cfw,today
raw_cfw|production|Coreless filament winding||power,manufacturing,eutrophication: terrestrial,-0.010562990996847023,0.0004312003505571307,0.000317781714701413,0.0006160058042583155,raw_cfw,today
raw_cfw|production|Coreless filament winding||power,manufacturing,human toxicity: carcinogenic,-0.011347562285452797,0.00038699142968146125,0.00031044934136509653,0.0005147284885742855,raw_cfw,today
raw_cfw|production|Coreless filament winding||power,manufacturing,"human toxicity: carcinogenic, inorganics",-0.02184052079452139,0.00902212057275024,0.006840469505524723,0.011983692034334187,raw_cfw,today
raw_cfw|production|Coreless filament winding||power,manufacturing,"human toxicity: carcinogenic, organics",-0.004909473800012313,6.998618343501321e-05,5.973938617615901e-05,8.59273676669124e-05,raw_cfw,today
raw_cfw|production|Coreless filament winding||power,manufacturing,human toxicity: non-carcinogenic,-0.017049916347771206,0.012616567537209803,0.01000597564736319,0.016215329490018117,raw_cfw,today
raw_cfw|production|Coreless filament winding||power,manufacturing,"human toxicity: non-carcinogenic, inorganics",-0.014202169049694522,0.012593667122053419,0.009929113578838748,0.016216596148350988,raw_cfw,today
raw_cfw|production|Coreless filament winding||power,manufacturing,"human toxicity: non-carcinogenic, organics",-0.037305667929032664,0.005634754532083165,0.004813034822778047,0.0067699702673070196,raw_cfw,today
raw_cfw|production|Coreless filament winding||power,manufacturing,ionising radiation: human health,-0.00809315526709364,0.00804903220193289,0.0061509524253078535,0.0102229137426274,raw_cfw,today
raw_cfw|production|Coreless filament winding||power,manufacturing,land use,-0.011267962158120266,0.0005035398667021226,0.0004163030404495895,0.0006100130660747005,raw_cfw,today
raw_cfw|production|Coreless filament winding||power,manufacturing,material resources: metals/minerals,-0.03872724506828763,0.0065477543909020965,0.0056039942764613245,0.008043460227118758,raw_cfw,today
raw_cfw|production|Coreless filament winding||power,manufacturing,ozone depletion,-0.013242765635620978,0.0014883865551157522,0.001185067495719431,0.0018441200817496698,raw_cfw,today
raw_cfw|production|Coreless filament winding||power,manufacturing,particulate matter formation,-0.011578616403732608,0.00040520170381914717,0.0003359739288894092,0.0005013243073813328,raw_cfw,today
raw_cfw|production|Coreless filament winding||power,manufacturing,photochemical oxidant formation: human health,-0.02266121359151187,0.002203422247817552,0.0016507334516728024,0.0030494796440968786,raw_cfw,today
raw_cfw|production|Coreless filament winding||power,manufacturing,water use,-0.037886083688961784,0.009000138933365931,0.007570661986451096,0.01089222493280708,raw_cfw,today
raw_cfw|production|Coreless filament winding||output rate,manufacturing,acidification,-0.03533896639218707,0.0025753884349466014,0.0017004719859309396,0.0036566407236228392,raw_cfw,today
raw_cfw|production|Coreless filament winding||output rate,manufacturing,climate change,-0.03719547102704313,0.00611574436003695,0.00476531310218063,0.00800917846206202,raw_cfw,today
raw_cfw|production|Coreless filament winding||output rate,manufacturing,climate change: biogenic,-0.023350228430715297,0.0010034864713855379,0.000670362035547468,0.0014122543086118452,raw_cfw,today
raw_cfw|production|Coreless filament winding||output rate,manufacturing,climate change: fossil,-0.041671383947539886,0.005281196638634516,0.004056196259856084,0.006958469512586724,raw_cfw,today
raw_cfw|production|Coreless filament winding||output rate,manufacturing,climate change: land use and land use change,0.006021604423889406,0.008222388642973165,0.005943835684908137,0.010937946419463447,raw_cfw,today
raw_cfw|production|Coreless filament winding||output rate,manufacturing,ecotoxicity: freshwater,-0.014268059773462979,0.00032043773472030534,0.00023607982880881746,0.0004280568350363317,raw_cfw,today
raw_cfw|production|Coreless filament winding||output rate,manufacturing,"ecotoxicity: freshwater, inorganics",-0.01665331292251256,0.0004378159562145481,0.00032239434093742016,0.0005859305357106536,raw_cfw,today
raw_cfw|production|Coreless filament winding||output rate,manufacturing,"ecotoxicity: freshwater, organics",-0.0006622438118853599,2.252384958003481e-06,1.8317752152806844e-06,2.7014515968633303e-06,raw_cfw,today
raw_cfw|production|Coreless filament winding||output rate,manufacturing,energy resources: non-renewable,-0.059311184405894245,0.006431388587646652,0.005313111680768296,0.007780040665236548,raw_cfw,today
raw_cfw|production|Coreless filament winding||output rate,manufacturing,eutrophication: freshwater,-0.025080625524697624,0.006165082062356904,0.004360644216715579,0.008480665938570907,raw_cfw,today
raw_cfw|production|Coreless filament winding||output rate,manufacturing,eutrophication: marine,-0.015726996550335392,0.0003542916511785124,0.0002591829235031562,0.0004887440182762118,raw_cfw,today
raw_cfw|production|Coreless filament winding||output rate,manufacturing,eutrophication: terrestrial,-0.016206000302638586,0.0004748378242989217,0.000350252906025024,0.0006396118421378584,raw_cfw,today
raw_cfw|production|Coreless filament winding||output rate,manufacturing,human toxicity: carcinogenic,-0.015868990667754303,0.0005462151900477657,0.0004318198856027051,0.0006745774014379793,raw_cfw,today
raw_cfw|production|Coreless filament winding||output rate,manufacturing,"human toxicity: carcinogenic, inorganics",-0.04329526159452213,0.011641176801054417,0.009074142023548493,0.014832687639731857,raw_cfw,today
raw_cfw|production|Coreless filament winding||output rate,manufacturing,"human toxicity: carcinogenic, organics",-0.0053134048126577136,0.00010833492642938425,8.940486165134919e-05,0.00013089954308902535,raw_cfw,today
raw_cfw|production|Coreless filament winding||output rate,manufacturing,human toxicity: non-carcinogenic,-0.032118679183343754,0.016389665505953274,0.013028569871590037,0.020447045735445642,raw_cfw,today
raw_cfw|production|Coreless filament winding||output rate,manufacturing,"human toxicity: non-carcinogenic, inorganics",-0.028247625315014173,0.016341595268262517,0.012921433332704462,0.02043167237614785,raw_cfw,today
raw_cfw|production|Coreless filament winding||output rate,manufacturing,"human toxicity: non-carcinogenic, organics",-0.04759667314567216,0.007340885138538267,0.0060978432357275325,0.008845499683750887,raw_cfw,today
raw_cfw|production|Coreless filament winding||output rate,manufacturing,ionising radiation: human health,-0.013480427364144667,0.009163660617736113,0.006943758476597108,0.01166840288073498,raw_cfw,today
raw_cfw|production|Coreless filament winding||output rate,manufacturing,land use,-0.009638782289778996,0.0005224832212791257,0.0004423252656510518,0.000635016847801736,raw_cfw,today
raw_cfw|production|Coreless filament winding||output rate,manufacturing,material resources: metals/minerals,-0.043672307739740325,0.008863634721113053,0.007430124265780295,0.010643215243177042,raw_cfw,today
raw_cfw|production|Coreless filament winding||output rate,manufacturing,ozone depletion,-0.014153916247687519,0.001407598851600549,0.0011598936438143395,0.0017200962227459126,raw_cfw,today
raw_cfw|production|Coreless filament winding||output rate,manufacturing,particulate matter formation,-0.018120628537804637,0.0005864356036907709,0.00048022938205784596,0.0007119913420328997,raw_cfw,today
raw_cfw|production|Coreless filament winding||output rate,manufacturing,photochemical oxidant formation: human health,-0.0332296723296956,0.002421886492747802,0.0017986584186865848,0.003161835505043327,raw_cfw,today
raw_cfw|production|Coreless filament winding||output rate,manufacturing,water use,-0.0537946093081702,0.010612441699725786,0.008818417542945772,0.012857727440850187,raw_cfw,today
raw_cfw|production|Coreless filament winding||machine lifetime,manufacturing,acidification,0.0005116183961225666,5.688956761196091e-06,4.42278661713123e-06,6.802369207185803e-06,raw_cfw,today
raw_cfw|production|Coreless filament winding||machine lifetime,manufacturing,climate change,0.0005657988317277408,1.0056209452613651e-05,7.939228229965756e-06,1.2253391590400478e-05,raw_cfw,today
raw_cfw|production|Coreless filament winding||machine lifetime,manufacturing,climate change: biogenic,0.00012043076073811824,3.2393595691519387e-07,2.542907919695145e-07,3.944382483577923e-07,raw_cfw,today
raw_cfw|production|Coreless filament winding||machine lifetime,manufacturing,climate change: fossil,0.0005516802975642477,8.675868911067014e-06,6.861490805689781e-06,1.0472844935346833e-05,raw_cfw,today
raw_cfw|production|Coreless filament winding||machine lifetime,manufacturing,climate change: land use and land use change,0.00013265388579861186,3.6662481217283866e-06,2.85643670396043e-06,4.516779176798913e-06,raw_cfw,today
raw_cfw|production|Coreless filament winding||machine lifetime,manufacturing,ecotoxicity: freshwater,0.0004699051810369024,4.338295582712142e-06,3.3783114058417624e-06,5.186695207670454e-06,raw_cfw,today
raw_cfw|production|Coreless filament winding||machine lifetime,manufacturing,"ecotoxicity: freshwater, inorganics",0.000542774623132112,5.7968171331139635e-06,4.509268175291925e-06,6.937983826872408e-06,raw_cfw,today
raw_cfw|production|Coreless filament winding||machine lifetime,manufacturing,"ecotoxicity: freshwater, organics",6.292935269674379e-05,7.938189220299607e-08,6.195213387930459e-08,9.530247747669084e-08,raw_cfw,today
raw_cfw|production|Coreless filament winding||machine lifetime,manufacturing,energy resources: non-renewable,0.00044326417191197393,4.522366716502478e-06,3.5513478444345754e-06,5.436042308717903e-06,raw_cfw,today
raw_cfw|production|Coreless filament winding||machine lifetime,manufacturing,eutrophication: freshwater,0.0002183023278958173,5.2315750732066715e-06,4.040079122315837e-06,6.547115374008561e-06,raw_cfw,today
raw_cfw|production|Coreless filament winding||machine lifetime,manufacturing,eutrophication: marine,0.00020653320590419358,8.603719739600189e-07,6.66749842820188e-07,1.0528487501877075e-06,raw_cfw,today
raw_cfw|production|Coreless filament winding||machine lifetime,manufacturing,eutrophication: terrestrial,0.0002917321894796445,1.6922182527636184e-06,1.3085205036039294e-06,2.064647725602037e-06,raw_cfw,today
raw_cfw|production|Coreless filament winding||machine lifetime,manufacturing,human toxicity: carcinogenic,0.0010308330696772996,2.1341361018367617e-05,1.666760000581626e-05,2.5473457294676733e-05,raw_cfw,today
raw_cfw|production|Coreless filament winding||machine lifetime,manufacturing,"human toxicity: carcinogenic, inorganics",0.002343132056018096,0.00023036916454383474,0.00017999469620964186,0.00028839022982646756,raw_cfw,today
raw_cfw|production|Coreless filament winding||machine lifetime,manufacturing,"human toxicity: carcinogenic, organics",0.0006195326200741965,7.858091246477935e-06,6.166296144741711e-06,9.41363468478827e-06,raw_cfw,today
raw_cfw|production|Coreless filament winding||machine lifetime,manufacturing,human toxicity: non-carcinogenic,0.0023908357653099313,0.00034817188467906095,0.0002733945717796326,0.00043999642371787763,raw_cfw,today
raw_cfw|production|Coreless filament winding||machine lifetime,manufacturing,"human toxicity: non-carcinogenic, inorganics",0.0022109891051062397,0.0003436672986408507,0.0002704748370045576,0.00043474680838519734,raw_cfw,today
raw_cfw|production|Coreless filament winding||machine lifetime,manufacturing,"human toxicity: non-carcinogenic, organics",0.0029563248389903414,0.0001792390848175166,0.00014076581109770164,0.0002139475341403183,raw_cfw,today
raw_cfw|production|Coreless filament winding||machine lifetime,manufacturing,ionising radiation: human health,1.4143245999850407e-05,9.139499380741999e-08,7.056222036376744e-08,1.1137780422276895e-07,raw_cfw,today
raw_cfw|production|Coreless filament winding||machine lifetime,manufacturing,land use,0.0002098361686880547,9.186303553528402e-07,7.145954229970229e-07,1.1264965533564662e-06,raw_cfw,today
raw_cfw|production|Coreless filament winding||machine lifetime,manufacturing,material resources: metals/minerals,0.003504541878151792,0.00028298250823644266,0.0002207166874502659,0.0003393077612145456,raw_cfw,today
raw_cfw|production|Coreless filament winding||machine lifetime,manufacturing,ozone depletion,0.00016220823023219093,6.076808455085154e-07,4.819440502117639e-07,7.27801618200136e-07,raw_cfw,today
raw_cfw|production|Coreless filament winding||machine lifetime,manufacturing,particulate matter formation,0.0011883806646607875,2.7157470224233518e-05,2.1076118987988424e-05,3.30859419765027e-05,raw_cfw,today
raw_cfw|production|Coreless filament winding||machine lifetime,manufacturing,photochemical oxidant formation: human health,0.0007199681510017677,1.0481087353780266e-05,8.267213843185974e-06,1.246306301749652e-05,raw_cfw,today
raw_cfw|production|Coreless filament winding||machine lifetime,manufacturing,water use,0.001520571847102876,3.728627419627932e-05,2.879663516324262e-05,4.469471568478221e-05,raw_cfw,today
raw_cfw|production|Coreless filament winding||process yield,manufacturing,acidification,0.1448840906933619,0.07082616853566351,0.06019185289356083,0.08339162736018237,raw_cfw,today
raw_cfw|production|Coreless filament winding||process yield,manufacturing,climate change,0.08009788529973164,0.047930826669816975,0.04105943402530979,0.055796393616050474,raw_cfw,today
raw_cfw|production|Coreless filament winding||process yield,manufacturing,climate change: biogenic,0.19660744687476522,0.0833942272359072,0.07040336187962179,0.09612918281072824,raw_cfw,today
raw_cfw|production|Coreless filament winding||process yield,manufacturing,climate change: fossil,0.12181765048637251,0.06664805605712588,0.057426173715318454,0.07821817835730178,raw_cfw,today
raw_cfw|production|Coreless filament winding||process yield,manufacturing,climate change: land use and land use change,0.020721160401490392,0.011970981580335688,0.009420862911818319,0.014873985120324432,raw_cfw,today
raw_cfw|production|Coreless filament winding||process yield,manufacturing,ecotoxicity: freshwater,0.18435114378760356,0.08093079686958206,0.0685633189564988,0.0948436521692656,raw_cfw,today
raw_cfw|production|Coreless filament winding||process yield,manufacturing,"ecotoxicity: freshwater, inorganics",0.18221977998091474,0.08056866861805481,0.06799368361856463,0.09460349241471921,raw_cfw,today
raw_cfw|production|Coreless filament winding||process yield,manufacturing,"ecotoxicity: freshwater, organics",0.19111199575309457,0.08078873830512226,0.06834760806477026,0.09355461133759489,raw_cfw,today
raw_cfw|production|Coreless filament winding||process yield,manufacturing,energy resources: non-renewable,0.22615703064767806,0.10472068422856798,0.0892874227478639,0.1208503939583064,raw_cfw,today
raw_cfw|production|Coreless filament winding||process yield,manufacturing,eutrophication: freshwater,0.013699837161487389,0.013879530013460624,0.011644285359801491,0.016642318693053736,raw_cfw,today
raw_cfw|production|Coreless filament winding||process yield,manufacturing,eutrophication: marine,0.20310077335807056,0.08921011655835613,0.07501090541412428,0.10349728988776771,raw_cfw,today
raw_cfw|production|Coreless filament winding||process yield,manufacturing,eutrophication: terrestrial,0.20519910340770506,0.09049222353885397,0.07610641066236036,0.10524927594007082,raw_cfw,today
raw_cfw|production|Coreless filament winding||process yield,manufacturing,human toxicity: carcinogenic,0.18458256745854654,0.08093954478318234,0.06856032633354678,0.09433608165529035,raw_cfw,today
raw_cfw|production|Coreless filament winding||process yield,manufacturing,"human toxicity: carcinogenic, inorganics",0.04568008550173667,0.028988797272355198,0.024709690451966543,0.03463174270840484,raw_cfw,today
raw_cfw|production|Coreless filament winding||process yield,manufacturing,"human toxicity: carcinogenic, organics",0.19150532212510776,0.08193737228705578,0.06908192167851657,0.0948933729275834,raw_cfw,today
raw_cfw|production|Coreless filament winding||process yield,manufacturing,human toxicity: non-carcinogenic,0.02911120978730094,0.022657936557903803,0.019317948092028903,0.027152682064652312,raw_cfw,today
raw_cfw|production|Coreless filament winding||process yield,manufacturing,"human toxicity: non-carcinogenic, inorganics",0.021902784634279717,0.01889447353210546,0.01605141020477281,0.022305210166874978,raw_cfw,today
raw_cfw|production|Coreless filament winding||process yield,manufacturing,"human toxicity: non-carcinogenic, organics",0.20942803342432534,0.09710428466155378,0.08216536247837568,0.11307890680885205,raw_cfw,today
raw_cfw|production|Coreless filament winding||process yield,manufacturing,ionising radiation: human health,0.04336778175038995,0.016458398860268682,0.013912230495584085,0.019885292240016342,raw_cfw,today
raw_cfw|production|Coreless filament winding||process yield,manufacturing,land use,0.21269391669483098,0.09131990740166125,0.07736238547941528,0.1061443287649578,raw_cfw,today
raw_cfw|production|Coreless filament winding||process yield,manufacturing,material resources: metals/minerals,0.2087754700532105,0.0948486636279026,0.08061351758545485,0.11018320139082052,raw_cfw,today
raw_cfw|production|Coreless filament winding||process yield,manufacturing,ozone depletion,0.21944501735617794,0.10106212850713459,0.08574920911893696,0.11716883761053963,raw_cfw,today
raw_cfw|production|Coreless filament winding||process yield,manufacturing,particulate matter formation,0.21519528518470035,0.09289207697536288,0.07840108593238958,0.10797443561172074,raw_cfw,today
raw_cfw|production|Coreless filament winding||process yield,manufacturing,photochemical oxidant formation: human health,0.18065472127912885,0.08496236152619104,0.07196189201519887,0.09996818839187216,raw_cfw,today
raw_cfw|production|Coreless filament winding||process yield,manufacturing,water use,0.18270913724806107,0.08020474220070994,0.0687456323067059,0.09348042784675081,raw_cfw,today
raw_cfw|production|Coreless filament winding||machine source,manufacturing,acidification,0.008092589740203347,0.0003834751085811114,0.00032394233845316846,0.00043730462158848854,raw_cfw,today
raw_cfw|production|Coreless filament winding||machine source,manufacturing,climate change,0.007114313776859271,0.0006764504716966148,0.00057822172755475,0.0007629038923619547,raw_cfw,today
raw_cfw|production|Coreless filament winding||machine source,manufacturing,climate change: biogenic,0.002257308581557072,2.188902334131691e-05,1.857232916720775e-05,2.4376647661902443e-05,raw_cfw,today
raw_cfw|production|Coreless filament winding||machine source,manufacturing,climate change: fossil,0.008205121071687398,0.0005835913969787459,0.0005009575836697928,0.000657932288862954,raw_cfw,today
raw_cfw|production|Coreless filament winding||machine source,manufacturing,climate change: land use and land use change,0.001606585619419395,0.0002478372198368062,0.00021410849844682233,0.00028511121918610037,raw_cfw,today
raw_cfw|production|Coreless filament winding||machine source,manufacturing,ecotoxicity: freshwater,0.007974518076447704,0.0002932014166809424,0.00025393805225029013,0.0003272336549139725,raw_cfw,today
raw_cfw|production|Coreless filament winding||machine source,manufacturing,"ecotoxicity: freshwater, inorganics",0.009204981010932256,0.0003917884459658621,0.00033858828440049184,0.0004373876107123585,raw_cfw,today
raw_cfw|production|Coreless filament winding||machine source,manufacturing,"ecotoxicity: freshwater, organics",0.0010718253091574106,5.3562824762754986e-06,4.6568544167272244e-06,5.975869172464524e-06,raw_cfw,today
raw_cfw|production|Coreless filament winding||machine source,manufacturing,energy resources: non-renewable,0.007736200037056364,0.00030361218437401495,0.0002634943526500092,0.00034371264108199015,raw_cfw,today
raw_cfw|production|Coreless filament winding||machine source,manufacturing,eutrophication: freshwater,0.0022997018169929433,0.0003538200363307599,0.0003099002302218071,0.0004035586287251213,raw_cfw,today
raw_cfw|production|Coreless filament winding||machine source,manufacturing,eutrophication: marine,0.003773169055984302,5.763432540913433e-05,4.868657315940266e-05,6.527791288893086e-05,raw_cfw,today
raw_cfw|production|Coreless filament winding||machine source,manufacturing,eutrophication: terrestrial,0.005313302558555985,0.00011334477014682285,9.585610090863523e-05,0.00012798932366944713,raw_cfw,today
raw_cfw|production|Coreless filament winding||machine source,manufacturing,human toxicity: carcinogenic,0.018246651374247067,0.0014425928865265435,0.001256144737147017,0.0016060145698276788,raw_cfw,today
raw_cfw|production|Coreless filament winding||machine source,manufacturing,"human toxicity: carcinogenic, inorganics",0.04083438827317348,0.015578819961381213,0.013335286971351421,0.01805158174559959,raw_cfw,today
raw_cfw|production|Coreless filament winding||machine source,manufacturing,"human toxicity: carcinogenic, organics",0.010983663344517702,0.0005309915832335533,0.0004623482174862487,0.0005938362621638989,raw_cfw,today
raw_cfw|production|Coreless filament winding||machine source,manufacturing,human toxicity: non-carcinogenic,0.043545579214973505,0.02353682025207492,0.020208339264990896,0.0273167295926869,raw_cfw,today
raw_cfw|production|Coreless filament winding||machine source,manufacturing,"human toxicity: non-carcinogenic, inorganics",0.03971246208424445,0.023235302299162607,0.019963487527013827,0.027019600130601694,raw_cfw,today
raw_cfw|production|Coreless filament winding||machine source,manufacturing,"human toxicity: non-carcinogenic, organics",0.06030132216484414,0.012081992672214926,0.010529831480877244,0.013451083347678592,raw_cfw,today
raw_cfw|production|Coreless filament winding||machine source,manufacturing,ionising radiation: human health,0.00041779210938775894,6.169313942549662e-06,5.3885911810831766e-06,7.019551380368215e-06,raw_cfw,today
raw_cfw|production|Coreless filament winding||machine source,manufacturing,land use,0.0039771319300600984,6.123456689058436e-05,5.234441579415661e-05,6.923231558015156e-05,raw_cfw,today
raw_cfw|production|Coreless filament winding||machine source,manufacturing,material resources: metals/minerals,0.07994029895379798,0.019142300474079582,0.016650031625330363,0.021286775449852472,raw_cfw,today
raw_cfw|production|Coreless filament winding||machine source,manufacturing,ozone depletion,0.002830571568374123,4.035505490693044e-05,3.51522042235072e-05,4.478209439224669e-05,raw_cfw,today
raw_cfw|production|Coreless filament winding||machine source,manufacturing,particulate matter formation,0.022998532917970476,0.001826562031050836,0.001565279716255817,0.0020598067555177907,raw_cfw,today
raw_cfw|production|Coreless filament winding||machine source,manufacturing,photochemical oxidant formation: human health,0.011899534859454476,0.0007016200884128903,0.0006046726729960107,0.0007918245771992783,raw_cfw,today
raw_cfw|production|Coreless filament winding||machine source,manufacturing,water use,0.023700101439449523,0.0025210273348525917,0.0021968825952909153,0.0028754495889625853,raw_cfw,today
raw_cfw|repair|Rope production||machine weight,manufacturing,acidification,-1.4160188644637653e-05,1.5607695089937078e-09,1.1922660941418826e-09,2.051607589532226e-09,raw_cfw,today
raw_cfw|repair|Rope production||machine weight,manufacturing,climate change,-1.3442642497369788e-05,2.758931642225383e-09,2.1381271461878123e-09,3.724115096041814e-09,raw_cfw,today
raw_cfw|repair|Rope production||machine weight,manufacturing,climate change: biogenic,-3.09466522932477e-06,8.887200603447179e-11,6.481692425565658e-11,1.2030148617643145e-10,raw_cfw,today
raw_cfw|repair|Rope production||machine weight,manufacturing,climate change: fossil,-1.4681470905722249e-05,2.380233783452666e-09,1.827521959751204e-09,3.1677768901351104e-09,raw_cfw,today
raw_cfw|repair|Rope production||machine weight,manufacturing,climate change: land use and land use change,-6.309838205095781e-07,1.0058371105538235e-09,7.621202845912364e-10,1.3351214669384345e-09,raw_cfw,today
raw_cfw|repair|Rope production||machine weight,manufacturing,ecotoxicity: freshwater,-1.2849550768891503e-05,1.1902137208705985e-09,8.889339544550117e-10,1.5946503170625235e-09,raw_cfw,today
raw_cfw|repair|Rope production||machine weight,manufacturing,"ecotoxicity: freshwater, inorganics",-1.4824989225894713e-05,1.5903598831917485e-09,1.1854510023403996e-09,2.1333714444092406e-09,raw_cfw,today
raw_cfw|repair|Rope production||machine weight,manufacturing,"ecotoxicity: freshwater, organics",-1.7320474410018325e-06,2.1778472823841286e-11,1.6454400982102092e-11,2.9012326525681167e-11,raw_cfw,today
raw_cfw|repair|Rope production||machine weight,manufacturing,energy resources: non-renewable,-1.2393368114147952e-05,1.2407179161862564e-09,9.335412873927536e-10,1.6332129169926111e-09,raw_cfw,today
raw_cfw|repair|Rope production||machine weight,manufacturing,eutrophication: freshwater,-4.955719646737295e-06,1.4352853271671446e-09,1.075062102273477e-09,1.910477260415358e-09,raw_cfw,today
raw_cfw|repair|Rope production||machine weight,manufacturing,eutrophication: marine,-5.922885767418497e-06,2.3604482340473466e-10,1.755343380015875e-10,3.2143754001151837e-10,raw_cfw,today
raw_cfw|repair|Rope production||machine weight,manufacturing,eutrophication: terrestrial,-8.383893249895342e-06,4.64263622976734e-10,3.468971154160273e-10,6.317904564073711e-10,raw_cfw,today
raw_cfw|repair|Rope production||machine weight,manufacturing,human toxicity: carcinogenic,-2.8263921474618757e-05,5.855013715140531e-09,4.378680386203164e-09,7.861159873717843e-09,raw_cfw,today
raw_cfw|repair|Rope production||machine weight,manufacturing,"human toxicity: carcinogenic, inorganics",-6.082513537014234e-05,6.320189983280231e-08,4.8461864928862554e-08,8.518364295563221e-08,raw_cfw,today
raw_cfw|repair|Rope production||machine weight,manufacturing,"human toxicity: carcinogenic, organics",-1.7080650306664376e-05,2.1558716064329208e-09,1.6260959582543054e-09,2.882161209077907e-09,raw_cfw,today
raw_cfw|repair|Rope production||machine weight,manufacturing,human toxicity: non-carcinogenic,-6.125258295584404e-05,9.552114040612615e-08,7.409669222048598e-08,1.2884863967353797e-07,raw_cfw,today
raw_cfw|repair|Rope production||machine weight,manufacturing,"human toxicity: non-carcinogenic, inorganics",-5.6212052987496155e-05,9.428530356794831e-08,7.326458633687294e-08,1.2708242941498163e-07,raw_cfw,today
raw_cfw|repair|Rope production||machine weight,manufacturing,"human toxicity: non-carcinogenic, organics",-8.076904141277035e-05,4.9174375862937405e-08,3.651476271412826e-08,6.636105458504213e-08,raw_cfw,today
raw_cfw|repair|Rope production||machine weight,manufacturing,ionising radiation: human health,-4.147724309951792e-07,2.5074271965581875e-11,1.9276771384167173e-11,3.279081562504684e-11,raw_cfw,today
raw_cfw|repair|Rope production||machine weight,manufacturing,land use,-6.055834319295237e-06,2.5202983455658394e-10,1.875126394154594e-10,3.421569198840934e-10,raw_cfw,today
raw_cfw|repair|Rope production||machine weight,manufacturing,material resources: metals/minerals,-9.873068370852332e-05,7.763639671575318e-08,5.8116776725660245e-08,1.036862148260531e-07,raw_cfw,today
raw_cfw|repair|Rope production||machine weight,manufacturing,ozone depletion,-4.445623631311507e-06,1.6672077006763317e-10,1.2777131291138488e-10,2.2299075774216755e-10,raw_cfw,today
raw_cfw|repair|Rope production||machine weight,manufacturing,particulate matter formation,-3.383026894915987e-05,7.450681169731247e-09,5.620734155252536e-09,1.0066332710729855e-08,raw_cfw,today
raw_cfw|repair|Rope production||machine weight,manufacturing,photochemical oxidant formation: human health,-1.992266928306844e-05,2.875510176382822e-09,2.1628942514441336e-09,3.852473023330906e-09,raw_cfw,today
raw_cfw|repair|Rope production||machine weight,manufacturing,water use,-3.444671074437651e-05,1.0229508833456543e-08,7.702819212108557e-09,1.3333192881898886e-08,raw_cfw,today
raw_cfw|repair|Rope production||power,manufacturing,acidification,0.0002616864766666112,3.079380624791861e-06,2.246568219029728e-06,4.197039592719574e-06,raw_cfw,today
raw_cfw|repair|Rope production||power,manufacturing,climate change,2.4722974743327738e-05,6.605283998586085e-06,5.052974512724505e-06,8.566028271715236e-06,raw_cfw,today
raw_cfw|repair|Rope production||power,manufacturing,climate change: biogenic,-7.818808973644347e-05,7.08544137506277e-07,5.201549890300806e-07,9.265841423108331e-07,raw_cfw,today
raw_cfw|repair|Rope production||power,manufacturing,climate change: fossil,5.061335089281178e-05,5.709759001165678e-06,4.371108320467373e-06,7.381173507078302e-06,raw_cfw,today
raw_cfw|repair|Rope production||power,manufacturing,climate change: land use and land use change,-4.3381177525064415e-05,6.925167752354958e-06,5.064390237013022e-06,9.69182764228192e-06,raw_cfw,today
raw_cfw|repair|Rope production||power,manufacturing,ecotoxicity: freshwater,8.069126530020676e-05,3.014055666084128e-07,2.281814909286023e-07,3.959485151407235e-07,raw_cfw,today
raw_cfw|repair|Rope production||power,manufacturing,"ecotoxicity: freshwater, inorganics",9.631428314204024e-05,4.133063122380081e-07,3.116233096474202e-07,5.447003679232572e-07,raw_cfw,today
raw_cfw|repair|Rope production||power,manufacturing,"ecotoxicity: freshwater, organics",-8.798203330144647e-06,1.7990371209809448e-09,1.4772811017348794e-09,2.166970399245705e-09,raw_cfw,today
raw_cfw|repair|Rope production||power,manufacturing,energy resources: non-renewable,0.000576082267190639,7.025487087349548e-06,5.8832056525595386e-06,8.364201938210858e-06,raw_cfw,today
raw_cfw|repair|Rope production||power,manufacturing,eutrophication: freshwater,0.00010105532299021346,6.522806840041754e-06,4.628807817218077e-06,8.961534714720055e-06,raw_cfw,today
raw_cfw|repair|Rope production||power,manufacturing,eutrophication: marine,8.64572384000406e-05,3.906058790416517e-07,2.9432699162293085e-07,5.105613429970428e-07,raw_cfw,today
raw_cfw|repair|Rope production||power,manufacturing,eutrophication: terrestrial,7.821962075701546e-05,5.169041167536145e-07,4.009241765628742e-07,6.622309361460693e-07,raw_cfw,today
raw_cfw|repair|Rope production||power,manufacturing,human toxicity: carcinogenic,8.033578902282136e-05,4.3257809906298925e-07,3.5478115745307117e-07,5.250968436223581e-07,raw_cfw,today
raw_cfw|repair|Rope production||power,manufacturing,"human toxicity: carcinogenic, inorganics",0.0003473376797981182,1.0785386490214623e-05,8.305172405831628e-06,1.4627221108166506e-05,raw_cfw,today
raw_cfw|repair|Rope production||power,manufacturing,"human toxicity: carcinogenic, organics",-4.499025472839508e-06,7.096542049917988e-08,6.049769655727232e-08,8.400166123375862e-08,raw_cfw,today
raw_cfw|repair|Rope production||power,manufacturing,human toxicity: non-carcinogenic,0.00030203476675687215,1.4824803954231893e-05,1.1553328203249411e-05,1.9435166306714395e-05,raw_cfw,today
raw_cfw|repair|Rope production||power,manufacturing,"human toxicity: non-carcinogenic, inorganics",0.0002698939828875935,1.4869312724823155e-05,1.158584672759133e-05,1.9434713636029635e-05,raw_cfw,today
raw_cfw|repair|Rope production||power,manufacturing,"human toxicity: non-carcinogenic, organics",0.00028184146861533096,5.917729866473039e-06,5.096080552932155e-06,7.00299375227769e-06,raw_cfw,today
raw_cfw|repair|Rope production||power,manufacturing,ionising radiation: human health,8.022792041448153e-05,9.947480887054234e-06,7.817463955626984e-06,1.2353561084053203e-05,raw_cfw,today
raw_cfw|repair|Rope production||power,manufacturing,land use,1.2870833214022363e-05,4.950127775082611e-07,4.1830417274070604e-07,5.846650940511774e-07,raw_cfw,today
raw_cfw|repair|Rope production||power,manufacturing,material resources: metals/minerals,0.0002964368434643769,6.5844861263562e-06,5.676464304866205e-06,7.71397078854182e-06,raw_cfw,today
raw_cfw|repair|Rope production||power,manufacturing,ozone depletion,-0.00012906529759893872,1.3969694247776607e-06,1.132470430329816e-06,1.6559723681426268e-06,raw_cfw,today
raw_cfw|repair|Rope production||power,manufacturing,particulate matter formation,9.316817870706113e-05,4.4622740394658515e-07,3.81168299844142e-07,5.329938587416372e-07,raw_cfw,today
raw_cfw|repair|Rope production||power,manufacturing,photochemical oxidant formation: human health,4.9476649170703845e-05,2.610192534514587e-06,2.0793423698661734e-06,3.3336204922193616e-06,raw_cfw,today
raw_cfw|repair|Rope production||power,manufacturing,water use,0.0008762149104862139,1.0389711267988522e-05,8.773216745442458e-06,1.2601302354193123e-05,raw_cfw,today
raw_cfw|repair|Rope production||output rate,manufacturing,acidification,0.00045311250272150617,3.1714847922801184e-06,2.2486598220630242e-06,4.67074195307131e-06,raw_cfw,today
raw_cfw|repair|Rope production||output rate,manufacturing,climate change,0.00030842182414899695,7.2345073416508095e-06,5.611246254195438e-06,9.830798334257555e-06,raw_cfw,today
raw_cfw|repair|Rope production||output rate,manufacturing,climate change: biogenic,-0.00014922245724219042,1.0358701927051187e-06,8.038033995729647e-07,1.260563573910743e-06,raw_cfw,today
raw_cfw|repair|Rope production||output rate,manufacturing,climate change: fossil,0.00036923602760819476,6.250699311565537e-06,4.838050758409237e-06,8.438678045318547e-06,raw_cfw,today
raw_cfw|repair|Rope production||output rate,manufacturing,climate change: land use and land use change,-0.00025293066059643384,6.767297602628011e-06,4.745915104260718e-06,9.157070266373021e-06,raw_cfw,today
raw_cfw|repair|Rope production||output rate,manufacturing,ecotoxicity: freshwater,0.00012422765315316716,3.453199963328485e-07,2.673357232581972e-07,4.6682798652517907e-07,raw_cfw,today
raw_cfw|repair|Rope production||output rate,manufacturing,"ecotoxicity: freshwater, inorganics",0.00015081654581888368,4.725164710942202e-07,3.656665049927411e-07,6.420549208464129e-07,raw_cfw,today
raw_cfw|repair|Rope production||output rate,manufacturing,"ecotoxicity: freshwater, organics",-2.601847244209196e-05,2.364205882588889e-09,1.8306202639060235e-09,2.879423271397258e-09,raw_cfw,today
raw_cfw|repair|Rope production||output rate,manufacturing,energy resources: non-renewable,-0.00143587929754542,7.5571625615219005e-06,6.319287875980697e-06,9.114863223461947e-06,raw_cfw,today
raw_cfw|repair|Rope production||output rate,manufacturing,eutrophication: freshwater,0.0005135437136387184,7.153198410445486e-06,5.306520277656403e-06,1.0223604961554466e-05,raw_cfw,today
raw_cfw|repair|Rope production||output rate,manufacturing,eutrophication: marine,0.0001545476477111386,4.1811328351455084e-07,3.231753353972549e-07,5.731775556208876e-07,raw_cfw,today
raw_cfw|repair|Rope production||output rate,manufacturing,eutrophication: terrestrial,0.0001197313332858571,5.564457678891117e-07,4.3197402652071606e-07,7.42192920408995e-07,raw_cfw,today
raw_cfw|repair|Rope production||output rate,manufacturing,human toxicity: carcinogenic,-6.662248320741195e-05,5.35948241965305e-07,4.3792845023001984e-07,6.866654116576133e-07,raw_cfw,today
raw_cfw|repair|Rope production||output rate,manufacturing,"human toxicity: carcinogenic, inorganics",0.00017721792353435955,1.235371309116901e-05,9.33857364134892e-06,1.6657718648270866e-05,raw_cfw,today
raw_cfw|repair|Rope production||output rate,manufacturing,"human toxicity: carcinogenic, organics",-0.0001371164366580037,9.741710019752901e-08,8.09438748297357e-08,1.1474093921280677e-07,raw_cfw,today
raw_cfw|repair|Rope production||output rate,manufacturing,human toxicity: non-carcinogenic,-7.670089244030408e-06,1.7106542419255604e-05,1.3198067543529583e-05,2.2535075340186923e-05,raw_cfw,today
raw_cfw|repair|Rope production||output rate,manufacturing,"human toxicity: non-carcinogenic, inorganics",-3.1794130411387895e-06,1.7104021067668278e-05,1.3097495802368593e-05,2.2651417139249365e-05,raw_cfw,today
raw_cfw|repair|Rope production||output rate,manufacturing,"human toxicity: non-carcinogenic, organics",-0.0007385528311525488,7.289289594821289e-06,6.139189565719039e-06,8.667236756766847e-06,raw_cfw,today
raw_cfw|repair|Rope production||output rate,manufacturing,ionising radiation: human health,-0.0012656578538447329,9.944470468683393e-06,7.580048037499878e-06,1.2423969556640182e-05,raw_cfw,today
raw_cfw|repair|Rope production||output rate,manufacturing,land use,-0.00013197783142222295,5.621678799304603e-07,4.5219099162762015e-07,6.650085297590888e-07,raw_cfw,today
raw_cfw|repair|Rope production||output rate,manufacturing,material resources: metals/minerals,-0.0010083847577933085,8.283808565295464e-06,7.075091567734069e-06,9.629011241456182e-06,raw_cfw,today
raw_cfw|repair|Rope production||output rate,manufacturing,ozone depletion,-0.0004963781093348319,1.660730439436878e-06,1.2926092935410254e-06,1.989855495285164e-06,raw_cfw,today
raw_cfw|repair|Rope production||output rate,manufacturing,particulate matter formation,-0.00019462532825830083,5.682205494943382e-07,4.733044180728624e-07,6.978740760464431e-07,raw_cfw,today
raw_cfw|repair|Rope production||output rate,manufacturing,photochemical oxidant formation: human health,4.501432447133502e-05,2.8703732014905208e-06,2.2010529606785285e-06,3.85459747354558e-06,raw_cfw,today
raw_cfw|repair|Rope production||output rate,manufacturing,water use,-0.0010296605242097014,1.1716128566936315e-05,9.746037706164879e-06,1.408373388293623e-05,raw_cfw,today
raw_cfw|repair|Rope production||machine lifetime,manufacturing,acidification,3.097266077867726e-06,1.522089055963e-09,1.1960987534400327e-09,1.9381734741943604e-09,raw_cfw,today
raw_cfw|repair|Rope production||machine lifetime,manufacturing,climate change,2.678089882385681e-06,2.6905579900089094e-09,2.1046365726689463e-09,3.431929145893223e-09,raw_cfw,today
raw_cfw|repair|Rope production||machine lifetime,manufacturing,climate change: biogenic,7.164945207777341e-07,8.666948066503913e-11,7.127836096440994e-11,1.0740334116638333e-10,raw_cfw,today
raw_cfw|repair|Rope production||machine lifetime,manufacturing,climate change: fossil,3.2275689188282766e-06,2.3212452749924815e-09,1.8243619173151936e-09,2.948060604775065e-09,raw_cfw,today
raw_cfw|repair|Rope production||machine lifetime,manufacturing,climate change: land use and land use change,3.090522348469788e-06,9.809093171479246e-10,7.78658972076868e-10,1.2143164561469896e-09,raw_cfw,today
raw_cfw|repair|Rope production||machine lifetime,manufacturing,ecotoxicity: freshwater,3.116162541743026e-06,1.1607165061898935e-09,9.38416875408288e-10,1.4627915426665572e-09,raw_cfw,today
raw_cfw|repair|Rope production||machine lifetime,manufacturing,"ecotoxicity: freshwater, inorganics",3.616267657776133e-06,1.5509457944970948e-09,1.2501852951026947e-09,1.9514427003770786e-09,raw_cfw,today
raw_cfw|repair|Rope production||machine lifetime,manufacturing,"ecotoxicity: freshwater, organics",4.0803742510000587e-07,2.1238736246348888e-11,1.720089943784609e-11,2.6997545237135406e-11,raw_cfw,today
raw_cfw|repair|Rope production||machine lifetime,manufacturing,energy resources: non-renewable,2.714378995665172e-06,1.2099700934211105e-09,9.836636752005144e-10,1.5428557572460133e-09,raw_cfw,today
raw_cfw|repair|Rope production||machine lifetime,manufacturing,eutrophication: freshwater,1.6141343271125354e-06,1.3997144471156823e-09,1.138052037877614e-09,1.7627410685313415e-09,raw_cfw,today
raw_cfw|repair|Rope production||machine lifetime,manufacturing,eutrophication: marine,1.3004848040477595e-06,2.30195222369033e-10,1.8642197033556603e-10,2.87383386514176e-10,raw_cfw,today
raw_cfw|repair|Rope production||machine lifetime,manufacturing,eutrophication: terrestrial,1.8398867840443952e-06,4.5275837820483957e-10,3.656135688384969e-10,5.659231950802452e-10,raw_cfw,today
raw_cfw|repair|Rope production||machine lifetime,manufacturing,human toxicity: carcinogenic,7.025005067773686e-06,5.709908149247153e-09,4.6364210435229636e-09,7.193667470908519e-09,raw_cfw,today
raw_cfw|repair|Rope production||machine lifetime,manufacturing,"human toxicity: carcinogenic, inorganics",1.9853470921240813e-05,6.16355582730407e-08,4.866803643520082e-08,8.016153903061731e-08,raw_cfw,today
raw_cfw|repair|Rope production||machine lifetime,manufacturing,"human toxicity: carcinogenic, organics",4.119144824963558e-06,2.102442386398536e-09,1.6983747494864954e-09,2.6673944937295652e-09,raw_cfw,today
raw_cfw|repair|Rope production||machine lifetime,manufacturing,human toxicity: non-carcinogenic,2.358596297996984e-05,9.315382736098082e-08,7.393241057481367e-08,1.1987486384378679e-07,raw_cfw,today
raw_cfw|repair|Rope production||machine lifetime,manufacturing,"human toxicity: non-carcinogenic, inorganics",2.24195704608206e-05,9.194861811094714e-08,7.330636970568635e-08,1.1850820336560212e-07,raw_cfw,today
raw_cfw|repair|Rope production||machine lifetime,manufacturing,"human toxicity: non-carcinogenic, organics",2.2227758088620926e-05,4.7955690368409625e-08,3.8576921160520195e-08,6.061402508108979e-08,raw_cfw,today
raw_cfw|repair|Rope production||machine lifetime,manufacturing,ionising radiation: human health,2.1606835681935235e-07,2.445285475624919e-11,1.9436667589638224e-11,2.993871492146066e-11,raw_cfw,today
raw_cfw|repair|Rope production||machine lifetime,manufacturing,land use,1.3820787672503205e-06,2.457845225640094e-10,2.0206728487716038e-10,3.063006391110784e-10,raw_cfw,today
raw_cfw|repair|Rope production||machine lifetime,manufacturing,material resources: metals/minerals,2.9602741740431692e-05,7.571232267789525e-08,6.121920473647929e-08,9.659394898099549e-08,raw_cfw,today
raw_cfw|repair|Rope production||machine lifetime,manufacturing,ozone depletion,9.58930026424319e-07,1.625897082869155e-10,1.3205362653390966e-10,2.0492578850094834e-10,raw_cfw,today
raw_cfw|repair|Rope production||machine lifetime,manufacturing,particulate matter formation,7.865244214367204e-06,7.266033666582967e-09,5.92943474286687e-09,9.198232285775723e-09,raw_cfw,today
raw_cfw|repair|Rope production||machine lifetime,manufacturing,photochemical oxidant formation: human health,4.3872204542064465e-06,2.804250602425345e-09,2.2411756426413394e-09,3.5424524198990128e-09,raw_cfw,today
raw_cfw|repair|Rope production||machine lifetime,manufacturing,water use,9.661000508269379e-06,9.975989519225002e-09,8.053634115125044e-09,1.2505120945537314e-08,raw_cfw,today
raw_cfw|repair|Rope production||process yield,manufacturing,acidification,0.02338963248581025,0.005160234260628565,0.004237283084018257,0.005932399776344292,raw_cfw,today
raw_cfw|repair|Rope production||process yield,manufacturing,climate change,0.01907769545385011,0.004347289401178343,0.003620345429855912,0.005030245265137924,raw_cfw,today
raw_cfw|repair|Rope production||process yield,manufacturing,climate change: biogenic,0.024306778532350616,0.006436664627104029,0.00535894705540229,0.007243919176606786,raw_cfw,today
raw_cfw|repair|Rope production||process yield,manufacturing,climate change: fossil,0.020905369236419825,0.004183242372548911,0.003466129713737952,0.004807784964613837,raw_cfw,today
raw_cfw|repair|Rope production||process yield,manufacturing,climate change: land use and land use change,0.0007619986230599215,0.00025079154455216,0.00020738240917543633,0.00029075036775460053,raw_cfw,today
raw_cfw|repair|Rope production||process yield,manufacturing,ecotoxicity: freshwater,0.03288378829121557,0.006539321315977752,0.005419889492859008,0.007487059414764253,raw_cfw,today
raw_cfw|repair|Rope production||process yield,manufacturing,"ecotoxicity: freshwater, inorganics",0.03242701987939013,0.006434590211072964,0.005319069446576521,0.007357734668314468,raw_cfw,today
raw_cfw|repair|Rope production||process yield,manufacturing,"ecotoxicity: freshwater, organics",0.0345283725383175,0.006944005518862929,0.005832293808780719,0.007930089258228024,raw_cfw,today
raw_cfw|repair|Rope production||process yield,manufacturing,energy resources: non-renewable,0.03031658012582047,0.006425844714773518,0.005395577275884931,0.007442910883317797,raw_cfw,today
raw_cfw|repair|Rope production||process yield,manufacturing,eutrophication: freshwater,0.0025036453011089404,0.0005655992506181818,0.00047838063114546823,0.0006622976789507504,raw_cfw,today
raw_cfw|repair|Rope production||process yield,manufacturing,eutrophication: marine,0.028893937027542022,0.007324358359808555,0.006174372312913126,0.008330461554307956,raw_cfw,today
raw_cfw|repair|Rope production||process yield,manufacturing,eutrophication: terrestrial,0.02975460582098969,0.007323095183116871,0.006185889188598633,0.008344939200678839,raw_cfw,today
raw_cfw|repair|Rope production||process yield,manufacturing,human toxicity: carcinogenic,0.03265064134531078,0.006309144135700044,0.005262026811462718,0.007242273457678559,raw_cfw,today
raw_cfw|repair|Rope production||process yield,manufacturing,"human toxicity: carcinogenic, inorganics",0.007882314613029826,0.0009815417691051481,0.0008013655259069986,0.001153520120234176,raw_cfw,today
raw_cfw|repair|Rope production||process yield,manufacturing,"human toxicity: carcinogenic, organics",0.034044629430314395,0.006755277515553814,0.005671529814760012,0.007708746211730982,raw_cfw,today
raw_cfw|repair|Rope production||process yield,manufacturing,human toxicity: non-carcinogenic,0.004954455900257649,0.00045133387594357613,0.0003629603366754996,0.0005377128756478984,raw_cfw,today
raw_cfw|repair|Rope production||process yield,manufacturing,"human toxicity: non-carcinogenic, inorganics",0.003908215206043445,0.00030674496512991556,0.0002451376464671408,0.00036658189653992205,raw_cfw,today
raw_cfw|repair|Rope production||process yield,manufacturing,"human toxicity: non-carcinogenic, organics",0.029380018060592823,0.005649666019300972,0.004737736152329385,0.00640381260265867,raw_cfw,today
raw_cfw|repair|Rope production||process yield,manufacturing,ionising radiation: human health,0.0008535857496467084,0.00044004160346937686,0.0003795601171517528,0.0004978959775754065,raw_cfw,today
raw_cfw|repair|Rope production||process yield,manufacturing,land use,0.02904735149866687,0.0072401575679070405,0.006101220633067612,0.008122998304960563,raw_cfw,today
raw_cfw|repair|Rope production||process yield,manufacturing,material resources: metals/minerals,0.02752994985219779,0.005218258470165157,0.004370180134115585,0.005921943171213458,raw_cfw,today
raw_cfw|repair|Rope production||process yield,manufacturing,ozone depletion,0.03632796421727085,0.007535458168168162,0.006370028581448224,0.008490648106502826,raw_cfw,today
raw_cfw|repair|Rope production||process yield,manufacturing,particulate matter formation,0.03190673293106657,0.007315737587178738,0.0061412292254223,0.00824196279418944,raw_cfw,today
raw_cfw|repair|Rope production||process yield,manufacturing,photochemical oxidant formation: human health,0.030505270110415147,0.0060542207040412375,0.0050861393176183595,0.006927681596100677,raw_cfw,today
raw_cfw|repair|Rope production||process yield,manufacturing,water use,0.02286612820344038,0.004049239695433828,0.003412692618679458,0.004696010823390811,raw_cfw,today
raw_cfw|repair|Rope production||machine source,manufacturing,acidification,2.1395263102724202e-05,1.2877935261233475e-07,1.1425552539597029e-07,1.4841055425895043e-07,raw_cfw,today
raw_cfw|repair|Rope production||machine source,manufacturing,climate change,4.3983584221716505e-05,2.271669056740434e-07,1.9921676534483394e-07,2.6319171588676413e-07,raw_cfw,today
raw_cfw|repair|Rope production||machine source,manufacturing,climate change: biogenic,5.193910596604512e-06,7.350814152300655e-09,6.416660548008536e-09,8.405467093495736e-09,raw_cfw,today
raw_cfw|repair|Rope production||machine source,manufacturing,climate change: fossil,3.9575033110172244e-05,1.9598279161096444e-07,1.7257712364243663e-07,2.268044736977711e-07,raw_cfw,today
raw_cfw|repair|Rope production||machine source,manufacturing,climate change: land use and land use change,4.5561386252006555e-06,8.32291744877928e-08,7.340040955630137e-08,9.671234253284862e-08,raw_cfw,today
raw_cfw|repair|Rope production||machine source,manufacturing,ecotoxicity: freshwater,2.5824764377503782e-05,9.846346680725449e-08,8.747705437513986e-08,1.1205289923388441e-07,raw_cfw,today
raw_cfw|repair|Rope production||machine source,manufacturing,"ecotoxicity: freshwater, inorganics",3.0375457957822058e-05,1.3157115365103697e-07,1.1708168014742497e-07,1.4951651642737947e-07,raw_cfw,today
raw_cfw|repair|Rope production||machine source,manufacturing,"ecotoxicity: freshwater, organics",3.1097552868041397e-06,1.7987571403415176e-09,1.5878856255068177e-09,2.0517217534641155e-09,raw_cfw,today
raw_cfw|repair|Rope production||machine source,manufacturing,energy resources: non-renewable,2.1643595937251826e-05,1.0195963094858687e-07,8.947081514383211e-08,1.1760233140469317e-07,raw_cfw,today
raw_cfw|repair|Rope production||machine source,manufacturing,eutrophication: freshwater,3.4004186894736634e-05,1.1882052889570359e-07,1.031450729093831e-07,1.388418410161774e-07,raw_cfw,today
raw_cfw|repair|Rope production||machine source,manufacturing,eutrophication: marine,5.33150114202651e-06,1.9354870624842966e-08,1.694958737704588e-08,2.2145529737372803e-08,raw_cfw,today
raw_cfw|repair|Rope production||machine source,manufacturing,eutrophication: terrestrial,7.554997008323839e-06,3.806365992179073e-08,3.337925456985333e-08,4.340538242643728e-08,raw_cfw,today
raw_cfw|repair|Rope production||machine source,manufacturing,human toxicity: carcinogenic,5.635186416827277e-05,4.844543331571739e-07,4.3093538228725534e-07,5.509387768521153e-07,raw_cfw,today
raw_cfw|repair|Rope production||machine source,manufacturing,"human toxicity: carcinogenic, inorganics",0.00022225447182075382,5.231709449183859e-06,4.5568687175105706e-06,6.1210550605197985e-06,raw_cfw,today
raw_cfw|repair|Rope production||machine source,manufacturing,"human toxicity: carcinogenic, organics",3.129486048049171e-05,1.7831862042995413e-07,1.5742568170655974e-07,2.0301242758181135e-07,raw_cfw,today
raw_cfw|repair|Rope production||machine source,manufacturing,human toxicity: non-carcinogenic,0.00025882298993761547,7.904180497738127e-06,6.8722156281531965e-06,9.291057805278057e-06,raw_cfw,today
raw_cfw|repair|Rope production||machine source,manufacturing,"human toxicity: non-carcinogenic, inorganics",0.0002548673677467174,7.802924155649277e-06,6.782025776449521e-06,9.171733582215656e-06,raw_cfw,today
raw_cfw|repair|Rope production||machine source,manufacturing,"human toxicity: non-carcinogenic, organics",0.00014027476423876965,4.057398146001466e-06,3.5617900576428347e-06,4.593785214156946e-06,raw_cfw,today
raw_cfw|repair|Rope production||machine source,manufacturing,ionising radiation: human health,-1.5943110751990303e-06,2.071790939763789e-09,1.8091027817682217e-09,2.3671657987197677e-09,raw_cfw,today
raw_cfw|repair|Rope production||machine source,manufacturing,land use,3.8355276624873986e-06,2.056391068208514e-08,1.7979989650583378e-08,2.3363910132357366e-08,raw_cfw,today
raw_cfw|repair|Rope production||machine source,manufacturing,material resources: metals/minerals,0.00015380515836022047,6.428404366801729e-06,5.564047625710188e-06,7.367828066506844e-06,raw_cfw,today
raw_cfw|repair|Rope production||machine source,manufacturing,ozone depletion,6.9573235316914035e-06,1.3552112586341416e-08,1.1844448407584825e-08,1.5424141915865384e-08,raw_cfw,today
raw_cfw|repair|Rope production||machine source,manufacturing,particulate matter formation,3.669938322579236e-05,6.133995938753394e-07,5.365081333523008e-07,7.010266874018203e-07,raw_cfw,today
raw_cfw|repair|Rope production||machine source,manufacturing,photochemical oxidant formation: human health,3.671391889776369e-05,2.3561941503824572e-07,2.0806607406799815e-07,2.682559623009031e-07,raw_cfw,today
raw_cfw|repair|Rope production||machine source,manufacturing,water use,4.825383496874557e-05,8.46616275307992e-07,7.481197824189819e-07,9.64165986525065e-07,raw_cfw,today
raw_cfw|repair|Coreless filament winding||machine weight,manufacturing,acidification,4.578631593510929e-05,4.466412435526082e-07,3.5243703217358895e-07,5.434552081426198e-07,raw_cfw,today
raw_cfw|repair|Coreless filament winding||machine weight,manufacturing,climate change,4.324150163354949e-05,7.895162542622462e-07,6.28142128318592e-07,9.585450702801892e-07,raw_cfw,today
raw_cfw|repair|Coreless filament winding||machine weight,manufacturing,climate change: biogenic,1.3716708097475512e-05,2.5432261578560706e-08,1.978017161779563e-08,3.083739625178442e-08,raw_cfw,today
raw_cfw|repair|Coreless filament winding||machine weight,manufacturing,climate change: fossil,4.593406376312085e-05,6.81145279218085e-07,5.369321081998688e-07,8.21899512761628e-07,raw_cfw,today
raw_cfw|repair|Coreless filament winding||machine weight,manufacturing,climate change: land use and land use change,-2.8338929558659164e-05,2.878376825070165e-07,2.3014771774999474e-07,3.586057147030012e-07,raw_cfw,today
raw_cfw|repair|Coreless filament winding||machine weight,manufacturing,ecotoxicity: freshwater,3.2744898925902204e-05,3.406002395209204e-07,2.682986215805703e-07,4.13159760219871e-07,raw_cfw,today
raw_cfw|repair|Coreless filament winding||machine weight,manufacturing,"ecotoxicity: freshwater, inorganics",3.791240263581423e-05,4.551089835373223e-07,3.584878687596049e-07,5.51487126689996e-07,raw_cfw,today
raw_cfw|repair|Coreless filament winding||machine weight,manufacturing,"ecotoxicity: freshwater, organics",4.3158028992674895e-06,6.232287025488298e-09,4.923717936470627e-09,7.582692898841173e-09,raw_cfw,today
raw_cfw|repair|Coreless filament winding||machine weight,manufacturing,energy resources: non-renewable,3.095228477120242e-05,3.550530920858959e-07,2.771003605772302e-07,4.299803331629549e-07,raw_cfw,today
raw_cfw|repair|Coreless filament winding||machine weight,manufacturing,eutrophication: freshwater,1.4304547538918e-05,4.1073171294593425e-07,3.236110515847709e-07,5.023401547965262e-07,raw_cfw,today
raw_cfw|repair|Coreless filament winding||machine weight,manufacturing,eutrophication: marine,2.1873827145588715e-05,6.754837217226558e-08,5.316631527953356e-08,8.230098519984885e-08,raw_cfw,today
raw_cfw|repair|Coreless filament winding||machine weight,manufacturing,eutrophication: terrestrial,3.0474478654758485e-05,1.328571930596126e-07,1.0428467639236297e-07,1.618365745717828e-07,raw_cfw,today
raw_cfw|repair|Coreless filament winding||machine weight,manufacturing,human toxicity: carcinogenic,7.133297480560294e-05,1.6755134235133341e-06,1.3252423626157252e-06,2.0251576950298576e-06,raw_cfw,today
raw_cfw|repair|Coreless filament winding||machine weight,manufacturing,"human toxicity: carcinogenic, inorganics",0.00014295158249350676,1.8086316438763857e-05,1.4397743084443576e-05,2.2472411301320643e-05,raw_cfw,today
raw_cfw|repair|Coreless filament winding||machine weight,manufacturing,"human toxicity: carcinogenic, organics",4.33681469816761e-05,6.169399461071691e-07,4.876282851780014e-07,7.49535987504812e-07,raw_cfw,today
raw_cfw|repair|Coreless filament winding||machine weight,manufacturing,human toxicity: non-carcinogenic,0.0001023612446950638,2.7335026104028686e-05,2.1528675679920815e-05,3.405039980655315e-05,raw_cfw,today
raw_cfw|repair|Coreless filament winding||machine weight,manufacturing,"human toxicity: non-carcinogenic, inorganics",8.355235513035102e-05,2.6981369960014624e-05,2.1213108110754705e-05,3.367525419292718e-05,raw_cfw,today
raw_cfw|repair|Coreless filament winding||machine weight,manufacturing,"human toxicity: non-carcinogenic, organics",0.0002543521962043528,1.4072099855180543e-05,1.1092525534616968e-05,1.7206190785063973e-05,raw_cfw,today
raw_cfw|repair|Coreless filament winding||machine weight,manufacturing,ionising radiation: human health,-1.6933329297674951e-06,7.175436862442752e-09,5.744059136680682e-09,8.756332207138735e-09,raw_cfw,today
raw_cfw|repair|Coreless filament winding||machine weight,manufacturing,land use,2.276596652058975e-05,7.212284689427385e-08,5.636019333068446e-08,8.757091988127212e-08,raw_cfw,today
raw_cfw|repair|Coreless filament winding||machine weight,manufacturing,material resources: metals/minerals,0.0003087851691629608,2.221699724218189e-05,1.7389440286181126e-05,2.7070875481157093e-05,raw_cfw,today
raw_cfw|repair|Coreless filament winding||machine weight,manufacturing,ozone depletion,1.3412984217548174e-05,4.771018766411366e-08,3.737056626836602e-08,5.792600371430546e-08,raw_cfw,today
raw_cfw|repair|Coreless filament winding||machine weight,manufacturing,particulate matter formation,0.0001174237131436889,2.1321419804078876e-06,1.6703740881048368e-06,2.5843306595464607e-06,raw_cfw,today
raw_cfw|repair|Coreless filament winding||machine weight,manufacturing,photochemical oxidant formation: human health,6.092101323288204e-05,8.228778537884585e-07,6.426994677517716e-07,9.927261086216875e-07,raw_cfw,today
raw_cfw|repair|Coreless filament winding||machine weight,manufacturing,water use,0.0001006075522059233,2.927350835272596e-06,2.3059732453699195e-06,3.541996257158703e-06,raw_cfw,today
raw_cfw|repair|Coreless filament winding||power,manufacturing,acidification,0.009181939876357306,0.00022074486886164578,0.0001538364175526203,0.00030936492892749386,raw_cfw,today
raw_cfw|repair|Coreless filament winding||power,manufacturing,climate change,0.01206776628858468,0.0005289750031893035,0.00041507061157318854,0.0006732709098972099,raw_cfw,today
raw_cfw|repair|Coreless filament winding||power,manufacturing,climate change: biogenic,0.005683246436313341,8.862938742377764e-05,6.970387198507549e-05,0.00011172616257731316,raw_cfw,today
raw_cfw|repair|Coreless filament winding||power,manufacturing,climate change: fossil,0.012932470892628717,0.0004569280697473697,0.00035881044655374894,0.0005850363224420697,raw_cfw,today
raw_cfw|repair|Coreless filament winding||power,manufacturing,climate change: land use and land use change,-0.001795209940041358,0.000655658630098559,0.0004602098053946459,0.0008657901481427934,raw_cfw,today
raw_cfw|repair|Coreless filament winding||power,manufacturing,ecotoxicity: freshwater,0.00328857892779306,2.452626193771732e-05,1.9247760389650703e-05,3.104899215476879e-05,raw_cfw,today
raw_cfw|repair|Coreless filament winding||power,manufacturing,"ecotoxicity: freshwater, inorganics",0.00385419891179186,3.3611226346986205e-05,2.632223782319683e-05,4.267743560788123e-05,raw_cfw,today
raw_cfw|repair|Coreless filament winding||power,manufacturing,"ecotoxicity: freshwater, organics",0.00018771247785623265,1.4584922163991437e-07,1.20600001938256e-07,1.7538038947611405e-07,raw_cfw,today
raw_cfw|repair|Coreless filament winding||power,manufacturing,energy resources: non-renewable,0.010837815247797266,0.00046197506462961605,0.00039299387161447245,0.0005518250622115483,raw_cfw,today
raw_cfw|repair|Coreless filament winding||power,manufacturing,eutrophication: freshwater,0.007372427671720101,0.0005502685651326238,0.0004108807230786886,0.0007366173812426906,raw_cfw,today
raw_cfw|repair|Coreless filament winding||power,manufacturing,eutrophication: marine,0.003963785914836109,3.003774820396118e-05,2.2670896185890947e-05,3.8798604954890087e-05,raw_cfw,today
raw_cfw|repair|Coreless filament winding||power,manufacturing,eutrophication: terrestrial,0.0045478990880535855,3.953515692574312e-05,2.996346382238055e-05,5.055153684063557e-05,raw_cfw,today
raw_cfw|repair|Coreless filament winding||power,manufacturing,human toxicity: carcinogenic,0.0035321525740943465,3.436336182583454e-05,2.8835112651316468e-05,4.1257612913974024e-05,raw_cfw,today
raw_cfw|repair|Coreless filament winding||power,manufacturing,"human toxicity: carcinogenic, inorganics",0.01304890601373476,0.0008387334477594678,0.0006527264220895094,0.0011226749918132682,raw_cfw,today
raw_cfw|repair|Coreless filament winding||power,manufacturing,"human toxicity: carcinogenic, organics",0.0011563294389527418,5.732500610454971e-06,4.9024994374230926e-06,6.7934816977564295e-06,raw_cfw,today
raw_cfw|repair|Coreless filament winding||power,manufacturing,human toxicity: non-carcinogenic,0.012313095570541192,0.0011597864782903714,0.0009143334021239323,0.00152109694306332,raw_cfw,today
raw_cfw|repair|Coreless filament winding||power,manufacturing,"human toxicity: non-carcinogenic, inorganics",0.011415873699845262,0.0011605734377514302,0.0009073735855362342,0.0015327931071044947,raw_cfw,today
raw_cfw|repair|Coreless filament winding||power,manufacturing,"human toxicity: non-carcinogenic, organics",0.013110007723448502,0.00048569190866282235,0.0004198370675138868,0.0005798434572971818,raw_cfw,today
raw_cfw|repair|Coreless filament winding||power,manufacturing,ionising radiation: human health,-0.0012259078855452982,0.0005579131344467741,0.00044023567049654455,0.0007280523726547986,raw_cfw,today
raw_cfw|repair|Coreless filament winding||power,manufacturing,land use,0.004574723485455506,4.441694781704123e-05,3.7513933622310604e-05,5.247332092039594e-05,raw_cfw,today
raw_cfw|repair|Coreless filament winding||power,manufacturing,material resources: metals/minerals,0.012287685058671968,0.0005610207953185636,0.0004827974896825229,0.0006482147008120988,raw_cfw,today
raw_cfw|repair|Coreless filament winding||power,manufacturing,ozone depletion,0.006324427490525864,0.0001236547422805845,0.00010129234512421353,0.00015123926240953923,raw_cfw,today
raw_cfw|repair|Coreless filament winding||power,manufacturing,particulate matter formation,0.0037862977390357585,3.460694082263299e-05,2.9385414955548608e-05,4.1113505677798006e-05,raw_cfw,today
raw_cfw|repair|Coreless filament winding||power,manufacturing,photochemical oxidant formation: human health,0.009354931608841436,0.00019731150809614102,0.00015463410129107377,0.0002497356282216508,raw_cfw,today
raw_cfw|repair|Coreless filament winding||power,manufacturing,water use,0.01664470875559534,0.0008088617829356699,0.0006710635969787049,0.0009578412454641811,raw_cfw,today
raw_cfw|repair|Coreless filament winding||output rate,manufacturing,acidification,0.0005728844615148104,0.00020248137507567117,0.00013323110473566023,0.0003012335535391839,raw_cfw,today
raw_cfw|repair|Coreless filament winding||output rate,manufacturing,climate change,-0.0003839965884636963,0.0005075493280112722,0.0003872500112010062,0.0006696554210451363,raw_cfw,today
raw_cfw|repair|Coreless filament winding||output rate,manufacturing,climate change: biogenic,-0.0031903781175147933,8.933876603039632e-05,6.723187727352984e-05,0.00012027071134247475,raw_cfw,today
raw_cfw|repair|Coreless filament winding||output rate,manufacturing,climate change: fossil,-0.0007609845520044715,0.0004382811982761814,0.00033176428599652954,0.0005814808428356323,raw_cfw,today
raw_cfw|repair|Coreless filament winding||output rate,manufacturing,climate change: land use and land use change,0.00099627990272548,0.0006950229675696103,0.00048571938158539774,0.0008972497861551925,raw_cfw,today
raw_cfw|repair|Coreless filament winding||output rate,manufacturing,ecotoxicity: freshwater,-0.00039989812033405965,2.5976012310481736e-05,1.9508277852269676e-05,3.482533064838409e-05,raw_cfw,today
raw_cfw|repair|Coreless filament winding||output rate,manufacturing,"ecotoxicity: freshwater, inorganics",-0.0004382374564148505,3.5447751381523144e-05,2.645307009118027e-05,4.757905932672667e-05,raw_cfw,today
raw_cfw|repair|Coreless filament winding||output rate,manufacturing,"ecotoxicity: freshwater, organics",-0.00010170091798522103,2.0196294082053507e-07,1.5806859942575713e-07,2.477758365435497e-07,raw_cfw,today
raw_cfw|repair|Coreless filament winding||output rate,manufacturing,energy resources: non-renewable,-0.004724082004123007,0.0005168392184896569,0.0004351970960540533,0.0006171749245011953,raw_cfw,today
raw_cfw|repair|Coreless filament winding||output rate,manufacturing,eutrophication: freshwater,0.0011283290760801068,0.0004894851986803629,0.00033839690664344454,0.0006833089564861662,raw_cfw,today
raw_cfw|repair|Coreless filament winding||output rate,manufacturing,eutrophication: marine,-0.0004815345497057616,2.8597410640256452e-05,2.0664470222257843e-05,3.9944196739968496e-05,raw_cfw,today
raw_cfw|repair|Coreless filament winding||output rate,manufacturing,eutrophication: terrestrial,-0.0005908250622243969,3.896060670708386e-05,2.8938774275050894e-05,5.314129344685116e-05,raw_cfw,today
raw_cfw|repair|Coreless filament winding||output rate,manufacturing,human toxicity: carcinogenic,-0.0007461506039914441,4.513283235338615e-05,3.692789851256447e-05,5.610455815126463e-05,raw_cfw,today
raw_cfw|repair|Coreless filament winding||output rate,manufacturing,"human toxicity: carcinogenic, inorganics",0.0008788570548019714,0.0009393427972109972,0.0007064940027267623,0.0012503773773956987,raw_cfw,today
raw_cfw|repair|Coreless filament winding||output rate,manufacturing,"human toxicity: carcinogenic, organics",-0.0005199382532932713,9.219139278376551e-06,7.793872245823183e-06,1.0782609244668982e-05,raw_cfw,today
raw_cfw|repair|Coreless filament winding||output rate,manufacturing,human toxicity: non-carcinogenic,0.001519745048914848,0.001335670028652954,0.0010302624955542906,0.0017126048778542905,raw_cfw,today
raw_cfw|repair|Coreless filament winding||output rate,manufacturing,"human toxicity: non-carcinogenic, inorganics",0.0018251207547450808,0.0013293122357305558,0.001023733742617944,0.001707280809825086,raw_cfw,today
raw_cfw|repair|Coreless filament winding||output rate,manufacturing,"human toxicity: non-carcinogenic, organics",-0.004159187932424286,0.000623708542051623,0.0005301455341541332,0.000739980143436071,raw_cfw,today
raw_cfw|repair|Coreless filament winding||output rate,manufacturing,ionising radiation: human health,-0.0004456815406905172,0.0007091616860847614,0.0005449120909453269,0.0008863487132597462,raw_cfw,today
raw_cfw|repair|Coreless filament winding||output rate,manufacturing,land use,-0.0017057466999673887,4.700107094621584e-05,3.872498830055382e-05,5.5901162320842605e-05,raw_cfw,today
raw_cfw|repair|Coreless filament winding||output rate,manufacturing,material resources: metals/minerals,-0.004880677796719529,0.0007556639730933487,0.0006374965858387955,0.000884503599170514,raw_cfw,today
raw_cfw|repair|Coreless filament winding||output rate,manufacturing,ozone depletion,-0.003031331551566992,0.000135301469493787,0.00010709925904088706,0.00016590893276759188,raw_cfw,today
raw_cfw|repair|Coreless filament winding||output rate,manufacturing,particulate matter formation,-0.0010169733157837642,4.907108560531145e-05,4.060739774622581e-05,6.1017343212218684e-05,raw_cfw,today
raw_cfw|repair|Coreless filament winding||output rate,manufacturing,photochemical oxidant formation: human health,-0.0012744668080812824,0.0002009118251561677,0.0001535872820763126,0.00026081852146638283,raw_cfw,today
raw_cfw|repair|Coreless filament winding||output rate,manufacturing,water use,-0.004339553832093843,0.0009145757440655058,0.0007600473493503673,0.0011250539568243795,raw_cfw,today
raw_cfw|repair|Coreless filament winding||machine lifetime,manufacturing,acidification,-7.649633082291815e-05,5.12975854960087e-07,3.985327950160671e-07,6.29836460023228e-07,raw_cfw,today
raw_cfw|repair|Coreless filament winding||machine lifetime,manufacturing,climate change,-4.266137110024426e-05,9.067736005617194e-07,7.090916656607731e-07,1.1067804629304356e-06,raw_cfw,today
raw_cfw|repair|Coreless filament winding||machine lifetime,manufacturing,climate change: biogenic,-3.607137861016557e-05,2.9209443193218045e-08,2.3300966598367943e-08,3.60671646680481e-08,raw_cfw,today
raw_cfw|repair|Coreless filament winding||machine lifetime,manufacturing,climate change: fossil,-6.175346843344194e-05,7.823075846865105e-07,6.11853284994403e-07,9.594502075341246e-07,raw_cfw,today
raw_cfw|repair|Coreless filament winding||machine lifetime,manufacturing,climate change: land use and land use change,-5.1651453513506626e-05,3.3058714444600987e-07,2.66998514907105e-07,4.18848224587296e-07,raw_cfw,today
raw_cfw|repair|Coreless filament winding||machine lifetime,manufacturing,ecotoxicity: freshwater,-9.838827204438244e-05,3.9118595445079484e-07,3.1617344552311506e-07,4.817286628545266e-07,raw_cfw,today
raw_cfw|repair|Coreless filament winding||machine lifetime,manufacturing,"ecotoxicity: freshwater, inorganics",-0.00011160559012889973,5.227014604845649e-07,4.2179544737870656e-07,6.430207609906162e-07,raw_cfw,today
raw_cfw|repair|Coreless filament winding||machine lifetime,manufacturing,"ecotoxicity: freshwater, organics",-1.4482163783607402e-05,7.157900366769601e-09,5.779677722139841e-09,8.866105838955883e-09,raw_cfw,today
raw_cfw|repair|Coreless filament winding||machine lifetime,manufacturing,energy resources: non-renewable,-0.00010698144112463375,4.0778447288928167e-07,3.2746782945369215e-07,4.999823624676782e-07,raw_cfw,today
raw_cfw|repair|Coreless filament winding||machine lifetime,manufacturing,eutrophication: freshwater,5.4410653560767365e-06,4.7173332727287505e-07,3.6643811309261593e-07,5.817842271075997e-07,raw_cfw,today
raw_cfw|repair|Coreless filament winding||machine lifetime,manufacturing,eutrophication: marine,-5.240888664819064e-05,7.75803400648803e-08,6.172786805003027e-08,9.537056563834842e-08,raw_cfw,today
raw_cfw|repair|Coreless filament winding||machine lifetime,manufacturing,eutrophication: terrestrial,-7.198602767421013e-05,1.525885089319009e-07,1.2121772057988859e-07,1.873333025965966e-07,raw_cfw,today
raw_cfw|repair|Coreless filament winding||machine lifetime,manufacturing,human toxicity: carcinogenic,-0.00021538480973186825,1.9243595597698078e-06,1.5528526231775273e-06,2.379542315502255e-06,raw_cfw,today
raw_cfw|repair|Coreless filament winding||machine lifetime,manufacturing,"human toxicity: carcinogenic, inorganics",-4.474900540411618e-05,2.0772484640906766e-05,1.6163457601407292e-05,2.6375373495440177e-05,raw_cfw,today
raw_cfw|repair|Coreless filament winding||machine lifetime,manufacturing,"human toxicity: carcinogenic, organics",-0.0001416084350424311,7.085674338344035e-07,5.716209241434245e-07,8.765652304166941e-07,raw_cfw,today
raw_cfw|repair|Coreless filament winding||machine lifetime,manufacturing,human toxicity: non-carcinogenic,0.0001425663240526995,3.139480612246443e-05,2.4208780657554272e-05,3.981084980098666e-05,raw_cfw,today
raw_cfw|repair|Coreless filament winding||machine lifetime,manufacturing,"human toxicity: non-carcinogenic, inorganics",0.0002016396639610903,3.098862546546187e-05,2.3914733715280486e-05,3.941067187251024e-05,raw_cfw,today
raw_cfw|repair|Coreless filament winding||machine lifetime,manufacturing,"human toxicity: non-carcinogenic, organics",-0.0006330939482135824,1.6162070933517353e-05,1.295613540253501e-05,1.9794325104791162e-05,raw_cfw,today
raw_cfw|repair|Coreless filament winding||machine lifetime,manufacturing,ionising radiation: human health,-1.3367395662035112e-05,8.241126529794643e-09,6.500108494023202e-09,1.020787017866396e-08,raw_cfw,today
raw_cfw|repair|Coreless filament winding||machine lifetime,manufacturing,land use,-5.817651035475074e-05,8.283384302745203e-08,6.620015718971347e-08,1.022924028328561e-07,raw_cfw,today
raw_cfw|repair|Coreless filament winding||machine lifetime,manufacturing,material resources: metals/minerals,-0.0008888914157898623,2.551665178715361e-05,2.0581649693313422e-05,3.089674949596383e-05,raw_cfw,today
raw_cfw|repair|Coreless filament winding||machine lifetime,manufacturing,ozone depletion,-3.7760982201699874e-05,5.4795411630008724e-08,4.3977245308868704e-08,6.695370257505199e-08,raw_cfw,today
raw_cfw|repair|Coreless filament winding||machine lifetime,manufacturing,particulate matter formation,-0.00029912154424620405,2.448803232510029e-06,1.969840160989248e-06,3.0013867352804632e-06,raw_cfw,today
raw_cfw|repair|Coreless filament winding||machine lifetime,manufacturing,photochemical oxidant formation: human health,-0.000124506571357877,9.450873509631691e-07,7.568173860684222e-07,1.156565557215107e-06,raw_cfw,today
raw_cfw|repair|Coreless filament winding||machine lifetime,manufacturing,water use,-0.0002136819957750073,3.3621190846172475e-06,2.7226721080339786e-06,4.166932010282001e-06,raw_cfw,today
raw_cfw|repair|Coreless filament winding||process yield,manufacturing,acidification,0.024556559933742138,0.006028916454093259,0.005071315920145049,0.00696407531798839,raw_cfw,today
raw_cfw|repair|Coreless filament winding||process yield,manufacturing,climate change,0.017791691536338902,0.00590849075438438,0.004957355528471183,0.006919783749100613,raw_cfw,today
raw_cfw|repair|Coreless filament winding||process yield,manufacturing,climate change: biogenic,0.03376853024529809,0.007250232099314304,0.00608454452141018,0.008401786092012684,raw_cfw,today
raw_cfw|repair|Coreless filament winding||process yield,manufacturing,climate change: fossil,0.0199102297892215,0.005596529656316948,0.004678573875898489,0.006470098135579438,raw_cfw,today
raw_cfw|repair|Coreless filament winding||process yield,manufacturing,climate change: land use and land use change,0.0037521008356660797,0.0009452884038326031,0.0007470648318357204,0.0011689252321383976,raw_cfw,today
raw_cfw|repair|Coreless filament winding||process yield,manufacturing,ecotoxicity: freshwater,0.030076012517391327,0.00670131160481381,0.00573870521561313,0.007767536814643453,raw_cfw,today
raw_cfw|repair|Coreless filament winding||process yield,manufacturing,"ecotoxicity: freshwater, inorganics",0.02984834651538411,0.006675698975363587,0.005711634701120331,0.007729233361861333,raw_cfw,today
raw_cfw|repair|Coreless filament winding||process yield,manufacturing,"ecotoxicity: freshwater, organics",0.030499969061424166,0.006665526597269283,0.005733889345699941,0.007756286305589293,raw_cfw,today
raw_cfw|repair|Coreless filament winding||process yield,manufacturing,energy resources: non-renewable,0.03467120794783056,0.00869124432366494,0.007493580533713263,0.010034533520710475,raw_cfw,today
raw_cfw|repair|Coreless filament winding||process yield,manufacturing,eutrophication: freshwater,0.003008323825285194,0.0012378245733365636,0.0010479616085253456,0.0015215209764821772,raw_cfw,today
raw_cfw|repair|Coreless filament winding||process yield,manufacturing,eutrophication: marine,0.03432014759021769,0.007716840226392999,0.0065418031973678405,0.008840248825406035,raw_cfw,today
raw_cfw|repair|Coreless filament winding||process yield,manufacturing,eutrophication: terrestrial,0.034442108044448874,0.0078001340144846915,0.006616766021384987,0.008968145841555725,raw_cfw,today
raw_cfw|repair|Coreless filament winding||process yield,manufacturing,human toxicity: carcinogenic,0.029729182278513264,0.006657072823657362,0.005695422090391139,0.007728686490234921,raw_cfw,today
raw_cfw|repair|Coreless filament winding||process yield,manufacturing,"human toxicity: carcinogenic, inorganics",0.008738957008342945,0.0023670205121392733,0.0019949596434195725,0.0028306280726731726,raw_cfw,today
raw_cfw|repair|Coreless filament winding||process yield,manufacturing,"human toxicity: carcinogenic, organics",0.030450919707063626,0.006741571168830736,0.00580753747591277,0.007844847206525462,raw_cfw,today
raw_cfw|repair|Coreless filament winding||process yield,manufacturing,human toxicity: non-carcinogenic,0.005208983205089668,0.001806558696244451,0.001541928265338509,0.00218415646641356,raw_cfw,today
raw_cfw|repair|Coreless filament winding||process yield,manufacturing,"human toxicity: non-carcinogenic, inorganics",0.004011915165163769,0.0014971349096479546,0.0012758256925057122,0.001802708219123279,raw_cfw,today
raw_cfw|repair|Coreless filament winding||process yield,manufacturing,"human toxicity: non-carcinogenic, organics",0.03331725331286091,0.008077149014193605,0.00687349925493282,0.009249388739387113,raw_cfw,today
raw_cfw|repair|Coreless filament winding||process yield,manufacturing,ionising radiation: human health,0.0044283509826960905,0.0013610388844590017,0.0011396785146436002,0.0016262604672815286,raw_cfw,today
raw_cfw|repair|Coreless filament winding||process yield,manufacturing,land use,0.03518886720378676,0.007901219037415728,0.006693992464380158,0.009162728794573775,raw_cfw,today
raw_cfw|repair|Coreless filament winding||process yield,manufacturing,material resources: metals/minerals,0.03311528776440287,0.007899597971291509,0.006814308030105804,0.009096344810289739,raw_cfw,today
raw_cfw|repair|Coreless filament winding||process yield,manufacturing,ozone depletion,0.03212571978001862,0.008378885658450411,0.007215352352371579,0.009672433350849673,raw_cfw,today
raw_cfw|repair|Coreless filament winding||process yield,manufacturing,particulate matter formation,0.03559314956101829,0.007898286516075867,0.006742619492253825,0.00921178381105021,raw_cfw,today
raw_cfw|repair|Coreless filament winding||process yield,manufacturing,photochemical oxidant formation: human health,0.0296036097526298,0.007082470515376697,0.006057864755060379,0.008189941136769052,raw_cfw,today
raw_cfw|repair|Coreless filament winding||process yield,manufacturing,water use,0.0261077470429965,0.006627617108532145,0.005689280009193102,0.007756334578574133,raw_cfw,today
raw_cfw|repair|Coreless filament winding||machine source,manufacturing,acidification,-0.001087442247573033,3.492845976527965e-05,3.0167943925166082e-05,3.985010188926654e-05,raw_cfw,today
raw_cfw|repair|Coreless filament winding||machine source,manufacturing,climate change,-0.0006404418327538927,6.161383765241773e-05,5.2881669114187245e-05,7.031561924746291e-05,raw_cfw,today
raw_cfw|repair|Coreless filament winding||machine source,manufacturing,climate change: biogenic,-0.0003441245163346914,1.993740542658317e-06,1.7018631464564903e-06,2.2636947977493994e-06,raw_cfw,today
raw_cfw|repair|Coreless filament winding||machine source,manufacturing,climate change: fossil,-0.0008434276600169502,5.315585854883157e-05,4.567732036334491e-05,6.029154108339044e-05,raw_cfw,today
raw_cfw|repair|Coreless filament winding||machine source,manufacturing,climate change: land use and land use change,-0.000941626867295537,2.257401371744484e-05,1.9829872089761858e-05,2.5940824754480984e-05,raw_cfw,today
raw_cfw|repair|Coreless filament winding||machine source,manufacturing,ecotoxicity: freshwater,-0.0012337734881354696,2.6705967757740626e-05,2.3277056142231832e-05,3.065558313389712e-05,raw_cfw,today
raw_cfw|repair|Coreless filament winding||machine source,manufacturing,"ecotoxicity: freshwater, inorganics",-0.001404337851947963,3.568567206892282e-05,3.10656072980775e-05,4.0989621302472296e-05,raw_cfw,today
raw_cfw|repair|Coreless filament winding||machine source,manufacturing,"ecotoxicity: freshwater, organics",-0.0001784694684805406,4.878718143044928e-07,4.2210410075496946e-07,5.599013051235807e-07,raw_cfw,today
raw_cfw|repair|Coreless filament winding||machine source,manufacturing,energy resources: non-renewable,-0.0011714624357181773,2.7654222474555427e-05,2.380980030753343e-05,3.253343550797192e-05,raw_cfw,today
raw_cfw|repair|Coreless filament winding||machine source,manufacturing,eutrophication: freshwater,-5.4177518044390344e-05,3.222735616101847e-05,2.69563531469265e-05,3.701654095459995e-05,raw_cfw,today
raw_cfw|repair|Coreless filament winding||machine source,manufacturing,eutrophication: marine,-0.0005720387803639224,5.249566845682549e-06,4.52703279851372e-06,5.99575368550516e-06,raw_cfw,today
raw_cfw|repair|Coreless filament winding||machine source,manufacturing,eutrophication: terrestrial,-0.0007954982005654738,1.0323898879190918e-05,8.915161125179114e-06,1.1805982730791146e-05,raw_cfw,today
raw_cfw|repair|Coreless filament winding||machine source,manufacturing,human toxicity: carcinogenic,-0.002680138542323134,0.0001313971792880096,0.0001139238730175637,0.0001511678294717376,raw_cfw,today
raw_cfw|repair|Coreless filament winding||machine source,manufacturing,"human toxicity: carcinogenic, inorganics",-0.0022875090734283546,0.0014189817644879642,0.0011866117815567208,0.0016354502513394936,raw_cfw,today
raw_cfw|repair|Coreless filament winding||machine source,manufacturing,"human toxicity: carcinogenic, organics",-0.001714682300996811,4.8364855333895284e-05,4.183286761620764e-05,5.5531869181607745e-05,raw_cfw,today
raw_cfw|repair|Coreless filament winding||machine source,manufacturing,human toxicity: non-carcinogenic,-0.0006749107960643052,0.0021438285322326967,0.0018129851481118225,0.002518675383613207,raw_cfw,today
raw_cfw|repair|Coreless filament winding||machine source,manufacturing,"human toxicity: non-carcinogenic, inorganics",-0.0001119233594731798,0.002116365060807461,0.0017848749447174981,0.0025064937419009958,raw_cfw,today
raw_cfw|repair|Coreless filament winding||machine source,manufacturing,"human toxicity: non-carcinogenic, organics",-0.006769218618034245,0.0011004766293627696,0.0009618680780732056,0.0012713552711362407,raw_cfw,today
raw_cfw|repair|Coreless filament winding||machine source,manufacturing,ionising radiation: human health,-0.00013891927329396,5.619259998883338e-07,4.891203773305502e-07,6.37744618631451e-07,raw_cfw,today
raw_cfw|repair|Coreless filament winding||machine source,manufacturing,land use,-0.0006092832295744051,5.5774913625969534e-06,4.820348875904846e-06,6.362854348673535e-06,raw_cfw,today
raw_cfw|repair|Coreless filament winding||machine source,manufacturing,material resources: metals/minerals,-0.008685182524079302,0.0017435579440806376,0.0015251882817149457,0.0020027174290106905,raw_cfw,today
raw_cfw|repair|Coreless filament winding||machine source,manufacturing,ozone depletion,-0.00039457786607758477,3.67570118659792e-06,3.2243324245374395e-06,4.204380072251804e-06,raw_cfw,today
raw_cfw|repair|Coreless filament winding||machine source,manufacturing,particulate matter formation,-0.0032585265893833397,0.00016637063783985493,0.0001447574392947868,0.00019003356892435138,raw_cfw,today
raw_cfw|repair|Coreless filament winding||machine source,manufacturing,photochemical oxidant formation: human health,-0.001598166324451188,6.390638787304253e-05,5.55801826088678e-05,7.380651531894317e-05,raw_cfw,today
raw_cfw|repair|Coreless filament winding||machine source,manufacturing,water use,-0.00328277046643578,0.0002296253390692857,0.00019895523756138783,0.000263849528032044,raw_cfw,today
raw_cfw|use|product||expected lifetime,circularity,acidification,-0.008184869968054401,0.08427181837237412,0.07142694249404755,0.09695870799180778,raw_cfw,today
raw_cfw|use|product||expected lifetime,circularity,climate change,0.0061778263993626905,0.07805868049607011,0.06640120450404521,0.08964618172665374,raw_cfw,today
raw_cfw|use|product||expected lifetime,circularity,climate change: biogenic,-0.033999564055128655,0.10297087151594687,0.0875160507330166,0.11724126287813601,raw_cfw,today
raw_cfw|use|product||expected lifetime,circularity,climate change: fossil,-0.009153086034004616,0.06020051966348623,0.05119904657867852,0.0692088769870952,raw_cfw,today
raw_cfw|use|product||expected lifetime,circularity,climate change: land use and land use change,-0.005917760606212106,0.009005317122721504,0.007532841811118172,0.01051972894709728,raw_cfw,today
raw_cfw|use|product||expected lifetime,circularity,ecotoxicity: freshwater,-0.03407928306766117,0.10261247316336736,0.08887459329539005,0.11782791591538425,raw_cfw,today
raw_cfw|use|product||expected lifetime,circularity,"ecotoxicity: freshwater, inorganics",-0.03342062803747006,0.10201216257193904,0.08829535568916565,0.11749923478043862,raw_cfw,today
raw_cfw|use|product||expected lifetime,circularity,"ecotoxicity: freshwater, organics",-0.03684402998445799,0.10321745965893012,0.0893039726605514,0.11952277309425836,raw_cfw,today
raw_cfw|use|product||expected lifetime,circularity,energy resources: non-renewable,-0.019170703647922067,0.0914976135769716,0.0797843448761772,0.10627078280968805,raw_cfw,today
raw_cfw|use|product||expected lifetime,circularity,eutrophication: freshwater,-0.0010708505872252506,0.015496178751898047,0.012574934557097787,0.018040954662278084,raw_cfw,today
raw_cfw|use|product||expected lifetime,circularity,eutrophication: marine,-0.022917825251515686,0.1119337943962807,0.09480611943686516,0.12602733003711572,raw_cfw,today
raw_cfw|use|product||expected lifetime,circularity,eutrophication: terrestrial,-0.022843148485627348,0.11205216970340326,0.09497296746313781,0.12595576637652328,raw_cfw,today
raw_cfw|use|product||expected lifetime,circularity,human toxicity: carcinogenic,-0.035167574357531546,0.10025805789699072,0.08668985742865568,0.11638980309070024,raw_cfw,today
raw_cfw|use|product||expected lifetime,circularity,"human toxicity: carcinogenic, inorganics",-0.007845504833976603,0.03771782353313485,0.03175150453812246,0.04439194296436668,raw_cfw,today
raw_cfw|use|product||expected lifetime,circularity,"human toxicity: carcinogenic, organics",-0.03718889167186351,0.10112362825424016,0.0879964833593805,0.1168949706036187,raw_cfw,today
raw_cfw|use|product||expected lifetime,circularity,human toxicity: non-carcinogenic,-0.00593470718739816,0.02327330450763488,0.01952211704810995,0.02743524446379395,raw_cfw,today
raw_cfw|use|product||expected lifetime,circularity,"human toxicity: non-carcinogenic, inorganics",-0.0050500994321541525,0.019477427707351645,0.016234477207304147,0.02295343659998398,raw_cfw,today
raw_cfw|use|product||expected lifetime,circularity,"human toxicity: non-carcinogenic, organics",-0.03344775670970535,0.10012348611731389,0.08579617440589166,0.11608411414741383,raw_cfw,today
raw_cfw|use|product||expected lifetime,circularity,ionising radiation: human health,0.0005710722116470424,0.012418804408273316,0.010607096724447856,0.014036513157100361,raw_cfw,today
raw_cfw|use|product||expected lifetime,circularity,land use,-0.027521430309907252,0.11285778663812078,0.09576845279359178,0.12724813366462123,raw_cfw,today
raw_cfw|use|product||expected lifetime,circularity,material resources: metals/minerals,-0.03999528716260009,0.09904060038135783,0.0836759755053414,0.11499603148770664,raw_cfw,today
raw_cfw|use|product||expected lifetime,circularity,ozone depletion,-0.030990102752466366,0.08774310926967303,0.07560200062490312,0.10029479215259356,raw_cfw,today
raw_cfw|use|product||expected lifetime,circularity,particulate matter formation,-0.03140011673531432,0.11564765034452165,0.09858650261831642,0.13018042365941165,raw_cfw,today
raw_cfw|use|product||expected lifetime,circularity,photochemical oxidant formation: human health,-0.019882559015666074,0.09438520881116721,0.08156062947571768,0.10813383590193089,raw_cfw,today
raw_cfw|use|product||expected lifetime,circularity,water use,-0.022278716929889815,0.08817561824786395,0.07479158847892294,0.10267742697230431,raw_cfw,today
raw_cfw|use|product||lifetime extension per repair,circularity,acidification,0.06264355736718051,0.032206824943551,0.027342650306388543,0.037316021497569025,raw_cfw,today
raw_cfw|use|product||lifetime extension per repair,circularity,climate change,0.046315703143580966,0.031504624495311134,0.02701614038666957,0.03633645008115267,raw_cfw,today
raw_cfw|use|product||lifetime extension per repair,circularity,climate change: biogenic,0.08603159765688928,0.03941565605123936,0.03400013455486676,0.044645750929068764,raw_cfw,today
raw_cfw|use|product||lifetime extension per repair,circularity,climate change: fossil,0.03942093291962975,0.022451363426890598,0.01907182521200378,0.026150795804161728,raw_cfw,today
raw_cfw|use|product||lifetime extension per repair,circularity,climate change: land use and land use change,0.0027381504796113085,0.003939342252320775,0.0032978067514156796,0.00485366229069211,raw_cfw,today
raw_cfw|use|product||lifetime extension per repair,circularity,ecotoxicity: freshwater,0.07736017096975185,0.039306379094492465,0.0343035664770898,0.0455885228821713,raw_cfw,today
raw_cfw|use|product||lifetime extension per repair,circularity,"ecotoxicity: freshwater, inorganics",0.07689315538822086,0.03904087170833401,0.03403029487786114,0.04520566864748845,raw_cfw,today
raw_cfw|use|product||lifetime extension per repair,circularity,"ecotoxicity: freshwater, organics",0.07776689993120445,0.03972573758567096,0.03427076630923551,0.04627485912675974,raw_cfw,today
raw_cfw|use|product||lifetime extension per repair,circularity,energy resources: non-renewable,0.0734010078357378,0.035598601136833746,0.030504942451563145,0.04101236294852915,raw_cfw,today
raw_cfw|use|product||lifetime extension per repair,circularity,eutrophication: freshwater,0.008066311414697446,0.005219243637601893,0.0043659853088012365,0.0063406962505474715,raw_cfw,today
raw_cfw|use|product||lifetime extension per repair,circularity,eutrophication: marine,0.09234804774807473,0.04340085960455989,0.03755750916387898,0.049995198290988474,raw_cfw,today
raw_cfw|use|product||lifetime extension per repair,circularity,eutrophication: terrestrial,0.09130474062094218,0.0434484286447219,0.03760749152303566,0.050228700726526763,raw_cfw,today
raw_cfw|use|product||lifetime extension per repair,circularity,human toxicity: carcinogenic,0.07479672874989568,0.03851445079448002,0.033627951258548026,0.044912146284549384,raw_cfw,today
raw_cfw|use|product||lifetime extension per repair,circularity,"human toxicity: carcinogenic, inorganics",0.024039807179827864,0.013819579332793683,0.01159969123328409,0.016349172310065576,raw_cfw,today
raw_cfw|use|product||lifetime extension per repair,circularity,"human toxicity: carcinogenic, organics",0.07587030503084811,0.03896915917117884,0.03371362578392451,0.04545829292474273,raw_cfw,today
raw_cfw|use|product||lifetime extension per repair,circularity,human toxicity: non-carcinogenic,0.012293335945182858,0.008360295721625307,0.007054115523908552,0.010036222299020807,raw_cfw,today
raw_cfw|use|product||lifetime extension per repair,circularity,"human toxicity: non-carcinogenic, inorganics",0.00939254760435601,0.006913600968051548,0.005864513765490345,0.008321779202092719,raw_cfw,today
raw_cfw|use|product||lifetime extension per repair,circularity,"human toxicity: non-carcinogenic, organics",0.07715420764390729,0.03855172431633719,0.03310251617948573,0.044761314198299054,raw_cfw,today
raw_cfw|use|product||lifetime extension per repair,circularity,ionising radiation: human health,0.012800172600600885,0.005447074087566154,0.004505807780099058,0.006367733408387607,raw_cfw,today
raw_cfw|use|product||lifetime extension per repair,circularity,land use,0.09362260779830005,0.043841414067973344,0.03803835347108034,0.05073706828048618,raw_cfw,today
raw_cfw|use|product||lifetime extension per repair,circularity,material resources: metals/minerals,0.0801650543106383,0.03835214096531082,0.033283713412028855,0.044472383207218656,raw_cfw,today
raw_cfw|use|product||lifetime extension per repair,circularity,ozone depletion,0.06351828700212134,0.03352196971569674,0.02901675885072632,0.039232018034784884,raw_cfw,today
raw_cfw|use|product||lifetime extension per repair,circularity,particulate matter formation,0.09405991527700407,0.04485165174033264,0.038713898288112406,0.051791509262604556,raw_cfw,today
raw_cfw|use|product||lifetime extension per repair,circularity,photochemical oxidant formation: human health,0.06701777822210996,0.036205915702596916,0.030956099615861064,0.042138657260716285,raw_cfw,today
raw_cfw|use|product||lifetime extension per repair,circularity,water use,0.06436884373177018,0.033028970662387136,0.02859510514370374,0.038210581094952886,raw_cfw,today
raw_cfw|use|product||number of repair events,circularity,acidification,0.06385811434601667,0.02150818448663611,0.017466179207398378,0.026158745629540205,raw_cfw,today
raw_cfw|use|product||number of repair events,circularity,climate change,0.04948525407979969,0.02873026521416231,0.023836264791280988,0.03415281383103837,raw_cfw,today
raw_cfw|use|product||number of repair events,circularity,climate change: biogenic,0.09292831602228199,0.02707284970231988,0.022052716092859217,0.03234520568458864,raw_cfw,today
raw_cfw|use|product||number of repair events,circularity,climate change: fossil,0.03289651955950265,0.015161774153744676,0.012189430795234385,0.018248239077806244,raw_cfw,today
raw_cfw|use|product||number of repair events,circularity,climate change: land use and land use change,0.011076870127149752,0.0061241209872730865,0.004558336344872647,0.008016652640465843,raw_cfw,today
raw_cfw|use|product||number of repair events,circularity,ecotoxicity: freshwater,0.09256183943893936,0.026297428702947483,0.02208570667084399,0.03087943209456034,raw_cfw,today
raw_cfw|use|product||number of repair events,circularity,"ecotoxicity: freshwater, inorganics",0.09066956390224948,0.026086463465276242,0.02187027786159251,0.03063630096399851,raw_cfw,today
raw_cfw|use|product||number of repair events,circularity,"ecotoxicity: freshwater, organics",0.1003090176255633,0.026838275295746478,0.022614620522349808,0.03142906810842689,raw_cfw,today
raw_cfw|use|product||number of repair events,circularity,energy resources: non-renewable,0.09579848073785481,0.024681735652604377,0.02075996124627135,0.02979612728929094,raw_cfw,today
raw_cfw|use|product||number of repair events,circularity,eutrophication: freshwater,-0.009727812657262087,0.00535650604191676,0.004055342210247254,0.006954043471941456,raw_cfw,today
raw_cfw|use|product||number of repair events,circularity,eutrophication: marine,0.1066614706289067,0.029295991853252736,0.024175011922905894,0.035313296996121506,raw_cfw,today
raw_cfw|use|product||number of repair events,circularity,eutrophication: terrestrial,0.10745049885636493,0.029200718235984097,0.024106438958613037,0.03514931466225962,raw_cfw,today
raw_cfw|use|product||number of repair events,circularity,human toxicity: carcinogenic,0.09385864149108318,0.02584931037799866,0.021745479196813314,0.03041431802341008,raw_cfw,today
raw_cfw|use|product||number of repair events,circularity,"human toxicity: carcinogenic, inorganics",0.011526818076695469,0.010322551433963406,0.007904280996165448,0.012994348158925015,raw_cfw,today
raw_cfw|use|product||number of repair events,circularity,"human toxicity: carcinogenic, organics",0.09920191466403469,0.026317382664006603,0.022158854811912126,0.030867059631719665,raw_cfw,today
raw_cfw|use|product||number of repair events,circularity,human toxicity: non-carcinogenic,0.0014353102560096715,0.007181590815986415,0.005262554652826182,0.009318421595773946,raw_cfw,today
raw_cfw|use|product||number of repair events,circularity,"human toxicity: non-carcinogenic, inorganics",-0.0016762314858339655,0.006367133995196895,0.004609157668445165,0.008339144837840914,raw_cfw,today
raw_cfw|use|product||number of repair events,circularity,"human toxicity: non-carcinogenic, organics",0.09729366983555945,0.025761188003920885,0.021157392622621566,0.030850213346807497,raw_cfw,today
raw_cfw|use|product||number of repair events,circularity,ionising radiation: human health,0.023135818651944702,0.007891687695248437,0.00591554669684001,0.0103637352906841,raw_cfw,today
raw_cfw|use|product||number of repair events,circularity,land use,0.11443373032378507,0.029755278914773545,0.024638973760709164,0.03550858970292551,raw_cfw,today
raw_cfw|use|product||number of repair events,circularity,material resources: metals/minerals,0.10268563471419806,0.026004782268054256,0.021423892685230015,0.031187756543004,raw_cfw,today
raw_cfw|use|product||number of repair events,circularity,ozone depletion,0.0862777613566379,0.02277764570594759,0.018822085248601395,0.0269677218093107,raw_cfw,today
raw_cfw|use|product||number of repair events,circularity,particulate matter formation,0.11620761392891045,0.030098621165200852,0.02482703316760164,0.03603758062654196,raw_cfw,today
raw_cfw|use|product||number of repair events,circularity,photochemical oxidant formation: human health,0.08088032101189883,0.023788665604966914,0.01978150986779528,0.028688280860309043,raw_cfw,today
raw_cfw|use|product||number of repair events,circularity,water use,0.08393634418049652,0.0228528967895325,0.018931595402723777,0.027698669259978444,raw_cfw,today
raw_cfw|repair|repair material||share of product mass per repair,circularity,acidification,-0.053697205637810816,0.010684967520482449,0.009143795305059479,0.012380056416537987,raw_cfw,today
raw_cfw|repair|repair material||share of product mass per repair,circularity,climate change,-0.030426950483288688,0.007741948631363427,0.0064487523248944615,0.009223089226038693,raw_cfw,today
raw_cfw|repair|repair material||share of product mass per repair,circularity,climate change: biogenic,-0.04321856959241976,0.01297050559216664,0.010993092780592205,0.01509297811261425,raw_cfw,today
raw_cfw|repair|repair material||share of product mass per repair,circularity,climate change: fossil,-0.036517393739807086,0.007445137025273245,0.0062243036159468105,0.00876505026224428,raw_cfw,today
raw_cfw|repair|repair material||share of product mass per repair,circularity,climate change: land use and land use change,-0.0014183292868718553,0.0016528045477503723,0.0012718956026737628,0.002106666659187084,raw_cfw,today
raw_cfw|repair|repair material||share of product mass per repair,circularity,ecotoxicity: freshwater,-0.05579510915076866,0.013104968345908255,0.0110829730660274,0.015041053545019955,raw_cfw,today
raw_cfw|repair|repair material||share of product mass per repair,circularity,"ecotoxicity: freshwater, inorganics",-0.05553472159544132,0.013015123821143506,0.010984879035834677,0.014890433812300553,raw_cfw,today
raw_cfw|repair|repair material||share of product mass per repair,circularity,"ecotoxicity: freshwater, organics",-0.05572265760542973,0.013258383656781747,0.011269805750434288,0.015314657081128925,raw_cfw,today
raw_cfw|repair|repair material||share of product mass per repair,circularity,energy resources: non-renewable,-0.050230786502380775,0.011695823590744536,0.009789013810197407,0.013770553314493663,raw_cfw,today
raw_cfw|repair|repair material||share of product mass per repair,circularity,eutrophication: freshwater,-0.00589909819787617,0.001907838526152546,0.0014781294259924463,0.002431738806167871,raw_cfw,today
raw_cfw|repair|repair material||share of product mass per repair,circularity,eutrophication: marine,-0.06250289327772854,0.01426409500808054,0.012095604009244247,0.016696191520353176,raw_cfw,today
raw_cfw|repair|repair material||share of product mass per repair,circularity,eutrophication: terrestrial,-0.06372969434154957,0.014273838565809254,0.012081164106870329,0.01671074564415668,raw_cfw,today
raw_cfw|repair|repair material||share of product mass per repair,circularity,human toxicity: carcinogenic,-0.05509684978671564,0.012828365668360807,0.010821008239219145,0.01474923430420995,raw_cfw,today
raw_cfw|repair|repair material||share of product mass per repair,circularity,"human toxicity: carcinogenic, inorganics",-0.02277986148644774,0.00474672157529306,0.003899062830416019,0.005790128162080801,raw_cfw,today
raw_cfw|repair|repair material||share of product mass per repair,circularity,"human toxicity: carcinogenic, organics",-0.05478354998029907,0.012978729013713972,0.010985990085377897,0.014958296443900834,raw_cfw,today
raw_cfw|repair|repair material||share of product mass per repair,circularity,human toxicity: non-carcinogenic,-0.015176047652984305,0.0029619339700312827,0.0023846363303149007,0.0036821751439175235,raw_cfw,today
raw_cfw|repair|repair material||share of product mass per repair,circularity,"human toxicity: non-carcinogenic, inorganics",-0.012769917753924524,0.0024926118378901033,0.001984499190959811,0.003120003695741772,raw_cfw,today
raw_cfw|repair|repair material||share of product mass per repair,circularity,"human toxicity: non-carcinogenic, organics",-0.05466762837923966,0.012681461905441444,0.01062839711575479,0.014693155346726298,raw_cfw,today
raw_cfw|repair|repair material||share of product mass per repair,circularity,ionising radiation: human health,-0.0047030347443505665,0.002025562094854792,0.001643045301153286,0.002420838161021079,raw_cfw,today
raw_cfw|repair|repair material||share of product mass per repair,circularity,land use,-0.06176209044753145,0.01439815942253894,0.012300914107599656,0.016780222386771914,raw_cfw,today
raw_cfw|repair|repair material||share of product mass per repair,circularity,material resources: metals/minerals,-0.05133719555665138,0.01261050104347648,0.010613623462339775,0.014540755386770802,raw_cfw,today
raw_cfw|repair|repair material||share of product mass per repair,circularity,ozone depletion,-0.04812922087386802,0.01104719247827973,0.009385405883876595,0.012615495671592756,raw_cfw,today
raw_cfw|repair|repair material||share of product mass per repair,circularity,particulate matter formation,-0.06358863688933303,0.01475710634238662,0.012524241857395329,0.017202338812890516,raw_cfw,today
raw_cfw|repair|repair material||share of product mass per repair,circularity,photochemical oxidant formation: human health,-0.05709151959538142,0.01190603143053608,0.010033195697956665,0.013812136776658327,raw_cfw,today
raw_cfw|repair|repair material||share of product mass per repair,circularity,water use,-0.0486716007504703,0.01128400475136995,0.009403233183701475,0.013225651881839365,raw_cfw,today
raw_cfw|end-of-life|waste|recycled_closed|share of waste,circularity,acidification,0.0013169069022045186,6.128988434622006e-05,4.451412430207219e-05,8.202364190332251e-05,raw_cfw,today
raw_cfw|end-of-life|waste|recycled_closed|share of waste,circularity,climate change,0.0024117193730260208,0.0004541697837466024,0.00038450840673127224,0.0005282942163321062,raw_cfw,today
raw_cfw|end-of-life|waste|recycled_closed|share of waste,circularity,climate change: biogenic,-0.0017197253185024387,2.2226103010468313e-05,1.6207606951387817e-05,2.9212235881268552e-05,raw_cfw,today
raw_cfw|end-of-life|waste|recycled_closed|share of waste,circularity,climate change: fossil,0.0019896165560080096,0.00039276832697327467,0.00033023573310779096,0.0004562226052940104,raw_cfw,today
raw_cfw|end-of-life|waste|recycled_closed|share of waste,circularity,climate change: land use and land use change,-0.0014947769152090598,0.00011940872029514858,8.902590741026272e-05,0.00015755388558986552,raw_cfw,today
raw_cfw|end-of-life|waste|recycled_closed|share of waste,circularity,ecotoxicity: freshwater,2.1809257080297203e-05,3.7512281587837706e-06,2.879120253402058e-06,4.866922006343014e-06,raw_cfw,today
raw_cfw|end-of-life|waste|recycled_closed|share of waste,circularity,"ecotoxicity: freshwater, inorganics",4.704758809502435e-05,4.9514870048991016e-06,3.7770080816890164e-06,6.450541988500203e-06,raw_cfw,today
raw_cfw|end-of-life|waste|recycled_closed|share of waste,circularity,"ecotoxicity: freshwater, organics",-5.973747351922495e-05,2.4193656858973615e-07,2.0455803767282686e-07,2.8278804402261944e-07,raw_cfw,today
raw_cfw|end-of-life|waste|recycled_closed|share of waste,circularity,energy resources: non-renewable,-0.0010384382804586114,0.0005082400803670153,0.00043740145884406037,0.0005957179954852482,raw_cfw,today
raw_cfw|end-of-life|waste|recycled_closed|share of waste,circularity,eutrophication: freshwater,0.0017188647274763516,0.000126357820632447,9.794624452478811e-05,0.00015878739562036668,raw_cfw,today
raw_cfw|end-of-life|waste|recycled_closed|share of waste,circularity,eutrophication: marine,9.330587764369145e-05,9.000473313335401e-06,7.1188699197787235e-06,1.1243686903242149e-05,raw_cfw,today
raw_cfw|end-of-life|waste|recycled_closed|share of waste,circularity,eutrophication: terrestrial,0.00013393766838789407,1.40591805382836e-05,1.1336653272890069e-05,1.709604804363175e-05,raw_cfw,today
raw_cfw|end-of-life|waste|recycled_closed|share of waste,circularity,human toxicity: carcinogenic,-9.625013279737647e-05,7.064553852623884e-06,5.9655851714953015e-06,8.345108997614756e-06,raw_cfw,today
raw_cfw|end-of-life|waste|recycled_closed|share of waste,circularity,"human toxicity: carcinogenic, inorganics",0.0014451454531866055,5.853275598267622e-05,3.966832455531971e-05,8.087474254195617e-05,raw_cfw,today
raw_cfw|end-of-life|waste|recycled_closed|share of waste,circularity,"human toxicity: carcinogenic, organics",-0.00029909126196103536,5.6071831392456745e-06,4.842471288847861e-06,6.499241572657562e-06,raw_cfw,today
raw_cfw|end-of-life|waste|recycled_closed|share of waste,circularity,human toxicity: non-carcinogenic,0.002415477521294156,0.00013658907131436975,9.983767053734283e-05,0.00017567698876144662,raw_cfw,today
raw_cfw|end-of-life|waste|recycled_closed|share of waste,circularity,"human toxicity: non-carcinogenic, inorganics",0.0024081660749879987,0.0001306952213642199,9.379122971540109e-05,0.000169514090768073,raw_cfw,today
raw_cfw|end-of-life|waste|recycled_closed|share of waste,circularity,"human toxicity: non-carcinogenic, organics",-0.0008780346830872407,0.00019297999802547335,0.00016601434092740054,0.00022102473680547726,raw_cfw,today
raw_cfw|end-of-life|waste|recycled_closed|share of waste,circularity,ionising radiation: human health,-0.001991553702132358,0.00015788635762564536,0.00012920500132308888,0.00019610075925559508,raw_cfw,today
raw_cfw|end-of-life|waste|recycled_closed|share of waste,circularity,land use,-0.00030298418062542066,1.1381715471777152e-05,9.594601607067528e-06,1.341452873564946e-05,raw_cfw,today
raw_cfw|end-of-life|waste|recycled_closed|share of waste,circularity,material resources: metals/minerals,-0.0013286688076029568,0.00015001863747121899,0.00013078946931144666,0.00017336394852482889,raw_cfw,today
raw_cfw|end-of-life|waste|recycled_closed|share of waste,circularity,ozone depletion,-0.0020714453418591776,0.0005171440777358947,0.0004453499834453221,0.0005941366015002415,raw_cfw,today
raw_cfw|end-of-life|waste|recycled_closed|share of waste,circularity,particulate matter formation,-0.00010720301326576797,9.318138878888932e-06,8.027448671857277e-06,1.085476634927747e-05,raw_cfw,today
raw_cfw|end-of-life|waste|recycled_closed|share of waste,circularity,photochemical oxidant formation: human health,0.0004655042708150407,0.00010594759111097563,8.76448628549496e-05,0.00012457338630021466,raw_cfw,today
raw_cfw|end-of-life|waste|recycled_closed|share of waste,circularity,water use,-0.0007300520296780681,0.00011079531308831291,9.147156182631036e-05,0.00013492593554963593,raw_cfw,today
raw_cfw|end-of-life|waste|incinerated|share of waste,circularity,acidification,0.0011053248677628563,7.020896478199431e-05,4.728295924239975e-05,9.821440371394916e-05,raw_cfw,today
raw_cfw|end-of-life|waste|incinerated|share of waste,circularity,climate change,-0.003379805282281308,0.0004312900485771764,0.00034137522240546426,0.0005381750747072657,raw_cfw,today
raw_cfw|end-of-life|waste|incinerated|share of waste,circularity,climate change: biogenic,-0.0015176150642889242,1.6325609977992192e-05,1.1899353368889618e-05,2.1334946110694223e-05,raw_cfw,today
raw_cfw|end-of-life|waste|incinerated|share of waste,circularity,climate change: fossil,-0.0038088071206239054,0.00037308715613288307,0.00029692092740862797,0.00045966388245088273,raw_cfw,today
raw_cfw|end-of-life|waste|incinerated|share of waste,circularity,climate change: land use and land use change,-9.007367686889128e-05,0.0001163444311502621,8.27551962794525e-05,0.00015913622001549523,raw_cfw,today
raw_cfw|end-of-life|waste|incinerated|share of waste,circularity,ecotoxicity: freshwater,0.0004673787545565055,4.062577686294493e-06,2.8104463242337867e-06,5.640783761729939e-06,raw_cfw,today
raw_cfw|end-of-life|waste|incinerated|share of waste,circularity,"ecotoxicity: freshwater, inorganics",0.0006068622610980606,5.400782293676779e-06,3.712591044829408e-06,7.537861547616827e-06,raw_cfw,today
raw_cfw|end-of-life|waste|incinerated|share of waste,circularity,"ecotoxicity: freshwater, organics",-0.0003082044849312624,2.0852742886927155e-07,1.7878691437042247e-07,2.4272125966327074e-07,raw_cfw,today
raw_cfw|end-of-life|waste|incinerated|share of waste,circularity,energy resources: non-renewable,-0.01077888650229411,0.00048406736486523647,0.0004090827950110937,0.0005708822160687481,raw_cfw,today
raw_cfw|end-of-life|waste|incinerated|share of waste,circularity,eutrophication: freshwater,0.0017559547408264478,0.00013380331360782823,9.389871373578417e-05,0.0001775880660446898,raw_cfw,today
raw_cfw|end-of-life|waste|incinerated|share of waste,circularity,eutrophication: marine,-6.778123775373824e-05,9.473419663939207e-06,6.86219027391686e-06,1.2727408023031801e-05,raw_cfw,today
raw_cfw|end-of-life|waste|incinerated|share of waste,circularity,eutrophication: terrestrial,-0.0005829023161700557,1.4337787115324725e-05,1.0833838553890985e-05,1.8901203986961123e-05,raw_cfw,today
raw_cfw|end-of-life|waste|incinerated|share of waste,circularity,human toxicity: carcinogenic,-0.0005119133406746499,7.017210353873475e-06,5.52190816751117e-06,8.877899717360581e-06,raw_cfw,today
raw_cfw|end-of-life|waste|incinerated|share of waste,circularity,"human toxicity: carcinogenic, inorganics",0.0033084230435672215,7.108470026743747e-05,4.596599413246948e-05,9.998323555502176e-05,raw_cfw,today
raw_cfw|end-of-life|waste|incinerated|share of waste,circularity,"human toxicity: carcinogenic, organics",-0.0014000354041563497,4.938117711340584e-06,4.201693475401958e-06,5.746428769963883e-06,raw_cfw,today
raw_cfw|end-of-life|waste|incinerated|share of waste,circularity,human toxicity: non-carcinogenic,0.001031246990726093,0.00015299616528216485,0.00010579410194680917,0.00020619231900951773,raw_cfw,today
raw_cfw|end-of-life|waste|incinerated|share of waste,circularity,"human toxicity: non-carcinogenic, inorganics",0.0011274256010581085,0.00014826163706868728,0.0001009682109862399,0.00020053946931429396,raw_cfw,today
raw_cfw|end-of-life|waste|incinerated|share of waste,circularity,"human toxicity: non-carcinogenic, organics",-0.006475523538837181,0.00017496655246897978,0.00014779339665645355,0.00020662002479911426,raw_cfw,today
raw_cfw|end-of-life|waste|incinerated|share of waste,circularity,ionising radiation: human health,-0.0034326287359531965,0.0001690018780513325,0.00012773787095577164,0.00021322452465347814,raw_cfw,today
raw_cfw|end-of-life|waste|incinerated|share of waste,circularity,land use,-0.001901028709259019,9.566391188955948e-06,7.961732139039684e-06,1.1372366044854593e-05,raw_cfw,today
raw_cfw|end-of-life|waste|incinerated|share of waste,circularity,material resources: metals/minerals,-0.007084128939756532,0.00013020427536924238,0.00011017729202210981,0.00015230489257147978,raw_cfw,today
raw_cfw|end-of-life|waste|incinerated|share of waste,circularity,ozone depletion,-0.012228149140480897,0.0004485379644143336,0.00038305008007158604,0.0005155037795440845,raw_cfw,today
raw_cfw|end-of-life|waste|incinerated|share of waste,circularity,particulate matter formation,-0.0012703428299749857,8.908379462193245e-06,7.352789456754398e-06,1.1026536429111554e-05,raw_cfw,today
raw_cfw|end-of-life|waste|incinerated|share of waste,circularity,photochemical oxidant formation: human health,-0.0024317678213189742,0.0001039576235631196,8.212674169548287e-05,0.00013014197413437057,raw_cfw,today
raw_cfw|end-of-life|waste|incinerated|share of waste,circularity,water use,-0.0023988156749543193,0.00011307011296798284,9.076334889778744e-05,0.00014061299596972632,raw_cfw,today
raw_cfw|production|Rope production||electricity location,location,acidification,0.029298870059355008,0.002556208827445227,0.0021026585020061184,0.003080753064971917,raw_cfw,today
raw_cfw|production|Rope production||electricity location,location,climate change,0.023081564620636368,0.004007440754323074,0.003438138789108707,0.004665038488806955,raw_cfw,today
raw_cfw|production|Rope production||electricity location,location,climate change: biogenic,-0.012694010933835586,0.0007370121543611941,0.0006121624944727525,0.000878858795555613,raw_cfw,today
raw_cfw|production|Rope production||electricity location,location,climate change: fossil,0.024894880202521383,0.003488819359731327,0.002991756673687254,0.004080322944186929,raw_cfw,today
raw_cfw|production|Rope production||electricity location,location,climate change: land use and land use change,0.004032753994309634,0.007074779196572837,0.0061172843500591975,0.008483929057571102,raw_cfw,today
raw_cfw|production|Rope production||electricity location,location,ecotoxicity: freshwater,0.004408147773847144,0.00017022279440571668,0.00014302115682579469,0.00019470083243524044,raw_cfw,today
raw_cfw|production|Rope production||electricity location,location,"ecotoxicity: freshwater, inorganics",0.005164114285213969,0.00023794267810253603,0.00019957152733195792,0.00027257636851281495,raw_cfw,today
raw_cfw|production|Rope production||electricity location,location,"ecotoxicity: freshwater, organics",0.00039333839447711956,5.21250800749579e-07,4.530136948458783e-07,5.789606016242696e-07,raw_cfw,today
raw_cfw|production|Rope production||electricity location,location,energy resources: non-renewable,0.00335390658913909,0.00109339886316799,0.0009451721600997071,0.001278590074663809,raw_cfw,today
raw_cfw|production|Rope production||electricity location,location,eutrophication: freshwater,0.01313976257046363,0.00702463820717439,0.0058466216679371125,0.00830050536143058,raw_cfw,today
raw_cfw|production|Rope production||electricity location,location,eutrophication: marine,0.008035071250759251,0.00023989926506511514,0.00019999262270207005,0.0002854224097551259,raw_cfw,today
raw_cfw|production|Rope production||electricity location,location,eutrophication: terrestrial,0.010820789435791848,0.0002720315337059447,0.00022599355191261266,0.00032210025225552275,raw_cfw,today
raw_cfw|production|Rope production||electricity location,location,human toxicity: carcinogenic,0.004978433588490242,9.363160824998505e-05,7.848536666930594e-05,0.00010998672067288544,raw_cfw,today
raw_cfw|production|Rope production||electricity location,location,"human toxicity: carcinogenic, inorganics",0.02303730526280518,0.005031064634894094,0.004066817292253323,0.005938273699391544,raw_cfw,today
raw_cfw|production|Rope production||electricity location,location,"human toxicity: carcinogenic, organics",0.0013138663290983706,5.588630216463399e-06,4.785017864037945e-06,6.385436033694157e-06,raw_cfw,today
raw_cfw|production|Rope production||electricity location,location,human toxicity: non-carcinogenic,0.021778854964624835,0.005481713023451739,0.004362509014290483,0.0065255728179387075,raw_cfw,today
raw_cfw|production|Rope production||electricity location,location,"human toxicity: non-carcinogenic, inorganics",0.021045402897013475,0.005769843427121611,0.004584394510299053,0.006872982094864956,raw_cfw,today
raw_cfw|production|Rope production||electricity location,location,"human toxicity: non-carcinogenic, organics",0.009621689574803768,0.00026940081742655113,0.00022713190337109575,0.000306124314982984,raw_cfw,today
raw_cfw|production|Rope production||electricity location,location,ionising radiation: human health,-0.010136592179349155,0.007923024319655542,0.006820876682315975,0.009166218237890288,raw_cfw,today
raw_cfw|production|Rope production||electricity location,location,land use,0.00515800165910523,7.247723980853255e-05,6.293032939297959e-05,8.263232416578153e-05,raw_cfw,today
raw_cfw|production|Rope production||electricity location,location,material resources: metals/minerals,-4.405952521016229e-05,0.00014426806887103303,0.00012311742314951595,0.0001638628336774811,raw_cfw,today
raw_cfw|production|Rope production||electricity location,location,ozone depletion,0.00836415185578988,0.00047091813114614117,0.0004104411931563132,0.0005232717894658932,raw_cfw,today
raw_cfw|production|Rope production||electricity location,location,particulate matter formation,0.0047185344461076655,5.421008216404331e-05,4.60374485952459e-05,6.26622847395761e-05,raw_cfw,today
raw_cfw|production|Rope production||electricity location,location,photochemical oxidant formation: human health,0.02407320405365863,0.0012476108439857109,0.0010571753528581815,0.0014488105834895842,raw_cfw,today
raw_cfw|production|Rope production||electricity location,location,water use,0.02056380099620588,0.001751317167626421,0.0015037386581661894,0.00208558004386598,raw_cfw,today
raw_cfw|production|Coreless filament winding||electricity location,location,acidification,0.08568293062194152,0.1724779113772978,0.1444057125926126,0.2059108819157242,raw_cfw,today
raw_cfw|production|Coreless filament winding||electricity location,location,climate change,0.2564256978177601,0.2870735622548063,0.2461726935922832,0.3275596495415703,raw_cfw,today
raw_cfw|production|Coreless filament winding||electricity location,location,climate change: biogenic,0.13152582331743554,0.05497089339958445,0.046347197443386896,0.06482839817152376,raw_cfw,today
raw_cfw|production|Coreless filament winding||electricity location,location,climate change: fossil,0.2260430158865906,0.25016249591479944,0.21234830511782737,0.29045249140732726,raw_cfw,today
raw_cfw|production|Coreless filament winding||electricity location,location,climate change: land use and land use change,0.460616561231552,0.609732681899322,0.5383306705159616,0.6849086444756364,raw_cfw,today
raw_cfw|production|Coreless filament winding||electricity location,location,ecotoxicity: freshwater,0.008098412579521439,0.01189146286028626,0.00999692306515739,0.01376774394837551,raw_cfw,today
raw_cfw|production|Coreless filament winding||electricity location,location,"ecotoxicity: freshwater, inorganics",0.011921796085673684,0.016609780750402568,0.013971566042205867,0.01925686706628924,raw_cfw,today
raw_cfw|production|Coreless filament winding||electricity location,location,"ecotoxicity: freshwater, organics",0.0010971499986814934,4.7233806358738495e-05,4.0901070781931017e-05,5.3802630910837216e-05,raw_cfw,today
raw_cfw|production|Coreless filament winding||electricity location,location,energy resources: non-renewable,0.07293392237387959,0.0780287342852798,0.06704044319378184,0.09014766024231376,raw_cfw,today
raw_cfw|production|Coreless filament winding||electricity location,location,eutrophication: freshwater,0.498221794479586,0.49691249239636776,0.4326708057013102,0.5641473994878867,raw_cfw,today
raw_cfw|production|Coreless filament winding||electricity location,location,eutrophication: marine,0.0055929081147076095,0.016710041579479456,0.013705006023301597,0.01966861780838419,raw_cfw,today
raw_cfw|production|Coreless filament winding||electricity location,location,eutrophication: terrestrial,0.0026821415982679897,0.01907229541112788,0.015706193252535416,0.022445265970708856,raw_cfw,today
raw_cfw|production|Coreless filament winding||electricity location,location,human toxicity: carcinogenic,-0.0017404285963842608,0.006597354118328423,0.005528829106882152,0.007730205768217698,raw_cfw,today
raw_cfw|production|Coreless filament winding||electricity location,location,"human toxicity: carcinogenic, inorganics",0.28917140848656175,0.3429448539046611,0.2936584709144428,0.39373527010278414,raw_cfw,today
raw_cfw|production|Coreless filament winding||electricity location,location,"human toxicity: carcinogenic, organics",0.0024390537741821434,0.0005106670860317326,0.0004364373314936431,0.0005805649627546262,raw_cfw,today
raw_cfw|production|Coreless filament winding||electricity location,location,human toxicity: non-carcinogenic,0.32127419322657447,0.3732791453695155,0.32457840827893913,0.4248302954071274,raw_cfw,today
raw_cfw|production|Coreless filament winding||electricity location,location,"human toxicity: non-carcinogenic, inorganics",0.34240781279791116,0.3926552262399075,0.3411352627821876,0.44403342417204733,raw_cfw,today
raw_cfw|production|Coreless filament winding||electricity location,location,"human toxicity: non-carcinogenic, organics",0.021522901568266372,0.02018903682355918,0.01730662584640002,0.023444533538845527,raw_cfw,today
raw_cfw|production|Coreless filament winding||electricity location,location,ionising radiation: human health,0.5088318512935904,0.5814798961970601,0.5179183002408518,0.6436287646180702,raw_cfw,today
raw_cfw|production|Coreless filament winding||electricity location,location,land use,0.01702052502394591,0.005496952652181219,0.004795176347205521,0.00641891433638414,raw_cfw,today
raw_cfw|production|Coreless filament winding||electricity location,location,material resources: metals/minerals,0.04790830745132756,0.011728234454164852,0.010065363652266141,0.013424031943327933,raw_cfw,today
raw_cfw|production|Coreless filament winding||electricity location,location,ozone depletion,0.09947669829934044,0.040670968131675415,0.03480555010904134,0.04669134007876348,raw_cfw,today
raw_cfw|production|Coreless filament winding||electricity location,location,particulate matter formation,0.0005335368428864565,0.0040297988313332265,0.003363488731930291,0.004690861727290366,raw_cfw,today
raw_cfw|production|Coreless filament winding||electricity location,location,photochemical oxidant formation: human health,0.046288808908940146,0.08983470809841007,0.07615491168882912,0.10456370038087391,raw_cfw,today
raw_cfw|production|Coreless filament winding||electricity location,location,water use,-0.005708395283941354,0.12840411726391598,0.11010074938648806,0.1451619805159358,raw_cfw,today
raw_cfw|repair|Rope production||electricity location,location,acidification,0.0037208888887795633,0.00023186572038366067,0.00019150294607714772,0.0002794019011068055,raw_cfw,today
raw_cfw|repair|Rope production||electricity location,location,climate change,0.0044036594047395525,0.0003709157889841396,0.0003017483157085463,0.00043185541652753336,raw_cfw,today
raw_cfw|repair|Rope production||electricity location,location,climate change: biogenic,0.004972763036283457,5.691175711886981e-05,4.749249964402635e-05,6.831994932543831e-05,raw_cfw,today
raw_cfw|repair|Rope production||electricity location,location,climate change: fossil,0.004914051201767755,0.0003232831332058825,0.0002624572436611847,0.0003796568935054777,raw_cfw,today
raw_cfw|repair|Rope production||electricity location,location,climate change: land use and land use change,0.00393848421475337,0.0007640967762285055,0.0006455589256332034,0.00091073331486077,raw_cfw,today
raw_cfw|repair|Rope production||electricity location,location,ecotoxicity: freshwater,0.001916346659696878,1.5518040468225304e-05,1.2850073865741812e-05,1.8225186313337743e-05,raw_cfw,today
raw_cfw|repair|Rope production||electricity location,location,"ecotoxicity: freshwater, inorganics",0.002268398987942383,2.168753933312703e-05,1.791814570295498e-05,2.5498369454897037e-05,raw_cfw,today
raw_cfw|repair|Rope production||electricity location,location,"ecotoxicity: freshwater, organics",-8.331978925239821e-05,5.434910863232384e-08,4.682152102514251e-08,6.168527022158345e-08,raw_cfw,today
raw_cfw|repair|Rope production||electricity location,location,energy resources: non-renewable,-0.001750129748459856,0.00010102818166681142,8.689397368724021e-05,0.00011612055013333069,raw_cfw,today
raw_cfw|repair|Rope production||electricity location,location,eutrophication: freshwater,0.005055670424012175,0.0006382488956290277,0.0005329938619854405,0.0007465889903695342,raw_cfw,today
raw_cfw|repair|Rope production||electricity location,location,eutrophication: marine,0.0019837863572332443,2.2059328645267216e-05,1.8378535250801464e-05,2.6510087942086554e-05,raw_cfw,today
raw_cfw|repair|Rope production||electricity location,location,eutrophication: terrestrial,0.0015905992768636354,2.4843542578612623e-05,2.0563714827551636e-05,2.950963748689486e-05,raw_cfw,today
raw_cfw|repair|Rope production||electricity location,location,human toxicity: carcinogenic,0.0009915001514400543,8.57697512773162e-06,7.163186848670053e-06,1.024874600700619e-05,raw_cfw,today
raw_cfw|repair|Rope production||electricity location,location,"human toxicity: carcinogenic, inorganics",0.0045601481914127676,0.00045730563796133087,0.00037336174773562044,0.0005575486039249677,raw_cfw,today
raw_cfw|repair|Rope production||electricity location,location,"human toxicity: carcinogenic, organics",-0.00022106707397948592,5.732906245704202e-07,4.957652278722532e-07,6.588350996642014e-07,raw_cfw,today
raw_cfw|repair|Rope production||electricity location,location,human toxicity: non-carcinogenic,0.0028669359294499837,0.0004949605419960674,0.0004050915019227353,0.000608296896030439,raw_cfw,today
raw_cfw|repair|Rope production||electricity location,location,"human toxicity: non-carcinogenic, inorganics",0.0024994331238665105,0.0005209341795839195,0.000426537011549358,0.0006404061831572776,raw_cfw,today
raw_cfw|repair|Rope production||electricity location,location,"human toxicity: non-carcinogenic, organics",0.001388936047228634,2.488174257126606e-05,2.087229643013952e-05,2.9275775552469806e-05,raw_cfw,today
raw_cfw|repair|Rope production||electricity location,location,ionising radiation: human health,-0.003920297610924559,0.000657284950652496,0.0005587077272630195,0.0007405864265998068,raw_cfw,today
raw_cfw|repair|Rope production||electricity location,location,land use,0.0003957716547844371,5.998959687241932e-06,5.15959400065847e-06,6.830829975620166e-06,raw_cfw,today
raw_cfw|repair|Rope production||electricity location,location,material resources: metals/minerals,0.0003949371741384091,1.3217543098236826e-05,1.1336602087269997e-05,1.5320780632566413e-05,raw_cfw,today
raw_cfw|repair|Rope production||electricity location,location,ozone depletion,-0.0017492808040451785,4.618801170400554e-05,4.071017597446995e-05,5.3506820902476595e-05,raw_cfw,today
raw_cfw|repair|Rope production||electricity location,location,particulate matter formation,0.00040019550557640664,5.251140957717445e-06,4.393612363467382e-06,6.255069957268659e-06,raw_cfw,today
raw_cfw|repair|Rope production||electricity location,location,photochemical oxidant formation: human health,0.002129648684415404,0.0001166652441999948,9.720341697794312e-05,0.00013756809185152847,raw_cfw,today
raw_cfw|repair|Rope production||electricity location,location,water use,0.0010420766863123258,0.0001710966540964067,0.00014836974404117378,0.00019257013942033688,raw_cfw,today
raw_cfw|repair|Coreless filament winding||electricity location,location,acidification,0.044824177356525156,0.016223683394893745,0.013301261444765615,0.01936608340803624,raw_cfw,today
raw_cfw|repair|Coreless filament winding||electricity location,location,climate change,0.038183682187295384,0.02691469768618876,0.022969404443794805,0.03139573421874643,raw_cfw,today
raw_cfw|repair|Coreless filament winding||electricity location,location,climate change: biogenic,-0.023520669916830068,0.004380452683782436,0.0037381785214396,0.005102250563763913,raw_cfw,today
raw_cfw|repair|Coreless filament winding||electricity location,location,climate change: fossil,0.036594423598899695,0.023467812415923963,0.01990130113925131,0.02745528202038334,raw_cfw,today
raw_cfw|repair|Coreless filament winding||electricity location,location,climate change: land use and land use change,0.026834721424810217,0.05607341730228477,0.0485951722280083,0.06554197409361683,raw_cfw,today
raw_cfw|repair|Coreless filament winding||electricity location,location,ecotoxicity: freshwater,0.005571806395046299,0.0011227361138580483,0.0009347679852952202,0.0013242911949653293,raw_cfw,today
raw_cfw|repair|Coreless filament winding||electricity location,location,"ecotoxicity: freshwater, inorganics",0.006730003509576535,0.0015689578841254854,0.0013046691347700472,0.0018558585359064956,raw_cfw,today
raw_cfw|repair|Coreless filament winding||electricity location,location,"ecotoxicity: freshwater, organics",9.307015654054397e-05,4.3843631653934485e-06,3.7698361870518058e-06,5.0467778379712026e-06,raw_cfw,today
raw_cfw|repair|Coreless filament winding||electricity location,location,energy resources: non-renewable,0.032021510236362336,0.006987412159972034,0.00608052186295641,0.008184382587101025,raw_cfw,today
raw_cfw|repair|Coreless filament winding||electricity location,location,eutrophication: freshwater,0.04549831182152929,0.04635890666763639,0.03980755195357904,0.053744939438415004,raw_cfw,today
raw_cfw|repair|Coreless filament winding||electricity location,location,eutrophication: marine,0.010062075162245873,0.0015858726240810714,0.0012973281805414832,0.001865168192697027,raw_cfw,today
raw_cfw|repair|Coreless filament winding||electricity location,location,eutrophication: terrestrial,0.012673448873222085,0.0018046881130488138,0.0015006547391586385,0.0021261610890686263,raw_cfw,today
raw_cfw|repair|Coreless filament winding||electricity location,location,human toxicity: carcinogenic,0.006026457240631155,0.0006278042631662569,0.0005260184144161821,0.0007319925469291123,raw_cfw,today
raw_cfw|repair|Coreless filament winding||electricity location,location,"human toxicity: carcinogenic, inorganics",0.04544551310101884,0.032676308346739534,0.027054591886211718,0.039249741794324666,raw_cfw,today
raw_cfw|repair|Coreless filament winding||electricity location,location,"human toxicity: carcinogenic, organics",0.00038589739131309966,4.776854730087115e-05,4.1739413515277475e-05,5.599311362405538e-05,raw_cfw,today
raw_cfw|repair|Coreless filament winding||electricity location,location,human toxicity: non-carcinogenic,0.0429024387630987,0.035602224497413425,0.02963300927219435,0.04229810067922704,raw_cfw,today
raw_cfw|repair|Coreless filament winding||electricity location,location,"human toxicity: non-carcinogenic, inorganics",0.04275548397362965,0.03745112491427429,0.031029332256736684,0.04444844005610592,raw_cfw,today
raw_cfw|repair|Coreless filament winding||electricity location,location,"human toxicity: non-carcinogenic, organics",0.008397570496493085,0.0019075121252434453,0.0016178948006812955,0.0021945343140798356,raw_cfw,today
raw_cfw|repair|Coreless filament winding||electricity location,location,ionising radiation: human health,0.04291446334658752,0.050213419167948095,0.043375178552396365,0.05847280326969001,raw_cfw,today
raw_cfw|repair|Coreless filament winding||electricity location,location,land use,-0.0006232838199549619,0.0004962899138505881,0.0004292921265814798,0.0005731519197734507,raw_cfw,today
raw_cfw|repair|Coreless filament winding||electricity location,location,material resources: metals/minerals,-0.007527070626791622,0.0010835094875743542,0.0009231814815308128,0.001245428236437765,raw_cfw,today
raw_cfw|repair|Coreless filament winding||electricity location,location,ozone depletion,0.0007295461136419634,0.003814110576833477,0.0032843910282457675,0.004377898275368639,raw_cfw,today
raw_cfw|repair|Coreless filament winding||electricity location,location,particulate matter formation,0.006331766462718746,0.000391108579330352,0.00032796186192712195,0.0004589362533392393,raw_cfw,today
raw_cfw|repair|Coreless filament winding||electricity location,location,photochemical oxidant formation: human health,0.030705751131466716,0.008421737603643295,0.007176611249537026,0.009916722933523163,raw_cfw,today
raw_cfw|repair|Coreless filament winding||electricity location,location,water use,0.04435124829499564,0.010992402239199924,0.009467210874020164,0.012535540285059278,raw_cfw,today
raw_cfw|end-of-life|waste||disposal grid location,location,acidification,0.10124017478362976,0.09994142559112182,0.08463671200108834,0.12209021827193638,raw_cfw,today
raw_cfw|end-of-life|waste||disposal grid location,location,climate change,0.1872749333763366,0.15664571366052923,0.1342671166490931,0.18392216861539706,raw_cfw,today
raw_cfw|end-of-life|waste||disposal grid location,location,climate change: biogenic,-0.035044468211598116,0.029708191030175482,0.025389427390084113,0.034525450146978665,raw_cfw,today
raw_cfw|end-of-life|waste||disposal grid location,location,climate change: fossil,0.16839599834286403,0.13645777279681665,0.11661788952132288,0.16049686975626698,raw_cfw,today
raw_cfw|end-of-life|waste||disposal grid location,location,climate change: land use and land use change,0.19086159721104642,0.2809164379881407,0.24122533079536182,0.3173294333787998,raw_cfw,today
raw_cfw|end-of-life|waste||disposal grid location,location,ecotoxicity: freshwater,0.009954649739273347,0.006573707164449808,0.0056395771412606,0.007663900280547803,raw_cfw,today
raw_cfw|end-of-life|waste||disposal grid location,location,"ecotoxicity: freshwater, inorganics",0.013306749140602219,0.009184637055430002,0.007883165339429683,0.01074830899963023,raw_cfw,today
raw_cfw|end-of-life|waste||disposal grid location,location,"ecotoxicity: freshwater, organics",0.0006724831865262438,1.9407555194072017e-05,1.7152813041597187e-05,2.1893321086375887e-05,raw_cfw,today
raw_cfw|end-of-life|waste||disposal grid location,location,energy resources: non-renewable,0.16941490875055823,0.0378800841602879,0.03234428843731665,0.04326520107803446,raw_cfw,today
raw_cfw|end-of-life|waste||disposal grid location,location,eutrophication: freshwater,0.31445616756207023,0.26881099470143244,0.2308565828243213,0.31937903568196985,raw_cfw,today
raw_cfw|end-of-life|waste||disposal grid location,location,eutrophication: marine,0.01649551127045121,0.00936355443333341,0.008016636199148358,0.011152219934189607,raw_cfw,today
raw_cfw|end-of-life|waste||disposal grid location,location,eutrophication: terrestrial,0.017427099313810243,0.010639455676410631,0.009009762651142873,0.01265232458250003,raw_cfw,today
raw_cfw|end-of-life|waste||disposal grid location,location,human toxicity: carcinogenic,0.009867158783012735,0.0036591607392522595,0.0031109263358326295,0.004233301444099137,raw_cfw,today
raw_cfw|end-of-life|waste||disposal grid location,location,"human toxicity: carcinogenic, inorganics",0.22694058397413452,0.1946183828690392,0.16066329587790543,0.23637796521357474,raw_cfw,today
raw_cfw|end-of-life|waste||disposal grid location,location,"human toxicity: carcinogenic, organics",0.0063891982269639975,0.00021391153225635496,0.00018514147137670364,0.0002470601780978388,raw_cfw,today
raw_cfw|end-of-life|waste||disposal grid location,location,human toxicity: non-carcinogenic,0.251020627890288,0.21272581927697456,0.17592313414845206,0.25574568401383396,raw_cfw,today
raw_cfw|end-of-life|waste||disposal grid location,location,"human toxicity: non-carcinogenic, inorganics",0.263012567745597,0.22386029814415165,0.18577382290274516,0.27048345239398197,raw_cfw,today
raw_cfw|end-of-life|waste||disposal grid location,location,"human toxicity: non-carcinogenic, organics",0.026645577324327468,0.01054717971534895,0.008906526384712414,0.012123391343008558,raw_cfw,today
raw_cfw|end-of-life|waste||disposal grid location,location,ionising radiation: human health,0.32430589701743584,0.2836384454820443,0.2490044564060806,0.3251488806291016,raw_cfw,today
raw_cfw|end-of-life|waste||disposal grid location,location,land use,-0.005635050971685739,0.0025476631139575425,0.0022237004562231113,0.002909401169492864,raw_cfw,today
raw_cfw|end-of-life|waste||disposal grid location,location,material resources: metals/minerals,0.046475812122336826,0.005903947108583164,0.004898380428710301,0.0067250943219230655,raw_cfw,today
raw_cfw|end-of-life|waste||disposal grid location,location,ozone depletion,0.045484206666347435,0.017785907228777008,0.015586268583179557,0.020198899491639354,raw_cfw,today
raw_cfw|end-of-life|waste||disposal grid location,location,particulate matter formation,0.01787700091077704,0.002170772072749953,0.00184537219896627,0.0024893027997416393,raw_cfw,today
raw_cfw|end-of-life|waste||disposal grid location,location,photochemical oxidant formation: human health,0.05736122871068342,0.048930796977351865,0.04163637971171917,0.057452408615633645,raw_cfw,today
raw_cfw|end-of-life|waste||disposal grid location,location,water use,-0.09438491840920013,0.07103677740481144,0.06139178022675165,0.08074256598934922,raw_cfw,today
