name,group,category,S1,ST,ST_lo,ST_hi,raw_case,background
raw_knit|product|product size formula||areal_density,design,acidification,0.186409386794285,0.12680996501530212,0.10398113635323637,0.15199960641111868,raw_knit,2050
raw_knit|product|product size formula||areal_density,design,climate change,0.0675875447340212,0.04659425202185039,0.03802972922298177,0.05614584500023867,raw_knit,2050
raw_knit|product|product size formula||areal_density,design,climate change: biogenic,0.1850617661555244,0.12644794061533776,0.1035183494005757,0.15178938689860796,raw_knit,2050
raw_knit|product|product size formula||areal_density,design,climate change: fossil,0.18731222986326568,0.12662216074790766,0.10406469352374384,0.15183611435762528,raw_knit,2050
raw_knit|product|product size formula||areal_density,design,climate change: land use and land use change,0.14437393377571464,0.10218971637515874,0.08412888522102217,0.11899007344192385,raw_knit,2050
raw_knit|product|product size formula||areal_density,design,ecotoxicity: freshwater,0.19381460869363593,0.12867534061619498,0.10621702573108201,0.15326939269769432,raw_knit,2050
raw_knit|product|product size formula||areal_density,design,"ecotoxicity: freshwater, inorganics",0.19415465376327717,0.12854077569627226,0.10620045440077913,0.15264969146130153,raw_knit,2050
raw_knit|product|product size formula||areal_density,design,"ecotoxicity: freshwater, organics",0.185661225746208,0.12649795646756065,0.10382048343191955,0.15184047411263188,raw_knit,2050
raw_knit|product|product size formula||areal_density,design,energy resources: non-renewable,0.19130565887830672,0.12746181499955345,0.10456897306227879,0.15211843137311498,raw_knit,2050
raw_knit|product|product size formula||areal_density,design,eutrophication: freshwater,0.19071888822745456,0.12816911176189189,0.1055023300506829,0.1536103777181129,raw_knit,2050
raw_knit|product|product size formula||areal_density,design,eutrophication: marine,0.18467044252804626,0.12616797980950256,0.1034444639683331,0.15154799903005992,raw_knit,2050
raw_knit|product|product size formula||areal_density,design,eutrophication: terrestrial,0.18504362920132456,0.12632087945219048,0.10354975878325301,0.15165571822787532,raw_knit,2050
raw_knit|product|product size formula||areal_density,design,human toxicity: carcinogenic,0.1164403612053177,0.07079404258790124,0.05863127693580349,0.08399110246700191,raw_knit,2050
raw_knit|product|product size formula||areal_density,design,"human toxicity: carcinogenic, inorganics",0.005827941751372497,0.008504686618452042,0.006444656461319377,0.01128255392093906,raw_knit,2050
raw_knit|product|product size formula||areal_density,design,"human toxicity: carcinogenic, organics",0.15121006009094673,0.09449584099984931,0.07793109472837506,0.11354303954430138,raw_knit,2050
raw_knit|product|product size formula||areal_density,design,human toxicity: non-carcinogenic,0.048322116595987015,0.04677649864767004,0.03890715606049532,0.05490774800432086,raw_knit,2050
raw_knit|product|product size formula||areal_density,design,"human toxicity: non-carcinogenic, inorganics",0.06472349697352701,0.05748261107218757,0.04816510989419614,0.06775808032631017,raw_knit,2050
raw_knit|product|product size formula||areal_density,design,"human toxicity: non-carcinogenic, organics",0.191887293334118,0.12438780717047104,0.10231898217200204,0.146110393830768,raw_knit,2050
raw_knit|product|product size formula||areal_density,design,ionising radiation: human health,0.17724791731588807,0.12080666301591955,0.0993454025673393,0.14307619723420442,raw_knit,2050
raw_knit|product|product size formula||areal_density,design,land use,0.18699066840584463,0.12709461879820913,0.1040517465944484,0.15211573088778912,raw_knit,2050
raw_knit|product|product size formula||areal_density,design,material resources: metals/minerals,0.17392118975143386,0.1095291049365501,0.08912033615575383,0.13208898363633298,raw_knit,2050
raw_knit|product|product size formula||areal_density,design,ozone depletion,0.17249022747526777,0.11020479646907677,0.08953023934814812,0.13272668391731454,raw_knit,2050
raw_knit|product|product size formula||areal_density,design,particulate matter formation,0.1869106691635283,0.12668066833234864,0.10410650358719307,0.15170315733933148,raw_knit,2050
raw_knit|product|product size formula||areal_density,design,photochemical oxidant formation: human health,0.1890333653876844,0.12754472089911234,0.10477329918512913,0.15266033081461264,raw_knit,2050
raw_knit|product|product size formula||areal_density,design,water use,0.17901690298255954,0.1225687783595528,0.10064677426064471,0.14522911969659463,raw_knit,2050
raw_knit|production|Hemp fiber|virgin|share of input mass,design,acidification,-7.950235732795798e-17,1.1297474648884812e-31,8.703165013247958e-32,1.3927032083159089e-31,raw_knit,2050
raw_knit|production|Hemp fiber|virgin|share of input mass,design,climate change,-2.54104566022682e-17,7.824627640232506e-32,6.069346343480324e-32,9.99589820423371e-32,raw_knit,2050
raw_knit|production|Hemp fiber|virgin|share of input mass,design,climate change: biogenic,-8.624895376778247e-17,1.1767881275180695e-31,8.868713747001102e-32,1.489074568055347e-31,raw_knit,2050
raw_knit|production|Hemp fiber|virgin|share of input mass,design,climate change: fossil,-5.906779004092957e-17,1.0846556871450554e-31,8.455519750339311e-32,1.3080177455932486e-31,raw_knit,2050
raw_knit|production|Hemp fiber|virgin|share of input mass,design,climate change: land use and land use change,1.6166570762172934e-17,2.2293930776993696e-32,1.4693321958385173e-32,3.137805460402322e-32,raw_knit,2050
raw_knit|production|Hemp fiber|virgin|share of input mass,design,ecotoxicity: freshwater,-6.916856530166682e-17,8.83640963589068e-32,6.4613555206583e-32,1.0993788541208803e-31,raw_knit,2050
raw_knit|production|Hemp fiber|virgin|share of input mass,design,"ecotoxicity: freshwater, inorganics",-1.0477744055827785e-16,8.411182037724542e-32,6.474789840017028e-32,1.0711588879838707e-31,raw_knit,2050
raw_knit|production|Hemp fiber|virgin|share of input mass,design,"ecotoxicity: freshwater, organics",-2.515640847860503e-17,1.1424787209349483e-31,9.223886967580546e-32,1.4202941941863976e-31,raw_knit,2050
raw_knit|production|Hemp fiber|virgin|share of input mass,design,energy resources: non-renewable,-8.003607829025215e-17,7.560572213625127e-32,5.640860248163872e-32,1.0007670332158237e-31,raw_knit,2050
raw_knit|production|Hemp fiber|virgin|share of input mass,design,eutrophication: freshwater,-1.436350022927622e-16,9.662430719974983e-32,7.284471393286922e-32,1.2083231673596425e-31,raw_knit,2050
raw_knit|production|Hemp fiber|virgin|share of input mass,design,eutrophication: marine,-1.0782606180806726e-16,1.238761843180908e-31,9.764324602768429e-32,1.4874236201624283e-31,raw_knit,2050
raw_knit|production|Hemp fiber|virgin|share of input mass,design,eutrophication: terrestrial,-3.3403041478244527e-17,1.06843244731214e-31,8.375509262296283e-32,1.3024977026104122e-31,raw_knit,2050
raw_knit|production|Hemp fiber|virgin|share of input mass,design,human toxicity: carcinogenic,-7.606989253545094e-18,2.688347863644764e-32,1.9308169220330373e-32,3.5532002900353763e-32,raw_knit,2050
raw_knit|production|Hemp fiber|virgin|share of input mass,design,"human toxicity: carcinogenic, inorganics",1.0948434745405205e-17,3.7061547040676045e-31,3.0737824887724913e-31,4.40992653005105e-31,raw_knit,2050
raw_knit|production|Hemp fiber|virgin|share of input mass,design,"human toxicity: carcinogenic, organics",-5.344202870966266e-17,4.047534715679593e-32,2.893210507247651e-32,5.450702056397331e-32,raw_knit,2050
raw_knit|production|Hemp fiber|virgin|share of input mass,design,human toxicity: non-carcinogenic,-1.6384848326416948e-16,4.043943889522282e-31,3.0805422573315047e-31,4.98939139722969e-31,raw_knit,2050
raw_knit|production|Hemp fiber|virgin|share of input mass,design,"human toxicity: non-carcinogenic, inorganics",-7.708242235395843e-17,4.191014890187455e-31,3.499650068196936e-31,5.18024714746223e-31,raw_knit,2050
raw_knit|production|Hemp fiber|virgin|share of input mass,design,"human toxicity: non-carcinogenic, organics",-1.3726291629248075e-16,4.5349793362274276e-32,3.1496252063473595e-32,6.306291022776744e-32,raw_knit,2050
raw_knit|production|Hemp fiber|virgin|share of input mass,design,ionising radiation: human health,5.4279688530173633e-17,3.267758229078294e-32,2.403478700752168e-32,4.2040932841644206e-32,raw_knit,2050
raw_knit|production|Hemp fiber|virgin|share of input mass,design,land use,-3.667007756708486e-17,1.1657728465245886e-31,9.364046944908814e-32,1.4258629034061957e-31,raw_knit,2050
raw_knit|production|Hemp fiber|virgin|share of input mass,design,material resources: metals/minerals,3.465327998527414e-17,2.6205313067198526e-32,1.749189382599089e-32,3.5486536114422234e-32,raw_knit,2050
raw_knit|production|Hemp fiber|virgin|share of input mass,design,ozone depletion,-5.290479682389019e-17,5.928755788144441e-32,4.3247249784720283e-32,7.815623842687958e-32,raw_knit,2050
raw_knit|production|Hemp fiber|virgin|share of input mass,design,particulate matter formation,-7.20979320644661e-17,9.583155698203346e-32,7.324942165948898e-32,1.2110526193092793e-31,raw_knit,2050
raw_knit|production|Hemp fiber|virgin|share of input mass,design,photochemical oxidant formation: human health,-7.991478528028994e-18,9.731519969442349e-32,7.686758965423888e-32,1.185759382136352e-31,raw_knit,2050
raw_knit|production|Hemp fiber|virgin|share of input mass,design,water use,3.4101526910972906e-17,4.4300855868554644e-32,2.974338557905295e-32,5.75809212020738e-32,raw_knit,2050
raw_knit|repair|Hemp fiber|virgin|share of input mass,design,acidification,-8.652945772341979e-19,7.120257131650092e-33,4.208824115644758e-33,1.1090282048482864e-32,raw_knit,2050
raw_knit|repair|Hemp fiber|virgin|share of input mass,design,climate change,-2.277201988348021e-19,1.0913204397642118e-32,5.573813820194278e-33,1.7494723149645666e-32,raw_knit,2050
raw_knit|repair|Hemp fiber|virgin|share of input mass,design,climate change: biogenic,1.2762466596414744e-18,8.185185379544155e-33,4.4085304266065064e-33,1.3480704256365997e-32,raw_knit,2050
raw_knit|repair|Hemp fiber|virgin|share of input mass,design,climate change: fossil,1.1800311939357248e-17,6.691963108349957e-33,2.35853932750721e-33,1.1635760607387502e-32,raw_knit,2050
raw_knit|repair|Hemp fiber|virgin|share of input mass,design,climate change: land use and land use change,-5.1230675572604585e-18,9.464404575138834e-34,0.0,2.5023515344776614e-33,raw_knit,2050
raw_knit|repair|Hemp fiber|virgin|share of input mass,design,ecotoxicity: freshwater,-3.6724073126934814e-18,5.99078619382419e-33,2.7333693726508793e-33,1.0173671638342754e-32,raw_knit,2050
raw_knit|repair|Hemp fiber|virgin|share of input mass,design,"ecotoxicity: freshwater, inorganics",-8.65839714532678e-18,4.85440028814291e-33,1.9251082277299413e-33,8.617783006718038e-33,raw_knit,2050
raw_knit|repair|Hemp fiber|virgin|share of input mass,design,"ecotoxicity: freshwater, organics",2.0392376103269848e-17,4.285601789417464e-33,1.8420472751784404e-33,7.50370984249856e-33,raw_knit,2050
raw_knit|repair|Hemp fiber|virgin|share of input mass,design,energy resources: non-renewable,-4.434610679118254e-17,8.023464389969523e-33,4.4309844821962956e-33,1.151121045653563e-32,raw_knit,2050
raw_knit|repair|Hemp fiber|virgin|share of input mass,design,eutrophication: freshwater,-7.313973090834818e-18,9.184092565520775e-33,5.251470119746633e-33,1.3887916587366406e-32,raw_knit,2050
raw_knit|repair|Hemp fiber|virgin|share of input mass,design,eutrophication: marine,3.304999806880273e-18,6.227471222512717e-33,2.8737131955784945e-33,1.0233144003632237e-32,raw_knit,2050
raw_knit|repair|Hemp fiber|virgin|share of input mass,design,eutrophication: terrestrial,1.8487769530817967e-17,8.356454895178747e-33,4.63607224765493e-33,1.3658800086849243e-32,raw_knit,2050
raw_knit|repair|Hemp fiber|virgin|share of input mass,design,human toxicity: carcinogenic,-1.772195405553503e-17,2.434917658384352e-33,1.0320045338427761e-33,4.975656999009854e-33,raw_knit,2050
raw_knit|repair|Hemp fiber|virgin|share of input mass,design,"human toxicity: carcinogenic, inorganics",-9.671643647701633e-18,5.323322698857195e-33,3.835838672396238e-33,7.033617871224105e-33,raw_knit,2050
raw_knit|repair|Hemp fiber|virgin|share of input mass,design,"human toxicity: carcinogenic, organics",1.631248875275397e-17,1.8680929456982737e-33,6.086088778442026e-34,3.2310516770898824e-33,raw_knit,2050
raw_knit|repair|Hemp fiber|virgin|share of input mass,design,human toxicity: non-carcinogenic,5.374807323926285e-19,8.533993522638952e-33,6.0383565300638936e-33,1.1784822316040698e-32,raw_knit,2050
raw_knit|repair|Hemp fiber|virgin|share of input mass,design,"human toxicity: non-carcinogenic, inorganics",-2.03547330028454e-17,1.0967340794951929e-32,7.195698942160293e-33,1.4926531484270612e-32,raw_knit,2050
raw_knit|repair|Hemp fiber|virgin|share of input mass,design,"human toxicity: non-carcinogenic, organics",1.4218305323404673e-18,1.076552958154879e-33,0.0,2.678314366208852e-33,raw_knit,2050
raw_knit|repair|Hemp fiber|virgin|share of input mass,design,ionising radiation: human health,2.6459749591874304e-17,2.8170329561019774e-33,8.643144762418695e-34,5.432212494416357e-33,raw_knit,2050
raw_knit|repair|Hemp fiber|virgin|share of input mass,design,land use,2.7776968005814824e-19,6.634479614367578e-33,3.185652614671153e-33,1.1506311143006646e-32,raw_knit,2050
raw_knit|repair|Hemp fiber|virgin|share of input mass,design,material resources: metals/minerals,-9.350647711113523e-18,2.472199345962125e-33,6.0692431092611434e-34,5.117846227766434e-33,raw_knit,2050
raw_knit|repair|Hemp fiber|virgin|share of input mass,design,ozone depletion,1.4996838067185764e-17,3.7209764360739167e-33,1.4597918020456573e-33,6.03998444860781e-33,raw_knit,2050
raw_knit|repair|Hemp fiber|virgin|share of input mass,design,particulate matter formation,-1.8167912728653045e-17,3.569884159098928e-33,1.5239766119418765e-33,5.614433520751412e-33,raw_knit,2050
raw_knit|repair|Hemp fiber|virgin|share of input mass,design,photochemical oxidant formation: human health,-3.483938667470371e-17,4.671129585332327e-33,2.4762090074287725e-33,7.743708948905585e-33,raw_knit,2050
raw_knit|repair|Hemp fiber|virgin|share of input mass,design,water use,-4.051100003394397e-18,3.334473022364328e-33,1.1842099813027683e-33,6.653334513595322e-33,raw_knit,2050
raw_knit|production|Carding & roving||machine weight,manufacturing,acidification,-1.4225674476922832e-05,1.8140492038857467e-07,1.4275184951026696e-07,2.209986443520938e-07,raw_knit,2050
raw_knit|production|Carding & roving||machine weight,manufacturing,climate change,-2.4011627332336087e-05,4.835061404820505e-06,3.833555947921573e-06,5.841231873888891e-06,raw_knit,2050
raw_knit|production|Carding & roving||machine weight,manufacturing,climate change: biogenic,-5.405980191926986e-06,2.135815464479934e-08,1.677792360784286e-08,2.6093319487858453e-08,raw_knit,2050
raw_knit|production|Carding & roving||machine weight,manufacturing,climate change: fossil,-5.5408654090540996e-05,4.76363368946415e-06,3.7330807668953e-06,5.76752277513989e-06,raw_knit,2050
raw_knit|production|Carding & roving||machine weight,manufacturing,climate change: land use and land use change,-0.0001511786808428532,2.960218987502034e-06,2.3657484844632793e-06,3.5799053528755315e-06,raw_knit,2050
raw_knit|production|Carding & roving||machine weight,manufacturing,ecotoxicity: freshwater,-5.65633072792584e-05,1.1748120437914556e-05,9.235649628841105e-06,1.4185389310684571e-05,raw_knit,2050
raw_knit|production|Carding & roving||machine weight,manufacturing,"ecotoxicity: freshwater, inorganics",-5.4404394077019744e-05,1.4126307336735041e-05,1.1106438690876594e-05,1.7038339197979395e-05,raw_knit,2050
raw_knit|production|Carding & roving||machine weight,manufacturing,"ecotoxicity: freshwater, organics",-1.9323658400868576e-05,3.35827657067956e-07,2.6413774367562953e-07,4.0959389198270045e-07,raw_knit,2050
raw_knit|production|Carding & roving||machine weight,manufacturing,energy resources: non-renewable,-5.633173543819541e-05,7.802080294494663e-06,6.127333560023311e-06,9.443401371670515e-06,raw_knit,2050
raw_knit|production|Carding & roving||machine weight,manufacturing,eutrophication: freshwater,-5.7688468640645354e-05,5.743473007333942e-06,4.5089582959367875e-06,6.9243984544289526e-06,raw_knit,2050
raw_knit|production|Carding & roving||machine weight,manufacturing,eutrophication: marine,-3.0845450670650216e-06,7.678456711814913e-09,6.04159767715583e-09,9.379144984940374e-09,raw_knit,2050
raw_knit|production|Carding & roving||machine weight,manufacturing,eutrophication: terrestrial,-4.420464947223164e-06,1.605644863912977e-08,1.2632767809296532e-08,1.9609092121561976e-08,raw_knit,2050
raw_knit|production|Carding & roving||machine weight,manufacturing,human toxicity: carcinogenic,0.0010896330429475045,0.00016986406509844217,0.00013817838914581838,0.00021426771311079435,raw_knit,2050
raw_knit|production|Carding & roving||machine weight,manufacturing,"human toxicity: carcinogenic, inorganics",0.002190967232986834,0.00040327114006997826,0.00033332306921348196,0.0004820449376748631,raw_knit,2050
raw_knit|production|Carding & roving||machine weight,manufacturing,"human toxicity: carcinogenic, organics",0.0004499333333019757,5.9947023858634226e-05,4.722442612894984e-05,7.506765713891587e-05,raw_knit,2050
raw_knit|production|Carding & roving||machine weight,manufacturing,human toxicity: non-carcinogenic,0.0015193457688716802,0.00020508695369138733,0.00016607420214090744,0.0002571348023646557,raw_knit,2050
raw_knit|production|Carding & roving||machine weight,manufacturing,"human toxicity: non-carcinogenic, inorganics",0.0013336233615533803,0.0001731628509490915,0.00014024780180616435,0.00021783871144075926,raw_knit,2050
raw_knit|production|Carding & roving||machine weight,manufacturing,"human toxicity: non-carcinogenic, organics",-3.7364850780819864e-06,2.612013592350888e-05,2.0645874433794846e-05,3.1769424006479816e-05,raw_knit,2050
raw_knit|production|Carding & roving||machine weight,manufacturing,ionising radiation: human health,-7.480327106109633e-05,1.3884475932947335e-06,1.1033774092595101e-06,1.6929721797305546e-06,raw_knit,2050
raw_knit|production|Carding & roving||machine weight,manufacturing,land use,-5.00547746718919e-06,2.212414769078983e-08,1.74101845865135e-08,2.693009193404514e-08,raw_knit,2050
raw_knit|production|Carding & roving||machine weight,manufacturing,material resources: metals/minerals,7.1451318773844e-05,6.702836292414275e-06,5.2631180424928144e-06,8.354510768028788e-06,raw_knit,2050
raw_knit|production|Carding & roving||machine weight,manufacturing,ozone depletion,3.300149710608839e-05,2.162884430523567e-06,1.6886477622157444e-06,2.615005362339846e-06,raw_knit,2050
raw_knit|production|Carding & roving||machine weight,manufacturing,particulate matter formation,-2.228472872239878e-05,5.831929087246321e-07,4.591153438070432e-07,7.087745154406659e-07,raw_knit,2050
raw_knit|production|Carding & roving||machine weight,manufacturing,photochemical oxidant formation: human health,-3.03750383789715e-05,1.2628253213773613e-06,9.943141317086693e-07,1.528640415652146e-06,raw_knit,2050
raw_knit|production|Carding & roving||machine weight,manufacturing,water use,-0.00013971810832492633,5.4341062305646e-06,4.286821388703215e-06,6.6294871344474425e-06,raw_knit,2050
raw_knit|production|Carding & roving||power,manufacturing,acidification,0.0009243646177983804,2.853507995606013e-05,2.3802942588843865e-05,3.3915264485449936e-05,raw_knit,2050
raw_knit|production|Carding & roving||power,manufacturing,climate change,0.0009940043217417324,0.00010285556791977352,8.570779075756525e-05,0.0001232832980143692,raw_knit,2050
raw_knit|production|Carding & roving||power,manufacturing,climate change: biogenic,0.0003207252950110796,8.20218883997891e-06,6.747697059648352e-06,9.71563511753707e-06,raw_knit,2050
raw_knit|production|Carding & roving||power,manufacturing,climate change: fossil,0.001829571141602927,9.567444771500215e-05,7.953692448112156e-05,0.00011457670861251405,raw_knit,2050
raw_knit|production|Carding & roving||power,manufacturing,climate change: land use and land use change,0.0048976761231252965,0.0037134223122770992,0.0029827632731942912,0.004405244840383171,raw_knit,2050
raw_knit|production|Carding & roving||power,manufacturing,ecotoxicity: freshwater,0.00589059405975607,0.0008275847786954585,0.0006889014588738885,0.0009860813378888217,raw_knit,2050
raw_knit|production|Carding & roving||power,manufacturing,"ecotoxicity: freshwater, inorganics",0.00661643885706048,0.0010098863366437782,0.0008419088196989494,0.0012031672921354471,raw_knit,2050
raw_knit|production|Carding & roving||power,manufacturing,"ecotoxicity: freshwater, organics",0.0005473097167266,8.371558894461307e-06,6.933501130991195e-06,1.008495998460626e-05,raw_knit,2050
raw_knit|production|Carding & roving||power,manufacturing,energy resources: non-renewable,0.006002395280745767,0.0009730687540290063,0.0008090890775302904,0.0011477789970417661,raw_knit,2050
raw_knit|production|Carding & roving||power,manufacturing,eutrophication: freshwater,0.003017424422696472,0.0002531226147834256,0.00021028171295537913,0.0003016228706856938,raw_knit,2050
raw_knit|production|Carding & roving||power,manufacturing,eutrophication: marine,0.00019401890712386199,1.2730017543789451e-06,1.0629041077939636e-06,1.5235949069409323e-06,raw_knit,2050
raw_knit|production|Carding & roving||power,manufacturing,eutrophication: terrestrial,0.0003471203301610691,4.531794559218214e-06,3.7630781098870533e-06,5.379114338232818e-06,raw_knit,2050
raw_knit|production|Carding & roving||power,manufacturing,human toxicity: carcinogenic,0.023564115846793583,0.008079490732956067,0.006685763385651352,0.009670214061705405,raw_knit,2050
raw_knit|production|Carding & roving||power,manufacturing,"human toxicity: carcinogenic, inorganics",0.03508159253229628,0.025126832968944354,0.021929687029190164,0.02905892010396425,raw_knit,2050
raw_knit|production|Carding & roving||power,manufacturing,"human toxicity: carcinogenic, organics",0.012630571374231632,0.00213167418059331,0.0016345784818616817,0.0026329904216743625,raw_knit,2050
raw_knit|production|Carding & roving||power,manufacturing,human toxicity: non-carcinogenic,0.005683118266955218,0.013744741767448153,0.011524253500563275,0.01654995839689504,raw_knit,2050
raw_knit|production|Carding & roving||power,manufacturing,"human toxicity: non-carcinogenic, inorganics",0.002393261774176473,0.011240449660700168,0.009435000472282105,0.01351004335828648,raw_knit,2050
raw_knit|production|Carding & roving||power,manufacturing,"human toxicity: non-carcinogenic, organics",0.013863300838272218,0.0034810396622431765,0.00292827863313403,0.0041658197225381815,raw_knit,2050
raw_knit|production|Carding & roving||power,manufacturing,ionising radiation: human health,0.009576769075089878,0.004166464702594503,0.0033839710514713722,0.004887149790422027,raw_knit,2050
raw_knit|production|Carding & roving||power,manufacturing,land use,0.0012686685207255188,6.087290584411599e-05,5.0242461459327196e-05,7.198040317413871e-05,raw_knit,2050
raw_knit|production|Carding & roving||power,manufacturing,material resources: metals/minerals,0.018268344902566923,0.004587285704707166,0.003739593609026257,0.005564581601007774,raw_knit,2050
raw_knit|production|Carding & roving||power,manufacturing,ozone depletion,0.012417709959605222,0.0022053260421380466,0.0017765478778466281,0.002649703318861173,raw_knit,2050
raw_knit|production|Carding & roving||power,manufacturing,particulate matter formation,0.0013611479942926992,4.261113687970336e-05,3.5150428751440974e-05,5.108846998678084e-05,raw_knit,2050
raw_knit|production|Carding & roving||power,manufacturing,photochemical oxidant formation: human health,0.0023308444324202753,0.000147460271264139,0.0001221418802276937,0.00017674030284620936,raw_knit,2050
raw_knit|production|Carding & roving||power,manufacturing,water use,0.006162613561452322,0.002556453431096053,0.002070064110127989,0.002997338518158974,raw_knit,2050
raw_knit|production|Carding & roving||output rate,manufacturing,acidification,0.0010055649338059313,3.1423137901839295e-05,2.6055054207388057e-05,3.661759334660618e-05,raw_knit,2050
raw_knit|production|Carding & roving||output rate,manufacturing,climate change,0.0011719989483430328,0.00013909808940086113,0.00011582204532238256,0.0001630536557752253,raw_knit,2050
raw_knit|production|Carding & roving||output rate,manufacturing,climate change: biogenic,0.0007275570413944247,8.727069985057415e-06,7.36263585129986e-06,1.0084892141043197e-05,raw_knit,2050
raw_knit|production|Carding & roving||output rate,manufacturing,climate change: fossil,0.0019889962647755477,0.0001304079432370164,0.00010779643474557577,0.00015239424139234495,raw_knit,2050
raw_knit|production|Carding & roving||output rate,manufacturing,climate change: land use and land use change,0.019178992525338362,0.003832850998843766,0.003198099859235013,0.0044950779712362434,raw_knit,2050
raw_knit|production|Carding & roving||output rate,manufacturing,ecotoxicity: freshwater,0.006521204767030489,0.0009672845797364982,0.0008042083575508656,0.0011311915582931599,raw_knit,2050
raw_knit|production|Carding & roving||output rate,manufacturing,"ecotoxicity: freshwater, inorganics",0.007339407869358537,0.0011788558650934562,0.0009811752462425339,0.0013797105092329658,raw_knit,2050
raw_knit|production|Carding & roving||output rate,manufacturing,"ecotoxicity: freshwater, organics",0.0004993953103124191,1.0982549739471416e-05,9.076102192670478e-06,1.292414657307357e-05,raw_knit,2050
raw_knit|production|Carding & roving||output rate,manufacturing,energy resources: non-renewable,0.00745620331549582,0.001091238960774664,0.000908613691855575,0.0012773113942949868,raw_knit,2050
raw_knit|production|Carding & roving||output rate,manufacturing,eutrophication: freshwater,0.003368720115193365,0.00031014004311562287,0.00025674603564090464,0.0003621825065148953,raw_knit,2050
raw_knit|production|Carding & roving||output rate,manufacturing,eutrophication: marine,0.00019861562382669836,1.3965676968588802e-06,1.1583641466832724e-06,1.6280754480191525e-06,raw_knit,2050
raw_knit|production|Carding & roving||output rate,manufacturing,eutrophication: terrestrial,0.0004027497099245598,4.846115802403937e-06,4.036126336282304e-06,5.633403146768711e-06,raw_knit,2050
raw_knit|production|Carding & roving||output rate,manufacturing,human toxicity: carcinogenic,0.021349984775762172,0.009685701385958834,0.007979884339237967,0.011626438236987483,raw_knit,2050
raw_knit|production|Carding & roving||output rate,manufacturing,"human toxicity: carcinogenic, inorganics",0.04077567700146063,0.029715552548763763,0.025639469328589605,0.03468571361804386,raw_knit,2050
raw_knit|production|Carding & roving||output rate,manufacturing,"human toxicity: carcinogenic, organics",0.004923428211774368,0.0025670092333125046,0.001993879053587821,0.003182847916794042,raw_knit,2050
raw_knit|production|Carding & roving||output rate,manufacturing,human toxicity: non-carcinogenic,0.007122142160495097,0.01614120857115747,0.013930351197958976,0.018924602482080433,raw_knit,2050
raw_knit|production|Carding & roving||output rate,manufacturing,"human toxicity: non-carcinogenic, inorganics",0.0034007406254121285,0.013239070660544305,0.011454106469471781,0.015553728181714096,raw_knit,2050
raw_knit|production|Carding & roving||output rate,manufacturing,"human toxicity: non-carcinogenic, organics",0.015325942523662832,0.003875726961476766,0.0032479479889168123,0.0045580676309543555,raw_knit,2050
raw_knit|production|Carding & roving||output rate,manufacturing,ionising radiation: human health,0.020394789804590766,0.004220907732421156,0.0035011729761057885,0.004942862253300109,raw_knit,2050
raw_knit|production|Carding & roving||output rate,manufacturing,land use,0.0015691579197789213,6.121382449449543e-05,5.118243364799101e-05,7.079068808926851e-05,raw_knit,2050
raw_knit|production|Carding & roving||output rate,manufacturing,material resources: metals/minerals,0.012980991371517982,0.004697599835106961,0.003812518674793431,0.005625859960048968,raw_knit,2050
raw_knit|production|Carding & roving||output rate,manufacturing,ozone depletion,0.0060102654479381006,0.0022218974622656633,0.0017835283932761076,0.0027070010736321213,raw_knit,2050
raw_knit|production|Carding & roving||output rate,manufacturing,particulate matter formation,0.0009530461778411911,4.915605187361791e-05,4.055262844328891e-05,5.801134005844504e-05,raw_knit,2050
raw_knit|production|Carding & roving||output rate,manufacturing,photochemical oxidant formation: human health,0.0022572553954142266,0.00016525660829872424,0.00013692618374929713,0.0001924841417688857,raw_knit,2050
raw_knit|production|Carding & roving||output rate,manufacturing,water use,0.016313227285447377,0.002709060484549179,0.0022570495962912214,0.0031499936641130807,raw_knit,2050
raw_knit|production|Carding & roving||machine lifetime,manufacturing,acidification,-4.9232952785163e-05,1.9198933917139802e-07,1.4219948230659206e-07,2.4082443217210136e-07,raw_knit,2050
raw_knit|production|Carding & roving||machine lifetime,manufacturing,climate change,-6.314485280185897e-05,5.117168458981454e-06,3.7554534828892727e-06,6.462705329371264e-06,raw_knit,2050
raw_knit|production|Carding & roving||machine lifetime,manufacturing,climate change: biogenic,-1.6542836383952665e-05,2.260434229548724e-08,1.675058080704787e-08,2.8376130815326152e-08,raw_knit,2050
raw_knit|production|Carding & roving||machine lifetime,manufacturing,climate change: fossil,-0.000255646084302784,5.041573163619688e-06,3.7392878058425814e-06,6.309546088612795e-06,raw_knit,2050
raw_knit|production|Carding & roving||machine lifetime,manufacturing,climate change: land use and land use change,-0.00010341530311579804,3.1329393847908423e-06,2.353778378488853e-06,3.922687280241864e-06,raw_knit,2050
raw_knit|production|Carding & roving||machine lifetime,manufacturing,ecotoxicity: freshwater,-0.0004320531329770488,1.2433589944462941e-05,9.229781388355423e-06,1.576812004995945e-05,raw_knit,2050
raw_knit|production|Carding & roving||machine lifetime,manufacturing,"ecotoxicity: freshwater, inorganics",-0.00047796272948583764,1.4950537320116377e-05,1.109469129048334e-05,1.8957603766029263e-05,raw_knit,2050
raw_knit|production|Carding & roving||machine lifetime,manufacturing,"ecotoxicity: freshwater, organics",-6.656430573101423e-05,3.554222093890064e-07,2.629603293420398e-07,4.454379786595003e-07,raw_knit,2050
raw_knit|production|Carding & roving||machine lifetime,manufacturing,energy resources: non-renewable,-0.0003417759465285057,8.257297198431942e-06,6.098595611509221e-06,1.0454180322738258e-05,raw_knit,2050
raw_knit|production|Carding & roving||machine lifetime,manufacturing,eutrophication: freshwater,-0.00028881965811539725,6.078588476939335e-06,4.5210863155561434e-06,7.631743986652184e-06,raw_knit,2050
raw_knit|production|Carding & roving||machine lifetime,manufacturing,eutrophication: marine,-9.942115128927937e-06,8.126448855566955e-09,6.010030097921987e-09,1.0191090706987146e-08,raw_knit,2050
raw_knit|production|Carding & roving||machine lifetime,manufacturing,eutrophication: terrestrial,-1.441833588329224e-05,1.6993243655875243e-08,1.2573235841607422e-08,2.1314973381034625e-08,raw_knit,2050
raw_knit|production|Carding & roving||machine lifetime,manufacturing,human toxicity: carcinogenic,-0.0019428986236738406,0.00017977515178208933,0.0001385251979508199,0.0002328534898133865,raw_knit,2050
raw_knit|production|Carding & roving||machine lifetime,manufacturing,"human toxicity: carcinogenic, inorganics",-0.001572824582845153,0.00042680087373089137,0.00032252867980339916,0.0005345715405965098,raw_knit,2050
raw_knit|production|Carding & roving||machine lifetime,manufacturing,"human toxicity: carcinogenic, organics",-0.0011856976320896713,6.34447611478239e-05,4.7904202177349766e-05,8.196107499811087e-05,raw_knit,2050
raw_knit|production|Carding & roving||machine lifetime,manufacturing,human toxicity: non-carcinogenic,0.0002880846138540731,0.00021705319768740162,0.00016580659823041793,0.00026656367233163377,raw_knit,2050
raw_knit|production|Carding & roving||machine lifetime,manufacturing,"human toxicity: non-carcinogenic, inorganics",0.0004290269981805215,0.00018326641426011486,0.00013952122975780266,0.000227747507273683,raw_knit,2050
raw_knit|production|Carding & roving||machine lifetime,manufacturing,"human toxicity: non-carcinogenic, organics",-0.0006885017549977678,2.76441669024642e-05,2.067671093677278e-05,3.5616127758291237e-05,raw_knit,2050
raw_knit|production|Carding & roving||machine lifetime,manufacturing,ionising radiation: human health,-0.00011009864845639758,1.4694595647084363e-06,1.0900379413783421e-06,1.850747289673872e-06,raw_knit,2050
raw_knit|production|Carding & roving||machine lifetime,manufacturing,land use,-1.7220405178306028e-05,2.3414944724263248e-08,1.7367720811593437e-08,2.940712973971213e-08,raw_knit,2050
raw_knit|production|Carding & roving||machine lifetime,manufacturing,material resources: metals/minerals,-0.00040312306050918536,7.0939276843749595e-06,5.415963372577617e-06,9.247516735528215e-06,raw_knit,2050
raw_knit|production|Carding & roving||machine lifetime,manufacturing,ozone depletion,-0.0002193409179715815,2.289078780776231e-06,1.6990761272734475e-06,2.945943604261567e-06,raw_knit,2050
raw_knit|production|Carding & roving||machine lifetime,manufacturing,particulate matter formation,-8.987945977484852e-05,6.172199311335877e-07,4.564127527245162e-07,7.731031103310423e-07,raw_knit,2050
raw_knit|production|Carding & roving||machine lifetime,manufacturing,photochemical oxidant formation: human health,-0.00013423222922621873,1.3365037500896105e-06,9.917324538549265e-07,1.6750829549321488e-06,raw_knit,2050
raw_knit|production|Carding & roving||machine lifetime,manufacturing,water use,-0.00021696542807535092,5.751170981483917e-06,4.279700795267929e-06,7.234439850038031e-06,raw_knit,2050
raw_knit|production|Carding & roving||process yield,manufacturing,acidification,0.07336564060037634,0.08994369608843396,0.074664404212351,0.10995837556124301,raw_knit,2050
raw_knit|production|Carding & roving||process yield,manufacturing,climate change,0.01886869264227718,0.027928358666374362,0.02172114068966873,0.03489910896789564,raw_knit,2050
raw_knit|production|Carding & roving||process yield,manufacturing,climate change: biogenic,0.07685798158617548,0.09306623067460765,0.07746028721039092,0.11392209104689519,raw_knit,2050
raw_knit|production|Carding & roving||process yield,manufacturing,climate change: fossil,0.06758145413435729,0.08441986830877239,0.0699700626755228,0.10302025191404642,raw_knit,2050
raw_knit|production|Carding & roving||process yield,manufacturing,climate change: land use and land use change,0.0244401088469547,0.022449071640018158,0.018781073959688015,0.026480058144618977,raw_knit,2050
raw_knit|production|Carding & roving||process yield,manufacturing,ecotoxicity: freshwater,0.042135202195390874,0.05692693463025523,0.04722827542291424,0.0696042692374283,raw_knit,2050
raw_knit|production|Carding & roving||process yield,manufacturing,"ecotoxicity: freshwater, inorganics",0.038675135629518756,0.053111467126754325,0.04398841537982322,0.06499385835375261,raw_knit,2050
raw_knit|production|Carding & roving||process yield,manufacturing,"ecotoxicity: freshwater, organics",0.07574419595408423,0.0925734110932317,0.07687982570177727,0.11310820463916571,raw_knit,2050
raw_knit|production|Carding & roving||process yield,manufacturing,energy resources: non-renewable,0.04689610930227385,0.06138975887643785,0.0510369078575551,0.07502983809795269,raw_knit,2050
raw_knit|production|Carding & roving||process yield,manufacturing,eutrophication: freshwater,0.05777054344863793,0.07379934443791482,0.06129839826334744,0.09027825951326955,raw_knit,2050
raw_knit|production|Carding & roving||process yield,manufacturing,eutrophication: marine,0.07852571765814943,0.09523175359628298,0.07920140364342629,0.1163956869066205,raw_knit,2050
raw_knit|production|Carding & roving||process yield,manufacturing,eutrophication: terrestrial,0.0773968942577707,0.09402939736289143,0.0781793206679293,0.11494810982031718,raw_knit,2050
raw_knit|production|Carding & roving||process yield,manufacturing,human toxicity: carcinogenic,-4.88357217770489e-05,0.0004277309839765009,0.00032208457249317525,0.0005629925281810113,raw_knit,2050
raw_knit|production|Carding & roving||process yield,manufacturing,"human toxicity: carcinogenic, inorganics",0.1693610404255215,0.14726821416167094,0.12310586625460639,0.17554206562915325,raw_knit,2050
raw_knit|production|Carding & roving||process yield,manufacturing,"human toxicity: carcinogenic, organics",0.008624621035887566,0.02567587164428398,0.0209881869924677,0.03129480891952525,raw_knit,2050
raw_knit|production|Carding & roving||process yield,manufacturing,human toxicity: non-carcinogenic,0.23367801174454828,0.23192147676314234,0.19529156546293147,0.27721358550253666,raw_knit,2050
raw_knit|production|Carding & roving||process yield,manufacturing,"human toxicity: non-carcinogenic, inorganics",0.22523027967173376,0.22688148105770947,0.18793946528167535,0.2713932690824234,raw_knit,2050
raw_knit|production|Carding & roving||process yield,manufacturing,"human toxicity: non-carcinogenic, organics",0.017249671453380147,0.02842624860015799,0.023317939127586222,0.03473719484605695,raw_knit,2050
raw_knit|production|Carding & roving||process yield,manufacturing,ionising radiation: human health,0.02442410128825239,0.027014017250084028,0.022783645539327584,0.03230664075555863,raw_knit,2050
raw_knit|production|Carding & roving||process yield,manufacturing,land use,0.07125432012194763,0.08744225545871452,0.07259322479864826,0.10699757627258771,raw_knit,2050
raw_knit|production|Carding & roving||process yield,manufacturing,material resources: metals/minerals,0.005394057950494671,0.01854286289860369,0.015096957582757569,0.0226239449349728,raw_knit,2050
raw_knit|production|Carding & roving||process yield,manufacturing,ozone depletion,0.026731206739386743,0.04606601476258815,0.03721363127572594,0.055850252790146424,raw_knit,2050
raw_knit|production|Carding & roving||process yield,manufacturing,particulate matter formation,0.07162499610774267,0.0888307365727273,0.07370172542742323,0.10833325263071333,raw_knit,2050
raw_knit|production|Carding & roving||process yield,manufacturing,photochemical oxidant formation: human health,0.06456280020395395,0.08116591591521738,0.06746200781973606,0.0991309211684321,raw_knit,2050
raw_knit|production|Carding & roving||process yield,manufacturing,water use,0.03227731190554394,0.03615941656284824,0.030502364243163185,0.0436005731441332,raw_knit,2050
raw_knit|production|Carding & roving||machine source,manufacturing,acidification,8.19352722890616e-06,1.4699144080473468e-05,1.2463108641816898e-05,1.7100580716261308e-05,raw_knit,2050
raw_knit|production|Carding & roving||machine source,manufacturing,climate change,0.0013880514316800456,0.0003901044627680183,0.0003315324607819149,0.00045106204375550693,raw_knit,2050
raw_knit|production|Carding & roving||machine source,manufacturing,climate change: biogenic,-3.3142862038268988e-06,1.7356616367430018e-06,1.4688022976988195e-06,2.0180136040568162e-06,raw_knit,2050
raw_knit|production|Carding & roving||machine source,manufacturing,climate change: fossil,0.0004168995010024872,0.00038432537179139046,0.0003262963707305171,0.0004485860253364736,raw_knit,2050
raw_knit|production|Carding & roving||machine source,manufacturing,climate change: land use and land use change,-0.00013769960929668247,0.00024062802220719434,0.000207941260172011,0.00027775407808994945,raw_knit,2050
raw_knit|production|Carding & roving||machine source,manufacturing,ecotoxicity: freshwater,0.001313077073346611,0.0009548210530605768,0.0008109844482363549,0.0011241502463362166,raw_knit,2050
raw_knit|production|Carding & roving||machine source,manufacturing,"ecotoxicity: freshwater, inorganics",0.001595273676466894,0.0011481453450815006,0.0009766291136331729,0.001351964612320587,raw_knit,2050
raw_knit|production|Carding & roving||machine source,manufacturing,"ecotoxicity: freshwater, organics",1.6164411466531555e-05,2.7243724550531683e-05,2.308561284291579e-05,3.163680488361969e-05,raw_knit,2050
raw_knit|production|Carding & roving||machine source,manufacturing,energy resources: non-renewable,0.0008106846355600602,0.0006282817299494999,0.0005328333865440288,0.0007407769251758429,raw_knit,2050
raw_knit|production|Carding & roving||machine source,manufacturing,eutrophication: freshwater,0.0005761259577305564,0.0004671925931114595,0.0003953867104321339,0.0005471055416855353,raw_knit,2050
raw_knit|production|Carding & roving||machine source,manufacturing,eutrophication: marine,-2.1993777617196377e-06,6.157293665695558e-07,5.208411933747646e-07,7.155109418591052e-07,raw_knit,2050
raw_knit|production|Carding & roving||machine source,manufacturing,eutrophication: terrestrial,-2.4334425357722904e-06,1.2870037076829605e-06,1.0891482647399983e-06,1.4943666192136363e-06,raw_knit,2050
raw_knit|production|Carding & roving||machine source,manufacturing,human toxicity: carcinogenic,0.02187741414147069,0.01380622519686667,0.011854499292921723,0.01664294892395952,raw_knit,2050
raw_knit|production|Carding & roving||machine source,manufacturing,"human toxicity: carcinogenic, inorganics",0.048600201569869876,0.03279565000914088,0.028679420993837846,0.036963863721138246,raw_knit,2050
raw_knit|production|Carding & roving||machine source,manufacturing,"human toxicity: carcinogenic, organics",0.00826973673452844,0.00486932784255607,0.0041694247740902725,0.005826047187181511,raw_knit,2050
raw_knit|production|Carding & roving||machine source,manufacturing,human toxicity: non-carcinogenic,0.02508831083849755,0.016673446707380277,0.014074769271346273,0.019109215858301203,raw_knit,2050
raw_knit|production|Carding & roving||machine source,manufacturing,"human toxicity: non-carcinogenic, inorganics",0.021181122104501595,0.01407958809658073,0.011911695362597266,0.016076280732987232,raw_knit,2050
raw_knit|production|Carding & roving||machine source,manufacturing,"human toxicity: non-carcinogenic, organics",0.003202711845950217,0.0021174910827297445,0.001823325136100294,0.0025085588301124576,raw_knit,2050
raw_knit|production|Carding & roving||machine source,manufacturing,ionising radiation: human health,2.223058264708727e-05,0.00011282862512939733,9.661185636654986e-05,0.00013141460165095348,raw_knit,2050
raw_knit|production|Carding & roving||machine source,manufacturing,land use,-4.5904701041779363e-07,1.7714422009508827e-06,1.5024288073763302e-06,2.0650612520531047e-06,raw_knit,2050
raw_knit|production|Carding & roving||machine source,manufacturing,material resources: metals/minerals,0.0014982048156170645,0.0005445785598592561,0.000463213397683133,0.0006491177915244565,raw_knit,2050
raw_knit|production|Carding & roving||machine source,manufacturing,ozone depletion,0.0005574789527115101,0.0001740700196730929,0.00014829884722063598,0.0002083749548604819,raw_knit,2050
raw_knit|production|Carding & roving||machine source,manufacturing,particulate matter formation,4.8524012422813576e-05,4.7047421268723124e-05,3.9779299864677495e-05,5.468433181172144e-05,raw_knit,2050
raw_knit|production|Carding & roving||machine source,manufacturing,photochemical oxidant formation: human health,0.0001244622756225844,0.00010128468729515453,8.55340062503901e-05,0.00011821506269725512,raw_knit,2050
raw_knit|production|Carding & roving||machine source,manufacturing,water use,0.00025946164548132,0.0004418355156497071,0.00037843853138899665,0.0005147600024712888,raw_knit,2050
raw_knit|production|Spinning||machine weight,manufacturing,acidification,1.132989277876795e-05,3.336164956176192e-08,2.6947408653725127e-08,4.194439144994176e-08,raw_knit,2050
raw_knit|production|Spinning||machine weight,manufacturing,climate change,3.878326468469381e-05,8.892003228859764e-07,7.160983876067085e-07,1.1420041825673333e-06,raw_knit,2050
raw_knit|production|Spinning||machine weight,manufacturing,climate change: biogenic,3.918092901245049e-06,3.9279181193762054e-09,3.1764725847676265e-09,4.940005356203413e-09,raw_knit,2050
raw_knit|production|Spinning||machine weight,manufacturing,climate change: fossil,5.467825374712568e-05,8.760642634096897e-07,7.088906374973755e-07,1.1015713198071394e-06,raw_knit,2050
raw_knit|production|Spinning||machine weight,manufacturing,climate change: land use and land use change,5.3753861501595226e-05,5.444055565441719e-07,4.437601716666075e-07,6.936132387729027e-07,raw_knit,2050
raw_knit|production|Spinning||machine weight,manufacturing,ecotoxicity: freshwater,9.383282591326605e-05,2.160563793752845e-06,1.7482401889020953e-06,2.7224873160381045e-06,raw_knit,2050
raw_knit|production|Spinning||machine weight,manufacturing,"ecotoxicity: freshwater, inorganics",0.00010316578793042814,2.5979294660427973e-06,2.1031276276421918e-06,3.275553558723135e-06,raw_knit,2050
raw_knit|production|Spinning||machine weight,manufacturing,"ecotoxicity: freshwater, organics",1.5253724897878043e-05,6.17611029489445e-08,4.989808206130747e-08,7.766687869271258e-08,raw_knit,2050
raw_knit|production|Spinning||machine weight,manufacturing,energy resources: non-renewable,7.285240339222456e-05,1.4348532243006052e-06,1.163487625497712e-06,1.8029140897833368e-06,raw_knit,2050
raw_knit|production|Spinning||machine weight,manufacturing,eutrophication: freshwater,6.397719797613298e-05,1.056266018183178e-06,8.542131414083483e-07,1.3287955465244873e-06,raw_knit,2050
raw_knit|production|Spinning||machine weight,manufacturing,eutrophication: marine,2.280231584273541e-06,1.4121128332827992e-09,1.1409129783486532e-09,1.775715610694352e-09,raw_knit,2050
raw_knit|production|Spinning||machine weight,manufacturing,eutrophication: terrestrial,3.303077115206021e-06,2.952872952694562e-09,2.3857610092906926e-09,3.7130215970543252e-09,raw_knit,2050
raw_knit|production|Spinning||machine weight,manufacturing,human toxicity: carcinogenic,0.00021644653122437115,3.123922266820589e-05,2.5156118573210327e-05,3.866114903275465e-05,raw_knit,2050
raw_knit|production|Spinning||machine weight,manufacturing,"human toxicity: carcinogenic, inorganics",0.00013384602544686065,7.416446418520501e-05,5.9695851004058065e-05,9.145458185525888e-05,raw_knit,2050
raw_knit|production|Spinning||machine weight,manufacturing,"human toxicity: carcinogenic, organics",0.00013873562519672324,1.1024687915395774e-05,8.832894352014243e-06,1.3681085574911874e-05,raw_knit,2050
raw_knit|production|Spinning||machine weight,manufacturing,human toxicity: non-carcinogenic,-0.00020838416945668907,3.771696579278147e-05,3.063892195126381e-05,4.6075966940965436e-05,raw_knit,2050
raw_knit|production|Spinning||machine weight,manufacturing,"human toxicity: non-carcinogenic, inorganics",-0.0002190102472412129,3.1845893900844415e-05,2.5959848505945064e-05,3.901505335945844e-05,raw_knit,2050
raw_knit|production|Spinning||machine weight,manufacturing,"human toxicity: non-carcinogenic, organics",0.00014082564098772218,4.803678610051333e-06,3.878472759931268e-06,6.043606127678021e-06,raw_knit,2050
raw_knit|production|Spinning||machine weight,manufacturing,ionising radiation: human health,3.866075522882366e-05,2.553454891894442e-07,2.0646486096966313e-07,3.2516327762511085e-07,raw_knit,2050
raw_knit|production|Spinning||machine weight,manufacturing,land use,3.943504725182714e-06,4.068752807075566e-09,3.286476481308417e-09,5.114384155258589e-09,raw_knit,2050
raw_knit|production|Spinning||machine weight,manufacturing,material resources: metals/minerals,6.916105260667555e-05,1.2326997324960248e-06,9.767308913504555e-07,1.5611270451548621e-06,raw_knit,2050
raw_knit|production|Spinning||machine weight,manufacturing,ozone depletion,3.245803511409399e-05,3.9776831569380863e-07,3.144000476309287e-07,5.0152450781473e-07,raw_knit,2050
raw_knit|production|Spinning||machine weight,manufacturing,particulate matter formation,1.9829079794645557e-05,1.0725309142885354e-07,8.653078313520409e-08,1.347913606613918e-07,raw_knit,2050
raw_knit|production|Spinning||machine weight,manufacturing,photochemical oxidant formation: human health,2.941304608972238e-05,2.3224096479049643e-07,1.8743107839651756e-07,2.9187635752812516e-07,raw_knit,2050
raw_knit|production|Spinning||machine weight,manufacturing,water use,7.312228580895513e-05,9.99371224583443e-07,8.113646237906784e-07,1.2703320465386684e-06,raw_knit,2050
raw_knit|production|Spinning||power,manufacturing,acidification,0.000862942152600435,1.1672554807006602e-05,9.769981742844804e-06,1.3754816827492608e-05,raw_knit,2050
raw_knit|production|Spinning||power,manufacturing,climate change,0.0010158925620632813,4.214645866469081e-05,3.520126416696421e-05,5.0010128833181344e-05,raw_knit,2050
raw_knit|production|Spinning||power,manufacturing,climate change: biogenic,0.00046263842776279326,3.2888787355647122e-06,2.7910913230360106e-06,3.868509523447284e-06,raw_knit,2050
raw_knit|production|Spinning||power,manufacturing,climate change: fossil,0.0016012567615961246,3.927222053181727e-05,3.294795183455002e-05,4.656490448447275e-05,raw_knit,2050
raw_knit|production|Spinning||power,manufacturing,climate change: land use and land use change,0.007767262878527691,0.0014671725493577601,0.0012627648141352629,0.001737733987986417,raw_knit,2050
raw_knit|production|Spinning||power,manufacturing,ecotoxicity: freshwater,0.0050541659517761,0.0003386958749622758,0.00028499609499253807,0.0003994857744996452,raw_knit,2050
raw_knit|production|Spinning||power,manufacturing,"ecotoxicity: freshwater, inorganics",0.00563222889926614,0.00041327082792974986,0.0003483270114280028,0.0004872075366990625,raw_knit,2050
raw_knit|production|Spinning||power,manufacturing,"ecotoxicity: freshwater, organics",0.00045885584488739115,3.45286212066495e-06,2.874907468350111e-06,4.096352083101225e-06,raw_knit,2050
raw_knit|production|Spinning||power,manufacturing,energy resources: non-renewable,0.005425661472381595,0.00039612263362149815,0.00033700089772921226,0.00046682692167525645,raw_knit,2050
raw_knit|production|Spinning||power,manufacturing,eutrophication: freshwater,0.0026792155273068687,0.00010363681011659835,8.740667947691753e-05,0.0001226327583861767,raw_knit,2050
raw_knit|production|Spinning||power,manufacturing,eutrophication: marine,0.00017889635461606373,5.217052984134804e-07,4.351895081863783e-07,6.155057608464031e-07,raw_knit,2050
raw_knit|production|Spinning||power,manufacturing,eutrophication: terrestrial,0.00034043061404613926,1.8494913315256284e-06,1.5490025405709934e-06,2.1796062172087604e-06,raw_knit,2050
raw_knit|production|Spinning||power,manufacturing,human toxicity: carcinogenic,0.016480422368768198,0.0033663892731243196,0.0027051636583908575,0.004033489273093257,raw_knit,2050
raw_knit|production|Spinning||power,manufacturing,"human toxicity: carcinogenic, inorganics",0.017276560317250864,0.010277638267597982,0.008759312082653983,0.01249983530298826,raw_knit,2050
raw_knit|production|Spinning||power,manufacturing,"human toxicity: carcinogenic, organics",0.007962151332967463,0.0009147384300883841,0.0007153401397190506,0.0011455890970614273,raw_knit,2050
raw_knit|production|Spinning||power,manufacturing,human toxicity: non-carcinogenic,-0.003331622351682961,0.005623435448496313,0.0047895519616787605,0.0066375892348724585,raw_knit,2050
raw_knit|production|Spinning||power,manufacturing,"human toxicity: non-carcinogenic, inorganics",-0.004852502032057661,0.004599094446597261,0.0038865577153136834,0.005459710762078763,raw_knit,2050
raw_knit|production|Spinning||power,manufacturing,"human toxicity: non-carcinogenic, organics",0.011079392306703809,0.0014228242380323506,0.0012136766188246247,0.0016723145776525827,raw_knit,2050
raw_knit|production|Spinning||power,manufacturing,ionising radiation: human health,0.01030212116332796,0.0016596725179852407,0.0014216845779866842,0.001939960747638879,raw_knit,2050
raw_knit|production|Spinning||power,manufacturing,land use,0.0012739710468497112,2.476950485117734e-05,2.092389790994994e-05,2.912481797695465e-05,raw_knit,2050
raw_knit|production|Spinning||power,manufacturing,material resources: metals/minerals,0.013030645466409132,0.0019090226858653248,0.0015836891624586061,0.0022993359358908375,raw_knit,2050
raw_knit|production|Spinning||power,manufacturing,ozone depletion,0.008428452743917528,0.0009286533120784713,0.0007596812654253393,0.00112567953516003,raw_knit,2050
raw_knit|production|Spinning||power,manufacturing,particulate matter formation,0.0010419399235267566,1.7698057038936243e-05,1.4492715477248587e-05,2.1161999336052243e-05,raw_knit,2050
raw_knit|production|Spinning||power,manufacturing,photochemical oxidant formation: human health,0.002008605706941317,6.0574286415278437e-05,5.0774157238764e-05,7.151044713597577e-05,raw_knit,2050
raw_knit|production|Spinning||power,manufacturing,water use,0.007944436472078775,0.0010159123733845814,0.0008630645345999464,0.0011875939696618296,raw_knit,2050
raw_knit|production|Spinning||output rate,manufacturing,acidification,0.0005177162131174158,1.3402284001113411e-05,1.101838432548617e-05,1.5818412811304915e-05,raw_knit,2050
raw_knit|production|Spinning||output rate,manufacturing,climate change,0.000477520415844837,5.438371871249988e-05,4.458966644611246e-05,6.454016756955724e-05,raw_knit,2050
raw_knit|production|Spinning||output rate,manufacturing,climate change: biogenic,0.0002512541515990892,3.849273559413477e-06,3.2387770396767074e-06,4.571285176352936e-06,raw_knit,2050
raw_knit|production|Spinning||output rate,manufacturing,climate change: fossil,0.0011775693028490799,5.075028110319457e-05,4.1439068336557944e-05,6.049003544338315e-05,raw_knit,2050
raw_knit|production|Spinning||output rate,manufacturing,climate change: land use and land use change,0.005375946577666881,0.001737192215386501,0.0014532756423712866,0.002088488719418034,raw_knit,2050
raw_knit|production|Spinning||output rate,manufacturing,ecotoxicity: freshwater,0.0032775738238419406,0.00040209764497162523,0.00033207832305759443,0.0004807843991603482,raw_knit,2050
raw_knit|production|Spinning||output rate,manufacturing,"ecotoxicity: freshwater, inorganics",0.0036578157431216606,0.0004903460829744986,0.00040470484307997755,0.0005872057995738596,raw_knit,2050
raw_knit|production|Spinning||output rate,manufacturing,"ecotoxicity: freshwater, organics",0.0003267275627551181,4.322764588867729e-06,3.506621101261299e-06,5.134926157175763e-06,raw_knit,2050
raw_knit|production|Spinning||output rate,manufacturing,energy resources: non-renewable,0.0034461974767153705,0.0004639467486299312,0.00038660205171238887,0.0005569061149164286,raw_knit,2050
raw_knit|production|Spinning||output rate,manufacturing,eutrophication: freshwater,0.0017928749247085986,0.0001263532559955775,0.00010426608127332219,0.00015115786683001035,raw_knit,2050
raw_knit|production|Spinning||output rate,manufacturing,eutrophication: marine,0.00010684503514144323,5.95596525499879e-07,4.879078575782478e-07,7.014401578600051e-07,raw_knit,2050
raw_knit|production|Spinning||output rate,manufacturing,eutrophication: terrestrial,0.00019636125435786164,2.0977326284988758e-06,1.727342886196903e-06,2.4727927192990825e-06,raw_knit,2050
raw_knit|production|Spinning||output rate,manufacturing,human toxicity: carcinogenic,0.011120816690948174,0.003919035513508494,0.003167447698526001,0.004856524969533533,raw_knit,2050
raw_knit|production|Spinning||output rate,manufacturing,"human toxicity: carcinogenic, inorganics",0.014043327295206253,0.01229788824405489,0.010458296858274572,0.014491201528935958,raw_knit,2050
raw_knit|production|Spinning||output rate,manufacturing,"human toxicity: carcinogenic, organics",0.0055017164779002274,0.0010077534911697114,0.0008012036879162226,0.0012681433107753857,raw_knit,2050
raw_knit|production|Spinning||output rate,manufacturing,human toxicity: non-carcinogenic,-0.0002634320417551344,0.006698324230793162,0.005736385890697773,0.007910365434302744,raw_knit,2050
raw_knit|production|Spinning||output rate,manufacturing,"human toxicity: non-carcinogenic, inorganics",-0.001568249259144596,0.005486937080897482,0.004682231462068641,0.006454507017798278,raw_knit,2050
raw_knit|production|Spinning||output rate,manufacturing,"human toxicity: non-carcinogenic, organics",0.00711881397858655,0.0016465534168027885,0.0013571414998950918,0.0020106739431224596,raw_knit,2050
raw_knit|production|Spinning||output rate,manufacturing,ionising radiation: human health,0.006477155709230474,0.0019147551783578094,0.0016000877310350969,0.0022757328546636675,raw_knit,2050
raw_knit|production|Spinning||output rate,manufacturing,land use,0.0006927369017476315,2.7288099794098177e-05,2.262980589489412e-05,3.226001382257877e-05,raw_knit,2050
raw_knit|production|Spinning||output rate,manufacturing,material resources: metals/minerals,0.007520345624094977,0.002031068876814149,0.001635164524890369,0.002504950199007347,raw_knit,2050
raw_knit|production|Spinning||output rate,manufacturing,ozone depletion,0.004941688834593208,0.0009552842378215036,0.0007647275160947469,0.0011914787133142947,raw_knit,2050
raw_knit|production|Spinning||output rate,manufacturing,particulate matter formation,0.0006800878062480883,2.0267969696653444e-05,1.631127830295874e-05,2.410603787400977e-05,raw_knit,2050
raw_knit|production|Spinning||output rate,manufacturing,photochemical oxidant formation: human health,0.0012465158374845348,6.969152489490858e-05,5.704487242018745e-05,8.274872378982578e-05,raw_knit,2050
raw_knit|production|Spinning||output rate,manufacturing,water use,0.005015603215193416,0.0012069440677027056,0.0010051089096828464,0.001442634194377879,raw_knit,2050
raw_knit|production|Spinning||machine lifetime,manufacturing,acidification,3.80115076168689e-05,3.0223264716697496e-08,2.3583911138187046e-08,3.667338890763326e-08,raw_knit,2050
raw_knit|production|Spinning||machine lifetime,manufacturing,climate change,0.0001637139952016031,8.055548222540093e-07,6.281990936267148e-07,9.610707072656523e-07,raw_knit,2050
raw_knit|production|Spinning||machine lifetime,manufacturing,climate change: biogenic,1.323078861896668e-05,3.5584085187636433e-09,2.7805076187274737e-09,4.311372356012026e-09,raw_knit,2050
raw_knit|production|Spinning||machine lifetime,manufacturing,climate change: fossil,0.00019180741484530403,7.936544876365719e-07,6.186485095018789e-07,9.664401644271307e-07,raw_knit,2050
raw_knit|production|Spinning||machine lifetime,manufacturing,climate change: land use and land use change,0.000212008396654,4.931918701216412e-07,3.878483971042298e-07,5.911931120197396e-07,raw_knit,2050
raw_knit|production|Spinning||machine lifetime,manufacturing,ecotoxicity: freshwater,0.0002958354595172737,1.957313827824077e-06,1.5355236320853234e-06,2.385044216986668e-06,raw_knit,2050
raw_knit|production|Spinning||machine lifetime,manufacturing,"ecotoxicity: freshwater, inorganics",0.00032265669933253426,2.3535353386125442e-06,1.8423503673453292e-06,2.8587795251179716e-06,raw_knit,2050
raw_knit|production|Spinning||machine lifetime,manufacturing,"ecotoxicity: freshwater, organics",5.1610104790886725e-05,5.5951102451100785e-08,4.3648703485513155e-08,6.788207591194739e-08,raw_knit,2050
raw_knit|production|Spinning||machine lifetime,manufacturing,energy resources: non-renewable,0.00024693434403067957,1.2998823648592497e-06,1.0183509997064849e-06,1.5847829867020541e-06,raw_knit,2050
raw_knit|production|Spinning||machine lifetime,manufacturing,eutrophication: freshwater,0.000210731909879576,9.569001874256453e-07,7.469147716915132e-07,1.1669298632497763e-06,raw_knit,2050
raw_knit|production|Spinning||machine lifetime,manufacturing,eutrophication: marine,7.843490551108053e-06,1.279290285389325e-09,9.995605659663456e-10,1.5495426632169965e-09,raw_knit,2050
raw_knit|production|Spinning||machine lifetime,manufacturing,eutrophication: terrestrial,1.1346759862363092e-05,2.6751296760728065e-09,2.0897983566555327e-09,3.2413025371794466e-09,raw_knit,2050
raw_knit|production|Spinning||machine lifetime,manufacturing,human toxicity: carcinogenic,0.00036035147964548725,2.830046593695224e-05,2.2277730769827416e-05,3.466659652275856e-05,raw_knit,2050
raw_knit|production|Spinning||machine lifetime,manufacturing,"human toxicity: carcinogenic, inorganics",-0.0002024205699271582,6.718761136316249e-05,5.421787985732545e-05,8.189081187441452e-05,raw_knit,2050
raw_knit|production|Spinning||machine lifetime,manufacturing,"human toxicity: carcinogenic, organics",0.0003012158959177036,9.987567470260135e-06,7.769831162087872e-06,1.2290085363910723e-05,raw_knit,2050
raw_knit|production|Spinning||machine lifetime,manufacturing,human toxicity: non-carcinogenic,-0.0009945736856191384,3.416882929418523e-05,2.74226142841667e-05,4.1723876444263166e-05,raw_knit,2050
raw_knit|production|Spinning||machine lifetime,manufacturing,"human toxicity: non-carcinogenic, inorganics",-0.000979023946144777,2.8850064577836754e-05,2.3260105407666185e-05,3.501353125496628e-05,raw_knit,2050
raw_knit|production|Spinning||machine lifetime,manufacturing,"human toxicity: non-carcinogenic, organics",0.0004171136756821959,4.351787602652031e-06,3.3800981034622255e-06,5.2015388611845265e-06,raw_knit,2050
raw_knit|production|Spinning||machine lifetime,manufacturing,ionising radiation: human health,0.0001337733671660037,2.3132446775880736e-07,1.802446689914118e-07,2.790302084575334e-07,raw_knit,2050
raw_knit|production|Spinning||machine lifetime,manufacturing,land use,1.334117759970919e-05,3.686059827544626e-09,2.8782169263555148e-09,4.4715577888968125e-09,raw_knit,2050
raw_knit|production|Spinning||machine lifetime,manufacturing,material resources: metals/minerals,0.00014606053759959892,1.1167364729199176e-06,8.715441393306421e-07,1.3674480980071911e-06,raw_knit,2050
raw_knit|production|Spinning||machine lifetime,manufacturing,ozone depletion,8.427198933452368e-05,3.6035216199286044e-07,2.8129335013885425e-07,4.4045841354826286e-07,raw_knit,2050
raw_knit|production|Spinning||machine lifetime,manufacturing,particulate matter formation,6.680278986345783e-05,9.716399750340899e-08,7.57135869155976e-08,1.1800936421488815e-07,raw_knit,2050
raw_knit|production|Spinning||machine lifetime,manufacturing,photochemical oxidant formation: human health,9.854969012147603e-05,2.1039642764439007e-07,1.6417046656592e-07,2.5603715398087205e-07,raw_knit,2050
raw_knit|production|Spinning||machine lifetime,manufacturing,water use,0.0002609940041186479,9.053576726550171e-07,7.063879683995137e-07,1.0900295733787745e-06,raw_knit,2050
raw_knit|production|Spinning||process yield,manufacturing,acidification,0.07668232629992772,0.0455704950226861,0.037293316294600316,0.05444994456651045,raw_knit,2050
raw_knit|production|Spinning||process yield,manufacturing,climate change,0.030104609994578802,0.014272236842345094,0.011580853640829303,0.017525771267825306,raw_knit,2050
raw_knit|production|Spinning||process yield,manufacturing,climate change: biogenic,0.07794560740109936,0.04662375665180855,0.038159377649519405,0.05583106872015811,raw_knit,2050
raw_knit|production|Spinning||process yield,manufacturing,climate change: fossil,0.07401880816691792,0.04377843504896143,0.03596208810857505,0.052194179377861645,raw_knit,2050
raw_knit|production|Spinning||process yield,manufacturing,climate change: land use and land use change,0.03334546679464023,0.017232252288688115,0.01416538224434657,0.020210509008432583,raw_knit,2050
raw_knit|production|Spinning||process yield,manufacturing,ecotoxicity: freshwater,0.06019010899535518,0.03291711498138482,0.02686595947350271,0.03890248798717845,raw_knit,2050
raw_knit|production|Spinning||process yield,manufacturing,"ecotoxicity: freshwater, inorganics",0.05805116329538717,0.03137314712007007,0.025587918637617203,0.03704544964848855,raw_knit,2050
raw_knit|production|Spinning||process yield,manufacturing,"ecotoxicity: freshwater, organics",0.07770242374479946,0.046426741326591636,0.03802376388453826,0.05547259798105206,raw_knit,2050
raw_knit|production|Spinning||process yield,manufacturing,energy resources: non-renewable,0.06333891762435145,0.03566058849040142,0.02909959670642396,0.04251965603347695,raw_knit,2050
raw_knit|production|Spinning||process yield,manufacturing,eutrophication: freshwater,0.06887494607006303,0.039492503621062054,0.03236490070629819,0.04714056456364292,raw_knit,2050
raw_knit|production|Spinning||process yield,manufacturing,eutrophication: marine,0.07889363609454007,0.04736478213661003,0.038799794589069514,0.056718267003629905,raw_knit,2050
raw_knit|production|Spinning||process yield,manufacturing,eutrophication: terrestrial,0.07840456611939005,0.04696534902154351,0.0384539147619505,0.05622169332944994,raw_knit,2050
raw_knit|production|Spinning||process yield,manufacturing,human toxicity: carcinogenic,0.007302407160465681,0.001986114877435261,0.0015946452874941615,0.0026326633549842034,raw_knit,2050
raw_knit|production|Spinning||process yield,manufacturing,"human toxicity: carcinogenic, inorganics",0.025976941210144773,0.0383552269558986,0.03212614698322867,0.04540377807200613,raw_knit,2050
raw_knit|production|Spinning||process yield,manufacturing,"human toxicity: carcinogenic, organics",0.03669080383358527,0.017997282801952674,0.01450715962138724,0.02197191004369783,raw_knit,2050
raw_knit|production|Spinning||process yield,manufacturing,human toxicity: non-carcinogenic,0.09810187061781371,0.08053304658152573,0.06784777819880516,0.09534176269953697,raw_knit,2050
raw_knit|production|Spinning||process yield,manufacturing,"human toxicity: non-carcinogenic, inorganics",0.10273904539346101,0.08138442237839226,0.06766877396239994,0.0958466796186935,raw_knit,2050
raw_knit|production|Spinning||process yield,manufacturing,"human toxicity: non-carcinogenic, organics",0.043205947557545143,0.021344425059672052,0.01747754890096534,0.025501205362356352,raw_knit,2050
raw_knit|production|Spinning||process yield,manufacturing,ionising radiation: human health,0.04088170818756603,0.020739180964599868,0.0170318551574575,0.02463404604832698,raw_knit,2050
raw_knit|production|Spinning||process yield,manufacturing,land use,0.07570867672264173,0.04475771310660886,0.03655279895342842,0.05350911473028741,raw_knit,2050
raw_knit|production|Spinning||process yield,manufacturing,material resources: metals/minerals,0.03542729415471506,0.016023520696828213,0.013066568127850411,0.019604859695139955,raw_knit,2050
raw_knit|production|Spinning||process yield,manufacturing,ozone depletion,0.054186790155266264,0.029585121031175016,0.023852040724427027,0.03604351785370921,raw_knit,2050
raw_knit|production|Spinning||process yield,manufacturing,particulate matter formation,0.07625748394243674,0.045259297505386195,0.03718520021690047,0.053954241411065175,raw_knit,2050
raw_knit|production|Spinning||process yield,manufacturing,photochemical oxidant formation: human health,0.07279113119522714,0.0424741578010577,0.03482779318471352,0.050674837259007226,raw_knit,2050
raw_knit|production|Spinning||process yield,manufacturing,water use,0.04636977433565453,0.024382834948478205,0.02009521286844166,0.02873349107672308,raw_knit,2050
raw_knit|production|Spinning||machine source,manufacturing,acidification,-0.0006259756234939797,2.4367050736015353e-06,2.0430549310954577e-06,2.8660214719787138e-06,raw_knit,2050
raw_knit|production|Spinning||machine source,manufacturing,climate change,-0.002169042819868525,6.466835881445445e-05,5.4603297064601595e-05,7.523058203230092e-05,raw_knit,2050
raw_knit|production|Spinning||machine source,manufacturing,climate change: biogenic,-0.0002153908670515529,2.8772393094136145e-07,2.415642564143355e-07,3.379018261028712e-07,raw_knit,2050
raw_knit|production|Spinning||machine source,manufacturing,climate change: fossil,-0.0031727446854615637,6.371034791079564e-05,5.31801884312219e-05,7.505592031139665e-05,raw_knit,2050
raw_knit|production|Spinning||machine source,manufacturing,climate change: land use and land use change,-0.002279175728246565,3.988936494213106e-05,3.410858796601479e-05,4.74114849529985e-05,raw_knit,2050
raw_knit|production|Spinning||machine source,manufacturing,ecotoxicity: freshwater,-0.004938382904045709,0.00015828250214003722,0.00013289795008618777,0.00018704897621673277,raw_knit,2050
raw_knit|production|Spinning||machine source,manufacturing,"ecotoxicity: freshwater, inorganics",-0.0053938808145878436,0.0001903302377523158,0.00016002768767938677,0.0002247412445894471,raw_knit,2050
raw_knit|production|Spinning||machine source,manufacturing,"ecotoxicity: freshwater, organics",-0.0008507760603643551,4.516244039288645e-06,3.7856830503177595e-06,5.3109703594708065e-06,raw_knit,2050
raw_knit|production|Spinning||machine source,manufacturing,energy resources: non-renewable,-0.004048993125534435,0.00010415145743436906,8.713133621635217e-05,0.00012297846910139457,raw_knit,2050
raw_knit|production|Spinning||machine source,manufacturing,eutrophication: freshwater,-0.0034908634978628246,7.744740481155116e-05,6.468250188973503e-05,9.145706023764598e-05,raw_knit,2050
raw_knit|production|Spinning||machine source,manufacturing,eutrophication: marine,-0.0001281555034228478,1.0207062828090203e-07,8.569158506951708e-08,1.1983542471546085e-07,raw_knit,2050
raw_knit|production|Spinning||machine source,manufacturing,eutrophication: terrestrial,-0.00018532798005849228,2.133490526445641e-07,1.7908077581367768e-07,2.505609983593083e-07,raw_knit,2050
raw_knit|production|Spinning||machine source,manufacturing,human toxicity: carcinogenic,-0.011694421706523126,0.0022886842118365405,0.0019140127622880834,0.0026928348848647456,raw_knit,2050
raw_knit|production|Spinning||machine source,manufacturing,"human toxicity: carcinogenic, inorganics",0.0014050115988520078,0.005436597282932362,0.004631857111916948,0.006265552309433126,raw_knit,2050
raw_knit|production|Spinning||machine source,manufacturing,"human toxicity: carcinogenic, organics",-0.00892313075800818,0.0008071977384552133,0.0006800383053950127,0.0009424442993132213,raw_knit,2050
raw_knit|production|Spinning||machine source,manufacturing,human toxicity: non-carcinogenic,0.01498952395279215,0.002763988975403621,0.0023948262437630563,0.003197997194636557,raw_knit,2050
raw_knit|production|Spinning||machine source,manufacturing,"human toxicity: non-carcinogenic, inorganics",0.014967540343890789,0.0023340000996883085,0.0020271500140151594,0.002719908803857272,raw_knit,2050
raw_knit|production|Spinning||machine source,manufacturing,"human toxicity: non-carcinogenic, organics",-0.0071037031424604265,0.00035102052448398956,0.0002944844148170304,0.0004136426817360762,raw_knit,2050
raw_knit|production|Spinning||machine source,manufacturing,ionising radiation: human health,-0.0016888101192140514,1.8703815800098746e-05,1.600559382413736e-05,2.1889899444245354e-05,raw_knit,2050
raw_knit|production|Spinning||machine source,manufacturing,land use,-0.00021785578023783775,2.936553431286211e-07,2.4637105486786187e-07,3.4532945654760635e-07,raw_knit,2050
raw_knit|production|Spinning||machine source,manufacturing,material resources: metals/minerals,-0.003345733094379108,9.027582371591497e-05,7.535364898608936e-05,0.00010752096279065646,raw_knit,2050
raw_knit|production|Spinning||machine source,manufacturing,ozone depletion,-0.001973763832220509,2.8855918261444886e-05,2.418822998664727e-05,3.426869572258889e-05,raw_knit,2050
raw_knit|production|Spinning||machine source,manufacturing,particulate matter formation,-0.0011169730717150257,7.799140513062668e-06,6.529819122391594e-06,9.175164785578926e-06,raw_knit,2050
raw_knit|production|Spinning||machine source,manufacturing,photochemical oxidant formation: human health,-0.0016379577583916735,1.6790155267482655e-05,1.4046012179329874e-05,1.978087535663288e-05,raw_knit,2050
raw_knit|production|Spinning||machine source,manufacturing,water use,-0.003341855898409882,7.324391384877834e-05,6.259515284888166e-05,8.606656522208212e-05,raw_knit,2050
raw_knit|production|CNC knitting||machine weight,manufacturing,acidification,9.936117346082586e-05,1.2003226850371206e-06,9.186174651382663e-07,1.5722043155322857e-06,raw_knit,2050
raw_knit|production|CNC knitting||machine weight,manufacturing,climate change,0.00023797526950312974,3.19928544793458e-05,2.4573249985789634e-05,4.151578273356184e-05,raw_knit,2050
raw_knit|production|CNC knitting||machine weight,manufacturing,climate change: biogenic,3.378438120480364e-05,1.4132274898950258e-07,1.0787720272292917e-07,1.8501110089170158e-07,raw_knit,2050
raw_knit|production|CNC knitting||machine weight,manufacturing,climate change: fossil,0.0005273395393950877,3.15202302615191e-05,2.4157136608918194e-05,4.14264066125715e-05,raw_knit,2050
raw_knit|production|CNC knitting||machine weight,manufacturing,climate change: land use and land use change,0.0003515564953109608,1.9587191323372883e-05,1.50533292243061e-05,2.5837660768131936e-05,raw_knit,2050
raw_knit|production|CNC knitting||machine weight,manufacturing,ecotoxicity: freshwater,0.000919272329627856,7.773502253308965e-05,5.9664827911266646e-05,0.00010214022313877393,raw_knit,2050
raw_knit|production|CNC knitting||machine weight,manufacturing,"ecotoxicity: freshwater, inorganics",0.0010213156606055434,9.347102095525638e-05,7.181437751475852e-05,0.00012286978968383832,raw_knit,2050
raw_knit|production|CNC knitting||machine weight,manufacturing,"ecotoxicity: freshwater, organics",0.00013535973638497222,2.2221076404216895e-06,1.6990457905068332e-06,2.9133122518416706e-06,raw_knit,2050
raw_knit|production|CNC knitting||machine weight,manufacturing,energy resources: non-renewable,0.0007071218685106155,5.162532172015271e-05,3.954322304063949e-05,6.765314694457724e-05,raw_knit,2050
raw_knit|production|CNC knitting||machine weight,manufacturing,eutrophication: freshwater,0.000610198384511388,3.8003436903967806e-05,2.9100552581656755e-05,4.990708659223434e-05,raw_knit,2050
raw_knit|production|CNC knitting||machine weight,manufacturing,eutrophication: marine,1.941619749861195e-05,5.0807779881895824e-08,3.8807399056872786e-08,6.655442035155274e-08,raw_knit,2050
raw_knit|production|CNC knitting||machine weight,manufacturing,eutrophication: terrestrial,2.814309914236884e-05,1.0624444762315216e-07,8.117878689982243e-08,1.3915017928264104e-07,raw_knit,2050
raw_knit|production|CNC knitting||machine weight,manufacturing,human toxicity: carcinogenic,0.004071361224406486,0.0011239573918335336,0.0008706791595073359,0.0014312459002940039,raw_knit,2050
raw_knit|production|CNC knitting||machine weight,manufacturing,"human toxicity: carcinogenic, inorganics",0.004811466699359793,0.0026683662638767158,0.0020815658931088283,0.003434942512006951,raw_knit,2050
raw_knit|production|CNC knitting||machine weight,manufacturing,"human toxicity: carcinogenic, organics",0.002232864548533975,0.00039665782864378577,0.0003039419671208736,0.0005156677288518618,raw_knit,2050
raw_knit|production|CNC knitting||machine weight,manufacturing,human toxicity: non-carcinogenic,0.00019122992206588952,0.0013570203142594017,0.0010461937123087649,0.0017962518817993144,raw_knit,2050
raw_knit|production|CNC knitting||machine weight,manufacturing,"human toxicity: non-carcinogenic, inorganics",-0.0002106841212582175,0.0011457847439647207,0.000882302578871942,0.0015302068548286476,raw_knit,2050
raw_knit|production|CNC knitting||machine weight,manufacturing,"human toxicity: non-carcinogenic, organics",0.00146556249709919,0.00017283203522680448,0.00013233134146817778,0.00022649466048489997,raw_knit,2050
raw_knit|production|CNC knitting||machine weight,manufacturing,ionising radiation: human health,0.00027980112358064614,9.187087328848743e-06,7.0724463308031935e-06,1.2011559192680844e-05,raw_knit,2050
raw_knit|production|CNC knitting||machine weight,manufacturing,land use,3.344536015238439e-05,1.4639442815942557e-07,1.1199076693385242e-07,1.914833824270231e-07,raw_knit,2050
raw_knit|production|CNC knitting||machine weight,manufacturing,material resources: metals/minerals,0.0007245896498819613,4.43513646222512e-05,3.374711290483542e-05,5.8171142164210474e-05,raw_knit,2050
raw_knit|production|CNC knitting||machine weight,manufacturing,ozone depletion,0.0003702802129294586,1.4311532336938845e-05,1.086946649820039e-05,1.877233629868468e-05,raw_knit,2050
raw_knit|production|CNC knitting||machine weight,manufacturing,particulate matter formation,0.00017838910770090173,3.858898120803734e-06,2.958003342550526e-06,5.060069365565702e-06,raw_knit,2050
raw_knit|production|CNC knitting||machine weight,manufacturing,photochemical oxidant formation: human health,0.0002645739291191686,8.35601766629866e-06,6.382091672243947e-06,1.0951045665683893e-05,raw_knit,2050
raw_knit|production|CNC knitting||machine weight,manufacturing,water use,0.0005645997977784561,3.5956418984463666e-05,2.755695552340931e-05,4.730771062799174e-05,raw_knit,2050
raw_knit|production|CNC knitting||power,manufacturing,acidification,0.00026562180349613487,0.00011009928176653441,9.203563511986621e-05,0.0001316308321052287,raw_knit,2050
raw_knit|production|CNC knitting||power,manufacturing,climate change,0.0016545184800062559,0.00039652256975696563,0.0003298861091631115,0.00047073919148494196,raw_knit,2050
raw_knit|production|CNC knitting||power,manufacturing,climate change: biogenic,0.00030079993492826884,3.19528605996544e-05,2.6584055631650567e-05,3.815913028398469e-05,raw_knit,2050
raw_knit|production|CNC knitting||power,manufacturing,climate change: fossil,0.0006531561736928615,0.0003685233864004711,0.0003058791449276707,0.0004378410325869379,raw_knit,2050
raw_knit|production|CNC knitting||power,manufacturing,climate change: land use and land use change,0.019605045346636766,0.014566782268784545,0.011984032105480142,0.017408552173416365,raw_knit,2050
raw_knit|production|CNC knitting||power,manufacturing,ecotoxicity: freshwater,0.004617557967518704,0.003192382553995029,0.0025938790326917338,0.0038210344117965878,raw_knit,2050
raw_knit|production|CNC knitting||power,manufacturing,"ecotoxicity: freshwater, inorganics",0.005555449309502603,0.0038957593867055594,0.0031674478586506552,0.0046632141468596535,raw_knit,2050
raw_knit|production|CNC knitting||power,manufacturing,"ecotoxicity: freshwater, organics",4.760282182880887e-05,3.216979218026871e-05,2.6768108421586554e-05,3.846359526937021e-05,raw_knit,2050
raw_knit|production|CNC knitting||power,manufacturing,energy resources: non-renewable,0.0056129283446553005,0.0037633266925204264,0.0030671440670193184,0.004514966063999804,raw_knit,2050
raw_knit|production|CNC knitting||power,manufacturing,eutrophication: freshwater,0.0016054952884069934,0.0009762084028386585,0.0008049116781665139,0.0011597631289160032,raw_knit,2050
raw_knit|production|CNC knitting||power,manufacturing,eutrophication: marine,2.8281070516453607e-05,4.907250788066552e-06,4.106566626147874e-06,5.8637992445931415e-06,raw_knit,2050
raw_knit|production|CNC knitting||power,manufacturing,eutrophication: terrestrial,8.929163379034813e-05,1.7505149119674504e-05,1.463437052132904e-05,2.0871281287042843e-05,raw_knit,2050
raw_knit|production|CNC knitting||power,manufacturing,human toxicity: carcinogenic,0.0389924396120237,0.03089075170826027,0.02481521557164504,0.03709570073822385,raw_knit,2050
raw_knit|production|CNC knitting||power,manufacturing,"human toxicity: carcinogenic, inorganics",0.12031096759391742,0.09695236741993915,0.08173068754959939,0.11529757646677533,raw_knit,2050
raw_knit|production|CNC knitting||power,manufacturing,"human toxicity: carcinogenic, organics",0.006729965419521393,0.008027714240103094,0.006319164384903042,0.009891713256927904,raw_knit,2050
raw_knit|production|CNC knitting||power,manufacturing,human toxicity: non-carcinogenic,0.06344463311015114,0.05302781140962789,0.04521470459792414,0.06221869062558144,raw_knit,2050
raw_knit|production|CNC knitting||power,manufacturing,"human toxicity: non-carcinogenic, inorganics",0.05168307786178495,0.04336499569316614,0.03662841606892397,0.05075582967405044,raw_knit,2050
raw_knit|production|CNC knitting||power,manufacturing,"human toxicity: non-carcinogenic, organics",0.017430055391331,0.013436391689509209,0.011024654833297455,0.01608293890394192,raw_knit,2050
raw_knit|production|CNC knitting||power,manufacturing,ionising radiation: human health,0.021555552160525685,0.016281701155100144,0.013430991261173213,0.019262197184206877,raw_knit,2050
raw_knit|production|CNC knitting||power,manufacturing,land use,0.0005775260870808655,0.00023547563062856352,0.00019634576268575185,0.0002814459185497098,raw_knit,2050
raw_knit|production|CNC knitting||power,manufacturing,material resources: metals/minerals,0.01938562226333204,0.017549462153421548,0.01434185189791405,0.021036696926923785,raw_knit,2050
raw_knit|production|CNC knitting||power,manufacturing,ozone depletion,0.007682491377569017,0.008386632534821976,0.0066594632212269664,0.010159601076218997,raw_knit,2050
raw_knit|production|CNC knitting||power,manufacturing,particulate matter formation,8.915030214373839e-05,0.00016317671184243521,0.0001320301664535802,0.00019614981258455515,raw_knit,2050
raw_knit|production|CNC knitting||power,manufacturing,photochemical oxidant formation: human health,0.0008440868555732644,0.0005677863746844709,0.00047084754872513677,0.0006762858264680457,raw_knit,2050
raw_knit|production|CNC knitting||power,manufacturing,water use,0.015274476533898922,0.010001291580350026,0.00827636629113247,0.011838261936676482,raw_knit,2050
raw_knit|production|CNC knitting||output rate,manufacturing,acidification,-0.0026254204193072055,0.00011742961586749501,9.889821839952079e-05,0.000136208803990194,raw_knit,2050
raw_knit|production|CNC knitting||output rate,manufacturing,climate change,-0.0020256502573521755,0.0005495015974318778,0.00046029495179617284,0.0006428171231532223,raw_knit,2050
raw_knit|production|CNC knitting||output rate,manufacturing,climate change: biogenic,-0.0014384376942765977,3.158106959765998e-05,2.671791434220799e-05,3.621215804621001e-05,raw_knit,2050
raw_knit|production|CNC knitting||output rate,manufacturing,climate change: fossil,-0.005456149862649424,0.000517405285419164,0.000424134569216225,0.000604188127898853,raw_knit,2050
raw_knit|production|CNC knitting||output rate,manufacturing,climate change: land use and land use change,-0.014650245629543873,0.013536953495973548,0.011527394117348646,0.015746034089771224,raw_knit,2050
raw_knit|production|CNC knitting||output rate,manufacturing,ecotoxicity: freshwater,-0.012504943865682678,0.003672023561167371,0.0030991629667519805,0.004249931780853689,raw_knit,2050
raw_knit|production|CNC knitting||output rate,manufacturing,"ecotoxicity: freshwater, inorganics",-0.013446826551363724,0.004473271555335351,0.003777690976550147,0.005178919556769633,raw_knit,2050
raw_knit|production|CNC knitting||output rate,manufacturing,"ecotoxicity: freshwater, organics",-0.0016381766250849912,4.3400275084582315e-05,3.547111522508372e-05,5.063052816841433e-05,raw_knit,2050
raw_knit|production|CNC knitting||output rate,manufacturing,energy resources: non-renewable,-0.012916256836546597,0.004073403343909171,0.0034421616911682047,0.004735953195843217,raw_knit,2050
raw_knit|production|CNC knitting||output rate,manufacturing,eutrophication: freshwater,-0.007911527684757252,0.0011924429772603336,0.0010000438572394215,0.0013819002425340195,raw_knit,2050
raw_knit|production|CNC knitting||output rate,manufacturing,eutrophication: marine,-0.0005649730153858078,5.226869409224427e-06,4.400985492704575e-06,6.071714350615953e-06,raw_knit,2050
raw_knit|production|CNC knitting||output rate,manufacturing,eutrophication: terrestrial,-0.001045444371428022,1.7932104554911123e-05,1.5208253629178402e-05,2.077324342876792e-05,raw_knit,2050
raw_knit|production|CNC knitting||output rate,manufacturing,human toxicity: carcinogenic,-0.006144531706821203,0.03785539396251447,0.03247033577459172,0.044511330873168775,raw_knit,2050
raw_knit|production|CNC knitting||output rate,manufacturing,"human toxicity: carcinogenic, inorganics",0.08048572289760772,0.11306858861800696,0.09691708632606308,0.1294905640786797,raw_knit,2050
raw_knit|production|CNC knitting||output rate,manufacturing,"human toxicity: carcinogenic, organics",-0.012627439352837323,0.010440361146627601,0.008437040985346367,0.012544057583631248,raw_knit,2050
raw_knit|production|CNC knitting||output rate,manufacturing,human toxicity: non-carcinogenic,0.08685659790955381,0.0613266297341642,0.051536270407683854,0.07241276423298001,raw_knit,2050
raw_knit|production|CNC knitting||output rate,manufacturing,"human toxicity: non-carcinogenic, inorganics",0.07852384638025749,0.05034160482622521,0.04256335371154555,0.05953325854750639,raw_knit,2050
raw_knit|production|CNC knitting||output rate,manufacturing,"human toxicity: non-carcinogenic, organics",-0.018163375067647286,0.01450992718819719,0.012324039761027396,0.016726622961150434,raw_knit,2050
raw_knit|production|CNC knitting||output rate,manufacturing,ionising radiation: human health,-0.017681651370528597,0.014998964144629392,0.012676237963130747,0.017246287061552595,raw_knit,2050
raw_knit|production|CNC knitting||output rate,manufacturing,land use,-0.0035343987996093716,0.00022242210036127266,0.0001885028836379919,0.00025706974691198106,raw_knit,2050
raw_knit|production|CNC knitting||output rate,manufacturing,material resources: metals/minerals,-0.01571671043141357,0.017588579670423557,0.014753273210420642,0.0205808355878874,raw_knit,2050
raw_knit|production|CNC knitting||output rate,manufacturing,ozone depletion,-0.013142935136023687,0.008400005142558653,0.007064929777181293,0.009853210504550559,raw_knit,2050
raw_knit|production|CNC knitting||output rate,manufacturing,particulate matter formation,-0.003205736911955337,0.00018943731577830962,0.00015745705814845015,0.00022172270774112923,raw_knit,2050
raw_knit|production|CNC knitting||output rate,manufacturing,photochemical oxidant formation: human health,-0.005744079834902591,0.0006236384553828566,0.000524644673565185,0.0007247412832766884,raw_knit,2050
raw_knit|production|CNC knitting||output rate,manufacturing,water use,-0.016676114345380393,0.00968851917317538,0.008124549361762108,0.01124807218956331,raw_knit,2050
raw_knit|production|CNC knitting||machine lifetime,manufacturing,acidification,-0.000519824900923544,1.4565382576968192e-06,1.115958514990792e-06,1.8455754536440156e-06,raw_knit,2050
raw_knit|production|CNC knitting||machine lifetime,manufacturing,climate change,-0.001375826124301257,3.8821960694606955e-05,2.978919354700513e-05,4.938284716476989e-05,raw_knit,2050
raw_knit|production|CNC knitting||machine lifetime,manufacturing,climate change: biogenic,-0.000178577628671222,1.7148880927827973e-07,1.3127813689975435e-07,2.1690363765513152e-07,raw_knit,2050
raw_knit|production|CNC knitting||machine lifetime,manufacturing,climate change: fossil,-0.0026451224833954835,3.824845210128096e-05,2.927500020838422e-05,4.863082133267995e-05,raw_knit,2050
raw_knit|production|CNC knitting||machine lifetime,manufacturing,climate change: land use and land use change,-0.002088824245062265,2.3768176647513847e-05,1.817536836606841e-05,3.014991441744757e-05,raw_knit,2050
raw_knit|production|CNC knitting||machine lifetime,manufacturing,ecotoxicity: freshwater,-0.004236245693536929,9.432795815483554e-05,7.219890648352174e-05,0.00012051261951259517,raw_knit,2050
raw_knit|production|CNC knitting||machine lifetime,manufacturing,"ecotoxicity: freshwater, inorganics",-0.004645807978773554,0.0001134228851888982,8.675407081656259e-05,0.00014501869273021684,raw_knit,2050
raw_knit|production|CNC knitting||machine lifetime,manufacturing,"ecotoxicity: freshwater, organics",-0.0007054065166814481,2.6964283389174445e-06,2.065059655428712e-06,3.4150262045493632e-06,raw_knit,2050
raw_knit|production|CNC knitting||machine lifetime,manufacturing,energy resources: non-renewable,-0.0034290656754954003,6.264517687202035e-05,4.776219165851415e-05,8.004554012207665e-05,raw_knit,2050
raw_knit|production|CNC knitting||machine lifetime,manufacturing,eutrophication: freshwater,-0.002946193347455549,4.6115462159370386e-05,3.5409094021640184e-05,5.8707488745648525e-05,raw_knit,2050
raw_knit|production|CNC knitting||machine lifetime,manufacturing,eutrophication: marine,-0.00010617474247631176,6.165328522809826e-08,4.72109152641222e-08,7.798288729413802e-08,raw_knit,2050
raw_knit|production|CNC knitting||machine lifetime,manufacturing,eutrophication: terrestrial,-0.0001536758243942592,1.2892358816423967e-07,9.873199537982585e-08,1.6312199720624663e-07,raw_knit,2050
raw_knit|production|CNC knitting||machine lifetime,manufacturing,human toxicity: carcinogenic,-0.011087312974229796,0.001363871805615064,0.0010582236099810703,0.0017329175248953722,raw_knit,2050
raw_knit|production|CNC knitting||machine lifetime,manufacturing,"human toxicity: carcinogenic, inorganics",-0.004177321609381918,0.0032379425166031367,0.0025595259078887984,0.004222510774454746,raw_knit,2050
raw_knit|production|CNC knitting||machine lifetime,manufacturing,"human toxicity: carcinogenic, organics",-0.0075545653620686555,0.00048132647878772086,0.00037019684830088645,0.0006159720836196684,raw_knit,2050
raw_knit|production|CNC knitting||machine lifetime,manufacturing,human toxicity: non-carcinogenic,0.009863903085083134,0.0016466831706688913,0.0013004540496319732,0.0021332487857343473,raw_knit,2050
raw_knit|production|CNC knitting||machine lifetime,manufacturing,"human toxicity: non-carcinogenic, inorganics",0.010251601415852105,0.0013903582921297427,0.0010924845051991856,0.0017900625151183792,raw_knit,2050
raw_knit|production|CNC knitting||machine lifetime,manufacturing,"human toxicity: non-carcinogenic, organics",-0.006245771893994901,0.00020972397766122467,0.00016036898122230513,0.0002694873515635953,raw_knit,2050
raw_knit|production|CNC knitting||machine lifetime,manufacturing,ionising radiation: human health,-0.0015143543624423544,1.1148117913067416e-05,8.458658059743174e-06,1.4135599704577242e-05,raw_knit,2050
raw_knit|production|CNC knitting||machine lifetime,manufacturing,land use,-0.00018141402076099532,1.7764420754986545e-07,1.3615716829126884e-07,2.2512498715058592e-07,raw_knit,2050
raw_knit|production|CNC knitting||machine lifetime,manufacturing,material resources: metals/minerals,-0.0028877932052066035,5.381839008670021e-05,4.1048371995731443e-05,6.987458952630114e-05,raw_knit,2050
raw_knit|production|CNC knitting||machine lifetime,manufacturing,ozone depletion,-0.0016044344173484874,1.7366453583103317e-05,1.3273543051162904e-05,2.2734598263796918e-05,raw_knit,2050
raw_knit|production|CNC knitting||machine lifetime,manufacturing,particulate matter formation,-0.0009268048019855647,4.682608093762975e-06,3.5895799898071433e-06,5.9429858904597915e-06,raw_knit,2050
raw_knit|production|CNC knitting||machine lifetime,manufacturing,photochemical oxidant formation: human health,-0.0013696549118361867,1.0139704383542409e-05,7.782127775403342e-06,1.2890046545352001e-05,raw_knit,2050
raw_knit|production|CNC knitting||machine lifetime,manufacturing,water use,-0.0029820606551164146,4.363149846930399e-05,3.310740301370502e-05,5.561668233173119e-05,raw_knit,2050
raw_knit|production|CNC knitting||process yield,manufacturing,acidification,0.04651287348553685,0.04682596227846921,0.0388106670014739,0.0546284467927278,raw_knit,2050
raw_knit|production|CNC knitting||process yield,manufacturing,climate change,0.01356201310012112,0.01785697010608656,0.013689340247618111,0.021912577963747185,raw_knit,2050
raw_knit|production|CNC knitting||process yield,manufacturing,climate change: biogenic,0.04584341193245873,0.04649745798133141,0.03867566493641567,0.0542354610513815,raw_knit,2050
raw_knit|production|CNC knitting||process yield,manufacturing,climate change: fossil,0.04938392878291135,0.0481622194266331,0.03979768287123801,0.056177076524902225,raw_knit,2050
raw_knit|production|CNC knitting||process yield,manufacturing,climate change: land use and land use change,0.023411929527453627,0.04171850676386144,0.033872044682315874,0.05071425837177298,raw_knit,2050
raw_knit|production|CNC knitting||process yield,manufacturing,ecotoxicity: freshwater,0.04715610224728411,0.046693221687029,0.03820910750358732,0.05461274980744505,raw_knit,2050
raw_knit|production|CNC knitting||process yield,manufacturing,"ecotoxicity: freshwater, inorganics",0.04706722241863097,0.046576841509598066,0.03804564594689554,0.054572020498445305,raw_knit,2050
raw_knit|production|CNC knitting||process yield,manufacturing,"ecotoxicity: freshwater, organics",0.04669987365522915,0.0464831317868737,0.03863559170913358,0.054163671546254635,raw_knit,2050
raw_knit|production|CNC knitting||process yield,manufacturing,energy resources: non-renewable,0.04962701959300168,0.05097024749104772,0.041704331689208334,0.059581843439297996,raw_knit,2050
raw_knit|production|CNC knitting||process yield,manufacturing,eutrophication: freshwater,0.04766567450141232,0.046937558454006094,0.03868417655243982,0.05465861301607531,raw_knit,2050
raw_knit|production|CNC knitting||process yield,manufacturing,eutrophication: marine,0.04605998893767696,0.04627770194259418,0.038524614125178304,0.05400104725181382,raw_knit,2050
raw_knit|production|CNC knitting||process yield,manufacturing,eutrophication: terrestrial,0.04610574539394122,0.04642115499078615,0.038611330211189135,0.05416741885968797,raw_knit,2050
raw_knit|production|CNC knitting||process yield,manufacturing,human toxicity: carcinogenic,0.03372512447430424,0.026076048770648032,0.020605013531057273,0.030960519394389128,raw_knit,2050
raw_knit|production|CNC knitting||process yield,manufacturing,"human toxicity: carcinogenic, inorganics",0.003294057754961394,0.00298650513295142,0.0023880926821261065,0.0036613856467425034,raw_knit,2050
raw_knit|production|CNC knitting||process yield,manufacturing,"human toxicity: carcinogenic, organics",0.04615148483846117,0.03621628747718632,0.028782032957470016,0.0427734306885256,raw_knit,2050
raw_knit|production|CNC knitting||process yield,manufacturing,human toxicity: non-carcinogenic,0.014524000944214023,0.01672622375831969,0.013554946752429855,0.019630386229833693,raw_knit,2050
raw_knit|production|CNC knitting||process yield,manufacturing,"human toxicity: non-carcinogenic, inorganics",0.01838442666996762,0.020724553176626612,0.017020327121837646,0.024744368991525625,raw_knit,2050
raw_knit|production|CNC knitting||process yield,manufacturing,"human toxicity: non-carcinogenic, organics",0.04680767731090995,0.04811525910782702,0.038773972800650036,0.056493179270451895,raw_knit,2050
raw_knit|production|CNC knitting||process yield,manufacturing,ionising radiation: human health,0.03300401316564791,0.04883225202382397,0.0396870625965881,0.05845160025810644,raw_knit,2050
raw_knit|production|CNC knitting||process yield,manufacturing,land use,0.04608965810547887,0.04716022283486496,0.03898564984839122,0.055026004011947315,raw_knit,2050
raw_knit|production|CNC knitting||process yield,manufacturing,material resources: metals/minerals,0.04250254513720657,0.04215453759571796,0.03368190847724426,0.050462489260860666,raw_knit,2050
raw_knit|production|CNC knitting||process yield,manufacturing,ozone depletion,0.051278769612342914,0.04982446900933632,0.04013143433018824,0.05929687096332474,raw_knit,2050
raw_knit|production|CNC knitting||process yield,manufacturing,particulate matter formation,0.04756524225860871,0.04720068285348866,0.03900868687674453,0.0548124106793545,raw_knit,2050
raw_knit|production|CNC knitting||process yield,manufacturing,photochemical oxidant formation: human health,0.04741095349399834,0.047475758546147766,0.03923113154329398,0.05515878058071669,raw_knit,2050
raw_knit|production|CNC knitting||process yield,manufacturing,water use,0.035247362092182315,0.047183567841050246,0.03851350918717873,0.05630708046794527,raw_knit,2050
raw_knit|production|CNC knitting||machine source,manufacturing,acidification,0.0038764588778928384,0.00010759716826997718,8.858706049239741e-05,0.0001225110114352317,raw_knit,2050
raw_knit|production|CNC knitting||machine source,manufacturing,climate change,0.013950559645005597,0.0028555496356470504,0.00239389292595574,0.0032462718114219607,raw_knit,2050
raw_knit|production|CNC knitting||machine source,manufacturing,climate change: biogenic,0.0013007575861798983,1.2704976301066954e-05,1.046558589550175e-05,1.4519032683996762e-05,raw_knit,2050
raw_knit|production|CNC knitting||machine source,manufacturing,climate change: fossil,0.022069340396851028,0.002813246912382654,0.0023194906121511006,0.0032044034767713136,raw_knit,2050
raw_knit|production|CNC knitting||machine source,manufacturing,climate change: land use and land use change,0.01504715206192354,0.001761387850486688,0.001519573357980534,0.002017432749385059,raw_knit,2050
raw_knit|production|CNC knitting||machine source,manufacturing,ecotoxicity: freshwater,0.03832230862292156,0.0069892533164806125,0.005815722448322484,0.007931117912624821,raw_knit,2050
raw_knit|production|CNC knitting||machine source,manufacturing,"ecotoxicity: freshwater, inorganics",0.04284833319655503,0.00840437968474869,0.00699171325071675,0.009524509978412178,raw_knit,2050
raw_knit|production|CNC knitting||machine source,manufacturing,"ecotoxicity: freshwater, organics",0.0053094362475952,0.00019942301393306998,0.00016401207585634993,0.000227299505031736,raw_knit,2050
raw_knit|production|CNC knitting||machine source,manufacturing,energy resources: non-renewable,0.029763011729748455,0.004598998053779964,0.0038245120418194415,0.005224825435330276,raw_knit,2050
raw_knit|production|CNC knitting||machine source,manufacturing,eutrophication: freshwater,0.024983267282819684,0.003419831779340004,0.002832809229050095,0.003890566060012768,raw_knit,2050
raw_knit|production|CNC knitting||machine source,manufacturing,eutrophication: marine,0.0007706264859080265,4.507115237516167e-06,3.7052730911093878e-06,5.1547134691554e-06,raw_knit,2050
raw_knit|production|CNC knitting||machine source,manufacturing,eutrophication: terrestrial,0.0011187700721542481,9.420817548390763e-06,7.748261855571812e-06,1.0765614803142188e-05,raw_knit,2050
raw_knit|production|CNC knitting||machine source,manufacturing,human toxicity: carcinogenic,0.19903348380293356,0.10106103644863482,0.08744400947278817,0.11658550327591488,raw_knit,2050
raw_knit|production|CNC knitting||machine source,manufacturing,"human toxicity: carcinogenic, inorganics",0.29336476580556886,0.2400628943588901,0.2081297238404004,0.2724645809617186,raw_knit,2050
raw_knit|production|CNC knitting||machine source,manufacturing,"human toxicity: carcinogenic, organics",0.09969910540504147,0.035643292178704454,0.02993135933261369,0.04104323172407766,raw_knit,2050
raw_knit|production|CNC knitting||machine source,manufacturing,human toxicity: non-carcinogenic,0.06316452144152448,0.12204898742353901,0.10288919857266672,0.14240038087612955,raw_knit,2050
raw_knit|production|CNC knitting||machine source,manufacturing,"human toxicity: non-carcinogenic, inorganics",0.039314379763137695,0.1030620423411054,0.08663501106995188,0.12055236770440728,raw_knit,2050
raw_knit|production|CNC knitting||machine source,manufacturing,"human toxicity: non-carcinogenic, organics",0.06270642425410684,0.015499953132734374,0.012918927266981585,0.01766878206753566,raw_knit,2050
raw_knit|production|CNC knitting||machine source,manufacturing,ionising radiation: human health,0.011158551280176366,0.0008259011883450394,0.000705749096651138,0.0009321481024618279,raw_knit,2050
raw_knit|production|CNC knitting||machine source,manufacturing,land use,0.0013263162463497161,1.2966888652343432e-05,1.069110341866751e-05,1.4757974873970286e-05,raw_knit,2050
raw_knit|production|CNC knitting||machine source,manufacturing,material resources: metals/minerals,0.02752704408992683,0.003986294074036368,0.003327048188092033,0.004588681086686233,raw_knit,2050
raw_knit|production|CNC knitting||machine source,manufacturing,ozone depletion,0.014223721150104318,0.001274185836602856,0.00105373250543854,0.0014550388559908048,raw_knit,2050
raw_knit|production|CNC knitting||machine source,manufacturing,particulate matter formation,0.007099610010160394,0.0003443853108184683,0.00028307821168649264,0.0003918146938295741,raw_knit,2050
raw_knit|production|CNC knitting||machine source,manufacturing,photochemical oxidant formation: human health,0.010741483573807633,0.0007414000082185537,0.0006115312677199305,0.0008457949239054462,raw_knit,2050
raw_knit|production|CNC knitting||machine source,manufacturing,water use,0.02357454913161264,0.003234218949399015,0.0027497368014120795,0.003665669181492381,raw_knit,2050
raw_knit|repair|Carding & roving||machine weight,manufacturing,acidification,1.6188864527013476e-05,1.4669523576642764e-09,1.0978564698799413e-09,1.867099089870326e-09,raw_knit,2050
raw_knit|repair|Carding & roving||machine weight,manufacturing,climate change,4.4225241954609896e-05,3.909934731861655e-08,2.9113802464884115e-08,4.956372251914535e-08,raw_knit,2050
raw_knit|repair|Carding & roving||machine weight,manufacturing,climate change: biogenic,5.593169338694503e-06,1.727151789286151e-10,1.290503861525915e-10,2.200070484853985e-10,raw_knit,2050
raw_knit|repair|Carding & roving||machine weight,manufacturing,climate change: fossil,8.15964013081653e-05,3.852173854881221e-08,2.8776877631930532e-08,4.874891315497814e-08,raw_knit,2050
raw_knit|repair|Carding & roving||machine weight,manufacturing,climate change: land use and land use change,5.889681548244218e-05,2.3938151615043968e-08,1.7926799585916424e-08,2.9885071745952905e-08,raw_knit,2050
raw_knit|repair|Carding & roving||machine weight,manufacturing,ecotoxicity: freshwater,0.00012316117138469525,9.500252913375139e-08,7.093340695336479e-08,1.212413218518986e-07,raw_knit,2050
raw_knit|repair|Carding & roving||machine weight,manufacturing,"ecotoxicity: freshwater, inorganics",0.00013388087167525505,1.1423401120750898e-07,8.532951873580018e-08,1.4606163055759177e-07,raw_knit,2050
raw_knit|repair|Carding & roving||machine weight,manufacturing,"ecotoxicity: freshwater, organics",2.2077430038274802e-05,2.7157095416905536e-09,2.0328805989480148e-09,3.461779361216796e-09,raw_knit,2050
raw_knit|repair|Carding & roving||machine weight,manufacturing,energy resources: non-renewable,0.00010053398455980163,6.3092582768089e-08,4.7130053821644815e-08,8.046027951202876e-08,raw_knit,2050
raw_knit|repair|Carding & roving||machine weight,manufacturing,eutrophication: freshwater,8.878232590700646e-05,4.644525460096453e-08,3.4603108448420596e-08,5.8740042799447174e-08,raw_knit,2050
raw_knit|repair|Carding & roving||machine weight,manufacturing,eutrophication: marine,3.36259369805159e-06,6.209303933317597e-11,4.6429432033097044e-11,7.915726432132861e-11,raw_knit,2050
raw_knit|repair|Carding & roving||machine weight,manufacturing,eutrophication: terrestrial,4.856395771015979e-06,1.2984301842962038e-10,9.709461257863429e-11,1.6555385501087789e-10,raw_knit,2050
raw_knit|repair|Carding & roving||machine weight,manufacturing,human toxicity: carcinogenic,0.0002180085245707597,1.3736253247794516e-06,1.0143690435257061e-06,1.7760775794604324e-06,raw_knit,2050
raw_knit|repair|Carding & roving||machine weight,manufacturing,"human toxicity: carcinogenic, inorganics",-0.00020530836163163603,3.2610984409394284e-06,2.492576910030356e-06,4.106544289993039e-06,raw_knit,2050
raw_knit|repair|Carding & roving||machine weight,manufacturing,"human toxicity: carcinogenic, organics",0.00019590241393368813,4.847685334466017e-07,3.5625627012618e-07,6.41171221986858e-07,raw_knit,2050
raw_knit|repair|Carding & roving||machine weight,manufacturing,human toxicity: non-carcinogenic,-0.0004852259803332756,1.6584592487428905e-06,1.2598179107381197e-06,2.106165244300749e-06,raw_knit,2050
raw_knit|repair|Carding & roving||machine weight,manufacturing,"human toxicity: non-carcinogenic, inorganics",-0.0004682338163172554,1.4003013125744612e-06,1.0497068202883589e-06,1.7767984765838838e-06,raw_knit,2050
raw_knit|repair|Carding & roving||machine weight,manufacturing,"human toxicity: non-carcinogenic, organics",0.00016695400390497712,2.1122355156291176e-07,1.5891120029631107e-07,2.737475350483514e-07,raw_knit,2050
raw_knit|repair|Carding & roving||machine weight,manufacturing,ionising radiation: human health,4.1750523867036155e-05,1.122784149198671e-08,8.412475169681138e-09,1.4024855350821979e-08,raw_knit,2050
raw_knit|repair|Carding & roving||machine weight,manufacturing,land use,5.659080549317595e-06,1.7891057190686192e-10,1.33807038339123e-10,2.2736894415688186e-10,raw_knit,2050
raw_knit|repair|Carding & roving||machine weight,manufacturing,material resources: metals/minerals,7.250013569859543e-05,5.42032589862513e-08,3.9780798777229874e-08,7.048393152441013e-08,raw_knit,2050
raw_knit|repair|Carding & roving||machine weight,manufacturing,ozone depletion,4.4023118079647875e-05,1.7490464133866588e-08,1.2952644809764491e-08,2.2861820464772747e-08,raw_knit,2050
raw_knit|repair|Carding & roving||machine weight,manufacturing,particulate matter formation,2.8823857118678538e-05,4.716064879214746e-09,3.535929593002493e-09,5.983518767795165e-09,raw_knit,2050
raw_knit|repair|Carding & roving||machine weight,manufacturing,photochemical oxidant formation: human health,4.211933657299935e-05,1.0212032805983854e-08,7.619967555632857e-09,1.2909565265905122e-08,raw_knit,2050
raw_knit|repair|Carding & roving||machine weight,manufacturing,water use,8.47184912114591e-05,4.394352511168357e-08,3.277422683283873e-08,5.5240790315106676e-08,raw_knit,2050
raw_knit|repair|Carding & roving||power,manufacturing,acidification,0.00021263751067272983,2.478208803552395e-07,1.9677447971914082e-07,2.992162973097574e-07,raw_knit,2050
raw_knit|repair|Carding & roving||power,manufacturing,climate change,0.00021796154984777096,8.948155002810787e-07,7.113851119061675e-07,1.0847900415341485e-06,raw_knit,2050
raw_knit|repair|Carding & roving||power,manufacturing,climate change: biogenic,0.0001125753587646686,6.982560690519405e-08,5.434816106325843e-08,8.244811500443806e-08,raw_knit,2050
raw_knit|repair|Carding & roving||power,manufacturing,climate change: fossil,0.00038419368589376514,8.33793121212964e-07,6.628751447285235e-07,1.009852828419602e-06,raw_knit,2050
raw_knit|repair|Carding & roving||power,manufacturing,climate change: land use and land use change,0.001754875198956033,3.114900665864009e-05,2.447779515781851e-05,3.706178665586169e-05,raw_knit,2050
raw_knit|repair|Carding & roving||power,manufacturing,ecotoxicity: freshwater,0.0011398548295884206,7.190879380346942e-06,5.720101458918765e-06,8.805968585939054e-06,raw_knit,2050
raw_knit|repair|Carding & roving||power,manufacturing,"ecotoxicity: freshwater, inorganics",0.0012569910297628,8.774185793957431e-06,6.982891510074822e-06,1.0737238900612326e-05,raw_knit,2050
raw_knit|repair|Carding & roving||power,manufacturing,"ecotoxicity: freshwater, organics",0.00011443067707410548,7.330832500145216e-08,5.8092472285425486e-08,8.9052344924668e-08,raw_knit,2050
raw_knit|repair|Carding & roving||power,manufacturing,energy resources: non-renewable,0.0012336723917049115,8.410085309748985e-06,6.666545231943961e-06,1.0227192432480153e-05,raw_knit,2050
raw_knit|repair|Carding & roving||power,manufacturing,eutrophication: freshwater,0.0006300454013274881,2.200322005715045e-06,1.7492386323434228e-06,2.6625161687765434e-06,raw_knit,2050
raw_knit|repair|Carding & roving||power,manufacturing,eutrophication: marine,4.480103424925811e-05,1.1076376090864098e-08,8.793686581466529e-09,1.3348223211272154e-08,raw_knit,2050
raw_knit|repair|Carding & roving||power,manufacturing,eutrophication: terrestrial,8.464126092652002e-05,3.926663505589517e-08,3.1155823994336256e-08,4.7403215172800224e-08,raw_knit,2050
raw_knit|repair|Carding & roving||power,manufacturing,human toxicity: carcinogenic,0.0024679177614167027,7.147282286196305e-05,5.5890669020721074e-05,9.02946333745865e-05,raw_knit,2050
raw_knit|repair|Carding & roving||power,manufacturing,"human toxicity: carcinogenic, inorganics",0.00037298329167863216,0.000218205294254488,0.0001817506914721269,0.0002590671833057082,raw_knit,2050
raw_knit|repair|Carding & roving||power,manufacturing,"human toxicity: carcinogenic, organics",0.0014374017177497165,1.9421410061063e-05,1.4903793355037026e-05,2.5779699350305197e-05,raw_knit,2050
raw_knit|repair|Carding & roving||power,manufacturing,human toxicity: non-carcinogenic,-0.0029738427463278797,0.0001193915893553375,9.7834476005588e-05,0.00014287786427950226,raw_knit,2050
raw_knit|repair|Carding & roving||power,manufacturing,"human toxicity: non-carcinogenic, inorganics",-0.0029773622003640807,9.764373005941105e-05,7.92848695886854e-05,0.00011649131643321194,raw_knit,2050
raw_knit|repair|Carding & roving||power,manufacturing,"human toxicity: non-carcinogenic, organics",0.0022988793179832168,3.0208073347839656e-05,2.4104550683153464e-05,3.6946867545606786e-05,raw_knit,2050
raw_knit|repair|Carding & roving||power,manufacturing,ionising radiation: human health,0.002320840184023994,3.523607686776332e-05,2.766673654752913e-05,4.194284075429415e-05,raw_knit,2050
raw_knit|repair|Carding & roving||power,manufacturing,land use,0.00031180185589631205,5.258815752613584e-07,4.1648363920187633e-07,6.326511592603776e-07,raw_knit,2050
raw_knit|repair|Carding & roving||power,manufacturing,material resources: metals/minerals,0.0025638104883334355,4.053100652578957e-05,3.1439532178679015e-05,5.055068898410823e-05,raw_knit,2050
raw_knit|repair|Carding & roving||power,manufacturing,ozone depletion,0.001750657209432566,1.971663685500042e-05,1.5227439696396407e-05,2.4861800908694767e-05,raw_knit,2050
raw_knit|repair|Carding & roving||power,manufacturing,particulate matter formation,0.00025754918339114324,3.757520855847367e-07,2.9404153075725523e-07,4.623671876858944e-07,raw_knit,2050
raw_knit|repair|Carding & roving||power,manufacturing,photochemical oxidant formation: human health,0.0004838383437625524,1.2860603389850745e-06,1.0195976250118656e-06,1.5597003120363597e-06,raw_knit,2050
raw_knit|repair|Carding & roving||power,manufacturing,water use,0.0017950303368427102,2.156854125298217e-05,1.6999061606247414e-05,2.5546792859582637e-05,raw_knit,2050
raw_knit|repair|Carding & roving||output rate,manufacturing,acidification,-7.574181174157112e-05,2.88785703481177e-07,2.294852567697037e-07,3.451482547157945e-07,raw_knit,2050
raw_knit|repair|Carding & roving||output rate,manufacturing,climate change,-0.00011242012189774659,1.2507952282030368e-06,9.997630251413914e-07,1.5014561641892642e-06,raw_knit,2050
raw_knit|repair|Carding & roving||output rate,manufacturing,climate change: biogenic,-4.3293386744483085e-05,7.914568999858167e-08,6.288617956424775e-08,9.636349537391194e-08,raw_knit,2050
raw_knit|repair|Carding & roving||output rate,manufacturing,climate change: fossil,-0.0001719043244761686,1.1737232166758237e-06,9.337531716916269e-07,1.4099089104871157e-06,raw_knit,2050
raw_knit|repair|Carding & roving||output rate,manufacturing,climate change: land use and land use change,-0.0013089040890767816,3.44650266263581e-05,2.674509228658188e-05,4.29632062221557e-05,raw_knit,2050
raw_knit|repair|Carding & roving||output rate,manufacturing,ecotoxicity: freshwater,-0.00046310657908768294,8.829577918649527e-06,7.0863816496115166e-06,1.0467465325819975e-05,raw_knit,2050
raw_knit|repair|Carding & roving||output rate,manufacturing,"ecotoxicity: freshwater, inorganics",-0.0005141280703565685,1.0761643355600294e-05,8.64128307983789e-06,1.2804878607749773e-05,raw_knit,2050
raw_knit|repair|Carding & roving||output rate,manufacturing,"ecotoxicity: freshwater, organics",-4.776639085840559e-05,9.970926051495923e-08,7.919546993401145e-08,1.1963709264766367e-07,raw_knit,2050
raw_knit|repair|Carding & roving||output rate,manufacturing,energy resources: non-renewable,-0.00048487909201236893,9.963260252101165e-06,7.973175444678172e-06,1.1848699914546819e-05,raw_knit,2050
raw_knit|repair|Carding & roving||output rate,manufacturing,eutrophication: freshwater,-0.00026160740954769693,2.816629272803442e-06,2.244387602117476e-06,3.3685493060903864e-06,raw_knit,2050
raw_knit|repair|Carding & roving||output rate,manufacturing,eutrophication: marine,-1.5643700186935754e-05,1.2863779805005767e-08,1.0236849695813185e-08,1.5362087185891575e-08,raw_knit,2050
raw_knit|repair|Carding & roving||output rate,manufacturing,eutrophication: terrestrial,-2.930690592521093e-05,4.46128037591658e-08,3.540620147374228e-08,5.361835146571779e-08,raw_knit,2050
raw_knit|repair|Carding & roving||output rate,manufacturing,human toxicity: carcinogenic,-0.0008464320464334193,8.966428306932751e-05,7.385385150296314e-05,0.00010897950743736016,raw_knit,2050
raw_knit|repair|Carding & roving||output rate,manufacturing,"human toxicity: carcinogenic, inorganics",-0.0012728925330225001,0.00027072912467842545,0.000217295470577216,0.0003234038492709851,raw_knit,2050
raw_knit|repair|Carding & roving||output rate,manufacturing,"human toxicity: carcinogenic, organics",-0.0003134408468249437,2.4443566109845683e-05,1.926812270396682e-05,2.9979776824531756e-05,raw_knit,2050
raw_knit|repair|Carding & roving||output rate,manufacturing,human toxicity: non-carcinogenic,0.0005951403132421566,0.00014721498469334846,0.00011641683704866575,0.00017097339668500027,raw_knit,2050
raw_knit|repair|Carding & roving||output rate,manufacturing,"human toxicity: non-carcinogenic, inorganics",0.0006903368111349637,0.0001207103541198609,9.546924857449002e-05,0.00014166731856282634,raw_knit,2050
raw_knit|repair|Carding & roving||output rate,manufacturing,"human toxicity: non-carcinogenic, organics",-0.0009231390769667644,3.554515102559493e-05,2.8809444010936323e-05,4.30618911909102e-05,raw_knit,2050
raw_knit|repair|Carding & roving||output rate,manufacturing,ionising radiation: human health,-0.0012844251004361688,3.8348944482163966e-05,3.035317203828632e-05,4.703546196784464e-05,raw_knit,2050
raw_knit|repair|Carding & roving||output rate,manufacturing,land use,-0.00010255721721905493,5.665912004416848e-07,4.5092825405784176e-07,6.762132578186138e-07,raw_knit,2050
raw_knit|repair|Carding & roving||output rate,manufacturing,material resources: metals/minerals,-0.000603806666714611,4.4210039486424945e-05,3.542633296668567e-05,5.309836304177903e-05,raw_knit,2050
raw_knit|repair|Carding & roving||output rate,manufacturing,ozone depletion,-0.00029582281423961323,2.1164112980828522e-05,1.6767561439504175e-05,2.5526002172942547e-05,raw_knit,2050
raw_knit|repair|Carding & roving||output rate,manufacturing,particulate matter formation,-8.945133066791676e-05,4.5565962708737803e-07,3.613767790763663e-07,5.456063795846836e-07,raw_knit,2050
raw_knit|repair|Carding & roving||output rate,manufacturing,photochemical oxidant formation: human health,-0.0001729747094741273,1.5215312243946957e-06,1.212180940331604e-06,1.810315343106404e-06,raw_knit,2050
raw_knit|repair|Carding & roving||output rate,manufacturing,water use,-0.0010381897228007634,2.4384584050453463e-05,1.9384892116830058e-05,3.015748904265912e-05,raw_knit,2050
raw_knit|repair|Carding & roving||machine lifetime,manufacturing,acidification,-5.323026682577024e-06,1.5885396616754493e-09,1.2072311101920355e-09,1.950600709657398e-09,raw_knit,2050
raw_knit|repair|Carding & roving||machine lifetime,manufacturing,climate change,-1.849091815565545e-05,4.2340113586485626e-08,3.228646987538257e-08,5.166478652205836e-08,raw_knit,2050
raw_knit|repair|Carding & roving||machine lifetime,manufacturing,climate change: biogenic,-1.7900309399509407e-06,1.8703049584834047e-10,1.42287344962099e-10,2.3018276617345332e-10,raw_knit,2050
raw_knit|repair|Carding & roving||machine lifetime,manufacturing,climate change: fossil,-2.881578039091897e-05,4.1714630039982716e-08,3.1760394407907596e-08,5.115830383164515e-08,raw_knit,2050
raw_knit|repair|Carding & roving||machine lifetime,manufacturing,climate change: land use and land use change,-1.7743244162581435e-05,2.592223994164202e-08,2.0274635088528728e-08,3.173724561412468e-08,raw_knit,2050
raw_knit|repair|Carding & roving||machine lifetime,manufacturing,ecotoxicity: freshwater,-5.011020341950022e-05,1.0287671377542558e-07,7.83429770057564e-08,1.2603982405722113e-07,raw_knit,2050
raw_knit|repair|Carding & roving||machine lifetime,manufacturing,"ecotoxicity: freshwater, inorganics",-5.580750910273773e-05,1.2370217681165077e-07,9.425048306272502e-08,1.5173657229349764e-07,raw_knit,2050
raw_knit|repair|Carding & roving||machine lifetime,manufacturing,"ecotoxicity: freshwater, organics",-7.224039450955777e-06,2.9407987152090155e-09,2.235334811627044e-09,3.6165896751956048e-09,raw_knit,2050
raw_knit|repair|Carding & roving||machine lifetime,manufacturing,energy resources: non-renewable,-3.94500746008415e-05,6.832208656937155e-08,5.214358532619286e-08,8.328764832138413e-08,raw_knit,2050
raw_knit|repair|Carding & roving||machine lifetime,manufacturing,eutrophication: freshwater,-3.287047520810934e-05,5.029481939015864e-08,3.8272968825280226e-08,6.15798758683211e-08,raw_knit,2050
raw_knit|repair|Carding & roving||machine lifetime,manufacturing,eutrophication: marine,-1.055144895313678e-06,6.723983074903869e-11,5.110824943964169e-11,8.271870098147495e-11,raw_knit,2050
raw_knit|repair|Carding & roving||machine lifetime,manufacturing,eutrophication: terrestrial,-1.5321026375593493e-06,1.406055299350198e-10,1.0687417210512843e-10,1.7291164361298821e-10,raw_knit,2050
raw_knit|repair|Carding & roving||machine lifetime,manufacturing,human toxicity: carcinogenic,-0.00024309293797763334,1.487476811081362e-06,1.132283717088645e-06,1.8336805052021785e-06,raw_knit,2050
raw_knit|repair|Carding & roving||machine lifetime,manufacturing,"human toxicity: carcinogenic, inorganics",-0.00030096183457853555,3.5313910794287424e-06,2.75792537635004e-06,4.350617567995177e-06,raw_knit,2050
raw_knit|repair|Carding & roving||machine lifetime,manufacturing,"human toxicity: carcinogenic, organics",-0.00013117211197972672,5.249480806263446e-07,3.9038168253787925e-07,6.408522842767339e-07,raw_knit,2050
raw_knit|repair|Carding & roving||machine lifetime,manufacturing,human toxicity: non-carcinogenic,-3.67170180849031e-05,1.7959188759871436e-06,1.4036329466175858e-06,2.2228030835505392e-06,raw_knit,2050
raw_knit|repair|Carding & roving||machine lifetime,manufacturing,"human toxicity: non-carcinogenic, inorganics",-1.1025989955267396e-05,1.5163637890975092e-06,1.1599890072192836e-06,1.8795537269127371e-06,raw_knit,2050
raw_knit|repair|Carding & roving||machine lifetime,manufacturing,"human toxicity: non-carcinogenic, organics",-8.244605334110573e-05,2.287306490891241e-07,1.746536621449852e-07,2.818683254277868e-07,raw_knit,2050
raw_knit|repair|Carding & roving||machine lifetime,manufacturing,ionising radiation: human health,-1.4815163453306603e-05,1.2158449404609849e-08,9.347843901149399e-09,1.4865480815332253e-08,raw_knit,2050
raw_knit|repair|Carding & roving||machine lifetime,manufacturing,land use,-1.8335520672782302e-06,1.937403511583213e-10,1.4723763573543626e-10,2.377049014307926e-10,raw_knit,2050
raw_knit|repair|Carding & roving||machine lifetime,manufacturing,material resources: metals/minerals,-4.205331254461947e-05,5.869584014401061e-08,4.375858478869214e-08,7.11726079187629e-08,raw_knit,2050
raw_knit|repair|Carding & roving||machine lifetime,manufacturing,ozone depletion,-2.2083404182892564e-05,1.8940186618671686e-08,1.4089035810756185e-08,2.3028688167706495e-08,raw_knit,2050
raw_knit|repair|Carding & roving||machine lifetime,manufacturing,particulate matter formation,-9.69294623815213e-06,5.106958165886132e-09,3.8768178415922786e-09,6.2724088165241275e-09,raw_knit,2050
raw_knit|repair|Carding & roving||machine lifetime,manufacturing,photochemical oxidant formation: human health,-1.4576535701770413e-05,1.1058490460671347e-08,8.397981138680834e-09,1.352495960693946e-08,raw_knit,2050
raw_knit|repair|Carding & roving||machine lifetime,manufacturing,water use,-2.961474481002238e-05,4.758573719724166e-08,3.663272739702958e-08,5.8244570806034096e-08,raw_knit,2050
raw_knit|repair|Carding & roving||process yield,manufacturing,acidification,0.01921976123422404,0.0008280458146617701,0.0006610962568292188,0.0009906004552657334,raw_knit,2050
raw_knit|repair|Carding & roving||process yield,manufacturing,climate change,0.009161703107434395,0.0005161435912243078,0.00041304338726627453,0.0006164399507745077,raw_knit,2050
raw_knit|repair|Carding & roving||process yield,manufacturing,climate change: biogenic,0.019542617440627727,0.0008564639744097703,0.0006839574601921199,0.0010257023132156365,raw_knit,2050
raw_knit|repair|Carding & roving||process yield,manufacturing,climate change: fossil,0.018535785547389286,0.0007779636657320314,0.0006185620952691409,0.0009295149334486481,raw_knit,2050
raw_knit|repair|Carding & roving||process yield,manufacturing,climate change: land use and land use change,0.007965148809157382,0.00020898788731059728,0.00016867703526398967,0.000251174971972153,raw_knit,2050
raw_knit|repair|Carding & roving||process yield,manufacturing,ecotoxicity: freshwater,0.015150890876100567,0.000526461718982196,0.0004169513497535153,0.0006278986815958932,raw_knit,2050
raw_knit|repair|Carding & roving||process yield,manufacturing,"ecotoxicity: freshwater, inorganics",0.014593775341254134,0.0004915456155751098,0.00038961568656056204,0.0005856095117433846,raw_knit,2050
raw_knit|repair|Carding & roving||process yield,manufacturing,"ecotoxicity: freshwater, organics",0.01948449231698635,0.0008520443642196692,0.0006796839906991869,0.0010193019315490324,raw_knit,2050
raw_knit|repair|Carding & roving||process yield,manufacturing,energy resources: non-renewable,0.01571939477585174,0.0005676636705307753,0.00044931679038438403,0.0006779778414595105,raw_knit,2050
raw_knit|repair|Carding & roving||process yield,manufacturing,eutrophication: freshwater,0.017357313013651763,0.00068074201935173,0.0005395218843097453,0.0008129056903672638,raw_knit,2050
raw_knit|repair|Carding & roving||process yield,manufacturing,eutrophication: marine,0.019764339004747878,0.0008762291316232991,0.0006985545781715859,0.0010487422656688125,raw_knit,2050
raw_knit|repair|Carding & roving||process yield,manufacturing,eutrophication: terrestrial,0.019643496871884974,0.0008652708154597736,0.0006900914603695595,0.001035601546495414,raw_knit,2050
raw_knit|repair|Carding & roving||process yield,manufacturing,human toxicity: carcinogenic,-0.00018579175097003945,4.649734056596354e-06,3.3238874900345676e-06,6.10792233716014e-06,raw_knit,2050
raw_knit|repair|Carding & roving||process yield,manufacturing,"human toxicity: carcinogenic, inorganics",-0.0014154430889268019,0.0013316667875942702,0.0011293713195841177,0.001608152567672503,raw_knit,2050
raw_knit|repair|Carding & roving||process yield,manufacturing,"human toxicity: carcinogenic, organics",0.008537965033002849,0.00023997638501887828,0.00019216743681612155,0.00029717991459450767,raw_knit,2050
raw_knit|repair|Carding & roving||process yield,manufacturing,human toxicity: non-carcinogenic,0.019947643987398882,0.00211178884135077,0.0017115755470518204,0.0025948649961147984,raw_knit,2050
raw_knit|repair|Carding & roving||process yield,manufacturing,"human toxicity: non-carcinogenic, inorganics",0.021775967260998366,0.002067618324014511,0.0016647102700609764,0.0025295989808869104,raw_knit,2050
raw_knit|repair|Carding & roving||process yield,manufacturing,"human toxicity: non-carcinogenic, organics",0.010334251799965872,0.0002653410745643523,0.00021211205195524136,0.0003145299881752601,raw_knit,2050
raw_knit|repair|Carding & roving||process yield,manufacturing,ionising radiation: human health,0.009794512837450675,0.00025159435962946174,0.00020222222068568905,0.0002994464276129792,raw_knit,2050
raw_knit|repair|Carding & roving||process yield,manufacturing,land use,0.018965602083025637,0.0008051933159179219,0.0006435279815812888,0.0009634544854559723,raw_knit,2050
raw_knit|repair|Carding & roving||process yield,manufacturing,material resources: metals/minerals,0.00786402988384902,0.0001741270971409108,0.0001397420175012893,0.00021012099869698075,raw_knit,2050
raw_knit|repair|Carding & roving||process yield,manufacturing,ozone depletion,0.012698722439828117,0.00042757575616789905,0.0003430018369114094,0.0005160021465819481,raw_knit,2050
raw_knit|repair|Carding & roving||process yield,manufacturing,particulate matter formation,0.019084251793368517,0.0008180045576620872,0.0006523143660602012,0.0009772388008410142,raw_knit,2050
raw_knit|repair|Carding & roving||process yield,manufacturing,photochemical oxidant formation: human health,0.018249353718415212,0.0007480275260747868,0.0005961892217011758,0.0008932628653692707,raw_knit,2050
raw_knit|repair|Carding & roving||process yield,manufacturing,water use,0.011504356070383234,0.00033556035222980635,0.00027012265134736165,0.00040037531672878595,raw_knit,2050
raw_knit|repair|Carding & roving||machine source,manufacturing,acidification,-3.931110161602303e-05,1.1012812733164247e-07,8.800746211425879e-08,1.2889496501361886e-07,raw_knit,2050
raw_knit|repair|Carding & roving||machine source,manufacturing,climate change,-0.00019899602808889178,2.922719425917509e-06,2.337920868981764e-06,3.4116069150703248e-06,raw_knit,2050
raw_knit|repair|Carding & roving||machine source,manufacturing,climate change: biogenic,-1.3429811526835148e-05,1.3003829657658577e-08,1.0389839898955037e-08,1.5213312015989092e-08,raw_knit,2050
raw_knit|repair|Carding & roving||machine source,manufacturing,climate change: fossil,-0.0002083838787751303,2.8794216350086966e-06,2.29692640803562e-06,3.3503724932229706e-06,raw_knit,2050
raw_knit|repair|Carding & roving||machine source,manufacturing,climate change: land use and land use change,-0.0001630853755985205,1.8028201726656707e-06,1.455185591583495e-06,2.126010034671422e-06,raw_knit,2050
raw_knit|repair|Carding & roving||machine source,manufacturing,ecotoxicity: freshwater,-0.0003426260384894634,7.1536583310370665e-06,5.760026319367145e-06,8.361809560514339e-06,raw_knit,2050
raw_knit|repair|Carding & roving||machine source,manufacturing,"ecotoxicity: freshwater, inorganics",-0.00037838504506586734,8.60207207073656e-06,6.937858592917472e-06,1.0062029149512786e-05,raw_knit,2050
raw_knit|repair|Carding & roving||machine source,manufacturing,"ecotoxicity: freshwater, organics",-5.360705056578091e-05,2.0411395043574125e-07,1.629733955412271e-07,2.3893538785643294e-07,raw_knit,2050
raw_knit|repair|Carding & roving||machine source,manufacturing,energy resources: non-renewable,-0.0002718216661164343,4.707178185153122e-06,3.781110802421419e-06,5.492187527788782e-06,raw_knit,2050
raw_knit|repair|Carding & roving||machine source,manufacturing,eutrophication: freshwater,-0.0002334393387131047,3.500274920832273e-06,2.801460878427059e-06,4.078384939584112e-06,raw_knit,2050
raw_knit|repair|Carding & roving||machine source,manufacturing,eutrophication: marine,-7.961569371993018e-06,4.613134051356627e-09,3.684968291122814e-09,5.3977010012221176e-09,raw_knit,2050
raw_knit|repair|Carding & roving||machine source,manufacturing,eutrophication: terrestrial,-1.1530208696682804e-05,9.642419138153354e-09,7.703472887427495e-09,1.128512178936629e-08,raw_knit,2050
raw_knit|repair|Carding & roving||machine source,manufacturing,human toxicity: carcinogenic,-0.0011880444417569523,0.00010343824906578919,8.68234895661249e-05,0.00012530124797620793,raw_knit,2050
raw_knit|repair|Carding & roving||machine source,manufacturing,"human toxicity: carcinogenic, inorganics",-0.0011804337369106536,0.0002457097842131291,0.0002059747423366161,0.0002846089256017559,raw_knit,2050
raw_knit|repair|Carding & roving||machine source,manufacturing,"human toxicity: carcinogenic, organics",-0.0006889448977628452,3.648171306633521e-05,2.9741711393179786e-05,4.383188145779869e-05,raw_knit,2050
raw_knit|repair|Carding & roving||machine source,manufacturing,human toxicity: non-carcinogenic,0.0003032886579870824,0.00012491989002863621,0.00010324111722878138,0.000146155451300622,raw_knit,2050
raw_knit|repair|Carding & roving||machine source,manufacturing,"human toxicity: non-carcinogenic, inorganics",0.00039942498359657106,0.00010548632370623404,8.693921403447308e-05,0.00012406877256508658,raw_knit,2050
raw_knit|repair|Carding & roving||machine source,manufacturing,"human toxicity: non-carcinogenic, organics",-0.0005203435273850893,1.5864551453187668e-05,1.2901367456980765e-05,1.876297396202933e-05,raw_knit,2050
raw_knit|repair|Carding & roving||machine source,manufacturing,ionising radiation: human health,-0.00011556501824939785,8.453284849021923e-07,6.80575968876832e-07,1.002395950982919e-06,raw_knit,2050
raw_knit|repair|Carding & roving||machine source,manufacturing,land use,-1.358809062518783e-05,1.3271902853587973e-08,1.0617296764749328e-08,1.552462356695145e-08,raw_knit,2050
raw_knit|repair|Carding & roving||machine source,manufacturing,material resources: metals/minerals,-0.00022510046410006762,4.080061849447141e-06,3.3670630970854607e-06,4.8606924876277025e-06,raw_knit,2050
raw_knit|repair|Carding & roving||machine source,manufacturing,ozone depletion,-0.00012067646970291432,1.3041579282597183e-06,1.0654947969301953e-06,1.55152579907258e-06,raw_knit,2050
raw_knit|repair|Carding & roving||machine source,manufacturing,particulate matter formation,-7.055912395750279e-05,3.5248612924274407e-07,2.816239787842896e-07,4.1280219996316823e-07,raw_knit,2050
raw_knit|repair|Carding & roving||machine source,manufacturing,photochemical oxidant formation: human health,-0.00010495841953436993,7.588396220977795e-07,6.071155272859763e-07,8.848187510974578e-07,raw_knit,2050
raw_knit|repair|Carding & roving||machine source,manufacturing,water use,-0.0002351339281055285,3.310296005041147e-06,2.652616211037903e-06,3.921821280579522e-06,raw_knit,2050
raw_knit|repair|Spinning||machine weight,manufacturing,acidification,-4.959238587696807e-06,3.5276232832321145e-10,2.6686867703736185e-10,4.457306240322212e-10,raw_knit,2050
raw_knit|repair|Spinning||machine weight,manufacturing,climate change,-1.5805709867420158e-05,9.402305869590477e-09,7.1771754053655e-09,1.1832371438821557e-08,raw_knit,2050
raw_knit|repair|Spinning||machine weight,manufacturing,climate change: biogenic,-1.6915605199188563e-06,4.1533361962069226e-11,3.139717538372904e-11,5.242850683293947e-11,raw_knit,2050
raw_knit|repair|Spinning||machine weight,manufacturing,climate change: fossil,-2.5467075203136174e-05,9.263406651636431e-09,7.0063403417570585e-09,1.1713142549591117e-08,raw_knit,2050
raw_knit|repair|Spinning||machine weight,manufacturing,climate change: land use and land use change,-1.569934139722569e-05,5.756482772165285e-09,4.4664716433631675e-09,7.196116113752289e-09,raw_knit,2050
raw_knit|repair|Spinning||machine weight,manufacturing,ecotoxicity: freshwater,-4.024489588419244e-05,2.284555718074246e-08,1.732691115416578e-08,2.8957497348087255e-08,raw_knit,2050
raw_knit|repair|Spinning||machine weight,manufacturing,"ecotoxicity: freshwater, inorganics",-4.411810166422764e-05,2.747021232325368e-08,2.084626204336408e-08,3.482833502745402e-08,raw_knit,2050
raw_knit|repair|Spinning||machine weight,manufacturing,"ecotoxicity: freshwater, organics",-6.734546163670028e-06,6.530549341385808e-10,4.940653349847661e-10,8.250589811253099e-10,raw_knit,2050
raw_knit|repair|Spinning||machine weight,manufacturing,energy resources: non-renewable,-3.267362708218665e-05,1.5171981140292544e-08,1.1529703578461125e-08,1.9202285832491473e-08,raw_knit,2050
raw_knit|repair|Spinning||machine weight,manufacturing,eutrophication: freshwater,-2.8015695237656926e-05,1.1168837357107188e-08,8.451207023515407e-09,1.4136915874690147e-08,raw_knit,2050
raw_knit|repair|Spinning||machine weight,manufacturing,eutrophication: marine,-1.023092029670147e-06,1.4931531957509063e-11,1.1305437001474632e-11,1.885443747540422e-11,raw_knit,2050
raw_knit|repair|Spinning||machine weight,manufacturing,eutrophication: terrestrial,-1.4806872414609742e-06,3.1223368042494015e-11,2.363546664567728e-11,3.94300417155146e-11,raw_knit,2050
raw_knit|repair|Spinning||machine weight,manufacturing,human toxicity: carcinogenic,-0.00012054585743565535,3.3032000700797146e-07,2.502498916423301e-07,4.244871979573528e-07,raw_knit,2050
raw_knit|repair|Spinning||machine weight,manufacturing,"human toxicity: carcinogenic, inorganics",-3.627846422940753e-05,7.842066529605189e-07,6.03345612038429e-07,1.0070753853827185e-06,raw_knit,2050
raw_knit|repair|Spinning||machine weight,manufacturing,"human toxicity: carcinogenic, organics",-8.368310948985447e-05,1.1657380372241352e-07,8.91971940477461e-08,1.4887299890839392e-07,raw_knit,2050
raw_knit|repair|Spinning||machine weight,manufacturing,human toxicity: non-carcinogenic,9.450717277529148e-05,3.988149293975395e-07,3.0410487998030505e-07,5.028759185116788e-07,raw_knit,2050
raw_knit|repair|Spinning||machine weight,manufacturing,"human toxicity: non-carcinogenic, inorganics",9.801806585806279e-05,3.3673487919792755e-07,2.573341455643798e-07,4.248164084456678e-07,raw_knit,2050
raw_knit|repair|Spinning||machine weight,manufacturing,"human toxicity: non-carcinogenic, organics",-5.924810662677902e-05,5.0793556437274594e-08,3.8660235357076733e-08,6.411984948883897e-08,raw_knit,2050
raw_knit|repair|Spinning||machine weight,manufacturing,ionising radiation: human health,-1.2451866669749585e-05,2.699994324741536e-09,2.0873685822638873e-09,3.410840417052867e-09,raw_knit,2050
raw_knit|repair|Spinning||machine weight,manufacturing,land use,-1.744893652753336e-06,4.302256906280449e-11,3.254399888624473e-11,5.4357530821660406e-11,raw_knit,2050
raw_knit|repair|Spinning||machine weight,manufacturing,material resources: metals/minerals,-2.9480584012557927e-05,1.3034427586348519e-08,9.936198912449211e-09,1.6714429836462242e-08,raw_knit,2050
raw_knit|repair|Spinning||machine weight,manufacturing,ozone depletion,-1.694445270857022e-05,4.2059588623791415e-09,3.198218658884706e-09,5.343976469323296e-09,raw_knit,2050
raw_knit|repair|Spinning||machine weight,manufacturing,particulate matter formation,-8.94093975339115e-06,1.1340823349519375e-09,8.589158076615469e-10,1.4341767144737895e-09,raw_knit,2050
raw_knit|repair|Spinning||machine weight,manufacturing,photochemical oxidant formation: human health,-1.3238561623025171e-05,2.4556913873501794e-09,1.8567395582073741e-09,3.1071883249898246e-09,raw_knit,2050
raw_knit|repair|Spinning||machine weight,manufacturing,water use,-2.492915110897059e-05,1.0567238264455875e-08,8.132819605865857e-09,1.3400145441601697e-08,raw_knit,2050
raw_knit|repair|Spinning||power,manufacturing,acidification,-0.00012201653229958281,1.0628281562982226e-07,8.80259688914689e-08,1.3082336142493318e-07,raw_knit,2050
raw_knit|repair|Spinning||power,manufacturing,climate change,-0.00013286451560525026,3.8361335586202805e-07,3.151644740129421e-07,4.7638764859072246e-07,raw_knit,2050
raw_knit|repair|Spinning||power,manufacturing,climate change: biogenic,-5.822835691787301e-05,3.007956573528148e-08,2.4884143663395733e-08,3.6491698610945955e-08,raw_knit,2050
raw_knit|repair|Spinning||power,manufacturing,climate change: fossil,-0.00022420996882797388,3.5731534135601474e-07,2.938902547189538e-07,4.4073985293423076e-07,raw_knit,2050
raw_knit|repair|Spinning||power,manufacturing,climate change: land use and land use change,-0.0008642452290835346,1.346322430959353e-05,1.1197984109882743e-05,1.6201913120277652e-05,raw_knit,2050
raw_knit|repair|Spinning||power,manufacturing,ecotoxicity: freshwater,-0.0006617071457762015,3.083618246821825e-06,2.5248316416322566e-06,3.797170967962336e-06,raw_knit,2050
raw_knit|repair|Spinning||power,manufacturing,"ecotoxicity: freshwater, inorganics",-0.0007302929676405988,3.7626446125808954e-06,3.0767758856663024e-06,4.633995616250349e-06,raw_knit,2050
raw_knit|repair|Spinning||power,manufacturing,"ecotoxicity: freshwater, organics",-6.791758351344452e-05,3.1382540617221695e-08,2.586431069613173e-08,3.8923407003360244e-08,raw_knit,2050
raw_knit|repair|Spinning||power,manufacturing,energy resources: non-renewable,-0.000696921222648399,3.610695885333064e-06,2.97150060937742e-06,4.378496742406572e-06,raw_knit,2050
raw_knit|repair|Spinning||power,manufacturing,eutrophication: freshwater,-0.0003647824701627101,9.434606980755491e-07,7.773970107654523e-07,1.1602458635514707e-06,raw_knit,2050
raw_knit|repair|Spinning||power,manufacturing,eutrophication: marine,-2.5881131000553302e-05,4.748364092720684e-09,3.933645235614953e-09,5.851051315028621e-09,raw_knit,2050
raw_knit|repair|Spinning||power,manufacturing,eutrophication: terrestrial,-4.803535553379568e-05,1.684888619548437e-08,1.3988382482343018e-08,2.073106435195843e-08,raw_knit,2050
raw_knit|repair|Spinning||power,manufacturing,human toxicity: carcinogenic,-0.0016449600486694315,3.0528911451772465e-05,2.4511890472657013e-05,3.8247246215710683e-05,raw_knit,2050
raw_knit|repair|Spinning||power,manufacturing,"human toxicity: carcinogenic, inorganics",-0.0004405163322442639,9.358308324472116e-05,7.888980867228809e-05,0.00011407993974573344,raw_knit,2050
raw_knit|repair|Spinning||power,manufacturing,"human toxicity: carcinogenic, organics",-0.0010641268986449645,8.2431714295927e-06,6.3279437367719675e-06,1.0652140530291247e-05,raw_knit,2050
raw_knit|repair|Spinning||power,manufacturing,human toxicity: non-carcinogenic,0.0015884228885289981,5.120136953565459e-05,4.350513044034799e-05,6.491403912773638e-05,raw_knit,2050
raw_knit|repair|Spinning||power,manufacturing,"human toxicity: non-carcinogenic, inorganics",0.0016111908549624376,4.1874246688888087e-05,3.536199858838218e-05,5.2822921871870484e-05,raw_knit,2050
raw_knit|repair|Spinning||power,manufacturing,"human toxicity: non-carcinogenic, organics",-0.0013373248136025917,1.2957594575705283e-05,1.0631200838394159e-05,1.597743330894752e-05,raw_knit,2050
raw_knit|repair|Spinning||power,manufacturing,ionising radiation: human health,-0.0012010626635359967,1.5201591866116446e-05,1.2672603419453248e-05,1.817215813493556e-05,raw_knit,2050
raw_knit|repair|Spinning||power,manufacturing,land use,-0.00017481278718935864,2.2579861384619938e-07,1.8770246515341616e-07,2.775777783121586e-07,raw_knit,2050
raw_knit|repair|Spinning||power,manufacturing,material resources: metals/minerals,-0.0016131080350005292,1.7316984179299917e-05,1.3853687545945064e-05,2.1625386195975038e-05,raw_knit,2050
raw_knit|repair|Spinning||power,manufacturing,ozone depletion,-0.0011421996177512538,8.402426304191572e-06,6.701769153966314e-06,1.0584164882660135e-05,raw_knit,2050
raw_knit|repair|Spinning||power,manufacturing,particulate matter formation,-0.0001571938729966384,1.6060995591383227e-07,1.3130940151317417e-07,1.9952405642568009e-07,raw_knit,2050
raw_knit|repair|Spinning||power,manufacturing,photochemical oxidant formation: human health,-0.0002832240522103847,5.510402512703516e-07,4.5425230103389965e-07,6.802130193490812e-07,raw_knit,2050
raw_knit|repair|Spinning||power,manufacturing,water use,-0.0009028550993044339,9.310144690630398e-06,7.714826116961344e-06,1.1172958382220403e-05,raw_knit,2050
raw_knit|repair|Spinning||output rate,manufacturing,acidification,4.5722242464093115e-05,1.3090718726763344e-07,1.0689654702390685e-07,1.5562410338297842e-07,raw_knit,2050
raw_knit|repair|Spinning||output rate,manufacturing,climate change,7.302819167057135e-05,5.336589045080541e-07,4.2681233862334833e-07,6.413331412409645e-07,raw_knit,2050
raw_knit|repair|Spinning||output rate,manufacturing,climate change: biogenic,1.6699118595910785e-05,3.505104560888992e-08,2.903692493913299e-08,4.202907424098445e-08,raw_knit,2050
raw_knit|repair|Spinning||output rate,manufacturing,climate change: fossil,0.00010145892942539517,5.008574936680212e-07,4.0530818663633165e-07,6.024153234656206e-07,raw_knit,2050
raw_knit|repair|Spinning||output rate,manufacturing,climate change: land use and land use change,3.875996566426221e-05,1.4996326428661328e-05,1.2544438801032264e-05,1.80857783668997e-05,raw_knit,2050
raw_knit|repair|Spinning||output rate,manufacturing,ecotoxicity: freshwater,0.00027637824290901807,3.932863193569884e-06,3.2282294971433464e-06,4.7018627318881e-06,raw_knit,2050
raw_knit|repair|Spinning||output rate,manufacturing,"ecotoxicity: freshwater, inorganics",0.0003068059619906222,4.7947095402757765e-06,3.938724415162954e-06,5.723903234440403e-06,raw_knit,2050
raw_knit|repair|Spinning||output rate,manufacturing,"ecotoxicity: freshwater, organics",2.9948616802204386e-05,4.3362626132621804e-08,3.479104538176623e-08,5.2687409568941226e-08,raw_knit,2050
raw_knit|repair|Spinning||output rate,manufacturing,energy resources: non-renewable,0.00026685289828241583,4.4558043487057486e-06,3.6801228235061077e-06,5.306881639138542e-06,raw_knit,2050
raw_knit|repair|Spinning||output rate,manufacturing,eutrophication: freshwater,0.0001539749654274415,1.237316219343358e-06,1.0084211090562641e-06,1.4782989932593619e-06,raw_knit,2050
raw_knit|repair|Spinning||output rate,manufacturing,eutrophication: marine,9.758507918363485e-06,5.8554209921804685e-09,4.769045253411313e-09,6.998841163897287e-09,raw_knit,2050
raw_knit|repair|Spinning||output rate,manufacturing,eutrophication: terrestrial,1.7217276812058736e-05,2.0327477552927703e-08,1.6621903922923877e-08,2.404709040458914e-08,raw_knit,2050
raw_knit|repair|Spinning||output rate,manufacturing,human toxicity: carcinogenic,0.0008712521789936321,4.0730663189947726e-05,3.186807313317852e-05,5.150962947901838e-05,raw_knit,2050
raw_knit|repair|Spinning||output rate,manufacturing,"human toxicity: carcinogenic, inorganics",0.0008516578814049605,0.0001200469546274503,9.939168628821077e-05,0.0001480781356289527,raw_knit,2050
raw_knit|repair|Spinning||output rate,manufacturing,"human toxicity: carcinogenic, organics",0.0005095079321413008,1.1566478881405402e-05,8.221162711192584e-06,1.5194409834487098e-05,raw_knit,2050
raw_knit|repair|Spinning||output rate,manufacturing,human toxicity: non-carcinogenic,-0.000270031008393556,6.544528087511448e-05,5.2874974148866596e-05,7.99877207353393e-05,raw_knit,2050
raw_knit|repair|Spinning||output rate,manufacturing,"human toxicity: non-carcinogenic, inorganics",-0.00033686531955384356,5.361866850163313e-05,4.323344794407541e-05,6.543119514184241e-05,raw_knit,2050
raw_knit|repair|Spinning||output rate,manufacturing,"human toxicity: non-carcinogenic, organics",0.0005505544331170881,1.6037680824495978e-05,1.319404747038759e-05,1.921809093186949e-05,raw_knit,2050
raw_knit|repair|Spinning||output rate,manufacturing,ionising radiation: human health,0.00026067357465804153,1.7026292470585584e-05,1.432350762648502e-05,2.0377224347576047e-05,raw_knit,2050
raw_knit|repair|Spinning||output rate,manufacturing,land use,5.8270197251740376e-05,2.6171705243219e-07,2.1523996326100175e-07,3.09777829859352e-07,raw_knit,2050
raw_knit|repair|Spinning||output rate,manufacturing,material resources: metals/minerals,0.0005964601469624529,2.1081846168437985e-05,1.638437996009079e-05,2.6123002081557295e-05,raw_knit,2050
raw_knit|repair|Spinning||output rate,manufacturing,ozone depletion,0.0004219843004482227,1.0338586706941175e-05,7.843713169639992e-06,1.2979270624479634e-05,raw_knit,2050
raw_knit|repair|Spinning||output rate,manufacturing,particulate matter formation,6.721137191962053e-05,2.0852998415025035e-07,1.6639162546801973e-07,2.576152286729665e-07,raw_knit,2050
raw_knit|repair|Spinning||output rate,manufacturing,photochemical oxidant formation: human health,0.00011196351719133725,6.906269683208904e-07,5.632587478696261e-07,8.295514984017763e-07,raw_knit,2050
raw_knit|repair|Spinning||output rate,manufacturing,water use,0.0001987723797826501,1.064194096662607e-05,8.902644934340904e-06,1.2750299670129047e-05,raw_knit,2050
raw_knit|repair|Spinning||machine lifetime,manufacturing,acidification,2.457447224191763e-06,3.41898950145988e-10,2.6536084678170815e-10,4.2901122186436285e-10,raw_knit,2050
raw_knit|repair|Spinning||machine lifetime,manufacturing,climate change,6.937331983765935e-06,9.112752250480279e-09,7.165069941459331e-09,1.1373695151057591e-08,raw_knit,2050
raw_knit|repair|Spinning||machine lifetime,manufacturing,climate change: biogenic,8.358701809686749e-07,4.0254345074055655e-11,3.124586376384545e-11,5.0568226046266095e-11,raw_knit,2050
raw_knit|repair|Spinning||machine lifetime,manufacturing,climate change: fossil,1.2688352985883671e-05,8.978130473451547e-09,7.012087160207926e-09,1.1264467404631493e-08,raw_knit,2050
raw_knit|repair|Spinning||machine lifetime,manufacturing,climate change: land use and land use change,9.815395545933774e-06,5.579212358401347e-09,4.415999468016933e-09,7.0608026642899465e-09,raw_knit,2050
raw_knit|repair|Spinning||machine lifetime,manufacturing,ecotoxicity: freshwater,2.1146374077645935e-05,2.2142030000779307e-08,1.7233164059722618e-08,2.771368130151348e-08,raw_knit,2050
raw_knit|repair|Spinning||machine lifetime,manufacturing,"ecotoxicity: freshwater, inorganics",2.334910320252252e-05,2.6624269276779242e-08,2.076059032522611e-08,3.330571971115119e-08,raw_knit,2050
raw_knit|repair|Spinning||machine lifetime,manufacturing,"ecotoxicity: freshwater, organics",3.315760808676429e-06,6.329440780845115e-10,4.916778250098142e-10,7.942061738128812e-10,raw_knit,2050
raw_knit|repair|Spinning||machine lifetime,manufacturing,energy resources: non-renewable,1.7236098591703065e-05,1.4704735950491025e-08,1.1478651720558905e-08,1.8414539635464064e-08,raw_knit,2050
raw_knit|repair|Spinning||machine lifetime,manufacturing,eutrophication: freshwater,1.427268509502597e-05,1.0824894091767667e-08,8.465542360777917e-09,1.3569145178495128e-08,raw_knit,2050
raw_knit|repair|Spinning||machine lifetime,manufacturing,eutrophication: marine,4.97544232599656e-07,1.4471667568836736e-11,1.1224545777575166e-11,1.8215579863385394e-11,raw_knit,2050
raw_knit|repair|Spinning||machine lifetime,manufacturing,eutrophication: terrestrial,7.218927293463811e-07,3.0261738265862624e-11,2.347286311862465e-11,3.8064828361665585e-11,raw_knit,2050
raw_knit|repair|Spinning||machine lifetime,manufacturing,human toxicity: carcinogenic,7.336500708327787e-05,3.2014782829088295e-07,2.51276069102785e-07,4.052236374237693e-07,raw_knit,2050
raw_knit|repair|Spinning||machine lifetime,manufacturing,"human toxicity: carcinogenic, inorganics",6.410594570772144e-05,7.600570823849615e-07,5.968917184955098e-07,9.318406616164903e-07,raw_knit,2050
raw_knit|repair|Spinning||machine lifetime,manufacturing,"human toxicity: carcinogenic, organics",4.3992672552843714e-05,1.1298391927096663e-07,8.68561390355214e-08,1.4081101016089162e-07,raw_knit,2050
raw_knit|repair|Spinning||machine lifetime,manufacturing,human toxicity: non-carcinogenic,-2.191447735219967e-05,3.8653345819877497e-07,2.9549802651569897e-07,4.874594472737048e-07,raw_knit,2050
raw_knit|repair|Spinning||machine lifetime,manufacturing,"human toxicity: non-carcinogenic, inorganics",-2.7792412522576216e-05,3.263651587152863e-07,2.500962651932165e-07,4.127099065489784e-07,raw_knit,2050
raw_knit|repair|Spinning||machine lifetime,manufacturing,"human toxicity: non-carcinogenic, organics",3.3467935773686177e-05,4.9229362835856844e-08,3.8634989471155434e-08,6.147050648181355e-08,raw_knit,2050
raw_knit|repair|Spinning||machine lifetime,manufacturing,ionising radiation: human health,7.530743219379673e-06,2.6168481911859223e-09,2.0734127038759535e-09,3.311593659508976e-09,raw_knit,2050
raw_knit|repair|Spinning||machine lifetime,manufacturing,land use,8.638202615530375e-07,4.1697520538554716e-11,3.232649156277557e-11,5.2312618005870524e-11,raw_knit,2050
raw_knit|repair|Spinning||machine lifetime,manufacturing,material resources: metals/minerals,1.676098618060814e-05,1.2633033196368525e-08,9.89919458317799e-09,1.5792504033065505e-08,raw_knit,2050
raw_knit|repair|Spinning||machine lifetime,manufacturing,ozone depletion,9.062832996754606e-06,4.076428886872978e-09,3.15425326501701e-09,5.12746023357597e-09,raw_knit,2050
raw_knit|repair|Spinning||machine lifetime,manufacturing,particulate matter formation,4.4186711152559675e-06,1.0991570720601722e-09,8.532254525698996e-10,1.3803772410358006e-09,raw_knit,2050
raw_knit|repair|Spinning||machine lifetime,manufacturing,photochemical oxidant formation: human health,6.615889003625072e-06,2.380060712708678e-09,1.8498889303944635e-09,2.987453674555425e-09,raw_knit,2050
raw_knit|repair|Spinning||machine lifetime,manufacturing,water use,1.4450031774241462e-05,1.0241821105799718e-08,8.08931630118804e-09,1.299834530332986e-08,raw_knit,2050
raw_knit|repair|Spinning||process yield,manufacturing,acidification,-0.0039509944083566065,0.00045294635862465463,0.0003642357514842352,0.0005392898712990286,raw_knit,2050
raw_knit|repair|Spinning||process yield,manufacturing,climate change,-0.0019152740016355019,0.0002898790549093669,0.00023255400903974876,0.0003455419225102715,raw_knit,2050
raw_knit|repair|Spinning||process yield,manufacturing,climate change: biogenic,-0.004017798837254718,0.00046317762871319734,0.0003731058487468951,0.0005512225162155196,raw_knit,2050
raw_knit|repair|Spinning||process yield,manufacturing,climate change: fossil,-0.0037970014155069664,0.00043540701106042467,0.0003489058098884195,0.0005181700738696166,raw_knit,2050
raw_knit|repair|Spinning||process yield,manufacturing,climate change: land use and land use change,-0.001853965535765988,0.0001679241490248963,0.00013638774131579704,0.00019910795468081882,raw_knit,2050
raw_knit|repair|Spinning||process yield,manufacturing,ecotoxicity: freshwater,-0.0032300439083619457,0.00032782249616658977,0.00026178825313564075,0.00038809806651737345,raw_knit,2050
raw_knit|repair|Spinning||process yield,manufacturing,"ecotoxicity: freshwater, inorganics",-0.003134417907668176,0.00031253185895349335,0.00024906501866113744,0.0003705714773002163,raw_knit,2050
raw_knit|repair|Spinning||process yield,manufacturing,"ecotoxicity: freshwater, organics",-0.003991622535662138,0.00046146038194173927,0.0003710716461537045,0.0005494994834483051,raw_knit,2050
raw_knit|repair|Spinning||process yield,manufacturing,energy resources: non-renewable,-0.0033332934093031853,0.0003547729156658662,0.00028299462571193046,0.00041756778020668743,raw_knit,2050
raw_knit|repair|Spinning||process yield,manufacturing,eutrophication: freshwater,-0.003606440849198607,0.0003929045365620671,0.00031525661187203273,0.0004675536131514489,raw_knit,2050
raw_knit|repair|Spinning||process yield,manufacturing,eutrophication: marine,-0.004049645658208512,0.0004706619358156298,0.00037917244074808613,0.000560403364260526,raw_knit,2050
raw_knit|repair|Spinning||process yield,manufacturing,eutrophication: terrestrial,-0.004028938994806134,0.00046670199904682094,0.00037587583189331407,0.0005556608097436013,raw_knit,2050
raw_knit|repair|Spinning||process yield,manufacturing,human toxicity: carcinogenic,-0.0006311558482841196,2.0713512485103555e-05,1.563230240257913e-05,2.6457834653531458e-05,raw_knit,2050
raw_knit|repair|Spinning||process yield,manufacturing,"human toxicity: carcinogenic, inorganics",-0.0009473228362031032,0.0003763456871893584,0.0003095165269633456,0.0004444419314079506,raw_knit,2050
raw_knit|repair|Spinning||process yield,manufacturing,"human toxicity: carcinogenic, organics",-0.0018402102322925516,0.0001826249600562399,0.00014437144906364628,0.00022339839069576063,raw_knit,2050
raw_knit|repair|Spinning||process yield,manufacturing,human toxicity: non-carcinogenic,-0.004528311496666359,0.0007951752778372865,0.00064588528627185,0.0009450042414684851,raw_knit,2050
raw_knit|repair|Spinning||process yield,manufacturing,"human toxicity: non-carcinogenic, inorganics",-0.004787710181345509,0.0008040825060345324,0.0006516960245828353,0.0009543461745558503,raw_knit,2050
raw_knit|repair|Spinning||process yield,manufacturing,"human toxicity: non-carcinogenic, organics",-0.0024363800129840523,0.00021307200681848203,0.0001685128729866614,0.00025311322360289067,raw_knit,2050
raw_knit|repair|Spinning||process yield,manufacturing,ionising radiation: human health,-0.0023384646367494554,0.0002039457838270823,0.00016474861646764526,0.00024399397981989372,raw_knit,2050
raw_knit|repair|Spinning||process yield,manufacturing,land use,-0.003916557492201609,0.00044481155919374364,0.00035787448933709005,0.0005294683264598922,raw_knit,2050
raw_knit|repair|Spinning||process yield,manufacturing,material resources: metals/minerals,-0.0020159702477752675,0.00016143222885921243,0.00013070135163842906,0.00019439958687388005,raw_knit,2050
raw_knit|repair|Spinning||process yield,manufacturing,ozone depletion,-0.002678663203384422,0.0002971017718083472,0.0002397247233692246,0.0003579526689590927,raw_knit,2050
raw_knit|repair|Spinning||process yield,manufacturing,particulate matter formation,-0.003911022028257592,0.0004501256971778571,0.00036126772704521805,0.0005361781084199477,raw_knit,2050
raw_knit|repair|Spinning||process yield,manufacturing,photochemical oxidant formation: human health,-0.003771221525386339,0.0004224818315625734,0.0003384988101408588,0.0005030692717230715,raw_knit,2050
raw_knit|repair|Spinning||process yield,manufacturing,water use,-0.0026299653631718465,0.00024008840573364602,0.0001932777254537748,0.00028876329557107,raw_knit,2050
raw_knit|repair|Spinning||machine source,manufacturing,acidification,1.2586718224226359e-05,2.1069681097915464e-08,1.7318652113903114e-08,2.4600124877753818e-08,raw_knit,2050
raw_knit|repair|Spinning||machine source,manufacturing,climate change,2.726793482899417e-05,5.591738253872174e-07,4.651181632575159e-07,6.541413643710548e-07,raw_knit,2050
raw_knit|repair|Spinning||machine source,manufacturing,climate change: biogenic,4.3881667884728e-06,2.487888885221773e-09,2.0476232521469988e-09,2.9029682426881475e-09,raw_knit,2050
raw_knit|repair|Spinning||machine source,manufacturing,climate change: fossil,6.41529518846393e-05,5.508901046993766e-07,4.53375207432081e-07,6.461419073341621e-07,raw_knit,2050
raw_knit|repair|Spinning||machine source,manufacturing,climate change: land use and land use change,5.479936202117703e-05,3.4491502793439223e-07,2.902607139150787e-07,4.0407081175243045e-07,raw_knit,2050
raw_knit|repair|Spinning||machine source,manufacturing,ecotoxicity: freshwater,9.462800065961267e-05,1.3686358187541296e-06,1.13322649658049e-06,1.6179728653167754e-06,raw_knit,2050
raw_knit|repair|Spinning||machine source,manufacturing,"ecotoxicity: freshwater, inorganics",0.00010261191536607065,1.6457459116317735e-06,1.3646882062024932e-06,1.9476898459118436e-06,raw_knit,2050
raw_knit|repair|Spinning||machine source,manufacturing,"ecotoxicity: freshwater, organics",1.7272796165638164e-05,3.905102127420268e-08,3.2090038730865016e-08,4.5528257693879975e-08,raw_knit,2050
raw_knit|repair|Spinning||machine source,manufacturing,energy resources: non-renewable,7.730946631926321e-05,9.005759530766751e-07,7.435189719496485e-07,1.0605298772926038e-06,raw_knit,2050
raw_knit|repair|Spinning||machine source,manufacturing,eutrophication: freshwater,6.936752307903935e-05,6.696715736832385e-07,5.517440270422886e-07,7.871631183745868e-07,raw_knit,2050
raw_knit|repair|Spinning||machine source,manufacturing,eutrophication: marine,2.6059519752438105e-06,8.825834569157951e-10,7.263700033128203e-10,1.02742436675165e-09,raw_knit,2050
raw_knit|repair|Spinning||machine source,manufacturing,eutrophication: terrestrial,3.75883131367822e-06,1.8447848081671219e-09,1.517999088941409e-09,2.149258379935597e-09,raw_knit,2050
raw_knit|repair|Spinning||machine source,manufacturing,human toxicity: carcinogenic,0.00011321624942754735,1.978977554553229e-05,1.6609591311806726e-05,2.3991693645349636e-05,raw_knit,2050
raw_knit|repair|Spinning||machine source,manufacturing,"human toxicity: carcinogenic, inorganics",-0.000208025661536382,4.700912402167862e-05,4.064153186959479e-05,5.5200880176622416e-05,raw_knit,2050
raw_knit|repair|Spinning||machine source,manufacturing,"human toxicity: carcinogenic, organics",0.00011835484549440212,6.979670669406781e-06,5.886864581746585e-06,8.420943323423709e-06,raw_knit,2050
raw_knit|repair|Spinning||machine source,manufacturing,human toxicity: non-carcinogenic,-0.00040661896514322524,2.389963680907768e-05,2.00203772447571e-05,2.7556806098220517e-05,raw_knit,2050
raw_knit|repair|Spinning||machine source,manufacturing,"human toxicity: non-carcinogenic, inorganics",-0.0003880162387180592,2.0181612586481353e-05,1.682853038238831e-05,2.319178207850852e-05,raw_knit,2050
raw_knit|repair|Spinning||machine source,manufacturing,"human toxicity: non-carcinogenic, organics",0.00012248660637079658,3.035201342101625e-06,2.511919142956585e-06,3.6026904998278428e-06,raw_knit,2050
raw_knit|repair|Spinning||machine source,manufacturing,ionising radiation: human health,3.484790993823008e-05,1.617279983907924e-07,1.3602640043343213e-07,1.9107219387918223e-07,raw_knit,2050
raw_knit|repair|Spinning||machine source,manufacturing,land use,4.338829251166039e-06,2.539176570628154e-09,2.0884815162765982e-09,2.9707313603426802e-09,raw_knit,2050
raw_knit|repair|Spinning||machine source,manufacturing,material resources: metals/minerals,4.100297182990639e-05,7.805962392218372e-07,6.551115487703183e-07,9.288574130546349e-07,raw_knit,2050
raw_knit|repair|Spinning||machine source,manufacturing,ozone depletion,2.669299365330627e-05,2.4951111324178754e-07,2.0772500800412152e-07,2.9479712722202054e-07,raw_knit,2050
raw_knit|repair|Spinning||machine source,manufacturing,particulate matter formation,2.2222223811659854e-05,6.743754311029e-08,5.536112534778274e-08,7.883408677145172e-08,raw_knit,2050
raw_knit|repair|Spinning||machine source,manufacturing,photochemical oxidant formation: human health,3.220078406664098e-05,1.4518097446544785e-07,1.1937741449376636e-07,1.7007458199727688e-07,raw_knit,2050
raw_knit|repair|Spinning||machine source,manufacturing,water use,7.22784789376825e-05,6.333248631013759e-07,5.288837437137945e-07,7.460225830978309e-07,raw_knit,2050
raw_knit|repair|CNC knitting||machine weight,manufacturing,acidification,5.6507238393931446e-05,1.2660715655411992e-08,9.739559448183598e-09,1.5999512582149152e-08,raw_knit,2050
raw_knit|repair|CNC knitting||machine weight,manufacturing,climate change,0.0001807879072146988,3.3745207424804725e-07,2.585193480405806e-07,4.2478143752654516e-07,raw_knit,2050
raw_knit|repair|CNC knitting||machine weight,manufacturing,climate change: biogenic,1.9398146929797152e-05,1.4906395851546524e-09,1.148497912983972e-09,1.890583666992982e-09,raw_knit,2050
raw_knit|repair|CNC knitting||machine weight,manufacturing,climate change: fossil,0.0002888149814207965,3.324669490630857e-07,2.5402372112356177e-07,4.202281735954398e-07,raw_knit,2050
raw_knit|repair|CNC knitting||machine weight,manufacturing,climate change: land use and land use change,0.00020436190151371558,2.066011584587117e-07,1.5593286781688034e-07,2.609128088403886e-07,raw_knit,2050
raw_knit|repair|CNC knitting||machine weight,manufacturing,ecotoxicity: freshwater,0.0004500333640201378,8.199310035606471e-07,6.225215797578427e-07,1.0358441742533038e-06,raw_knit,2050
raw_knit|repair|CNC knitting||machine weight,manufacturing,"ecotoxicity: freshwater, inorganics",0.0004921078204374086,9.859106720133303e-07,7.475137987095803e-07,1.2434778468040936e-06,raw_knit,2050
raw_knit|repair|CNC knitting||machine weight,manufacturing,"ecotoxicity: freshwater, organics",7.688637124943416e-05,2.3438267668981765e-08,1.8030090856204576e-08,2.9649767465496392e-08,raw_knit,2050
raw_knit|repair|CNC knitting||machine weight,manufacturing,energy resources: non-renewable,0.00036603308790306583,5.445291478158279e-07,4.146448199322304e-07,6.861059237731383e-07,raw_knit,2050
raw_knit|repair|CNC knitting||machine weight,manufacturing,eutrophication: freshwater,0.0003170129995467862,4.0085147036108404e-07,3.060234497786895e-07,5.062385319742548e-07,raw_knit,2050
raw_knit|repair|CNC knitting||machine weight,manufacturing,eutrophication: marine,1.1662039560048343e-05,5.359032764053899e-10,4.1258699940184486e-10,6.802311433106152e-10,raw_knit,2050
raw_knit|repair|CNC knitting||machine weight,manufacturing,eutrophication: terrestrial,1.6865585746215832e-05,1.120629825593471e-09,8.627017194402381e-10,1.421274124670955e-09,raw_knit,2050
raw_knit|repair|CNC knitting||machine weight,manufacturing,human toxicity: carcinogenic,0.0011206346921164474,1.1855242166334607e-05,9.063729357190816e-06,1.5185285808213672e-05,raw_knit,2050
raw_knit|repair|CNC knitting||machine weight,manufacturing,"human toxicity: carcinogenic, inorganics",7.255667574922941e-05,2.814531043897798e-05,2.1849461881412247e-05,3.632590190459149e-05,raw_knit,2050
raw_knit|repair|CNC knitting||machine weight,manufacturing,"human toxicity: carcinogenic, organics",0.0008214136848177963,4.183854512298869e-06,3.1886586073350116e-06,5.314503344945453e-06,raw_knit,2050
raw_knit|repair|CNC knitting||machine weight,manufacturing,human toxicity: non-carcinogenic,-0.0012682704831934823,1.4313536237700023e-05,1.1032243788428439e-05,1.856499902367339e-05,raw_knit,2050
raw_knit|repair|CNC knitting||machine weight,manufacturing,"human toxicity: non-carcinogenic, inorganics",-0.0012771259735770428,1.2085472430415306e-05,9.260751675124018e-06,1.5687644733407363e-05,raw_knit,2050
raw_knit|repair|CNC knitting||machine weight,manufacturing,"human toxicity: non-carcinogenic, organics",0.0006446643383010999,1.8229911594581033e-06,1.3736818033833578e-06,2.307317305813358e-06,raw_knit,2050
raw_knit|repair|CNC knitting||machine weight,manufacturing,ionising radiation: human health,0.00014997634783929994,9.690326643513564e-08,7.250830183764835e-08,1.230928667355892e-07,raw_knit,2050
raw_knit|repair|CNC knitting||machine weight,manufacturing,land use,1.9789831701516996e-05,1.5441155308001328e-09,1.188312097292773e-09,1.9504877449152224e-09,raw_knit,2050
raw_knit|repair|CNC knitting||machine weight,manufacturing,material resources: metals/minerals,0.0002956121641939655,4.6780789486483106e-07,3.5388559453371224e-07,5.918687815923284e-07,raw_knit,2050
raw_knit|repair|CNC knitting||machine weight,manufacturing,ozone depletion,0.00017184580390602539,1.5095386579122515e-07,1.1384170302604338e-07,1.9119741398765154e-07,raw_knit,2050
raw_knit|repair|CNC knitting||machine weight,manufacturing,particulate matter formation,0.00010117326161767295,4.0702621293739855e-08,3.1242359903232413e-08,5.132862765749411e-08,raw_knit,2050
raw_knit|repair|CNC knitting||machine weight,manufacturing,photochemical oxidant formation: human health,0.00014909250650993109,8.81364714527695e-08,6.754361719311503e-08,1.1108139855239308e-07,raw_knit,2050
raw_knit|repair|CNC knitting||machine weight,manufacturing,water use,0.0003014398952221161,3.7925998964593365e-07,2.846494961803787e-07,4.821271263443717e-07,raw_knit,2050
raw_knit|repair|CNC knitting||power,manufacturing,acidification,0.0003474008764917964,9.723895037905684e-07,7.874393878784576e-07,1.1635273446361696e-06,raw_knit,2050
raw_knit|repair|CNC knitting||power,manufacturing,climate change,0.000322451136732543,3.517919128368354e-06,2.835609962870408e-06,4.138576526764054e-06,raw_knit,2050
raw_knit|repair|CNC knitting||power,manufacturing,climate change: biogenic,0.00017637569318992112,2.6767740718367665e-07,2.162828204698631e-07,3.1803987910510386e-07,raw_knit,2050
raw_knit|repair|CNC knitting||power,manufacturing,climate change: fossil,0.0006328416969417923,3.284494796443354e-06,2.675329063945266e-06,3.906527624479958e-06,raw_knit,2050
raw_knit|repair|CNC knitting||power,manufacturing,climate change: land use and land use change,0.0033647798060174013,0.00011729468072196037,9.359591294591101e-05,0.00014059561618710804,raw_knit,2050
raw_knit|repair|CNC knitting||power,manufacturing,ecotoxicity: freshwater,0.0018365011412353456,2.823088417390172e-05,2.3033926676121906e-05,3.363216189460481e-05,raw_knit,2050
raw_knit|repair|CNC knitting||power,manufacturing,"ecotoxicity: freshwater, inorganics",0.0020207640783650874,3.444365507233453e-05,2.8129677309445344e-05,4.105409152607954e-05,raw_knit,2050
raw_knit|repair|CNC knitting||power,manufacturing,"ecotoxicity: freshwater, organics",0.00019045352420885055,2.903426102799807e-07,2.3630949503350325e-07,3.4473579019840135e-07,raw_knit,2050
raw_knit|repair|CNC knitting||power,manufacturing,energy resources: non-renewable,0.0019789385791116935,3.281661826351661e-05,2.655107125925153e-05,3.898899276136776e-05,raw_knit,2050
raw_knit|repair|CNC knitting||power,manufacturing,eutrophication: freshwater,0.001027251896645507,8.642516549963066e-06,7.0318205649805506e-06,1.029689572877415e-05,raw_knit,2050
raw_knit|repair|CNC knitting||power,manufacturing,eutrophication: marine,7.371978720859805e-05,4.355335338353617e-08,3.53185548649363e-08,5.205447748680441e-08,raw_knit,2050
raw_knit|repair|CNC knitting||power,manufacturing,eutrophication: terrestrial,0.00013799340708422396,1.5366572280666968e-07,1.2385128756051693e-07,1.8380650926404348e-07,raw_knit,2050
raw_knit|repair|CNC knitting||power,manufacturing,human toxicity: carcinogenic,0.0032984717591773485,0.0002862767287895071,0.00023526331317330802,0.00034706496042549484,raw_knit,2050
raw_knit|repair|CNC knitting||power,manufacturing,"human toxicity: carcinogenic, inorganics",-0.0003460752622310126,0.0008561147802199558,0.0007167033082811742,0.001021055972674225,raw_knit,2050
raw_knit|repair|CNC knitting||power,manufacturing,"human toxicity: carcinogenic, organics",0.0021894427613276656,8.026825166372744e-05,6.162429844256032e-05,0.0001009262294772995,raw_knit,2050
raw_knit|repair|CNC knitting||power,manufacturing,human toxicity: non-carcinogenic,-0.00543415457214139,0.00046856021359315204,0.0003814695431901191,0.0005568144724082978,raw_knit,2050
raw_knit|repair|CNC knitting||power,manufacturing,"human toxicity: non-carcinogenic, inorganics",-0.005335315076319428,0.00038323295631800396,0.000311647003949593,0.00045026682759292914,raw_knit,2050
raw_knit|repair|CNC knitting||power,manufacturing,"human toxicity: non-carcinogenic, organics",0.003600387801532408,0.00011842189470751903,9.662009362682935e-05,0.00014107698293498584,raw_knit,2050
raw_knit|repair|CNC knitting||power,manufacturing,ionising radiation: human health,0.003954565881121801,0.00013401356878961184,0.00010720493406195795,0.00016033903554734104,raw_knit,2050
raw_knit|repair|CNC knitting||power,manufacturing,land use,0.0005028324744565319,2.050968477109731e-06,1.6479047150557822e-06,2.43922674168457e-06,raw_knit,2050
raw_knit|repair|CNC knitting||power,manufacturing,material resources: metals/minerals,0.00372927686329199,0.0001621271387664907,0.00013233423118587793,0.00019732396066257855,raw_knit,2050
raw_knit|repair|CNC knitting||power,manufacturing,ozone depletion,0.0026574178937548397,7.988584288801783e-05,6.332864170710069e-05,9.738505577946887e-05,raw_knit,2050
raw_knit|repair|CNC knitting||power,manufacturing,particulate matter formation,0.0004308080901047117,1.4997875292088222e-06,1.1959018279231401e-06,1.782038653592731e-06,raw_knit,2050
raw_knit|repair|CNC knitting||power,manufacturing,photochemical oxidant formation: human health,0.0007904671510033433,5.070350395835159e-06,4.134441556451682e-06,6.0387700468407e-06,raw_knit,2050
raw_knit|repair|CNC knitting||power,manufacturing,water use,0.0030667553328850836,8.1794884272543e-05,6.53742644408822e-05,9.741865910612276e-05,raw_knit,2050
raw_knit|repair|CNC knitting||output rate,manufacturing,acidification,0.0002332610869433217,1.24662975301939e-06,1.0123518491412978e-06,1.4946134486779623e-06,raw_knit,2050
raw_knit|repair|CNC knitting||output rate,manufacturing,climate change,0.000499252537118245,5.9582909400785334e-06,4.8236672623540345e-06,7.199062037104655e-06,raw_knit,2050
raw_knit|repair|CNC knitting||output rate,manufacturing,climate change: biogenic,7.636020263028422e-05,3.2554434591940855e-07,2.671719190702561e-07,3.888103091183605e-07,raw_knit,2050
raw_knit|repair|CNC knitting||output rate,manufacturing,climate change: fossil,0.0006196386935277092,5.6230979752458915e-06,4.596963285893854e-06,6.7962294828805766e-06,raw_knit,2050
raw_knit|repair|CNC knitting||output rate,manufacturing,climate change: land use and land use change,-0.0001587879250311619,0.00013610639835926762,0.00010795846536841668,0.00015954928030172157,raw_knit,2050
raw_knit|repair|CNC knitting||output rate,manufacturing,ecotoxicity: freshwater,0.0014542133838887417,3.925608349691752e-05,3.1969449094978516e-05,4.683920857811596e-05,raw_knit,2050
raw_knit|repair|CNC knitting||output rate,manufacturing,"ecotoxicity: freshwater, inorganics",0.0016065403587473203,4.781133212496367e-05,3.901042119091965e-05,5.71691474976961e-05,raw_knit,2050
raw_knit|repair|CNC knitting||output rate,manufacturing,"ecotoxicity: freshwater, organics",0.0001803361639756368,4.725805937822356e-07,3.8485239494023734e-07,5.717806628234421e-07,raw_knit,2050
raw_knit|repair|CNC knitting||output rate,manufacturing,energy resources: non-renewable,0.0013501769616281933,4.307765403987736e-05,3.532191322687295e-05,5.1252241731792444e-05,raw_knit,2050
raw_knit|repair|CNC knitting||output rate,manufacturing,eutrophication: freshwater,0.000854674444441466,1.2813175371991852e-05,1.0470282837638611e-05,1.5273816496296793e-05,raw_knit,2050
raw_knit|repair|CNC knitting||output rate,manufacturing,eutrophication: marine,4.9671081205230134e-05,5.558031175798339e-08,4.510047280015886e-08,6.67761562946565e-08,raw_knit,2050
raw_knit|repair|CNC knitting||output rate,manufacturing,eutrophication: terrestrial,8.432572268399819e-05,1.8915581321954844e-07,1.5399149870482096e-07,2.272565234990265e-07,raw_knit,2050
raw_knit|repair|CNC knitting||output rate,manufacturing,human toxicity: carcinogenic,0.005423915861574997,0.00041361687251734554,0.0003367601097900507,0.0005193393589905329,raw_knit,2050
raw_knit|repair|CNC knitting||output rate,manufacturing,"human toxicity: carcinogenic, inorganics",0.0026737894031788915,0.0012094677614761407,0.0010304816666001926,0.0014583540486594485,raw_knit,2050
raw_knit|repair|CNC knitting||output rate,manufacturing,"human toxicity: carcinogenic, organics",0.003767085161716459,0.00011756787498051471,9.093119757896377e-05,0.00015104190043788252,raw_knit,2050
raw_knit|repair|CNC knitting||output rate,manufacturing,human toxicity: non-carcinogenic,-0.0023695941049101665,0.0006557126507142942,0.000535541281262842,0.0007990310827237461,raw_knit,2050
raw_knit|repair|CNC knitting||output rate,manufacturing,"human toxicity: non-carcinogenic, inorganics",-0.002607610249461052,0.0005384532302803024,0.00043892818235355874,0.0006538480345773395,raw_knit,2050
raw_knit|repair|CNC knitting||output rate,manufacturing,"human toxicity: non-carcinogenic, organics",0.002768802224036373,0.00015408173529613383,0.00012531809263697968,0.00018309982828573307,raw_knit,2050
raw_knit|repair|CNC knitting||output rate,manufacturing,ionising radiation: human health,0.0007381417140620486,0.0001521102974483711,0.00012136334914407469,0.00018108519061097993,raw_knit,2050
raw_knit|repair|CNC knitting||output rate,manufacturing,land use,0.00026051250404907945,2.319078347145741e-06,1.8879470478483774e-06,2.8013474115423335e-06,raw_knit,2050
raw_knit|repair|CNC knitting||output rate,manufacturing,material resources: metals/minerals,0.0036678464097016374,0.00018917982471731073,0.00015292332572696874,0.0002341005669280608,raw_knit,2050
raw_knit|repair|CNC knitting||output rate,manufacturing,ozone depletion,0.0027714141459007093,9.152077075286025e-05,7.221186928087847e-05,0.00011221746429097744,raw_knit,2050
raw_knit|repair|CNC knitting||output rate,manufacturing,particulate matter formation,0.0003692965749468982,2.055933461069128e-06,1.6733414781097725e-06,2.46089023986648e-06,raw_knit,2050
raw_knit|repair|CNC knitting||output rate,manufacturing,photochemical oxidant formation: human health,0.0005872332855765469,6.665043810632089e-06,5.406118057049277e-06,7.989413489327082e-06,raw_knit,2050
raw_knit|repair|CNC knitting||output rate,manufacturing,water use,0.0006151192772842594,9.861639115614883e-05,7.871228186745477e-05,0.00011715830885615711,raw_knit,2050
raw_knit|repair|CNC knitting||machine lifetime,manufacturing,acidification,1.3258069707214745e-06,1.3162796839077992e-08,1.0004917704055613e-08,1.6774696285115448e-08,raw_knit,2050
raw_knit|repair|CNC knitting||machine lifetime,manufacturing,climate change,-1.9807242207124466e-05,3.5083336438947766e-07,2.641436808038608e-07,4.468551522884809e-07,raw_knit,2050
raw_knit|repair|CNC knitting||machine lifetime,manufacturing,climate change: biogenic,4.428623573700341e-07,1.5497545048947835e-09,1.1779596499726412e-09,1.972924208787158e-09,raw_knit,2050
raw_knit|repair|CNC knitting||machine lifetime,manufacturing,climate change: fossil,9.139034726689052e-06,3.456505477230427e-07,2.6062291855546193e-07,4.393494184264696e-07,raw_knit,2050
raw_knit|repair|CNC knitting||machine lifetime,manufacturing,climate change: land use and land use change,6.9713576426282504e-06,2.1479443405286e-07,1.6014481512470683e-07,2.694508140299963e-07,raw_knit,2050
raw_knit|repair|CNC knitting||machine lifetime,manufacturing,ecotoxicity: freshwater,1.3542136501722201e-05,8.524473638624482e-07,6.410464428652451e-07,1.089603921231981e-06,raw_knit,2050
raw_knit|repair|CNC knitting||machine lifetime,manufacturing,"ecotoxicity: freshwater, inorganics",1.5147322785396635e-05,1.0250093640801774e-06,7.716256068451363e-07,1.3119737117938172e-06,raw_knit,2050
raw_knit|repair|CNC knitting||machine lifetime,manufacturing,"ecotoxicity: freshwater, organics",1.871481711300055e-06,2.4367760059113526e-08,1.8501534201867314e-08,3.1068201449963e-08,raw_knit,2050
raw_knit|repair|CNC knitting||machine lifetime,manufacturing,energy resources: non-renewable,1.2146575343553673e-05,5.66120866471744e-07,4.244119533167582e-07,7.193408255491615e-07,raw_knit,2050
raw_knit|repair|CNC knitting||machine lifetime,manufacturing,eutrophication: freshwater,9.185130852466406e-06,4.167482372644522e-07,3.130084705417757e-07,5.301400929012224e-07,raw_knit,2050
raw_knit|repair|CNC knitting||machine lifetime,manufacturing,eutrophication: marine,2.640061303979716e-07,5.571501642667474e-10,4.228557600971877e-10,7.08975068430447e-10,raw_knit,2050
raw_knit|repair|CNC knitting||machine lifetime,manufacturing,eutrophication: terrestrial,3.830576718638137e-07,1.1650585897187448e-09,8.846303311512684e-10,1.4828621308097293e-09,raw_knit,2050
raw_knit|repair|CNC knitting||machine lifetime,manufacturing,human toxicity: carcinogenic,7.81257845169689e-05,1.2325390722518731e-05,9.523462349896336e-06,1.5912676032880076e-05,raw_knit,2050
raw_knit|repair|CNC knitting||machine lifetime,manufacturing,"human toxicity: carcinogenic, inorganics",0.00012230628599127683,2.9261482767100144e-05,2.2458689406814843e-05,3.620813802711576e-05,raw_knit,2050
raw_knit|repair|CNC knitting||machine lifetime,manufacturing,"human toxicity: carcinogenic, organics",3.797555103993496e-05,4.349775090162644e-06,3.3532666970114116e-06,5.588673483529381e-06,raw_knit,2050
raw_knit|repair|CNC knitting||machine lifetime,manufacturing,human toxicity: non-carcinogenic,3.993244439584354e-05,1.4881174823033996e-05,1.1205233565174781e-05,1.867471637746193e-05,raw_knit,2050
raw_knit|repair|CNC knitting||machine lifetime,manufacturing,"human toxicity: non-carcinogenic, inorganics",2.930676341559015e-05,1.2564751759306204e-05,9.40620067761936e-06,1.5641964458624893e-05,raw_knit,2050
raw_knit|repair|CNC knitting||machine lifetime,manufacturing,"human toxicity: non-carcinogenic, organics",2.2333072004334496e-05,1.8952851654431543e-06,1.4240935002367103e-06,2.4250217051679234e-06,raw_knit,2050
raw_knit|repair|CNC knitting||machine lifetime,manufacturing,ionising radiation: human health,3.893029570414917e-06,1.0074619960793434e-07,7.625960789232473e-08,1.2711956276315886e-07,raw_knit,2050
raw_knit|repair|CNC knitting||machine lifetime,manufacturing,land use,4.4025538253012423e-07,1.6053313441892685e-09,1.2219512303209496e-09,2.0440396926065664e-09,raw_knit,2050
raw_knit|repair|CNC knitting||machine lifetime,manufacturing,material resources: metals/minerals,4.934433791906231e-06,4.863599336677155e-07,3.723116974303304e-07,6.166788518860316e-07,raw_knit,2050
raw_knit|repair|CNC knitting||machine lifetime,manufacturing,ozone depletion,4.786532956579909e-06,1.569394083898395e-07,1.1962264107360643e-07,1.9687288268615912e-07,raw_knit,2050
raw_knit|repair|CNC knitting||machine lifetime,manufacturing,particulate matter formation,2.5209793831672123e-06,4.231663446711903e-08,3.207720405960241e-08,5.4002287288454e-08,raw_knit,2050
raw_knit|repair|CNC knitting||machine lifetime,manufacturing,photochemical oxidant formation: human health,3.7744135745916764e-06,9.163083136020533e-08,6.925568708822434e-08,1.1667984696319955e-07,raw_knit,2050
raw_knit|repair|CNC knitting||machine lifetime,manufacturing,water use,9.169198565102733e-06,3.9430048327535213e-07,2.9931097304143503e-07,5.018852638570655e-07,raw_knit,2050
raw_knit|repair|CNC knitting||process yield,manufacturing,acidification,-0.002306378772135499,0.00042274628667096306,0.0003377907489137657,0.0005090994355837019,raw_knit,2050
raw_knit|repair|CNC knitting||process yield,manufacturing,climate change,-0.0011934653079528849,0.00029666511554634256,0.00023492127460342398,0.0003526704312845532,raw_knit,2050
raw_knit|repair|CNC knitting||process yield,manufacturing,climate change: biogenic,-0.002361773683801948,0.00041846189582480015,0.000335148404585002,0.000504129007797384,raw_knit,2050
raw_knit|repair|CNC knitting||process yield,manufacturing,climate change: fossil,-0.0022725597002028553,0.00043704611369605107,0.0003491359175307629,0.0005238047578721527,raw_knit,2050
raw_knit|repair|CNC knitting||process yield,manufacturing,climate change: land use and land use change,-0.002051841817750954,0.00036967223594150725,0.00030348218101577013,0.00044177649848042237,raw_knit,2050
raw_knit|repair|CNC knitting||process yield,manufacturing,ecotoxicity: freshwater,-0.0019662793509763942,0.0004295408675071473,0.00034059624879026446,0.0005133716169081466,raw_knit,2050
raw_knit|repair|CNC knitting||process yield,manufacturing,"ecotoxicity: freshwater, inorganics",-0.0019147737541644106,0.00042947213460782914,0.0003415452202723148,0.0005126422109125493,raw_knit,2050
raw_knit|repair|CNC knitting||process yield,manufacturing,"ecotoxicity: freshwater, organics",-0.002340687328708714,0.00041920969683032123,0.0003354561053348341,0.0005049381373536027,raw_knit,2050
raw_knit|repair|CNC knitting||process yield,manufacturing,energy resources: non-renewable,-0.001976454061065403,0.0004674577626588966,0.00037035995726230665,0.0005604057149573613,raw_knit,2050
raw_knit|repair|CNC knitting||process yield,manufacturing,eutrophication: freshwater,-0.0021813714985399286,0.0004276692727500051,0.0003403264059936193,0.0005125427576474517,raw_knit,2050
raw_knit|repair|CNC knitting||process yield,manufacturing,eutrophication: marine,-0.0023596408470295165,0.0004165080278564278,0.0003335359645690159,0.0005017278678922732,raw_knit,2050
raw_knit|repair|CNC knitting||process yield,manufacturing,eutrophication: terrestrial,-0.002348424576168893,0.0004180393772017715,0.0003346028701543898,0.0005035453789872946,raw_knit,2050
raw_knit|repair|CNC knitting||process yield,manufacturing,human toxicity: carcinogenic,0.00023091631360287802,0.00026794566195831565,0.00021330406307067988,0.00033204663864811417,raw_knit,2050
raw_knit|repair|CNC knitting||process yield,manufacturing,"human toxicity: carcinogenic, inorganics",0.00047451619363514955,3.534533368159567e-05,2.7123019729073096e-05,4.804085003657212e-05,raw_knit,2050
raw_knit|repair|CNC knitting||process yield,manufacturing,"human toxicity: carcinogenic, organics",-0.0005049501118353889,0.00035411357264818324,0.00027980328381603563,0.0004357689439682108,raw_knit,2050
raw_knit|repair|CNC knitting||process yield,manufacturing,human toxicity: non-carcinogenic,-0.0016764526770296688,0.00013029771402543419,0.00010203432383499143,0.00016034026814774029,raw_knit,2050
raw_knit|repair|CNC knitting||process yield,manufacturing,"human toxicity: non-carcinogenic, inorganics",-0.0019346725293015474,0.00016533629307522,0.00013026111326687448,0.00020041333074219362,raw_knit,2050
raw_knit|repair|CNC knitting||process yield,manufacturing,"human toxicity: non-carcinogenic, organics",-0.0013853606072394234,0.0004514487163138133,0.00036148920244259876,0.0005412214566503694,raw_knit,2050
raw_knit|repair|CNC knitting||process yield,manufacturing,ionising radiation: human health,-0.0019442288590541233,0.00044151176827396827,0.0003567726101465613,0.0005277801910513661,raw_knit,2050
raw_knit|repair|CNC knitting||process yield,manufacturing,land use,-0.0022738716886737224,0.00042600670552520574,0.00033995993728798695,0.0005129282733270372,raw_knit,2050
raw_knit|repair|CNC knitting||process yield,manufacturing,material resources: metals/minerals,-0.00047602421117289863,0.00040652659187690734,0.00031820152605726686,0.0005015283531717788,raw_knit,2050
raw_knit|repair|CNC knitting||process yield,manufacturing,ozone depletion,-0.0007394303393819285,0.0004724513910302704,0.0003658828293497704,0.0005760192001902757,raw_knit,2050
raw_knit|repair|CNC knitting||process yield,manufacturing,particulate matter formation,-0.0022587104911026127,0.00042732601426642106,0.0003408923115195417,0.0005144752733946703,raw_knit,2050
raw_knit|repair|CNC knitting||process yield,manufacturing,photochemical oxidant formation: human health,-0.002193134766721728,0.0004312134448466618,0.00034316794903565905,0.0005189541073856303,raw_knit,2050
raw_knit|repair|CNC knitting||process yield,manufacturing,water use,-0.002167016465711369,0.0004249825773355255,0.00034527487907640766,0.00050979848461833,raw_knit,2050
raw_knit|repair|CNC knitting||machine source,manufacturing,acidification,0.00011131239483221015,1.007800507484039e-06,8.498678545180479e-07,1.186830536242076e-06,raw_knit,2050
raw_knit|repair|CNC knitting||machine source,manufacturing,climate change,0.0003881575513265224,2.6746283552091418e-05,2.2451816900191262e-05,3.172878199329237e-05,raw_knit,2050
raw_knit|repair|CNC knitting||machine source,manufacturing,climate change: biogenic,3.7987125158406765e-05,1.1900017230621073e-07,1.001813921940182e-07,1.3971395150548397e-07,raw_knit,2050
raw_knit|repair|CNC knitting||machine source,manufacturing,climate change: fossil,0.0005867618855383049,2.6350058385023446e-05,2.213578081999762e-05,3.140099352594805e-05,raw_knit,2050
raw_knit|repair|CNC knitting||machine source,manufacturing,climate change: land use and land use change,0.0005788941918832833,1.649790229741557e-05,1.3519423548753111e-05,1.966554333907336e-05,raw_knit,2050
raw_knit|repair|CNC knitting||machine source,manufacturing,ecotoxicity: freshwater,0.0009929600012080042,6.546429755111813e-05,5.481678062866509e-05,7.90746979270096e-05,raw_knit,2050
raw_knit|repair|CNC knitting||machine source,manufacturing,"ecotoxicity: freshwater, inorganics",0.0011004264145786401,7.871896860822393e-05,6.585769007246567e-05,9.532145883689226e-05,raw_knit,2050
raw_knit|repair|CNC knitting||machine source,manufacturing,"ecotoxicity: freshwater, organics",0.00015035878721198563,1.867880148494764e-06,1.574797888606831e-06,2.2007580197353563e-06,raw_knit,2050
raw_knit|repair|CNC knitting||machine source,manufacturing,energy resources: non-renewable,0.0008110815778663395,4.307615755172937e-05,3.598009424939632e-05,5.1656215640061385e-05,raw_knit,2050
raw_knit|repair|CNC knitting||machine source,manufacturing,eutrophication: freshwater,0.0006635558159273184,3.203158836003039e-05,2.6891286062756484e-05,3.833152885442986e-05,raw_knit,2050
raw_knit|repair|CNC knitting||machine source,manufacturing,eutrophication: marine,2.23617691682775e-05,4.221554430002051e-08,3.55975826425152e-08,4.954779405136461e-08,raw_knit,2050
raw_knit|repair|CNC knitting||machine source,manufacturing,eutrophication: terrestrial,3.24734985772478e-05,8.823935479751773e-08,7.440051029073079e-08,1.0361498116463818e-07,raw_knit,2050
raw_knit|repair|CNC knitting||machine source,manufacturing,human toxicity: carcinogenic,0.0034207012484906048,0.0009465803371724433,0.0007876133619935809,0.0011393077249559642,raw_knit,2050
raw_knit|repair|CNC knitting||machine source,manufacturing,"human toxicity: carcinogenic, inorganics",0.004293460697871258,0.0022485304274543773,0.0019152718039593503,0.002659847894675452,raw_knit,2050
raw_knit|repair|CNC knitting||machine source,manufacturing,"human toxicity: carcinogenic, organics",0.0018365521422708524,0.0003338501237873444,0.0002708966838763699,0.0004023615395956277,raw_knit,2050
raw_knit|repair|CNC knitting||machine source,manufacturing,human toxicity: non-carcinogenic,-0.0002830640162336358,0.0011431623474952935,0.0009718083150100602,0.0013598592990994693,raw_knit,2050
raw_knit|repair|CNC knitting||machine source,manufacturing,"human toxicity: non-carcinogenic, inorganics",-0.0006584749910277112,0.0009653226032221447,0.0008107132373325668,0.0011558903868846184,raw_knit,2050
raw_knit|repair|CNC knitting||machine source,manufacturing,"human toxicity: non-carcinogenic, organics",0.0015996559633258411,0.0001451791054012979,0.0001207156102971592,0.0001719571751917295,raw_knit,2050
raw_knit|repair|CNC knitting||machine source,manufacturing,ionising radiation: human health,0.00040087234149904604,7.73573924043536e-06,6.324965451148439e-06,9.169357881773243e-06,raw_knit,2050
raw_knit|repair|CNC knitting||machine source,manufacturing,land use,3.8935074123381036e-05,1.214533539723907e-07,1.0242045032009694e-07,1.428167642373034e-07,raw_knit,2050
raw_knit|repair|CNC knitting||machine source,manufacturing,material resources: metals/minerals,0.0007030974369937868,3.733731338276655e-05,2.994923792069535e-05,4.4442904601173474e-05,raw_knit,2050
raw_knit|repair|CNC knitting||machine source,manufacturing,ozone depletion,0.00036803226283656893,1.1934562529891535e-05,9.5636958396215e-06,1.4278233296429673e-05,raw_knit,2050
raw_knit|repair|CNC knitting||machine source,manufacturing,particulate matter formation,0.00019909229477828696,3.2256582268228525e-06,2.723547397887934e-06,3.809750581108675e-06,raw_knit,2050
raw_knit|repair|CNC knitting||machine source,manufacturing,photochemical oxidant formation: human health,0.0002998460365890613,6.944265509446439e-06,5.85256664882199e-06,8.231724026875956e-06,raw_knit,2050
raw_knit|repair|CNC knitting||machine source,manufacturing,water use,0.0007719141641577724,3.0293060225714447e-05,2.4683448170896042e-05,3.5987868029613235e-05,raw_knit,2050
raw_knit|use|product||expected lifetime,circularity,acidification,0.045729786628111835,0.0580058064033501,0.047952166507140785,0.07042654056616242,raw_knit,2050
raw_knit|use|product||expected lifetime,circularity,climate change,0.05812089943153616,0.06409257014870526,0.053223126046579784,0.07783250565599822,raw_knit,2050
raw_knit|use|product||expected lifetime,circularity,climate change: biogenic,0.045567920344688644,0.057840804847853595,0.04781904231221774,0.07023713018429699,raw_knit,2050
raw_knit|use|product||expected lifetime,circularity,climate change: fossil,0.045390660342724945,0.05772762062869667,0.047786333853150446,0.0697832453531311,raw_knit,2050
raw_knit|use|product||expected lifetime,circularity,climate change: land use and land use change,0.030947409254571734,0.0454310655890663,0.03605264510657234,0.05680097889776428,raw_knit,2050
raw_knit|use|product||expected lifetime,circularity,ecotoxicity: freshwater,0.045714794642354804,0.05857736523075175,0.048459346308525504,0.0702658166088235,raw_knit,2050
raw_knit|use|product||expected lifetime,circularity,"ecotoxicity: freshwater, inorganics",0.04558116913083005,0.058485174454281974,0.04838592453948205,0.07005943048379716,raw_knit,2050
raw_knit|use|product||expected lifetime,circularity,"ecotoxicity: freshwater, organics",0.04568095268396536,0.05785270937639229,0.047858171282173664,0.07027989415231929,raw_knit,2050
raw_knit|use|product||expected lifetime,circularity,energy resources: non-renewable,0.04492902856330766,0.05797425510425608,0.04790140044068295,0.06964466171471644,raw_knit,2050
raw_knit|use|product||expected lifetime,circularity,eutrophication: freshwater,0.04584547933582176,0.058433073955144785,0.04836147453041722,0.07025686625573112,raw_knit,2050
raw_knit|use|product||expected lifetime,circularity,eutrophication: marine,0.04561655931204695,0.05774691198173061,0.04775189263733531,0.07022293375948406,raw_knit,2050
raw_knit|use|product||expected lifetime,circularity,eutrophication: terrestrial,0.04563702896310926,0.057810345531215404,0.047798075318043094,0.0702735302701547,raw_knit,2050
raw_knit|use|product||expected lifetime,circularity,human toxicity: carcinogenic,0.024637767417761768,0.03216762675151962,0.025971908640457446,0.03909742789232012,raw_knit,2050
raw_knit|use|product||expected lifetime,circularity,"human toxicity: carcinogenic, inorganics",0.0027023801424350784,0.003891162620736171,0.0031009818715513086,0.004910495011026065,raw_knit,2050
raw_knit|use|product||expected lifetime,circularity,"human toxicity: carcinogenic, organics",0.03481313660000341,0.04341517956992156,0.03533430320503262,0.05248017552290457,raw_knit,2050
raw_knit|use|product||expected lifetime,circularity,human toxicity: non-carcinogenic,0.019118207493389307,0.022384154763250633,0.0169428829232573,0.02878987943263463,raw_knit,2050
raw_knit|use|product||expected lifetime,circularity,"human toxicity: non-carcinogenic, inorganics",0.022994958968960783,0.027289020543420327,0.020952704743878742,0.03442738955199747,raw_knit,2050
raw_knit|use|product||expected lifetime,circularity,"human toxicity: non-carcinogenic, organics",0.04340984573560151,0.05644298638241525,0.04673109002416811,0.06712964145776996,raw_knit,2050
raw_knit|use|product||expected lifetime,circularity,ionising radiation: human health,0.03884276736766705,0.05431288761990657,0.04399230095928684,0.06696373232244276,raw_knit,2050
raw_knit|use|product||expected lifetime,circularity,land use,0.04574674256398964,0.05815136117705557,0.04803124002317665,0.07056154225553038,raw_knit,2050
raw_knit|use|product||expected lifetime,circularity,material resources: metals/minerals,0.040238185069053724,0.05047456718089348,0.041366319683530973,0.06035956156445526,raw_knit,2050
raw_knit|use|product||expected lifetime,circularity,ozone depletion,0.04060510228912767,0.05084177309675955,0.04200610181051958,0.06058763822670625,raw_knit,2050
raw_knit|use|product||expected lifetime,circularity,particulate matter formation,0.04576532684385122,0.057946641319739554,0.047915030599375096,0.06998057854350045,raw_knit,2050
raw_knit|use|product||expected lifetime,circularity,photochemical oxidant formation: human health,0.045873137703418984,0.05829308618065521,0.048184438591551436,0.07017994587737857,raw_knit,2050
raw_knit|use|product||expected lifetime,circularity,water use,0.040151066326797415,0.05509750358430287,0.04458302921469233,0.06765207288980798,raw_knit,2050
raw_knit|use|product||lifetime extension per repair,circularity,acidification,0.0243255660333154,0.018376687397765615,0.014717957999624018,0.021459390455616657,raw_knit,2050
raw_knit|use|product||lifetime extension per repair,circularity,climate change,0.022366636151757952,0.022386637490948946,0.01810000265444492,0.026204733020811003,raw_knit,2050
raw_knit|use|product||lifetime extension per repair,circularity,climate change: biogenic,0.02425916072650638,0.01832674977063613,0.01473528835691893,0.02137389180937702,raw_knit,2050
raw_knit|use|product||lifetime extension per repair,circularity,climate change: fossil,0.024405313212074693,0.018355385611557466,0.014646802256736141,0.021398404190035476,raw_knit,2050
raw_knit|use|product||lifetime extension per repair,circularity,climate change: land use and land use change,0.013819227443188484,0.014854019279454289,0.012021984824565382,0.01761047066823563,raw_knit,2050
raw_knit|use|product||lifetime extension per repair,circularity,ecotoxicity: freshwater,0.023682670958763963,0.01864409606091043,0.014942466500471882,0.021952301628955846,raw_knit,2050
raw_knit|use|product||lifetime extension per repair,circularity,"ecotoxicity: freshwater, inorganics",0.023520850368315322,0.018624117829706736,0.014936358649348004,0.022018499726210023,raw_knit,2050
raw_knit|use|product||lifetime extension per repair,circularity,"ecotoxicity: freshwater, organics",0.024431792491013606,0.018332669794021216,0.014683838043515193,0.02140571056110545,raw_knit,2050
raw_knit|use|product||lifetime extension per repair,circularity,energy resources: non-renewable,0.02338725980284939,0.01847547794655018,0.014762320776884944,0.021715976244576538,raw_knit,2050
raw_knit|use|product||lifetime extension per repair,circularity,eutrophication: freshwater,0.02421682263949248,0.018574916762728676,0.014855673133725246,0.02173021540498609,raw_knit,2050
raw_knit|use|product||lifetime extension per repair,circularity,eutrophication: marine,0.02437308912248229,0.018284361437774933,0.014689999074667247,0.021330748740536108,raw_knit,2050
raw_knit|use|product||lifetime extension per repair,circularity,eutrophication: terrestrial,0.02434944617458539,0.018306423018414,0.014701348373648835,0.02135986871426776,raw_knit,2050
raw_knit|use|product||lifetime extension per repair,circularity,human toxicity: carcinogenic,0.0131027973917387,0.010203572843649228,0.008279790207495924,0.012300609164414661,raw_knit,2050
raw_knit|use|product||lifetime extension per repair,circularity,"human toxicity: carcinogenic, inorganics",0.0005907485989681045,0.0012326193621674329,0.0009337228639290249,0.0015570796702981781,raw_knit,2050
raw_knit|use|product||lifetime extension per repair,circularity,"human toxicity: carcinogenic, organics",0.019668929347205273,0.01362070767467569,0.010841511845659124,0.01634901162115962,raw_knit,2050
raw_knit|use|product||lifetime extension per repair,circularity,human toxicity: non-carcinogenic,0.01180042785460477,0.006783343760447819,0.0053530918605982645,0.008015606278509679,raw_knit,2050
raw_knit|use|product||lifetime extension per repair,circularity,"human toxicity: non-carcinogenic, inorganics",0.013904118360410105,0.008335041894059796,0.006563698891380336,0.009814976572253697,raw_knit,2050
raw_knit|use|product||lifetime extension per repair,circularity,"human toxicity: non-carcinogenic, organics",0.021572207603843676,0.01801581982884223,0.014412490467185105,0.021755027105468852,raw_knit,2050
raw_knit|use|product||lifetime extension per repair,circularity,ionising radiation: human health,0.01778854530222271,0.01754286128641457,0.014082592581029991,0.020691588530723958,raw_knit,2050
raw_knit|use|product||lifetime extension per repair,circularity,land use,0.024175131058922057,0.018416931900167823,0.014763245700161005,0.021503530562731746,raw_knit,2050
raw_knit|use|product||lifetime extension per repair,circularity,material resources: metals/minerals,0.019679630407523335,0.015791949785021693,0.012493949208193163,0.01896250524166811,raw_knit,2050
raw_knit|use|product||lifetime extension per repair,circularity,ozone depletion,0.02147600903015977,0.015901830353861803,0.012496347827574266,0.018828347153810904,raw_knit,2050
raw_knit|use|product||lifetime extension per repair,circularity,particulate matter formation,0.024438271725845697,0.0183557723948773,0.014657096039214584,0.021431544635638365,raw_knit,2050
raw_knit|use|product||lifetime extension per repair,circularity,photochemical oxidant formation: human health,0.024271505413399008,0.01848050063926773,0.014765279724718533,0.0215641478687133,raw_knit,2050
raw_knit|use|product||lifetime extension per repair,circularity,water use,0.019039122142435843,0.017801087403064235,0.014350874348578778,0.021019516273684407,raw_knit,2050
raw_knit|use|product||number of repair events,circularity,acidification,0.7862385820762978,0.6083689810975618,0.5308474436780755,0.7096309312078943,raw_knit,2050
raw_knit|use|product||number of repair events,circularity,climate change,0.9187294829288455,0.7643751923257648,0.6674475557693548,0.8840274081592082,raw_knit,2050
raw_knit|use|product||number of repair events,circularity,climate change: biogenic,0.7832821054034204,0.6070784018969779,0.5282962182057851,0.708820396869987,raw_knit,2050
raw_knit|use|product||number of repair events,circularity,climate change: fossil,0.7989678747295924,0.6076697290463859,0.5306154224068095,0.7063594203874766,raw_knit,2050
raw_knit|use|product||number of repair events,circularity,climate change: land use and land use change,0.7094084711788897,0.5172786094841029,0.45470939960278234,0.6116681297255248,raw_knit,2050
raw_knit|use|product||number of repair events,circularity,ecotoxicity: freshwater,0.8236707284025797,0.6178243899380966,0.5352684917647728,0.7198301730775986,raw_knit,2050
raw_knit|use|product||number of repair events,circularity,"ecotoxicity: freshwater, inorganics",0.8255520967540612,0.6173057616999187,0.5356870668021256,0.7197376054631315,raw_knit,2050
raw_knit|use|product||number of repair events,circularity,"ecotoxicity: freshwater, organics",0.7851463328050896,0.6066973127965016,0.5288521254120846,0.7087419113931583,raw_knit,2050
raw_knit|use|product||number of repair events,circularity,energy resources: non-renewable,0.8128560786710545,0.6137473596056048,0.5342736627514203,0.714768406141995,raw_knit,2050
raw_knit|use|product||number of repair events,circularity,eutrophication: freshwater,0.8118542512240129,0.6150792736673325,0.5366233931834364,0.714654549261779,raw_knit,2050
raw_knit|use|product||number of repair events,circularity,eutrophication: marine,0.7792924006915376,0.6052048344326074,0.5265375815334062,0.7075564973527276,raw_knit,2050
raw_knit|use|product||number of repair events,circularity,eutrophication: terrestrial,0.7807445992639864,0.6060038828825284,0.5275273633749832,0.7080734324145651,raw_knit,2050
raw_knit|use|product||number of repair events,circularity,human toxicity: carcinogenic,0.4626891561591707,0.3391535622815274,0.2901369068740953,0.42254233173953015,raw_knit,2050
raw_knit|use|product||number of repair events,circularity,"human toxicity: carcinogenic, inorganics",0.02173382783838804,0.056496897166545205,0.044116696718372234,0.07161878582656883,raw_knit,2050
raw_knit|use|product||number of repair events,circularity,"human toxicity: carcinogenic, organics",0.5832001837539476,0.44543939849298864,0.3824447517791182,0.539629225099174,raw_knit,2050
raw_knit|use|product||number of repair events,circularity,human toxicity: non-carcinogenic,0.18311726986059684,0.2319502094892367,0.19074446780962306,0.28537281429934613,raw_knit,2050
raw_knit|use|product||number of repair events,circularity,"human toxicity: non-carcinogenic, inorganics",0.2519505516172594,0.281936824982464,0.23271198706683344,0.3466530545973792,raw_knit,2050
raw_knit|use|product||number of repair events,circularity,"human toxicity: non-carcinogenic, organics",0.8081000284373182,0.5992030398714587,0.5280244297272746,0.7088717156783921,raw_knit,2050
raw_knit|use|product||number of repair events,circularity,ionising radiation: human health,0.8049313722655488,0.5985812246634339,0.5337251107432454,0.6952670434220133,raw_knit,2050
raw_knit|use|product||number of repair events,circularity,land use,0.7865514571522333,0.6100540870912828,0.532675374999035,0.7103977896378282,raw_knit,2050
raw_knit|use|product||number of repair events,circularity,material resources: metals/minerals,0.6592288805680615,0.5203153475892021,0.45114368468154387,0.6313201096157821,raw_knit,2050
raw_knit|use|product||number of repair events,circularity,ozone depletion,0.6510090215146814,0.5229244125790465,0.45302639242184184,0.6288569908161806,raw_knit,2050
raw_knit|use|product||number of repair events,circularity,particulate matter formation,0.785718681776291,0.6071431941546576,0.5310793203748011,0.7078486772677991,raw_knit,2050
raw_knit|use|product||number of repair events,circularity,photochemical oxidant formation: human health,0.7953881593654637,0.6116766024030811,0.5366842079141099,0.7109299694148247,raw_knit,2050
raw_knit|use|product||number of repair events,circularity,water use,0.8218840052952918,0.6045057512365641,0.5383759667467344,0.7032410872335589,raw_knit,2050
raw_knit|repair|repair material||share of product mass per repair,circularity,acidification,-0.004720330835899684,0.000906833497684012,0.0007381473956913402,0.0011022094645977737,raw_knit,2050
raw_knit|repair|repair material||share of product mass per repair,circularity,climate change,-0.0020222796881772275,0.0006192239516388304,0.0005037933492691956,0.0007510021074732977,raw_knit,2050
raw_knit|repair|repair material||share of product mass per repair,circularity,climate change: biogenic,-0.004694406314747344,0.0009042240001827386,0.0007371190188568181,0.0010988296703346259,raw_knit,2050
raw_knit|repair|repair material||share of product mass per repair,circularity,climate change: fossil,-0.004801143912002562,0.000906221346326418,0.0007344839386841186,0.0010999091401677815,raw_knit,2050
raw_knit|repair|repair material||share of product mass per repair,circularity,climate change: land use and land use change,-0.0032057502905187972,0.0007185137899239257,0.000593959888302126,0.0008721157271005199,raw_knit,2050
raw_knit|repair|repair material||share of product mass per repair,circularity,ecotoxicity: freshwater,-0.004762864330013183,0.0009185392738347456,0.0007493909501027978,0.001117407689073198,raw_knit,2050
raw_knit|repair|repair material||share of product mass per repair,circularity,"ecotoxicity: freshwater, inorganics",-0.004751379094068843,0.0009173814326950637,0.0007496909976047327,0.001116082012240075,raw_knit,2050
raw_knit|repair|repair material||share of product mass per repair,circularity,"ecotoxicity: freshwater, organics",-0.004729307344270957,0.0009050749072972305,0.0007364567819792598,0.0010997635658849933,raw_knit,2050
raw_knit|repair|repair material||share of product mass per repair,circularity,energy resources: non-renewable,-0.004757595850820441,0.0009094423155053152,0.0007367976088739491,0.0010997782462035838,raw_knit,2050
raw_knit|repair|repair material||share of product mass per repair,circularity,eutrophication: freshwater,-0.0047875793757186464,0.000916111291815128,0.0007440242071882338,0.001111235188004204,raw_knit,2050
raw_knit|repair|repair material||share of product mass per repair,circularity,eutrophication: marine,-0.004699244085380818,0.0009026307146686736,0.0007360613619221404,0.001096857776318504,raw_knit,2050
raw_knit|repair|repair material||share of product mass per repair,circularity,eutrophication: terrestrial,-0.004701607330257518,0.000903591842260897,0.0007366430672821296,0.0010980970249375888,raw_knit,2050
raw_knit|repair|repair material||share of product mass per repair,circularity,human toxicity: carcinogenic,-0.0026372161519370926,0.0005137949391735882,0.000425185614749484,0.0006262534341933494,raw_knit,2050
raw_knit|repair|repair material||share of product mass per repair,circularity,"human toxicity: carcinogenic, inorganics",8.603844227223727e-05,7.553498341014258e-05,5.943089876825175e-05,9.556667408701147e-05,raw_knit,2050
raw_knit|repair|repair material||share of product mass per repair,circularity,"human toxicity: carcinogenic, organics",-0.0037939737834147575,0.0006836264182397943,0.0005660374335994497,0.0008328801736837187,raw_knit,2050
raw_knit|repair|repair material||share of product mass per repair,circularity,human toxicity: non-carcinogenic,-0.0015503461359292294,0.0003489509604892137,0.00026771705308692233,0.00044742203138288495,raw_knit,2050
raw_knit|repair|repair material||share of product mass per repair,circularity,"human toxicity: non-carcinogenic, inorganics",-0.001973626336272466,0.00042420664511617743,0.0003295116613267173,0.0005338426943021951,raw_knit,2050
raw_knit|repair|repair material||share of product mass per repair,circularity,"human toxicity: non-carcinogenic, organics",-0.004550295942331866,0.0008855791592682582,0.0007279487163924199,0.0010755538155080295,raw_knit,2050
raw_knit|repair|repair material||share of product mass per repair,circularity,ionising radiation: human health,-0.003947504779524442,0.000851794556671969,0.0006956874984364363,0.0010267117114152638,raw_knit,2050
raw_knit|repair|repair material||share of product mass per repair,circularity,land use,-0.004701957514619225,0.000908280206630472,0.0007399292903872595,0.001104315237443542,raw_knit,2050
raw_knit|repair|repair material||share of product mass per repair,circularity,material resources: metals/minerals,-0.004037252404735504,0.0007805059989648655,0.0006459074971115443,0.0009426291421050534,raw_knit,2050
raw_knit|repair|repair material||share of product mass per repair,circularity,ozone depletion,-0.004323516345439237,0.0007890513865090874,0.0006533030039205954,0.0009604694837294298,raw_knit,2050
raw_knit|repair|repair material||share of product mass per repair,circularity,particulate matter formation,-0.004749007300086657,0.0009063252644854622,0.0007366178837749876,0.0011005300895142905,raw_knit,2050
raw_knit|repair|repair material||share of product mass per repair,circularity,photochemical oxidant formation: human health,-0.00475570275462728,0.0009117291413863237,0.0007397746788554528,0.001100702169357008,raw_knit,2050
raw_knit|repair|repair material||share of product mass per repair,circularity,water use,-0.0041415661790296186,0.000866542736836776,0.000709791454981141,0.0010458161928110195,raw_knit,2050
raw_knit|end-of-life|waste|recycled_closed|share of waste,circularity,acidification,2.3596523990929462e-05,2.5384743315593396e-06,2.1159271827185593e-06,2.976736440676517e-06,raw_knit,2050
raw_knit|end-of-life|waste|recycled_closed|share of waste,circularity,climate change,6.261442129639116e-05,5.1574420344239706e-05,4.3096671164508866e-05,6.006125105600531e-05,raw_knit,2050
raw_knit|end-of-life|waste|recycled_closed|share of waste,circularity,climate change: biogenic,-2.0266203819708726e-05,6.462267262676012e-07,5.439497498792332e-07,7.543710813792822e-07,raw_knit,2050
raw_knit|end-of-life|waste|recycled_closed|share of waste,circularity,climate change: fossil,5.118045756398468e-05,4.9963128393299426e-05,4.178671354807799e-05,5.841460589487967e-05,raw_knit,2050
raw_knit|end-of-life|waste|recycled_closed|share of waste,circularity,climate change: land use and land use change,-0.0017604454801308407,0.0002872156732107973,0.00024215935880795195,0.00033480387475016363,raw_knit,2050
raw_knit|end-of-life|waste|recycled_closed|share of waste,circularity,ecotoxicity: freshwater,0.0001719503585899388,3.209999056896576e-06,2.5931031928156846e-06,3.822841962244335e-06,raw_knit,2050
raw_knit|end-of-life|waste|recycled_closed|share of waste,circularity,"ecotoxicity: freshwater, inorganics",0.00018838007056755195,3.6024610183029927e-06,2.901651010635981e-06,4.293559804767632e-06,raw_knit,2050
raw_knit|end-of-life|waste|recycled_closed|share of waste,circularity,"ecotoxicity: freshwater, organics",2.2902438935471505e-05,7.794672572488204e-07,6.485405355825147e-07,9.155948520314889e-07,raw_knit,2050
raw_knit|end-of-life|waste|recycled_closed|share of waste,circularity,energy resources: non-renewable,0.00019247047951623022,0.00027195301009242106,0.0002295957678608366,0.00031765866497750894,raw_knit,2050
raw_knit|end-of-life|waste|recycled_closed|share of waste,circularity,eutrophication: freshwater,9.358225489929473e-05,2.762536949161598e-06,2.2935641671612044e-06,3.287096363095965e-06,raw_knit,2050
raw_knit|end-of-life|waste|recycled_closed|share of waste,circularity,eutrophication: marine,6.3644984886519285e-06,5.6259290900350363e-08,4.687182227905498e-08,6.610561620888606e-08,raw_knit,2050
raw_knit|end-of-life|waste|recycled_closed|share of waste,circularity,eutrophication: terrestrial,6.685661668009723e-06,3.533415101330595e-07,2.942248594568232e-07,4.139759994541864e-07,raw_knit,2050
raw_knit|end-of-life|waste|recycled_closed|share of waste,circularity,human toxicity: carcinogenic,0.0010308800048462762,0.00014603213142408382,0.00011994590384669561,0.00017507617469681705,raw_knit,2050
raw_knit|end-of-life|waste|recycled_closed|share of waste,circularity,"human toxicity: carcinogenic, inorganics",-0.00012697835548779253,2.841977174635238e-05,2.2077324530659536e-05,3.6263133446094454e-05,raw_knit,2050
raw_knit|end-of-life|waste|recycled_closed|share of waste,circularity,"human toxicity: carcinogenic, organics",0.0013344401594312597,0.00016671399806910016,0.0001369826108973124,0.00020039037711347955,raw_knit,2050
raw_knit|end-of-life|waste|recycled_closed|share of waste,circularity,human toxicity: non-carcinogenic,-0.0003779737231556531,0.00023585621516565184,0.0001964272856691855,0.00028135491155732896,raw_knit,2050
raw_knit|end-of-life|waste|recycled_closed|share of waste,circularity,"human toxicity: non-carcinogenic, inorganics",-0.0004033091146599143,0.00017865138491039798,0.00014706581611417032,0.00021292322956957077,raw_knit,2050
raw_knit|end-of-life|waste|recycled_closed|share of waste,circularity,"human toxicity: non-carcinogenic, organics",0.0003787578129996136,0.00016903698605381695,0.00014362582796423014,0.00020008913157318242,raw_knit,2050
raw_knit|end-of-life|waste|recycled_closed|share of waste,circularity,ionising radiation: human health,-0.0009759374391077519,0.00031066493967453647,0.00026228591723161804,0.00036389069481210896,raw_knit,2050
raw_knit|end-of-life|waste|recycled_closed|share of waste,circularity,land use,1.553170374338075e-05,6.311398602356079e-06,5.265055534263872e-06,7.403247459080356e-06,raw_knit,2050
raw_knit|end-of-life|waste|recycled_closed|share of waste,circularity,material resources: metals/minerals,0.0012494030400507705,0.00018229655735837097,0.00015167877833528447,0.00021699222795202645,raw_knit,2050
raw_knit|end-of-life|waste|recycled_closed|share of waste,circularity,ozone depletion,0.002994932356869896,0.0014980840765574691,0.0012611273893611654,0.0017560699695614035,raw_knit,2050
raw_knit|end-of-life|waste|recycled_closed|share of waste,circularity,particulate matter formation,7.407068059147904e-05,1.104285444166447e-05,9.21220157467646e-06,1.2944025190043543e-05,raw_knit,2050
raw_knit|end-of-life|waste|recycled_closed|share of waste,circularity,photochemical oxidant formation: human health,8.694543282862646e-05,1.4405496560826764e-05,1.2035414651578441e-05,1.6914373399360034e-05,raw_knit,2050
raw_knit|end-of-life|waste|recycled_closed|share of waste,circularity,water use,-0.0008579092769019752,9.506021112163614e-05,8.007418184222671e-05,0.00011196705934490767,raw_knit,2050
raw_knit|end-of-life|waste|incinerated|share of waste,circularity,acidification,0.0001138202186329258,2.201514435867475e-06,1.8085917622361758e-06,2.579591620263026e-06,raw_knit,2050
raw_knit|end-of-life|waste|incinerated|share of waste,circularity,climate change,0.0004831914818215665,4.4193645642372473e-05,3.665660278367673e-05,5.206365093725573e-05,raw_knit,2050
raw_knit|end-of-life|waste|incinerated|share of waste,circularity,climate change: biogenic,4.890327036308255e-05,5.392135734414582e-07,4.4172768277776633e-07,6.348953219576192e-07,raw_knit,2050
raw_knit|end-of-life|waste|incinerated|share of waste,circularity,climate change: fossil,0.0005562704533516088,4.285486436066325e-05,3.522504436044547e-05,5.021272577439936e-05,raw_knit,2050
raw_knit|end-of-life|waste|incinerated|share of waste,circularity,climate change: land use and land use change,0.0013158973442016868,0.00023021416783522894,0.00019335366040437594,0.00026951368311562454,raw_knit,2050
raw_knit|end-of-life|waste|incinerated|share of waste,circularity,ecotoxicity: freshwater,0.00018776720938501262,3.0848099560105165e-06,2.517463372546463e-06,3.7305008616815525e-06,raw_knit,2050
raw_knit|end-of-life|waste|incinerated|share of waste,circularity,"ecotoxicity: freshwater, inorganics",0.00020399396709340487,3.479441750734488e-06,2.8231645669301433e-06,4.2142939167955435e-06,raw_knit,2050
raw_knit|end-of-life|waste|incinerated|share of waste,circularity,"ecotoxicity: freshwater, organics",6.46239937975524e-05,6.851782389811162e-07,5.621651726453128e-07,8.007756752290188e-07,raw_knit,2050
raw_knit|end-of-life|waste|incinerated|share of waste,circularity,energy resources: non-renewable,0.001530958624120541,0.00023239369958508586,0.0001918575599345329,0.0002722098599693248,raw_knit,2050
raw_knit|end-of-life|waste|incinerated|share of waste,circularity,eutrophication: freshwater,0.00014811985572820555,2.5212293734452588e-06,2.069090538332513e-06,2.981232000235361e-06,raw_knit,2050
raw_knit|end-of-life|waste|incinerated|share of waste,circularity,eutrophication: marine,1.6905873901180616e-05,4.951540047473051e-08,4.0617788356535516e-08,5.798557931891223e-08,raw_knit,2050
raw_knit|end-of-life|waste|incinerated|share of waste,circularity,eutrophication: terrestrial,4.070348071737525e-05,3.055766726182034e-07,2.510110991109874e-07,3.5902192576203064e-07,raw_knit,2050
raw_knit|end-of-life|waste|incinerated|share of waste,circularity,human toxicity: carcinogenic,0.0015639656839869908,0.00014081649658622317,0.00011382244961247785,0.00017488529972452366,raw_knit,2050
raw_knit|end-of-life|waste|incinerated|share of waste,circularity,"human toxicity: carcinogenic, inorganics",0.0007141284805228295,3.0428622337885687e-05,2.2749654993836968e-05,3.890949787996781e-05,raw_knit,2050
raw_knit|end-of-life|waste|incinerated|share of waste,circularity,"human toxicity: carcinogenic, organics",0.00140666444170234,0.00015776924352879645,0.00012807805652780764,0.0001907871752649606,raw_knit,2050
raw_knit|end-of-life|waste|incinerated|share of waste,circularity,human toxicity: non-carcinogenic,0.0005048474394834952,0.00021117593485537098,0.00017637708566357673,0.00025171467319786117,raw_knit,2050
raw_knit|end-of-life|waste|incinerated|share of waste,circularity,"human toxicity: non-carcinogenic, inorganics",0.0002722580314139876,0.00016036249841669292,0.00013385577456719397,0.00019073196036988198,raw_knit,2050
raw_knit|end-of-life|waste|incinerated|share of waste,circularity,"human toxicity: non-carcinogenic, organics",0.001362394754995727,0.0001475429049647677,0.0001225063889013516,0.0001709944919347966,raw_knit,2050
raw_knit|end-of-life|waste|incinerated|share of waste,circularity,ionising radiation: human health,0.001567506172308011,0.00025508821062324215,0.0002129780807831037,0.0002958685005875086,raw_knit,2050
raw_knit|end-of-life|waste|incinerated|share of waste,circularity,land use,0.00017618109987484204,5.41674128540803e-06,4.4555041058846276e-06,6.363384655716174e-06,raw_knit,2050
raw_knit|end-of-life|waste|incinerated|share of waste,circularity,material resources: metals/minerals,0.0014044990396229532,0.00016751377866142204,0.00013813367371090466,0.0002011125875602969,raw_knit,2050
raw_knit|end-of-life|waste|incinerated|share of waste,circularity,ozone depletion,0.004168852059201577,0.0013015676409764208,0.0010639401736596468,0.0015312384583518396,raw_knit,2050
raw_knit|end-of-life|waste|incinerated|share of waste,circularity,particulate matter formation,0.00024846760192256614,9.626712432870543e-06,7.901651767197543e-06,1.128426783580419e-05,raw_knit,2050
raw_knit|end-of-life|waste|incinerated|share of waste,circularity,photochemical oxidant formation: human health,0.00029511563743312927,1.2567744214669735e-05,1.0330008193990994e-05,1.4720823731963492e-05,raw_knit,2050
raw_knit|end-of-life|waste|incinerated|share of waste,circularity,water use,0.000715222785181259,7.656032808390211e-05,6.344695633938975e-05,8.935400243885921e-05,raw_knit,2050
raw_knit|production|Carding & roving||electricity location,location,acidification,0.0023614646569924983,4.200689788460183e-05,3.397047360748417e-05,5.031054085946149e-05,raw_knit,2050
raw_knit|production|Carding & roving||electricity location,location,climate change,0.003093591996555438,0.0001929763559469828,0.00015681799209380737,0.00022940528273495485,raw_knit,2050
raw_knit|production|Carding & roving||electricity location,location,climate change: biogenic,-0.0009023779037140532,6.450984398881303e-06,5.211194054721906e-06,7.72649371478232e-06,raw_knit,2050
raw_knit|production|Carding & roving||electricity location,location,climate change: fossil,0.005560899409492692,0.0002227027489525662,0.0001800874133180743,0.0002677193129877737,raw_knit,2050
raw_knit|production|Carding & roving||electricity location,location,climate change: land use and land use change,-0.020944535835987897,0.047033414472374115,0.038238307533703275,0.05778095390342765,raw_knit,2050
raw_knit|production|Carding & roving||electricity location,location,ecotoxicity: freshwater,0.0142337403538043,0.001309085342439505,0.0010504191833897517,0.0015611761990595072,raw_knit,2050
raw_knit|production|Carding & roving||electricity location,location,"ecotoxicity: freshwater, inorganics",0.0157455818105765,0.0015787162261336205,0.001269227281324723,0.0018787171625024445,raw_knit,2050
raw_knit|production|Carding & roving||electricity location,location,"ecotoxicity: freshwater, organics",0.0020450201050689607,3.1624646561143825e-05,2.5584682467545287e-05,3.79001807148286e-05,raw_knit,2050
raw_knit|production|Carding & roving||electricity location,location,energy resources: non-renewable,0.00894519325827621,0.0005589212222258008,0.0004487188833285599,0.0006677692390981945,raw_knit,2050
raw_knit|production|Carding & roving||electricity location,location,eutrophication: freshwater,0.007827235283182231,0.00042558978296589907,0.000343009197440963,0.0005106502723655023,raw_knit,2050
raw_knit|production|Carding & roving||electricity location,location,eutrophication: marine,0.0005604378588530756,2.434218000467049e-06,1.965369864250109e-06,2.913512846237571e-06,raw_knit,2050
raw_knit|production|Carding & roving||electricity location,location,eutrophication: terrestrial,0.000764785458274441,4.517861224117096e-06,3.648571518688898e-06,5.40782766502977e-06,raw_knit,2050
raw_knit|production|Carding & roving||electricity location,location,human toxicity: carcinogenic,0.12458006938490765,0.06254779400395173,0.04964819981385963,0.0751934865327724,raw_knit,2050
raw_knit|production|Carding & roving||electricity location,location,"human toxicity: carcinogenic, inorganics",0.04193092720408955,0.03658783656115766,0.030040476566521247,0.04405873735418655,raw_knit,2050
raw_knit|production|Carding & roving||electricity location,location,"human toxicity: carcinogenic, organics",0.12260986058550091,0.053539287958182254,0.042743523670020774,0.06398979804788596,raw_knit,2050
raw_knit|production|Carding & roving||electricity location,location,human toxicity: non-carcinogenic,-0.011726890250866498,0.02078897937947006,0.01673403462608331,0.024793449067560976,raw_knit,2050
raw_knit|production|Carding & roving||electricity location,location,"human toxicity: non-carcinogenic, inorganics",-0.015531648960871336,0.017138603997323316,0.013845006379773742,0.020566959436896896,raw_knit,2050
raw_knit|production|Carding & roving||electricity location,location,"human toxicity: non-carcinogenic, organics",0.02774580659450794,0.004525612159092301,0.0036811737584191936,0.005392934493843315,raw_knit,2050
raw_knit|production|Carding & roving||electricity location,location,ionising radiation: human health,-0.026007194245723796,0.013578393801597826,0.011032504360033783,0.016285612699220707,raw_knit,2050
raw_knit|production|Carding & roving||electricity location,location,land use,0.0020254239443618484,3.11042171318745e-05,2.5132719185929962e-05,3.721847927135041e-05,raw_knit,2050
raw_knit|production|Carding & roving||electricity location,location,material resources: metals/minerals,0.09053757083357375,0.033074199236219404,0.02694690513975182,0.03919719448521935,raw_knit,2050
raw_knit|production|Carding & roving||electricity location,location,ozone depletion,0.08311860270318171,0.028743521121396033,0.023389368611418913,0.03384355401332953,raw_knit,2050
raw_knit|production|Carding & roving||electricity location,location,particulate matter formation,0.0061655532449179816,0.00027184499638520127,0.00021968021296486448,0.00032555556379994336,raw_knit,2050
raw_knit|production|Carding & roving||electricity location,location,photochemical oxidant formation: human health,0.007288183707253921,0.00037360261116184786,0.0003013193448001379,0.00044782635789294354,raw_knit,2050
raw_knit|production|Carding & roving||electricity location,location,water use,-0.026135272704540965,0.012404027345096809,0.010024096007756299,0.014870454643427174,raw_knit,2050
raw_knit|production|Spinning||electricity location,location,acidification,0.0001706106582537986,1.3615405767684004e-05,1.0477953378461273e-05,1.6876847175049817e-05,raw_knit,2050
raw_knit|production|Spinning||electricity location,location,climate change,0.0003346594170804019,6.254809381557107e-05,4.759838381208604e-05,7.927013733228516e-05,raw_knit,2050
raw_knit|production|Spinning||electricity location,location,climate change: biogenic,-5.98804287063943e-05,2.0909130313087716e-06,1.6062490896562714e-06,2.593780639183981e-06,raw_knit,2050
raw_knit|production|Spinning||electricity location,location,climate change: fossil,0.0004387812565242722,7.218310432961858e-05,5.544721952646955e-05,8.93952659810811e-05,raw_knit,2050
raw_knit|production|Spinning||electricity location,location,climate change: land use and land use change,0.004563716370488731,0.015244615882854164,0.011788269896643751,0.018721010587366173,raw_knit,2050
raw_knit|production|Spinning||electricity location,location,ecotoxicity: freshwater,0.0013931824637808234,0.00042430479324622833,0.00032418288117389845,0.0005249479159121012,raw_knit,2050
raw_knit|production|Spinning||electricity location,location,"ecotoxicity: freshwater, inorganics",0.001587929920972439,0.0005116983898664708,0.0003906896611404174,0.0006329945952130288,raw_knit,2050
raw_knit|production|Spinning||electricity location,location,"ecotoxicity: freshwater, organics",0.00014412826299468678,1.0250278332202248e-05,7.881323340008318e-06,1.270738392338306e-05,raw_knit,2050
raw_knit|production|Spinning||electricity location,location,energy resources: non-renewable,0.0008465459796411994,0.000181159276594992,0.00013848526641197008,0.00022437763463028403,raw_knit,2050
raw_knit|production|Spinning||electricity location,location,eutrophication: freshwater,0.0006622002891610404,0.000137943477796901,0.00010576089782320856,0.0001708336237534246,raw_knit,2050
raw_knit|production|Spinning||electricity location,location,eutrophication: marine,3.778455397751214e-05,7.889862730260619e-07,6.056945701067891e-07,9.783008822477667e-07,raw_knit,2050
raw_knit|production|Spinning||electricity location,location,eutrophication: terrestrial,5.2218252664817136e-05,1.4643431642447258e-06,1.1248670493216381e-06,1.8160797682332957e-06,raw_knit,2050
raw_knit|production|Spinning||electricity location,location,human toxicity: carcinogenic,0.024206264252190732,0.02027318459879621,0.015475631680506346,0.026233222325252728,raw_knit,2050
raw_knit|production|Spinning||electricity location,location,"human toxicity: carcinogenic, inorganics",0.015724286012986664,0.01185896283773126,0.009628406947866399,0.015019367019920255,raw_knit,2050
raw_knit|production|Spinning||electricity location,location,"human toxicity: carcinogenic, organics",0.019912284580996614,0.017353319734917598,0.013170471291718323,0.02156477834805925,raw_knit,2050
raw_knit|production|Spinning||electricity location,location,human toxicity: non-carcinogenic,0.006512119952127335,0.006738188345282596,0.005251327200409991,0.00835111381228464,raw_knit,2050
raw_knit|production|Spinning||electricity location,location,"human toxicity: non-carcinogenic, inorganics",0.004970767327212917,0.005555017377294709,0.004279161721250593,0.0068422127405069815,raw_knit,2050
raw_knit|production|Spinning||electricity location,location,"human toxicity: non-carcinogenic, organics",0.00347346572591969,0.0014668554212805393,0.0011181238086510024,0.0018689881895964638,raw_knit,2050
raw_knit|production|Spinning||electricity location,location,ionising radiation: human health,-0.0007752320802583652,0.00440107102862095,0.003415395952006462,0.005453800417455424,raw_knit,2050
raw_knit|production|Spinning||electricity location,location,land use,0.00014826725716853787,1.0081595134685174e-05,7.758612800563339e-06,1.2497620432481115e-05,raw_knit,2050
raw_knit|production|Spinning||electricity location,location,material resources: metals/minerals,0.014472726397203555,0.01072011183209558,0.008122700504803756,0.0134348297145898,raw_knit,2050
raw_knit|production|Spinning||electricity location,location,ozone depletion,0.01233837915339138,0.009316439036629235,0.006948950400206041,0.011668175241243315,raw_knit,2050
raw_knit|production|Spinning||electricity location,location,particulate matter formation,0.0004785581572338592,8.811124167909289e-05,6.776645962194664e-05,0.00010904820156152029,raw_knit,2050
raw_knit|production|Spinning||electricity location,location,photochemical oxidant formation: human health,0.0005976381957623545,0.00012109323475417685,9.297170026620917e-05,0.000149853663826341,raw_knit,2050
raw_knit|production|Spinning||electricity location,location,water use,-0.0006093058774580837,0.004020431737684881,0.0030952600407383782,0.004997048338400828,raw_knit,2050
raw_knit|production|CNC knitting||electricity location,location,acidification,-0.0011736499992514545,0.00013950600860611378,0.00011042713416392375,0.00016999448693556007,raw_knit,2050
raw_knit|production|CNC knitting||electricity location,location,climate change,-0.0006753522330818294,0.0006408795347724213,0.0005047766034169528,0.0007622152579233316,raw_knit,2050
raw_knit|production|CNC knitting||electricity location,location,climate change: biogenic,0.0005290970742618013,2.142388822760784e-05,1.6980450854547618e-05,2.6155019859185185e-05,raw_knit,2050
raw_knit|production|CNC knitting||electricity location,location,climate change: fossil,-0.0022659918977620576,0.0007396016648820523,0.0005825903183612563,0.000895417243855368,raw_knit,2050
raw_knit|production|CNC knitting||electricity location,location,climate change: land use and land use change,0.1764614349456636,0.15619920190686382,0.1252899454092262,0.18819949050150475,raw_knit,2050
raw_knit|production|CNC knitting||electricity location,location,ecotoxicity: freshwater,-0.0032113383511791897,0.004347506724971629,0.003422313745327471,0.005207082031015424,raw_knit,2050
raw_knit|production|CNC knitting||electricity location,location,"ecotoxicity: freshwater, inorganics",-0.0030762035322174815,0.005242957955015767,0.004130886737855023,0.006266115235240083,raw_knit,2050
raw_knit|production|CNC knitting||electricity location,location,"ecotoxicity: freshwater, organics",-0.0010319625327655435,0.00010502627990869759,8.311471483622739e-05,0.0001280153858992998,raw_knit,2050
raw_knit|production|CNC knitting||electricity location,location,energy resources: non-renewable,-0.0028844370582590253,0.0018561920247520615,0.0014602139607636266,0.0022273641033517103,raw_knit,2050
raw_knit|production|CNC knitting||electricity location,location,eutrophication: freshwater,-0.0028226805012537114,0.0014133948212081246,0.0011138079429758856,0.001706272706287409,raw_knit,2050
raw_knit|production|CNC knitting||electricity location,location,eutrophication: marine,-0.0003061753288265274,8.084101764791092e-06,6.4071648369199356e-06,9.873504162372927e-06,raw_knit,2050
raw_knit|production|CNC knitting||electricity location,location,eutrophication: terrestrial,-0.00041337319748249935,1.5003935509456775e-05,1.188941583416735e-05,1.8317764521026043e-05,raw_knit,2050
raw_knit|production|CNC knitting||electricity location,location,human toxicity: carcinogenic,0.15551088953588915,0.20772286286360755,0.17032929223582421,0.24761585728101496,raw_knit,2050
raw_knit|production|CNC knitting||electricity location,location,"human toxicity: carcinogenic, inorganics",0.11064201276790675,0.1215091639521174,0.10208296552645259,0.14835679181909597,raw_knit,2050
raw_knit|production|CNC knitting||electricity location,location,"human toxicity: carcinogenic, organics",0.12295742588512915,0.1778053782304465,0.14429863041745214,0.21192042346431528,raw_knit,2050
raw_knit|production|CNC knitting||electricity location,location,human toxicity: non-carcinogenic,0.08309061866163346,0.06904074526502392,0.05644529009332067,0.0854170265326504,raw_knit,2050
raw_knit|production|CNC knitting||electricity location,location,"human toxicity: non-carcinogenic, inorganics",0.07181530072107231,0.05691775296799028,0.046218080153069364,0.07026946085329275,raw_knit,2050
raw_knit|production|CNC knitting||electricity location,location,"human toxicity: non-carcinogenic, organics",0.0009611614369835453,0.015029676567611836,0.011912105172686411,0.018170328312835472,raw_knit,2050
raw_knit|production|CNC knitting||electricity location,location,ionising radiation: human health,0.062044844217496155,0.045094201617712784,0.036100026045411515,0.054896413434732956,raw_knit,2050
raw_knit|production|CNC knitting||electricity location,location,land use,-0.001026034869474586,0.0001032979201369764,8.181564570265426e-05,0.00012588882847084634,raw_knit,2050
raw_knit|production|CNC knitting||electricity location,location,material resources: metals/minerals,0.06641230060246092,0.1098402823261006,0.08862897556551289,0.13156535259555643,raw_knit,2050
raw_knit|production|CNC knitting||electricity location,location,ozone depletion,0.05618812986369595,0.0954579868274768,0.07655326393004097,0.11538495198003366,raw_knit,2050
raw_knit|production|CNC knitting||electricity location,location,particulate matter formation,-0.002477859001471508,0.0009028043563089294,0.0007135965798676291,0.0010982140671573946,raw_knit,2050
raw_knit|production|CNC knitting||electricity location,location,photochemical oxidant formation: human health,-0.0027365915914016477,0.0012407440613965558,0.0009799094477913359,0.0015050881629284074,raw_knit,2050
raw_knit|production|CNC knitting||electricity location,location,water use,0.05792152933301844,0.04119409984306074,0.03309753199706425,0.050240741856696,raw_knit,2050
raw_knit|repair|Carding & roving||electricity location,location,acidification,-0.0003136230604538228,3.389082841266658e-07,2.664562273367114e-07,4.2025652232538963e-07,raw_knit,2050
raw_knit|repair|Carding & roving||electricity location,location,climate change,-0.00039207112696741783,1.556917767426658e-06,1.1957219053415089e-06,1.956720346685949e-06,raw_knit,2050
raw_knit|repair|Carding & roving||electricity location,location,climate change: biogenic,0.00012307162658901005,5.20460249066493e-08,4.0835560747064856e-08,6.448064015075267e-08,raw_knit,2050
raw_knit|repair|Carding & roving||electricity location,location,climate change: fossil,-0.0007243973635041684,1.7967479228091188e-06,1.4048867303801266e-06,2.2340010130794617e-06,raw_knit,2050
raw_knit|repair|Carding & roving||electricity location,location,climate change: land use and land use change,0.01025582897805503,0.00037946181694352253,0.0002894864142452605,0.00046231544459133633,raw_knit,2050
raw_knit|repair|Carding & roving||electricity location,location,ecotoxicity: freshwater,-0.00175426233680903,1.0561595583667412e-05,8.198541182356173e-06,1.3134720926508025e-05,raw_knit,2050
raw_knit|repair|Carding & roving||electricity location,location,"ecotoxicity: freshwater, inorganics",-0.0019238281236899635,1.2736955934992866e-05,9.87272149554189e-06,1.584398713966623e-05,raw_knit,2050
raw_knit|repair|Carding & roving||electricity location,location,"ecotoxicity: freshwater, organics",-0.00027212702613156565,2.551451128715668e-07,2.0055634513334633e-07,3.1636299320431595e-07,raw_knit,2050
raw_knit|repair|Carding & roving||electricity location,location,energy resources: non-renewable,-0.0011473463282587939,4.509331608035204e-06,3.515668835960004e-06,5.599565793201556e-06,raw_knit,2050
raw_knit|repair|Carding & roving||electricity location,location,eutrophication: freshwater,-0.0010034551396508142,3.433624246262117e-06,2.6775606778608387e-06,4.263591265333705e-06,raw_knit,2050
raw_knit|repair|Carding & roving||electricity location,location,eutrophication: marine,-7.539125991312779e-05,1.963907565835528e-08,1.5435964609388595e-08,2.4340347572114186e-08,raw_knit,2050
raw_knit|repair|Carding & roving||electricity location,location,eutrophication: terrestrial,-0.00010275203763351555,3.64497421255512e-08,2.864731473707692e-08,4.517837493267504e-08,raw_knit,2050
raw_knit|repair|Carding & roving||electricity location,location,human toxicity: carcinogenic,-0.008058281608452627,0.0005046305871007848,0.00040512063203692613,0.000662990086919382,raw_knit,2050
raw_knit|repair|Carding & roving||electricity location,location,"human toxicity: carcinogenic, inorganics",-0.000997020518580959,0.0002951877318557077,0.0002314208283115824,0.00036102625145716767,raw_knit,2050
raw_knit|repair|Carding & roving||electricity location,location,"human toxicity: carcinogenic, organics",-0.008816220828299387,0.0004319506826026286,0.00034765115290458335,0.0005674580653465285,raw_knit,2050
raw_knit|repair|Carding & roving||electricity location,location,human toxicity: non-carcinogenic,0.004233553007372724,0.00016772381882605304,0.00013250307866004838,0.00020638763775935993,raw_knit,2050
raw_knit|repair|Carding & roving||electricity location,location,"human toxicity: non-carcinogenic, inorganics",0.004282310483134272,0.00013827288292070998,0.00010877907434529259,0.00017050650558129253,raw_knit,2050
raw_knit|repair|Carding & roving||electricity location,location,"human toxicity: non-carcinogenic, organics",-0.0031713290732878568,3.651227604747996e-05,2.820759274191715e-05,4.550714158903824e-05,raw_knit,2050
raw_knit|repair|Carding & roving||electricity location,location,ionising radiation: human health,0.005735826406144343,0.00010954939251019926,8.286659101659733e-05,0.0001341496294217248,raw_knit,2050
raw_knit|repair|Carding & roving||electricity location,location,land use,-0.0002698957561992345,2.509463299629233e-07,1.9727595296218772e-07,3.111561157273997e-07,raw_knit,2050
raw_knit|repair|Carding & roving||electricity location,location,material resources: metals/minerals,-0.007490822033666251,0.0002668399876326133,0.00021346756905452123,0.00034304130728537253,raw_knit,2050
raw_knit|repair|Carding & roving||electricity location,location,ozone depletion,-0.0071095345113512745,0.00023190042382497948,0.00018498204070523555,0.0002937758269390559,raw_knit,2050
raw_knit|repair|Carding & roving||electricity location,location,particulate matter formation,-0.0007953937971388004,2.193223634995224e-06,1.7256571607338923e-06,2.7216342899286044e-06,raw_knit,2050
raw_knit|repair|Carding & roving||electricity location,location,photochemical oxidant formation: human health,-0.0009348672269393799,3.0141959123462767e-06,2.366946212075946e-06,3.7518361497207183e-06,raw_knit,2050
raw_knit|repair|Carding & roving||electricity location,location,water use,0.005542502495866179,0.00010007469809686522,7.556401505326767e-05,0.00012206338708788017,raw_knit,2050
raw_knit|repair|Spinning||electricity location,location,acidification,-2.1570136264470277e-05,1.383165130577167e-07,1.0515383301311527e-07,1.728037906901759e-07,raw_knit,2050
raw_knit|repair|Spinning||electricity location,location,climate change,-2.2355180129217466e-05,6.354150866007095e-07,4.7512230280454765e-07,8.130064472850933e-07,raw_knit,2050
raw_knit|repair|Spinning||electricity location,location,climate change: biogenic,8.404472260916194e-06,2.124121781842432e-08,1.6107105457642224e-08,2.6553279900844013e-08,raw_knit,2050
raw_knit|repair|Spinning||electricity location,location,climate change: fossil,-5.013355507961807e-05,7.332954641904025e-07,5.585435716494504e-07,9.208671019945228e-07,raw_knit,2050
raw_knit|repair|Spinning||electricity location,location,climate change: land use and land use change,0.0006150179275587742,0.00015486737213704066,0.00012166578543528843,0.00019864853097127107,raw_knit,2050
raw_knit|repair|Spinning||electricity location,location,ecotoxicity: freshwater,-0.00012314837374248833,4.310437784732905e-06,3.2959393839035693e-06,5.495509854123367e-06,raw_knit,2050
raw_knit|repair|Spinning||electricity location,location,"ecotoxicity: freshwater, inorganics",-0.00013541738210399168,5.198253965487115e-06,3.9768803720928945e-06,6.628758005558741e-06,raw_knit,2050
raw_knit|repair|Spinning||electricity location,location,"ecotoxicity: freshwater, organics",-1.866518968449271e-05,1.0413077516546317e-07,7.916352737924349e-08,1.2999533449431256e-07,raw_knit,2050
raw_knit|repair|Spinning||electricity location,location,energy resources: non-renewable,-8.099230394980487e-05,1.8403652358383214e-06,1.4010150524108647e-06,2.3465317580592645e-06,raw_knit,2050
raw_knit|repair|Spinning||electricity location,location,eutrophication: freshwater,-6.956163427366822e-05,1.4013435349248623e-06,1.0683057163248344e-06,1.7672986273941249e-06,raw_knit,2050
raw_knit|repair|Spinning||electricity location,location,eutrophication: marine,-5.15849504725026e-06,8.015172812135332e-09,6.086241220153459e-09,1.000097084831494e-08,raw_knit,2050
raw_knit|repair|Spinning||electricity location,location,eutrophication: terrestrial,-7.037384670866325e-06,1.4876004715113152e-08,1.1296547434307577e-08,1.856881103317092e-08,raw_knit,2050
raw_knit|repair|Spinning||electricity location,location,human toxicity: carcinogenic,-0.0006980152640071329,0.00020595171749757918,0.00015679083324407857,0.000267699346919339,raw_knit,2050
raw_knit|repair|Spinning||electricity location,location,"human toxicity: carcinogenic, inorganics",-0.0001553548859735408,0.00012047311818567171,9.254700219533844e-05,0.0001506458155503932,raw_knit,2050
raw_knit|repair|Spinning||electricity location,location,"human toxicity: carcinogenic, organics",-0.0007280555915120238,0.00017628932377516707,0.0001362745604297474,0.00022352789988548577,raw_knit,2050
raw_knit|repair|Spinning||electricity location,location,human toxicity: non-carcinogenic,0.00023390109161822614,6.84520705550881e-05,5.286005421696571e-05,8.497162112663198e-05,raw_knit,2050
raw_knit|repair|Spinning||electricity location,location,"human toxicity: non-carcinogenic, inorganics",0.0002474468202220195,5.643244474036298e-05,4.3330637260591065e-05,7.03263151655135e-05,raw_knit,2050
raw_knit|repair|Spinning||electricity location,location,"human toxicity: non-carcinogenic, organics",-0.00023128547300507705,1.4901526292583661e-05,1.1451983368206454e-05,1.908232742552406e-05,raw_knit,2050
raw_knit|repair|Spinning||electricity location,location,ionising radiation: human health,0.0003746143040252304,4.4709706694385914e-05,3.455194830235742e-05,5.776687101364038e-05,raw_knit,2050
raw_knit|repair|Spinning||electricity location,location,land use,-1.8597987429039957e-05,1.0241715222318687e-07,7.780955602203792e-08,1.2808217014562572e-07,raw_knit,2050
raw_knit|repair|Spinning||electricity location,location,material resources: metals/minerals,-0.0006059117145659781,0.00010890373107525011,8.418256807082081e-05,0.00013915709989388252,raw_knit,2050
raw_knit|repair|Spinning||electricity location,location,ozone depletion,-0.0005757629729048889,9.46440659682653e-05,7.256695563724361e-05,0.00011942940113238033,raw_knit,2050
raw_knit|repair|Spinning||electricity location,location,particulate matter formation,-5.512270975096292e-05,8.951066107162654e-07,6.83069973835735e-07,1.116388866346549e-06,raw_knit,2050
raw_knit|repair|Spinning||electricity location,location,photochemical oxidant formation: human health,-6.500913086161581e-05,1.2301648788045618e-06,9.387853950714937e-07,1.5403158963165396e-06,raw_knit,2050
raw_knit|repair|Spinning||electricity location,location,water use,0.000357758228341593,4.084285906946983e-05,3.1413882233933964e-05,5.270227247073695e-05,raw_knit,2050
raw_knit|repair|CNC knitting||electricity location,location,acidification,-0.000613798410861587,1.2626935018491828e-06,9.844473686609717e-07,1.5346097924162638e-06,raw_knit,2050
raw_knit|repair|CNC knitting||electricity location,location,climate change,-0.0007970506424762949,5.8007137621585e-06,4.478711226934083e-06,6.960353202097905e-06,raw_knit,2050
raw_knit|repair|CNC knitting||electricity location,location,climate change: biogenic,0.00023978418613620567,1.9391139291872506e-07,1.5153686623453255e-07,2.3651029567718956e-07,raw_knit,2050
raw_knit|repair|CNC knitting||electricity location,location,climate change: fossil,-0.0014214017850277543,6.69426518280087e-06,5.225639944868462e-06,8.052363135564513e-06,raw_knit,2050
raw_knit|repair|CNC knitting||electricity location,location,climate change: land use and land use change,0.01765370021560907,0.0014137865401819296,0.00112221589386202,0.001718347536460056,raw_knit,2050
raw_knit|repair|CNC knitting||electricity location,location,ecotoxicity: freshwater,-0.0034891635339745837,3.9350050551348156e-05,3.057689447650472e-05,4.712782780662688e-05,raw_knit,2050
raw_knit|repair|CNC knitting||electricity location,location,"ecotoxicity: freshwater, inorganics",-0.0038338237843490008,4.745493765045516e-05,3.6918745473980846e-05,5.6981909000984966e-05,raw_knit,2050
raw_knit|repair|CNC knitting||electricity location,location,"ecotoxicity: freshwater, organics",-0.0005323845007516838,9.506113929367773e-07,7.41607013018792e-07,1.1564916314727163e-06,raw_knit,2050
raw_knit|repair|CNC knitting||electricity location,location,energy resources: non-renewable,-0.0022577511705447416,1.680072156932195e-05,1.3055739917862031e-05,2.0106364720176735e-05,raw_knit,2050
raw_knit|repair|CNC knitting||electricity location,location,eutrophication: freshwater,-0.001978628332689081,1.2792885941750092e-05,9.957734883852935e-06,1.529961324796985e-05,raw_knit,2050
raw_knit|repair|CNC knitting||electricity location,location,eutrophication: marine,-0.00014720836888775828,7.317063163573973e-08,5.710092840854642e-08,8.931475808174388e-08,raw_knit,2050
raw_knit|repair|CNC knitting||electricity location,location,eutrophication: terrestrial,-0.0002006806472102355,1.3580326796852506e-07,1.060096895551385e-07,1.6563585431462974e-07,raw_knit,2050
raw_knit|repair|CNC knitting||electricity location,location,human toxicity: carcinogenic,-0.01878682622008729,0.001880136287634388,0.0014751934552910593,0.002415372117804166,raw_knit,2050
raw_knit|repair|CNC knitting||electricity location,location,"human toxicity: carcinogenic, inorganics",-0.0038342411743859358,0.001099800885069146,0.0008715486104073606,0.001419782478458334,raw_knit,2050
raw_knit|repair|CNC knitting||electricity location,location,"human toxicity: carcinogenic, organics",-0.01977450923435075,0.0016093478548248352,0.0012601302603596342,0.0020492988929525563,raw_knit,2050
raw_knit|repair|CNC knitting||electricity location,location,human toxicity: non-carcinogenic,0.007245876727556704,0.0006248999686824331,0.000483600205968506,0.0007715178556816715,raw_knit,2050
raw_knit|repair|CNC knitting||electricity location,location,"human toxicity: non-carcinogenic, inorganics",0.007517477321278065,0.0005151726261157586,0.0004010746917872456,0.0006392406742836843,raw_knit,2050
raw_knit|repair|CNC knitting||electricity location,location,"human toxicity: non-carcinogenic, organics",-0.0064000117533073555,0.00013603625482828838,0.00010678389381304598,0.00016571166743408828,raw_knit,2050
raw_knit|repair|CNC knitting||electricity location,location,ionising radiation: human health,0.010503537918064064,0.00040815557639908194,0.00032228011787265764,0.0004967010507677291,raw_knit,2050
raw_knit|repair|CNC knitting||electricity location,location,land use,-0.0005279575660786166,9.349677036475992e-07,7.28150063305403e-07,1.1358365230051684e-06,raw_knit,2050
raw_knit|repair|CNC knitting||electricity location,location,material resources: metals/minerals,-0.016237361153007574,0.0009941837783205717,0.0007887522537744187,0.0012479680568074141,raw_knit,2050
raw_knit|repair|CNC knitting||electricity location,location,ozone depletion,-0.015149093770153952,0.0008640070837879252,0.0006848524484710638,0.0010723327746120289,raw_knit,2050
raw_knit|repair|CNC knitting||electricity location,location,particulate matter formation,-0.0015640258203217816,8.171441542500454e-06,6.358514371915969e-06,9.900315071802917e-06,raw_knit,2050
raw_knit|repair|CNC knitting||electricity location,location,photochemical oxidant formation: human health,-0.0018412905978499319,1.1230193447845234e-05,8.72596870475984e-06,1.3533898233048458e-05,raw_knit,2050
raw_knit|repair|CNC knitting||electricity location,location,water use,0.010198297827055959,0.0003728550670044782,0.0002935008708171319,0.0004532063297232775,raw_knit,2050
raw_knit|end-of-life|waste||disposal grid location,location,acidification,0.0006030629442867945,2.0152947937229672e-06,1.6273962015357311e-06,2.4185646895216958e-06,raw_knit,2050
raw_knit|end-of-life|waste||disposal grid location,location,climate change,0.0008738481880489198,9.258104383712249e-06,7.495829464007584e-06,1.10679095830822e-05,raw_knit,2050
raw_knit|end-of-life|waste||disposal grid location,location,climate change: biogenic,-0.0002355541829955393,3.094881061955098e-07,2.496951648347981e-07,3.711816867716518e-07,raw_knit,2050
raw_knit|end-of-life|waste||disposal grid location,location,climate change: fossil,0.001397255802132457,1.0684237901709395e-05,8.584905237104399e-06,1.2737698992710645e-05,raw_knit,2050
raw_knit|end-of-life|waste||disposal grid location,location,climate change: land use and land use change,-0.016714816589812123,0.0022564435864219066,0.0018632895850947103,0.0027371308651162355,raw_knit,2050
raw_knit|end-of-life|waste||disposal grid location,location,ecotoxicity: freshwater,0.0034168924890341464,6.280380147100652e-05,5.083866081937352e-05,7.505864880775649e-05,raw_knit,2050
raw_knit|end-of-life|waste||disposal grid location,location,"ecotoxicity: freshwater, inorganics",0.0037526832149513264,7.573943212929532e-05,6.135308422468173e-05,9.061857812616916e-05,raw_knit,2050
raw_knit|end-of-life|waste||disposal grid location,location,"ecotoxicity: freshwater, organics",0.0005234306509875192,1.5172028589943587e-06,1.2228633320254874e-06,1.8191983742633452e-06,raw_knit,2050
raw_knit|end-of-life|waste||disposal grid location,location,energy resources: non-renewable,0.002208616467377481,2.6814430152573216e-05,2.1704305937244072e-05,3.214750291712606e-05,raw_knit,2050
raw_knit|end-of-life|waste||disposal grid location,location,eutrophication: freshwater,0.001941886293749859,2.0417810337460176e-05,1.6456373441826094e-05,2.4338650514446644e-05,raw_knit,2050
raw_knit|end-of-life|waste||disposal grid location,location,eutrophication: marine,0.00014472461112815938,1.1678241217916894e-07,9.421938723702255e-08,1.4024638283127597e-07,raw_knit,2050
raw_knit|end-of-life|waste||disposal grid location,location,eutrophication: terrestrial,0.00019725188167844958,2.1674588370552246e-07,1.7492569547451193e-07,2.6027000275499164e-07,raw_knit,2050
raw_knit|end-of-life|waste||disposal grid location,location,human toxicity: carcinogenic,0.01845900758002548,0.003000751066201116,0.002417556866976616,0.0036623552727983494,raw_knit,2050
raw_knit|end-of-life|waste||disposal grid location,location,"human toxicity: carcinogenic, inorganics",0.00335462114970264,0.0017553135377396253,0.001434660751702104,0.0021058231531216115,raw_knit,2050
raw_knit|end-of-life|waste||disposal grid location,location,"human toxicity: carcinogenic, organics",0.01964249528427045,0.002568565014683231,0.002080483396541128,0.0031081681719875988,raw_knit,2050
raw_knit|end-of-life|waste||disposal grid location,location,human toxicity: non-carcinogenic,-0.007341280636776023,0.0009973581487819772,0.0008270853134716605,0.0011637936588970261,raw_knit,2050
raw_knit|end-of-life|waste||disposal grid location,location,"human toxicity: non-carcinogenic, inorganics",-0.007568322303755,0.0008222301847274934,0.0006807151943017497,0.0009592553487473965,raw_knit,2050
raw_knit|end-of-life|waste||disposal grid location,location,"human toxicity: non-carcinogenic, organics",0.006235566004543023,0.00021711773736977745,0.0001753082188026319,0.00026344494135396206,raw_knit,2050
raw_knit|end-of-life|waste||disposal grid location,location,ionising radiation: human health,-0.010043657092568489,0.0006514279252577496,0.0005332514106168505,0.0007863588805655496,raw_knit,2050
raw_knit|end-of-life|waste||disposal grid location,location,land use,0.0005182504655694746,1.4922350853161485e-06,1.2077753539743904e-06,1.7927885378976078e-06,raw_knit,2050
raw_knit|end-of-life|waste||disposal grid location,location,material resources: metals/minerals,0.01589519712331195,0.001586745627120966,0.0012801581078934244,0.0019202849195438566,raw_knit,2050
raw_knit|end-of-life|waste||disposal grid location,location,ozone depletion,0.014927408809187892,0.0013789799148784376,0.0011109075995135306,0.0016570843967758115,raw_knit,2050
raw_knit|end-of-life|waste||disposal grid location,location,particulate matter formation,0.001537724740234814,1.3041853445587475e-05,1.0532846619479333e-05,1.5662219239213854e-05,raw_knit,2050
raw_knit|end-of-life|waste||disposal grid location,location,photochemical oxidant formation: human health,0.0018079519017514497,1.7923708607670487e-05,1.4497490837673972e-05,2.1496561000558554e-05,raw_knit,2050
raw_knit|end-of-life|waste||disposal grid location,location,water use,-0.009804741727782588,0.0005950873068142955,0.00048442973732421387,0.0007179514537119322,raw_knit,2050
