name,group,category,S1,ST,ST_lo,ST_hi,raw_case,background
raw_knit|product|product size formula||areal_density,design,acidification,0.17085774698412115,0.10998214140044034,0.09055800086572138,0.13265415377674017,raw_knit,today
raw_knit|product|product size formula||areal_density,design,climate change,0.07030774555500348,0.04647391791514176,0.03761421574411879,0.05738270608486127,raw_knit,today
raw_knit|product|product size formula||areal_density,design,climate change: biogenic,0.17760409972712335,0.1265015820977737,0.1036777015261345,0.15185695170748323,raw_knit,today
raw_knit|product|product size formula||areal_density,design,climate change: fossil,0.09414474691891321,0.06130425038632394,0.04950037134362249,0.07476622641107246,raw_knit,today
raw_knit|product|product size formula||areal_density,design,climate change: land use and land use change,0.005560449164877887,0.01829677152300268,0.014396416979990957,0.021679081870661848,raw_knit,today
raw_knit|product|product size formula||areal_density,design,ecotoxicity: freshwater,0.13510731974883822,0.08931530232620094,0.07217195171431859,0.10779874177586662,raw_knit,today
raw_knit|product|product size formula||areal_density,design,"ecotoxicity: freshwater, inorganics",0.12666125198877073,0.08386575482078175,0.06821364087963087,0.10179976175596074,raw_knit,today
raw_knit|product|product size formula||areal_density,design,"ecotoxicity: freshwater, organics",0.18546526335696084,0.12542616334290269,0.1028230269504986,0.1502547548937276,raw_knit,today
raw_knit|product|product size formula||areal_density,design,energy resources: non-renewable,0.17120493078678514,0.09817987547256316,0.0782917600113391,0.1226202820191855,raw_knit,today
raw_knit|product|product size formula||areal_density,design,eutrophication: freshwater,0.04101099868573504,0.03341189361278645,0.026305628591355337,0.04158494240159116,raw_knit,today
raw_knit|product|product size formula||areal_density,design,eutrophication: marine,0.18692062058067294,0.1261288736879424,0.10429376588195283,0.15109226661097505,raw_knit,today
raw_knit|product|product size formula||areal_density,design,eutrophication: terrestrial,0.18718522716128197,0.12579324221622382,0.10425952053264582,0.1503968716546882,raw_knit,today
raw_knit|product|product size formula||areal_density,design,human toxicity: carcinogenic,0.08785003440049305,0.054227150306737096,0.04376477710485043,0.06750774993836095,raw_knit,today
raw_knit|product|product size formula||areal_density,design,"human toxicity: carcinogenic, inorganics",0.007677572947237179,0.009947808602283302,0.006707874385433411,0.014173209283619148,raw_knit,today
raw_knit|product|product size formula||areal_density,design,"human toxicity: carcinogenic, organics",0.1681453815925407,0.10715410908472757,0.09023737795975413,0.1271255842257104,raw_knit,today
raw_knit|product|product size formula||areal_density,design,human toxicity: non-carcinogenic,0.00019556864318911148,0.010210255463927634,0.00838438561987409,0.012413249737057304,raw_knit,today
raw_knit|product|product size formula||areal_density,design,"human toxicity: non-carcinogenic, inorganics",0.0027884229147256794,0.01248537095936236,0.010307160544558103,0.014509470551222764,raw_knit,today
raw_knit|product|product size formula||areal_density,design,"human toxicity: non-carcinogenic, organics",0.18536506989142001,0.11991513182876244,0.09806924972690721,0.141495714891491,raw_knit,today
raw_knit|product|product size formula||areal_density,design,ionising radiation: human health,0.04905276663756371,0.03805854549807478,0.03070061088825776,0.04645240832618397,raw_knit,today
raw_knit|product|product size formula||areal_density,design,land use,0.18558203089566475,0.12686035807229695,0.1042618772683051,0.15165803681186343,raw_knit,today
raw_knit|product|product size formula||areal_density,design,material resources: metals/minerals,0.17858796702804025,0.1195866900533506,0.09763455311369673,0.14214856000891413,raw_knit,today
raw_knit|product|product size formula||areal_density,design,ozone depletion,0.09587350547356133,0.06679376511670518,0.05519959904083053,0.07761235573593138,raw_knit,today
raw_knit|product|product size formula||areal_density,design,particulate matter formation,0.18941570868635796,0.1271333985348545,0.10464998082392837,0.15225606453358834,raw_knit,today
raw_knit|product|product size formula||areal_density,design,photochemical oxidant formation: human health,0.16177923185689394,0.10181082503950555,0.08352266698336074,0.12209143217205277,raw_knit,today
raw_knit|product|product size formula||areal_density,design,water use,0.1523693195088741,0.0995794176066291,0.08368722161651525,0.11923171277078484,raw_knit,today
raw_knit|production|Hemp fiber|virgin|share of input mass,design,acidification,-6.969399525551067e-17,9.557055271602978e-32,7.019130606256284e-32,1.2355534338327e-31,raw_knit,today
raw_knit|production|Hemp fiber|virgin|share of input mass,design,climate change,3.90072756379902e-17,1.6390728192728989e-32,1.2227572679098413e-32,2.2436249745702942e-32,raw_knit,today
raw_knit|production|Hemp fiber|virgin|share of input mass,design,climate change: biogenic,-1.342256540691793e-16,1.1299041407279056e-31,8.706693158901597e-32,1.3992462706070316e-31,raw_knit,today
raw_knit|production|Hemp fiber|virgin|share of input mass,design,climate change: fossil,-1.0135936674344221e-17,2.0004821345939062e-32,1.4241904985042444e-32,2.7420092215138764e-32,raw_knit,today
raw_knit|production|Hemp fiber|virgin|share of input mass,design,climate change: land use and land use change,3.3806085249570057e-18,1.765836952174722e-33,7.2838447056849676e-34,3.2789252279546616e-33,raw_knit,today
raw_knit|production|Hemp fiber|virgin|share of input mass,design,ecotoxicity: freshwater,2.6313509709875993e-17,4.2504547431058644e-32,3.254463559110566e-32,5.300399397147395e-32,raw_knit,today
raw_knit|production|Hemp fiber|virgin|share of input mass,design,"ecotoxicity: freshwater, inorganics",-6.220533059562396e-17,4.1202573770219406e-32,3.086099461063252e-32,5.482484564920261e-32,raw_knit,today
raw_knit|production|Hemp fiber|virgin|share of input mass,design,"ecotoxicity: freshwater, organics",3.094278678602025e-17,1.0876522578787017e-31,8.304119362909636e-32,1.326837305638422e-31,raw_knit,today
raw_knit|production|Hemp fiber|virgin|share of input mass,design,energy resources: non-renewable,-1.745885828247811e-17,3.788475549703607e-32,2.5602511167617167e-32,5.604264391489275e-32,raw_knit,today
raw_knit|production|Hemp fiber|virgin|share of input mass,design,eutrophication: freshwater,-1.3278397972683176e-17,6.255651996376419e-33,3.792166302097538e-33,8.899913696919556e-33,raw_knit,today
raw_knit|production|Hemp fiber|virgin|share of input mass,design,eutrophication: marine,-4.4234729650076345e-17,1.2289663412145962e-31,9.992369010441164e-32,1.4898004320918507e-31,raw_knit,today
raw_knit|production|Hemp fiber|virgin|share of input mass,design,eutrophication: terrestrial,-8.285989483107304e-17,1.0445682126801662e-31,8.14581948022587e-32,1.2909241260917174e-31,raw_knit,today
raw_knit|production|Hemp fiber|virgin|share of input mass,design,human toxicity: carcinogenic,2.3939316012746558e-17,1.2051071677823787e-32,8.022145052163067e-33,1.7409916891885985e-32,raw_knit,today
raw_knit|production|Hemp fiber|virgin|share of input mass,design,"human toxicity: carcinogenic, inorganics",1.1512701965946185e-17,3.194656013847447e-32,2.6182327633213783e-32,3.8689266012784324e-32,raw_knit,today
raw_knit|production|Hemp fiber|virgin|share of input mass,design,"human toxicity: carcinogenic, organics",-8.880951914970393e-17,3.9223765596386225e-32,2.544742868342692e-32,5.518138896340328e-32,raw_knit,today
raw_knit|production|Hemp fiber|virgin|share of input mass,design,human toxicity: non-carcinogenic,-9.627905182900319e-18,8.576387731933819e-32,6.37174090482643e-32,1.1065850532518511e-31,raw_knit,today
raw_knit|production|Hemp fiber|virgin|share of input mass,design,"human toxicity: non-carcinogenic, inorganics",-2.713640116633999e-17,9.50837311791374e-32,7.635392001942609e-32,1.1713258572659096e-31,raw_knit,today
raw_knit|production|Hemp fiber|virgin|share of input mass,design,"human toxicity: non-carcinogenic, organics",-1.3292123030838483e-17,3.317970036129217e-32,2.2262363267738007e-32,4.424144338569493e-32,raw_knit,today
raw_knit|production|Hemp fiber|virgin|share of input mass,design,ionising radiation: human health,-9.585936214222066e-18,1.2332322171444215e-32,8.509160233406857e-33,1.656257556816598e-32,raw_knit,today
raw_knit|production|Hemp fiber|virgin|share of input mass,design,land use,-8.949556330836593e-17,1.177852119107789e-31,9.024302530086707e-32,1.4656051433217911e-31,raw_knit,today
raw_knit|production|Hemp fiber|virgin|share of input mass,design,material resources: metals/minerals,5.610537192488185e-17,1.9345402778034922e-32,1.3315932936886063e-32,2.7007530477246463e-32,raw_knit,today
raw_knit|production|Hemp fiber|virgin|share of input mass,design,ozone depletion,1.6809383428334027e-17,3.122120949937783e-32,2.4281305140043377e-32,4.1023657305471797e-32,raw_knit,today
raw_knit|production|Hemp fiber|virgin|share of input mass,design,particulate matter formation,-1.5214143535991627e-16,1.0573649847877493e-31,8.105179781827575e-32,1.3145076004938786e-31,raw_knit,today
raw_knit|production|Hemp fiber|virgin|share of input mass,design,photochemical oxidant formation: human health,-1.527836491564076e-16,6.335971091299572e-32,4.732898878585368e-32,8.015119589200284e-32,raw_knit,today
raw_knit|production|Hemp fiber|virgin|share of input mass,design,water use,-3.045570349865693e-17,3.053183491666382e-32,2.2959720808686203e-32,3.8912864117601557e-32,raw_knit,today
raw_knit|repair|Hemp fiber|virgin|share of input mass,design,acidification,1.0206909800658278e-17,4.839015327393913e-33,2.0788322290226168e-33,7.532188180340769e-33,raw_knit,today
raw_knit|repair|Hemp fiber|virgin|share of input mass,design,climate change,-1.5827905058300544e-17,2.9801323986779982e-33,1.2001257762512652e-33,5.5294691570723896e-33,raw_knit,today
raw_knit|repair|Hemp fiber|virgin|share of input mass,design,climate change: biogenic,7.181767170312186e-18,7.023395422190906e-33,3.9276544909177756e-33,1.092798810819187e-32,raw_knit,today
raw_knit|repair|Hemp fiber|virgin|share of input mass,design,climate change: fossil,7.814953969144893e-18,1.646359520706165e-33,5.6255600652639994e-34,3.0649300822085745e-33,raw_knit,today
raw_knit|repair|Hemp fiber|virgin|share of input mass,design,climate change: land use and land use change,6.04793224323119e-20,2.1587248804091957e-36,0.0,6.892037377738244e-36,raw_knit,today
raw_knit|repair|Hemp fiber|virgin|share of input mass,design,ecotoxicity: freshwater,-1.3982697013108322e-17,2.6076409466907142e-33,1.0117860633861015e-33,4.4862552654054824e-33,raw_knit,today
raw_knit|repair|Hemp fiber|virgin|share of input mass,design,"ecotoxicity: freshwater, inorganics",9.521382941972607e-19,2.629951517248047e-33,7.566031805794909e-34,5.214755984858639e-33,raw_knit,today
raw_knit|repair|Hemp fiber|virgin|share of input mass,design,"ecotoxicity: freshwater, organics",1.1335826353838243e-17,5.4092829876738267e-33,2.449369346723189e-33,9.693589366862648e-33,raw_knit,today
raw_knit|repair|Hemp fiber|virgin|share of input mass,design,energy resources: non-renewable,-9.452083521917927e-18,2.813224418096738e-33,7.644578729562534e-34,6.0260859696585304e-33,raw_knit,today
raw_knit|repair|Hemp fiber|virgin|share of input mass,design,eutrophication: freshwater,5.875959603994151e-19,1.5246750385433565e-33,3.364707645667195e-34,2.95638345400761e-33,raw_knit,today
raw_knit|repair|Hemp fiber|virgin|share of input mass,design,eutrophication: marine,2.183488955832721e-17,6.099088542007922e-33,2.9527055543781667e-33,9.241368158914366e-33,raw_knit,today
raw_knit|repair|Hemp fiber|virgin|share of input mass,design,eutrophication: terrestrial,-1.613542565945213e-17,7.843174293161658e-33,4.5572195061684346e-33,1.307931003344839e-32,raw_knit,today
raw_knit|repair|Hemp fiber|virgin|share of input mass,design,human toxicity: carcinogenic,5.391625998759145e-18,5.339082388909272e-34,6.525482350709933e-35,1.3376853036196998e-33,raw_knit,today
raw_knit|repair|Hemp fiber|virgin|share of input mass,design,"human toxicity: carcinogenic, inorganics",-4.894528075198133e-19,1.0110718478036102e-33,5.1555305640989285e-34,1.5648783677926344e-33,raw_knit,today
raw_knit|repair|Hemp fiber|virgin|share of input mass,design,"human toxicity: carcinogenic, organics",-4.2867494859753005e-18,7.4475504296935865e-34,0.0,1.6238468900255617e-33,raw_knit,today
raw_knit|repair|Hemp fiber|virgin|share of input mass,design,human toxicity: non-carcinogenic,-1.8432347828410725e-18,1.4750483707910444e-33,1.0418608100926154e-33,2.02227001409198e-33,raw_knit,today
raw_knit|repair|Hemp fiber|virgin|share of input mass,design,"human toxicity: non-carcinogenic, inorganics",-3.917400825921951e-18,3.1228915129963895e-33,1.928172875738403e-33,4.739443528288824e-33,raw_knit,today
raw_knit|repair|Hemp fiber|virgin|share of input mass,design,"human toxicity: non-carcinogenic, organics",-2.028657370718215e-17,2.3420964960912117e-33,6.357755594214122e-34,4.523467377860613e-33,raw_knit,today
raw_knit|repair|Hemp fiber|virgin|share of input mass,design,ionising radiation: human health,2.4107402331992023e-18,1.2846168928587723e-33,4.489078999157046e-34,2.6988241881189335e-33,raw_knit,today
raw_knit|repair|Hemp fiber|virgin|share of input mass,design,land use,2.501441553942354e-17,6.859650125485703e-33,3.294106416956121e-33,1.1313509039755991e-32,raw_knit,today
raw_knit|repair|Hemp fiber|virgin|share of input mass,design,material resources: metals/minerals,3.1005321036898044e-18,4.4858904992544745e-33,5.689076063929628e-34,1.0719833937490127e-32,raw_knit,today
raw_knit|repair|Hemp fiber|virgin|share of input mass,design,ozone depletion,-1.7382463640140936e-17,4.0162045910378834e-33,1.12662691721064e-33,7.023318149379438e-33,raw_knit,today
raw_knit|repair|Hemp fiber|virgin|share of input mass,design,particulate matter formation,1.6530988839360763e-17,7.617715715527504e-33,4.2285822478368246e-33,1.1229547559385621e-32,raw_knit,today
raw_knit|repair|Hemp fiber|virgin|share of input mass,design,photochemical oxidant formation: human health,-2.638797161577134e-17,2.5861106495100296e-33,5.425058551732903e-34,4.9093053334151514e-33,raw_knit,today
raw_knit|repair|Hemp fiber|virgin|share of input mass,design,water use,-3.9825097377830765e-18,2.5576406212912102e-33,9.227946054828843e-34,4.389973492892869e-33,raw_knit,today
raw_knit|production|Carding & roving||machine weight,manufacturing,acidification,1.3147190797937562e-05,1.9841952138271101e-07,1.539178256162032e-07,2.407225970209282e-07,raw_knit,today
raw_knit|production|Carding & roving||machine weight,manufacturing,climate change,0.00013315627607392863,8.286787819652375e-07,6.645287859200721e-07,1.0547683715688715e-06,raw_knit,today
raw_knit|production|Carding & roving||machine weight,manufacturing,climate change: biogenic,-1.5429916943362304e-06,8.927205486033822e-09,6.938469057891817e-09,1.0825815556648642e-08,raw_knit,today
raw_knit|production|Carding & roving||machine weight,manufacturing,climate change: fossil,0.00012986791346676993,8.246548928335548e-07,6.600761970460685e-07,1.0409664285714036e-06,raw_knit,today
raw_knit|production|Carding & roving||machine weight,manufacturing,climate change: land use and land use change,-4.64630821136945e-05,2.2824275484857674e-07,1.8213419945246262e-07,2.751072713673157e-07,raw_knit,today
raw_knit|production|Carding & roving||machine weight,manufacturing,ecotoxicity: freshwater,0.0002469001208043855,5.443584728256505e-06,4.2607589688506084e-06,6.645229063328585e-06,raw_knit,today
raw_knit|production|Carding & roving||machine weight,manufacturing,"ecotoxicity: freshwater, inorganics",0.00027647682746884843,5.846830031185308e-06,4.606891971768892e-06,7.184563118508094e-06,raw_knit,today
raw_knit|production|Carding & roving||machine weight,manufacturing,"ecotoxicity: freshwater, organics",-2.027370351920117e-05,4.5468165822565855e-07,3.577027930389954e-07,5.464793896085014e-07,raw_knit,today
raw_knit|production|Carding & roving||machine weight,manufacturing,energy resources: non-renewable,-2.8120109917474647e-05,5.723423399230226e-07,4.637758983616637e-07,7.016473766976931e-07,raw_knit,today
raw_knit|production|Carding & roving||machine weight,manufacturing,eutrophication: freshwater,0.00010739372350880642,3.6206599208390865e-07,2.946251864151474e-07,4.5960837584446507e-07,raw_knit,today
raw_knit|production|Carding & roving||machine weight,manufacturing,eutrophication: marine,-2.2909746953984506e-06,1.913109538393128e-08,1.5143250416755198e-08,2.3172150035134952e-08,raw_knit,today
raw_knit|production|Carding & roving||machine weight,manufacturing,eutrophication: terrestrial,-2.9898499753139314e-06,4.053797350485868e-08,3.204614594725193e-08,4.8855129157432926e-08,raw_knit,today
raw_knit|production|Carding & roving||machine weight,manufacturing,human toxicity: carcinogenic,0.0012733043101637532,6.964407129806587e-05,5.628307540915926e-05,8.881835021896164e-05,raw_knit,today
raw_knit|production|Carding & roving||machine weight,manufacturing,"human toxicity: carcinogenic, inorganics",0.000918505084905584,2.4300269644407935e-05,2.0122850769740554e-05,2.9958258654877654e-05,raw_knit,today
raw_knit|production|Carding & roving||machine weight,manufacturing,"human toxicity: carcinogenic, organics",0.00018518632928232577,6.987186285290456e-05,5.567044039668933e-05,8.455391714436271e-05,raw_knit,today
raw_knit|production|Carding & roving||machine weight,manufacturing,human toxicity: non-carcinogenic,0.0010835891855924215,3.0941276930510994e-05,2.5925014817432607e-05,3.7594899148527565e-05,raw_knit,today
raw_knit|production|Carding & roving||machine weight,manufacturing,"human toxicity: non-carcinogenic, inorganics",0.0010313012649183642,2.84463905881154e-05,2.3870207490298086e-05,3.4664516528372265e-05,raw_knit,today
raw_knit|production|Carding & roving||machine weight,manufacturing,"human toxicity: non-carcinogenic, organics",0.0001850949941381778,2.427925385251322e-05,1.9361656221649902e-05,2.9524827665398695e-05,raw_knit,today
raw_knit|production|Carding & roving||machine weight,manufacturing,ionising radiation: human health,-1.5107245810408025e-05,5.040412757847699e-09,4.115462236057227e-09,6.303794237421935e-09,raw_knit,today
raw_knit|production|Carding & roving||machine weight,manufacturing,land use,-3.624486348245497e-06,2.0010032997137948e-08,1.5762113648558055e-08,2.416437119332623e-08,raw_knit,today
raw_knit|production|Carding & roving||machine weight,manufacturing,material resources: metals/minerals,0.00014823353812749528,4.796874105539162e-05,3.803531626219067e-05,5.849071985433978e-05,raw_knit,today
raw_knit|production|Carding & roving||machine weight,manufacturing,ozone depletion,1.926594634877996e-05,3.0364954074804933e-07,2.4696122061455365e-07,3.6881563724194415e-07,raw_knit,today
raw_knit|production|Carding & roving||machine weight,manufacturing,particulate matter formation,-2.3515741907047418e-05,1.1367606994905476e-06,8.991068878551477e-07,1.3735000867803905e-06,raw_knit,today
raw_knit|production|Carding & roving||machine weight,manufacturing,photochemical oxidant formation: human health,5.8856973994190416e-05,1.0587765767092523e-06,8.227593495767518e-07,1.2812702757906908e-06,raw_knit,today
raw_knit|production|Carding & roving||machine weight,manufacturing,water use,-5.621510116048245e-05,2.641784427905844e-06,2.088500372676997e-06,3.1560316166998998e-06,raw_knit,today
raw_knit|production|Carding & roving||power,manufacturing,acidification,0.006620071015027717,0.0003939768794544892,0.0002461929591974893,0.0005448594498497058,raw_knit,today
raw_knit|production|Carding & roving||power,manufacturing,climate change,0.010004902577897514,0.0021977804386959514,0.0016109945274469881,0.0028397097507574204,raw_knit,today
raw_knit|production|Carding & roving||power,manufacturing,climate change: biogenic,0.0025192919852881253,0.00011628994852080435,8.508184048280848e-05,0.00014827761594347373,raw_knit,today
raw_knit|production|Carding & roving||power,manufacturing,climate change: fossil,0.011964449172151248,0.0021904549528576236,0.0015955725459254509,0.002825850423125496,raw_knit,today
raw_knit|production|Carding & roving||power,manufacturing,climate change: land use and land use change,0.0005536114614338,0.0016632382651122404,0.0011233652349181334,0.002354020966403685,raw_knit,today
raw_knit|production|Carding & roving||power,manufacturing,ecotoxicity: freshwater,0.013211615339001418,0.0015641289687678194,0.001147776829659857,0.0020253297627352107,raw_knit,today
raw_knit|production|Carding & roving||power,manufacturing,"ecotoxicity: freshwater, inorganics",0.01352381414414965,0.001723771773773228,0.0012613187725206882,0.002229957208962223,raw_knit,today
raw_knit|production|Carding & roving||power,manufacturing,"ecotoxicity: freshwater, organics",0.0005989606155739291,3.965581227562653e-05,3.250301935371735e-05,4.743812005069567e-05,raw_knit,today
raw_knit|production|Carding & roving||power,manufacturing,energy resources: non-renewable,0.011757413306011214,0.003468586867647393,0.0027049587311235882,0.004456534838395034,raw_knit,today
raw_knit|production|Carding & roving||power,manufacturing,eutrophication: freshwater,0.009648280189379976,0.001930869322950772,0.0013280918949149607,0.002579151080567526,raw_knit,today
raw_knit|production|Carding & roving||power,manufacturing,eutrophication: marine,0.002178796839984218,3.3961113527864825e-05,2.3663548604511293e-05,4.586384770150969e-05,raw_knit,today
raw_knit|production|Carding & roving||power,manufacturing,eutrophication: terrestrial,0.002390789226285262,4.785046299448224e-05,3.4179868277353756e-05,6.341399195352313e-05,raw_knit,today
raw_knit|production|Carding & roving||power,manufacturing,human toxicity: carcinogenic,0.01728710171636304,0.005687590372332313,0.004523132363752056,0.006905574971066428,raw_knit,today
raw_knit|production|Carding & roving||power,manufacturing,"human toxicity: carcinogenic, inorganics",0.006674862347329724,0.0045290672488884414,0.003343352564834986,0.005885811418378852,raw_knit,today
raw_knit|production|Carding & roving||power,manufacturing,"human toxicity: carcinogenic, organics",0.007123682133777753,0.002527878655835475,0.0021569679587859878,0.002978265782846169,raw_knit,today
raw_knit|production|Carding & roving||power,manufacturing,human toxicity: non-carcinogenic,-0.000736815722146871,0.005271341852979956,0.004021401886676114,0.006815169533434329,raw_knit,today
raw_knit|production|Carding & roving||power,manufacturing,"human toxicity: non-carcinogenic, inorganics",-0.0020561655282777406,0.004914736320764024,0.003735881889390155,0.006338148327669784,raw_knit,today
raw_knit|production|Carding & roving||power,manufacturing,"human toxicity: non-carcinogenic, organics",0.01441092600953076,0.003337228143493161,0.002802945770623149,0.003982461756018199,raw_knit,today
raw_knit|production|Carding & roving||power,manufacturing,ionising radiation: human health,-0.0012844042421519103,0.002111110768437697,0.001434258600232231,0.0030628383335258415,raw_knit,today
raw_knit|production|Carding & roving||power,manufacturing,land use,0.0015194539878285057,4.715346724279289e-05,3.8781628139364104e-05,5.5728515948790133e-05,raw_knit,today
raw_knit|production|Carding & roving||power,manufacturing,material resources: metals/minerals,0.01522251296870713,0.004850717162729089,0.004089888278866877,0.005709987862943073,raw_knit,today
raw_knit|production|Carding & roving||power,manufacturing,ozone depletion,0.0050358261785437,0.0030731709801849853,0.0025150476792716718,0.003803109019073039,raw_knit,today
raw_knit|production|Carding & roving||power,manufacturing,particulate matter formation,0.0020659274064966254,7.502732595624599e-05,6.156299050032879e-05,9.005832092517342e-05,raw_knit,today
raw_knit|production|Carding & roving||power,manufacturing,photochemical oxidant formation: human health,0.008848263912290273,0.0009973884441371746,0.0007224963672896439,0.0012860955702937301,raw_knit,today
raw_knit|production|Carding & roving||power,manufacturing,water use,0.01156713678499148,0.00287646323499091,0.002336898551530515,0.003481105221509533,raw_knit,today
raw_knit|production|Carding & roving||output rate,manufacturing,acidification,-0.0031673175372357323,0.00037908814229871803,0.0002550072043870201,0.0005461621847007715,raw_knit,today
raw_knit|production|Carding & roving||output rate,manufacturing,climate change,-0.0035718555642291596,0.002089596188967262,0.0015409318476914632,0.0027597883703130983,raw_knit,today
raw_knit|production|Carding & roving||output rate,manufacturing,climate change: biogenic,0.001900195040831431,9.60385526048856e-05,6.986860240567529e-05,0.0001337120817481784,raw_knit,today
raw_knit|production|Carding & roving||output rate,manufacturing,climate change: fossil,-0.004385015764918932,0.002082122654448181,0.0015371208812364845,0.0027463936112871977,raw_knit,today
raw_knit|production|Carding & roving||output rate,manufacturing,climate change: land use and land use change,0.005685753918118102,0.0018239142423331015,0.001360474935751483,0.002383695473345232,raw_knit,today
raw_knit|production|Carding & roving||output rate,manufacturing,ecotoxicity: freshwater,-0.0031986499026392225,0.0015249193064143123,0.001116506230772925,0.0020198413259151005,raw_knit,today
raw_knit|production|Carding & roving||output rate,manufacturing,"ecotoxicity: freshwater, inorganics",-0.0033988580383980845,0.001675696032727326,0.0012284858925645963,0.002225088479577726,raw_knit,today
raw_knit|production|Carding & roving||output rate,manufacturing,"ecotoxicity: freshwater, organics",0.0021578539098288402,5.135861839140104e-05,4.119443820476637e-05,6.398049678822553e-05,raw_knit,today
raw_knit|production|Carding & roving||output rate,manufacturing,energy resources: non-renewable,0.008169101499346437,0.0033327952044645308,0.002712286741602943,0.00409968179901739,raw_knit,today
raw_knit|production|Carding & roving||output rate,manufacturing,eutrophication: freshwater,-0.006748729815263147,0.00168602255741636,0.001200917737915079,0.002315017869515318,raw_knit,today
raw_knit|production|Carding & roving||output rate,manufacturing,eutrophication: marine,-0.0006541059809310068,3.254839886056025e-05,2.3574676658587897e-05,4.406005645246085e-05,raw_knit,today
raw_knit|production|Carding & roving||output rate,manufacturing,eutrophication: terrestrial,-0.00042496224358240834,4.742794468777219e-05,3.5441184045669663e-05,6.182340231022358e-05,raw_knit,today
raw_knit|production|Carding & roving||output rate,manufacturing,human toxicity: carcinogenic,0.008187567469510609,0.0064020862623107595,0.005139185951408061,0.007977523552062703,raw_knit,today
raw_knit|production|Carding & roving||output rate,manufacturing,"human toxicity: carcinogenic, inorganics",0.0017658611950614174,0.004598351010980514,0.0034413251076609017,0.0062127060280113095,raw_knit,today
raw_knit|production|Carding & roving||output rate,manufacturing,"human toxicity: carcinogenic, organics",0.015346751539573818,0.0033889769581261667,0.0027614309151387435,0.004137268742463269,raw_knit,today
raw_knit|production|Carding & roving||output rate,manufacturing,human toxicity: non-carcinogenic,0.004508728386160373,0.005454781989116357,0.0043483860391429425,0.007042652559688169,raw_knit,today
raw_knit|production|Carding & roving||output rate,manufacturing,"human toxicity: non-carcinogenic, inorganics",0.004288787271329172,0.0050705434807623885,0.004037099765908112,0.006567030032423439,raw_knit,today
raw_knit|production|Carding & roving||output rate,manufacturing,"human toxicity: non-carcinogenic, organics",0.012466752876407262,0.0037036410740493835,0.003028027220962169,0.004479237436584742,raw_knit,today
raw_knit|production|Carding & roving||output rate,manufacturing,ionising radiation: human health,0.007071949931358619,0.0019276037716492746,0.0014530357491684418,0.0024653083567080427,raw_knit,today
raw_knit|production|Carding & roving||output rate,manufacturing,land use,0.0012408679013868836,4.785267981664039e-05,3.9251007621380836e-05,5.6796980132471464e-05,raw_knit,today
raw_knit|production|Carding & roving||output rate,manufacturing,material resources: metals/minerals,0.018819155878949837,0.005480162859500688,0.004512260538917186,0.006522356959348913,raw_knit,today
raw_knit|production|Carding & roving||output rate,manufacturing,ozone depletion,0.009625327831304485,0.003110431010285127,0.0024594596050749808,0.003778345614326344,raw_knit,today
raw_knit|production|Carding & roving||output rate,manufacturing,particulate matter formation,0.0009309044769564897,8.747143538711096e-05,7.159682803125178e-05,0.00010521174199200728,raw_knit,today
raw_knit|production|Carding & roving||output rate,manufacturing,photochemical oxidant formation: human health,-0.0003998994707709451,0.0010226867328765592,0.0007643771573438527,0.0013261565826081325,raw_knit,today
raw_knit|production|Carding & roving||output rate,manufacturing,water use,0.011706313332177372,0.0029290647352448133,0.002413180942183031,0.0034266276822177916,raw_knit,today
raw_knit|production|Carding & roving||machine lifetime,manufacturing,acidification,-6.217125930974445e-05,2.099966970406945e-07,1.543964006406838e-07,2.6446813416908296e-07,raw_knit,today
raw_knit|production|Carding & roving||machine lifetime,manufacturing,climate change,-7.967158627680682e-05,8.770294165543284e-07,6.342621230140567e-07,1.1053703755467562e-06,raw_knit,today
raw_knit|production|Carding & roving||machine lifetime,manufacturing,climate change: biogenic,-9.88227859325792e-06,9.448082513280627e-09,7.035784253585789e-09,1.1866233772944989e-08,raw_knit,today
raw_knit|production|Carding & roving||machine lifetime,manufacturing,climate change: fossil,-9.8181247142976e-05,8.727707450037087e-07,6.339987185515249e-07,1.1056032272212622e-06,raw_knit,today
raw_knit|production|Carding & roving||machine lifetime,manufacturing,climate change: land use and land use change,-5.3447163825796894e-05,2.415600733129136e-07,1.8207176668810907e-07,2.990304420185525e-07,raw_knit,today
raw_knit|production|Carding & roving||machine lifetime,manufacturing,ecotoxicity: freshwater,-0.00031380524398538567,5.7612024413570395e-06,4.295023326097972e-06,7.408469646246435e-06,raw_knit,today
raw_knit|production|Carding & roving||machine lifetime,manufacturing,"ecotoxicity: freshwater, inorganics",-0.0003249134173879627,6.187975970335446e-06,4.580502756633127e-06,7.984787093456594e-06,raw_knit,today
raw_knit|production|Carding & roving||machine lifetime,manufacturing,"ecotoxicity: freshwater, organics",-7.022493249862947e-05,4.81210996424984e-07,3.57088762294005e-07,6.064031253950981e-07,raw_knit,today
raw_knit|production|Carding & roving||machine lifetime,manufacturing,energy resources: non-renewable,-9.694149711413056e-05,6.057363707230832e-07,4.426382616498164e-07,7.921352294614565e-07,raw_knit,today
raw_knit|production|Carding & roving||machine lifetime,manufacturing,eutrophication: freshwater,-6.695973406842266e-05,3.831915216000829e-07,2.8301083144525006e-07,4.810487741422899e-07,raw_knit,today
raw_knit|production|Carding & roving||machine lifetime,manufacturing,eutrophication: marine,-1.6521979800788395e-05,2.0247311856448714e-08,1.492437241454522e-08,2.53335138978723e-08,raw_knit,today
raw_knit|production|Carding & roving||machine lifetime,manufacturing,eutrophication: terrestrial,-2.4034859838661077e-05,4.2903187108443716e-08,3.168817920106608e-08,5.365325935450235e-08,raw_knit,today
raw_knit|production|Carding & roving||machine lifetime,manufacturing,human toxicity: carcinogenic,-0.0009993767754015337,7.370760554055779e-05,5.383438218968612e-05,9.35543553874842e-05,raw_knit,today
raw_knit|production|Carding & roving||machine lifetime,manufacturing,"human toxicity: carcinogenic, inorganics",-0.000509452651107535,2.5718121804508527e-05,1.9061501041852023e-05,3.244878365002237e-05,raw_knit,today
raw_knit|production|Carding & roving||machine lifetime,manufacturing,"human toxicity: carcinogenic, organics",-0.000632244717872229,7.394868717093337e-05,5.5610392645622936e-05,9.376795700353313e-05,raw_knit,today
raw_knit|production|Carding & roving||machine lifetime,manufacturing,human toxicity: non-carcinogenic,-0.0003411502908163661,3.274661284812667e-05,2.4276843032419924e-05,4.064251066927737e-05,raw_knit,today
raw_knit|production|Carding & roving||machine lifetime,manufacturing,"human toxicity: non-carcinogenic, inorganics",-0.00029668576527568325,3.0106157054459054e-05,2.2372796226640832e-05,3.723791227966342e-05,raw_knit,today
raw_knit|production|Carding & roving||machine lifetime,manufacturing,"human toxicity: non-carcinogenic, organics",-0.0005892499329471082,2.569587448746985e-05,1.943802277334177e-05,3.2737416233620625e-05,raw_knit,today
raw_knit|production|Carding & roving||machine lifetime,manufacturing,ionising radiation: human health,-6.867567983398354e-06,5.3345061858432075e-09,3.863927196155086e-09,6.7954344143336166e-09,raw_knit,today
raw_knit|production|Carding & roving||machine lifetime,manufacturing,land use,-1.5728567639373374e-05,2.1177495209350837e-08,1.5752623519562295e-08,2.6655881876108153e-08,raw_knit,today
raw_knit|production|Carding & roving||machine lifetime,manufacturing,material resources: metals/minerals,-0.0006708714224845243,5.076758194142672e-05,3.796630412489084e-05,6.531607303931542e-05,raw_knit,today
raw_knit|production|Carding & roving||machine lifetime,manufacturing,ozone depletion,2.6256283749147783e-06,3.2136505686280844e-07,2.4504310820335125e-07,3.9441067508155626e-07,raw_knit,today
raw_knit|production|Carding & roving||machine lifetime,manufacturing,particulate matter formation,-0.00012456254415454254,1.2030868567779453e-06,8.904268261018151e-07,1.5072865343204917e-06,raw_knit,today
raw_knit|production|Carding & roving||machine lifetime,manufacturing,photochemical oxidant formation: human health,-0.00012806150719062831,1.1205513743953242e-06,8.493741174372448e-07,1.4193154775841633e-06,raw_knit,today
raw_knit|production|Carding & roving||machine lifetime,manufacturing,water use,-0.0002659392280016884,2.795925083238577e-06,2.1023159967996675e-06,3.5536414510966882e-06,raw_knit,today
raw_knit|production|Carding & roving||process yield,manufacturing,acidification,0.04185828109520042,0.06662392105523054,0.05396952314435081,0.08034710186027116,raw_knit,today
raw_knit|production|Carding & roving||process yield,manufacturing,climate change,-0.005288721467624424,0.010840242683414653,0.0085731645239684,0.013729703925472616,raw_knit,today
raw_knit|production|Carding & roving||process yield,manufacturing,climate change: biogenic,0.06953668116591512,0.08481832786442856,0.0713470788142276,0.10393434740369702,raw_knit,today
raw_knit|production|Carding & roving||process yield,manufacturing,climate change: fossil,-0.003222957389121261,0.017743172887143225,0.014197634546115296,0.02172088471720198,raw_knit,today
raw_knit|production|Carding & roving||process yield,manufacturing,climate change: land use and land use change,0.007326659637670161,0.0022511473029796095,0.0016858213640823525,0.0029093271145135776,raw_knit,today
raw_knit|production|Carding & roving||process yield,manufacturing,ecotoxicity: freshwater,0.007298210470686521,0.031758218983263045,0.0259916923213118,0.03876700444182616,raw_knit,today
raw_knit|production|Carding & roving||process yield,manufacturing,"ecotoxicity: freshwater, inorganics",0.0038974354646466227,0.027552222786478106,0.022507662439440457,0.033669694648067953,raw_knit,today
raw_knit|production|Carding & roving||process yield,manufacturing,"ecotoxicity: freshwater, organics",0.07183723616131045,0.08823730949307985,0.0732744479186355,0.10744938538402368,raw_knit,today
raw_knit|production|Carding & roving||process yield,manufacturing,energy resources: non-renewable,0.0189404967473017,0.025775740235711213,0.019836103222069624,0.03225795670631244,raw_knit,today
raw_knit|production|Carding & roving||process yield,manufacturing,eutrophication: freshwater,-0.007009778172293925,0.007162468690257359,0.005541086790279877,0.009196974301656082,raw_knit,today
raw_knit|production|Carding & roving||process yield,manufacturing,eutrophication: marine,0.07028951929896823,0.09026264317578477,0.07510924594369564,0.10929597947150331,raw_knit,today
raw_knit|production|Carding & roving||process yield,manufacturing,eutrophication: terrestrial,0.06829848010753331,0.08854019822990139,0.0737158314481354,0.10711585311138297,raw_knit,today
raw_knit|production|Carding & roving||process yield,manufacturing,human toxicity: carcinogenic,-0.005488639939535068,0.0009060735789459222,0.0006012242749953459,0.0012677263466835088,raw_knit,today
raw_knit|production|Carding & roving||process yield,manufacturing,"human toxicity: carcinogenic, inorganics",0.017964343567553314,0.010739234275432835,0.008761378808659724,0.013052839530521384,raw_knit,today
raw_knit|production|Carding & roving||process yield,manufacturing,"human toxicity: carcinogenic, organics",0.014931918252951117,0.02738245426886122,0.022429719987118093,0.032821208031121665,raw_knit,today
raw_knit|production|Carding & roving||process yield,manufacturing,human toxicity: non-carcinogenic,0.06625767721964897,0.0478200307752129,0.040587410435140595,0.056368950835754515,raw_knit,today
raw_knit|production|Carding & roving||process yield,manufacturing,"human toxicity: non-carcinogenic, inorganics",0.07020820952907911,0.05153323799201465,0.04374445587641218,0.060947805109338296,raw_knit,today
raw_knit|production|Carding & roving||process yield,manufacturing,"human toxicity: non-carcinogenic, organics",0.011487980224012935,0.02738574080687587,0.022602015997251118,0.03277469938556425,raw_knit,today
raw_knit|production|Carding & roving||process yield,manufacturing,ionising radiation: human health,0.018962702085810274,0.009662507670820707,0.007667908152105223,0.012161046800114357,raw_knit,today
raw_knit|production|Carding & roving||process yield,manufacturing,land use,0.07023176856435093,0.08802615712863217,0.07314018058500196,0.10707502884916872,raw_knit,today
raw_knit|production|Carding & roving||process yield,manufacturing,material resources: metals/minerals,0.006587190793958613,0.017724284170592394,0.014645914410560651,0.02117634140881124,raw_knit,today
raw_knit|production|Carding & roving||process yield,manufacturing,ozone depletion,0.008233108410155579,0.019724362451489258,0.015972120410799505,0.023267114647510533,raw_knit,today
raw_knit|production|Carding & roving||process yield,manufacturing,particulate matter formation,0.0663222025566912,0.08453168133011142,0.0702943749492719,0.1026790529126409,raw_knit,today
raw_knit|production|Carding & roving||process yield,manufacturing,photochemical oxidant formation: human health,0.023820562806286468,0.047523869241771245,0.038646128385007285,0.05767610561236482,raw_knit,today
raw_knit|production|Carding & roving||process yield,manufacturing,water use,0.017698472985804937,0.023390089849119687,0.019542847610478635,0.02825771648715252,raw_knit,today
raw_knit|production|Carding & roving||machine source,manufacturing,acidification,0.00014745640572018582,1.608273224102772e-05,1.3708565320536578e-05,1.888424043200498e-05,raw_knit,today
raw_knit|production|Carding & roving||machine source,manufacturing,climate change,0.0008229523633546884,6.702834610002963e-05,5.60819328482626e-05,7.981209925086928e-05,raw_knit,today
raw_knit|production|Carding & roving||machine source,manufacturing,climate change: biogenic,2.65221454960203e-07,7.253603890177887e-07,6.153912262996144e-07,8.379576305024377e-07,raw_knit,today
raw_knit|production|Carding & roving||machine source,manufacturing,climate change: fossil,0.0007285333497892789,6.670198038442056e-05,5.5825255755757435e-05,7.922658890199746e-05,raw_knit,today
raw_knit|production|Carding & roving||machine source,manufacturing,climate change: land use and land use change,-0.0002564225653976108,1.855294117863243e-05,1.5772908392088175e-05,2.07304959390522e-05,raw_knit,today
raw_knit|production|Carding & roving||machine source,manufacturing,ecotoxicity: freshwater,0.0017285704892413582,0.0004423876528535685,0.00037782910295719343,0.0005329642986646432,raw_knit,today
raw_knit|production|Carding & roving||machine source,manufacturing,"ecotoxicity: freshwater, inorganics",0.0018848994730735389,0.0004751749948307347,0.00040562546364869117,0.0005725168042760225,raw_knit,today
raw_knit|production|Carding & roving||machine source,manufacturing,"ecotoxicity: freshwater, organics",4.18644679686683e-05,3.689100167780854e-05,3.124478674875956e-05,4.304800680649672e-05,raw_knit,today
raw_knit|production|Carding & roving||machine source,manufacturing,energy resources: non-renewable,0.00020761598506746753,4.620399136225499e-05,3.8541339302946975e-05,5.621387327209701e-05,raw_knit,today
raw_knit|production|Carding & roving||machine source,manufacturing,eutrophication: freshwater,0.00046407839660267956,2.9444812861287254e-05,2.4795037060839277e-05,3.4706520072509434e-05,raw_knit,today
raw_knit|production|Carding & roving||machine source,manufacturing,eutrophication: marine,9.086422079852339e-06,1.5410063263414748e-06,1.3006856781646982e-06,1.7912182906455481e-06,raw_knit,today
raw_knit|production|Carding & roving||machine source,manufacturing,eutrophication: terrestrial,1.695824291283113e-05,3.2649515221985502e-06,2.751842536032944e-06,3.798014105303893e-06,raw_knit,today
raw_knit|production|Carding & roving||machine source,manufacturing,human toxicity: carcinogenic,0.012593536487211327,0.00566078832550394,0.004762962875419404,0.006936288621185705,raw_knit,today
raw_knit|production|Carding & roving||machine source,manufacturing,"human toxicity: carcinogenic, inorganics",0.006396554647196283,0.00197602486480993,0.0016866430330063516,0.00236154577345424,raw_knit,today
raw_knit|production|Carding & roving||machine source,manufacturing,"human toxicity: carcinogenic, organics",0.00802373766961317,0.0056773277858224525,0.0048798414056395005,0.006722826216036984,raw_knit,today
raw_knit|production|Carding & roving||machine source,manufacturing,human toxicity: non-carcinogenic,0.007546135089185876,0.0025151472601643975,0.0021827280358759486,0.002903584677733637,raw_knit,today
raw_knit|production|Carding & roving||machine source,manufacturing,"human toxicity: non-carcinogenic, inorganics",0.00705379873498989,0.00231264186385448,0.0020096649642898424,0.0026615344668352308,raw_knit,today
raw_knit|production|Carding & roving||machine source,manufacturing,"human toxicity: non-carcinogenic, organics",0.0037193959047448666,0.0019679410009773722,0.00168604002370464,0.002351446150696436,raw_knit,today
raw_knit|production|Carding & roving||machine source,manufacturing,ionising radiation: human health,-4.332071144844946e-05,4.0912082184772493e-07,3.454797473633033e-07,4.868854948627508e-07,raw_knit,today
raw_knit|production|Carding & roving||machine source,manufacturing,land use,2.895361546685582e-06,1.6038786703424215e-06,1.3609007403336316e-06,1.867033718391298e-06,raw_knit,today
raw_knit|production|Carding & roving||machine source,manufacturing,material resources: metals/minerals,0.005602764468834596,0.0039017906480808395,0.003376876651593257,0.004582833959912768,raw_knit,today
raw_knit|production|Carding & roving||machine source,manufacturing,ozone depletion,0.00020067400481591324,2.4247170078477164e-05,2.0301738164240386e-05,2.8555229627222764e-05,raw_knit,today
raw_knit|production|Carding & roving||machine source,manufacturing,particulate matter formation,0.00014125498447233896,9.193581540726431e-05,7.761233619338279e-05,0.00010674948385842111,raw_knit,today
raw_knit|production|Carding & roving||machine source,manufacturing,photochemical oxidant formation: human health,0.0005365652665618798,8.522547242927506e-05,7.260079580836101e-05,0.00010064198915627656,raw_knit,today
raw_knit|production|Carding & roving||machine source,manufacturing,water use,0.00046374414218195483,0.000214781582942399,0.0001858705197488833,0.00024948844895749067,raw_knit,today
raw_knit|production|Spinning||machine weight,manufacturing,acidification,1.235356012889093e-05,3.649075837485023e-08,2.8895984192062422e-08,4.520103595450791e-08,raw_knit,today
raw_knit|production|Spinning||machine weight,manufacturing,climate change,3.640456595538293e-05,1.5239979927027916e-07,1.1893916224959648e-07,1.8860063269081082e-07,raw_knit,today
raw_knit|production|Spinning||machine weight,manufacturing,climate change: biogenic,3.0792461828713683e-06,1.6417772166990083e-09,1.3271710600112838e-09,2.0807445159196957e-09,raw_knit,today
raw_knit|production|Spinning||machine weight,manufacturing,climate change: fossil,3.7992151422961184e-05,1.516597771788394e-07,1.1866427869355457e-07,1.8736067130878986e-07,raw_knit,today
raw_knit|production|Spinning||machine weight,manufacturing,climate change: land use and land use change,-1.172992610613937e-05,4.1975483694568905e-08,3.424083700917192e-08,5.334648572064357e-08,raw_knit,today
raw_knit|production|Spinning||machine weight,manufacturing,ecotoxicity: freshwater,8.173484315490858e-05,1.0011143527579613e-06,7.969776578210524e-07,1.2264071431319156e-06,raw_knit,today
raw_knit|production|Spinning||machine weight,manufacturing,"ecotoxicity: freshwater, inorganics",8.392955114838575e-05,1.0752740652688141e-06,8.514862573056839e-07,1.3140128459285429e-06,raw_knit,today
raw_knit|production|Spinning||machine weight,manufacturing,"ecotoxicity: freshwater, organics",2.079541553155097e-05,8.361920457577881e-08,6.775537529314655e-08,1.0515470118696911e-07,raw_knit,today
raw_knit|production|Spinning||machine weight,manufacturing,energy resources: non-renewable,1.3171431051891968e-05,1.0525764138177805e-07,8.309336689920027e-08,1.3765716541057875e-07,raw_knit,today
raw_knit|production|Spinning||machine weight,manufacturing,eutrophication: freshwater,1.75689424324105e-05,6.658654101264528e-08,5.255343785520052e-08,8.418980921181475e-08,raw_knit,today
raw_knit|production|Spinning||machine weight,manufacturing,eutrophication: marine,3.913628842625521e-06,3.518333362787864e-09,2.8274594811347626e-09,4.431256140166732e-09,raw_knit,today
raw_knit|production|Spinning||machine weight,manufacturing,eutrophication: terrestrial,5.805227189491386e-06,7.455197417722085e-09,5.9880652849988585e-09,9.376571254154865e-09,raw_knit,today
raw_knit|production|Spinning||machine weight,manufacturing,human toxicity: carcinogenic,0.00028965832343176866,1.2808045405041021e-05,1.0214337664164878e-05,1.6045221782383846e-05,raw_knit,today
raw_knit|production|Spinning||machine weight,manufacturing,"human toxicity: carcinogenic, inorganics",7.58158710541015e-05,4.468994410526005e-06,3.587361958197706e-06,5.556004262368195e-06,raw_knit,today
raw_knit|production|Spinning||machine weight,manufacturing,"human toxicity: carcinogenic, organics",0.0003487370017923534,1.284993750735867e-05,1.0243278827107916e-05,1.6465342917424476e-05,raw_knit,today
raw_knit|production|Spinning||machine weight,manufacturing,human toxicity: non-carcinogenic,3.899724272505595e-05,5.6903233060121244e-06,4.641807901347364e-06,7.0695707853733936e-06,raw_knit,today
raw_knit|production|Spinning||machine weight,manufacturing,"human toxicity: non-carcinogenic, inorganics",2.745671561532948e-05,5.23149581423625e-06,4.278551840920405e-06,6.46130199520318e-06,raw_knit,today
raw_knit|production|Spinning||machine weight,manufacturing,"human toxicity: non-carcinogenic, organics",0.00018936105953537138,4.465127122645662e-06,3.524910875933389e-06,5.619291654656284e-06,raw_knit,today
raw_knit|production|Spinning||machine weight,manufacturing,ionising radiation: human health,-2.200787782583097e-06,9.269679783203842e-10,7.36445078954655e-10,1.213032294585065e-09,raw_knit,today
raw_knit|production|Spinning||machine weight,manufacturing,land use,4.191707307118686e-06,3.679959722390305e-09,2.98300852494051e-09,4.627626973188135e-09,raw_knit,today
raw_knit|production|Spinning||machine weight,manufacturing,material resources: metals/minerals,0.0002833787657474414,8.821796672728969e-06,7.036253025740259e-06,1.1434138695121906e-05,raw_knit,today
raw_knit|production|Spinning||machine weight,manufacturing,ozone depletion,3.2803460473537485e-05,5.5842642422620185e-08,4.3784780738700227e-08,7.096182125511563e-08,raw_knit,today
raw_knit|production|Spinning||machine weight,manufacturing,particulate matter formation,3.0075113954584226e-05,2.0905819787916251e-07,1.6861912180349042e-07,2.631092437112455e-07,raw_knit,today
raw_knit|production|Spinning||machine weight,manufacturing,photochemical oxidant formation: human health,3.7654735311413174e-05,1.9471582714615767e-07,1.5356239696197152e-07,2.407053938693066e-07,raw_knit,today
raw_knit|production|Spinning||machine weight,manufacturing,water use,1.6005157585098084e-05,4.858431571503223e-07,3.8953088784079826e-07,6.116947604265849e-07,raw_knit,today
raw_knit|production|Spinning||power,manufacturing,acidification,0.0025983773310766386,0.00017863576253793277,0.00011487510502437814,0.00024823166758662597,raw_knit,today
raw_knit|production|Spinning||power,manufacturing,climate change,0.005955839290116706,0.0009464005721820358,0.0006690754399642705,0.0012359655401157881,raw_knit,today
raw_knit|production|Spinning||power,manufacturing,climate change: biogenic,0.0007287884107286437,5.1250259603883765e-05,3.388796513525471e-05,7.225077563657974e-05,raw_knit,today
raw_knit|production|Spinning||power,manufacturing,climate change: fossil,0.0067548863159023085,0.0009431153583728024,0.0006641638893028348,0.0012306032012521487,raw_knit,today
raw_knit|production|Spinning||power,manufacturing,climate change: land use and land use change,-0.001670700538365889,0.0007584639448778211,0.0005865723018170213,0.0009995488088346733,raw_knit,today
raw_knit|production|Spinning||power,manufacturing,ecotoxicity: freshwater,0.005919545682407508,0.0006816503554297271,0.0004960375806748112,0.0008804448978125069,raw_knit,today
raw_knit|production|Spinning||power,manufacturing,"ecotoxicity: freshwater, inorganics",0.006076827895691136,0.0007521642800802694,0.0005448935360702064,0.0009738790302006162,raw_knit,today
raw_knit|production|Spinning||power,manufacturing,"ecotoxicity: freshwater, organics",0.001352075687269502,1.562260983133522e-05,1.2905199138044199e-05,1.925232451520702e-05,raw_knit,today
raw_knit|production|Spinning||power,manufacturing,energy resources: non-renewable,0.008794741007160935,0.0014521825381334243,0.0011661302629407191,0.0017624861889675722,raw_knit,today
raw_knit|production|Spinning||power,manufacturing,eutrophication: freshwater,0.0030122901732764643,0.000874873728721957,0.0005988584131802003,0.00119704453286535,raw_knit,today
raw_knit|production|Spinning||power,manufacturing,eutrophication: marine,0.0008677078361792388,1.4926277862626346e-05,1.0563232062010742e-05,1.9698324505860144e-05,raw_knit,today
raw_knit|production|Spinning||power,manufacturing,eutrophication: terrestrial,0.0011449810597634175,2.058119378030856e-05,1.4660017961251303e-05,2.7120782774723747e-05,raw_knit,today
raw_knit|production|Spinning||power,manufacturing,human toxicity: carcinogenic,0.013657700176697438,0.0023910098375172907,0.001890319687930598,0.0029517176888944636,raw_knit,today
raw_knit|production|Spinning||power,manufacturing,"human toxicity: carcinogenic, inorganics",0.006203201737014038,0.0019773996058238775,0.001445700480116275,0.0025590648076299558,raw_knit,today
raw_knit|production|Spinning||power,manufacturing,"human toxicity: carcinogenic, organics",0.011176590602567411,0.0009954813047763655,0.000826522391783343,0.0011904297104509158,raw_knit,today
raw_knit|production|Spinning||power,manufacturing,human toxicity: non-carcinogenic,0.00358048621874634,0.002255488591569816,0.0017047415407858428,0.002864719227530515,raw_knit,today
raw_knit|production|Spinning||power,manufacturing,"human toxicity: non-carcinogenic, inorganics",0.0028471155848709155,0.0021080023486766005,0.00158673275127303,0.0026910278829380793,raw_knit,today
raw_knit|production|Spinning||power,manufacturing,"human toxicity: non-carcinogenic, organics",0.01186487137781064,0.0013440701607203838,0.001115012654178704,0.001590026849120115,raw_knit,today
raw_knit|production|Spinning||power,manufacturing,ionising radiation: human health,-0.00030885501665248643,0.000874546601442634,0.0006729480220189587,0.0010967622845822692,raw_knit,today
raw_knit|production|Spinning||power,manufacturing,land use,0.0013066984793343923,1.7602724364608008e-05,1.4664527563429488e-05,2.082555723517247e-05,raw_knit,today
raw_knit|production|Spinning||power,manufacturing,material resources: metals/minerals,0.013893635117010675,0.0018736854403053913,0.0015697189523375152,0.0022531700936772783,raw_knit,today
raw_knit|production|Spinning||power,manufacturing,ozone depletion,0.008471910522531798,0.0010816704842818833,0.0008806175826723592,0.0013595948249865643,raw_knit,today
raw_knit|production|Spinning||power,manufacturing,particulate matter formation,0.001579736385137974,3.077296955003352e-05,2.4935466968985362e-05,3.7290934419586626e-05,raw_knit,today
raw_knit|production|Spinning||power,manufacturing,photochemical oxidant formation: human health,0.005785949737716798,0.00043303343363352984,0.00031371189520571,0.0005592757540387427,raw_knit,today
raw_knit|production|Spinning||power,manufacturing,water use,0.006537089078469442,0.0012287210927160559,0.001008057343971244,0.0014687180211504296,raw_knit,today
raw_knit|production|Spinning||output rate,manufacturing,acidification,0.0016660098954942556,0.00015248018255597953,0.00010707841788565047,0.0002034656819723249,raw_knit,today
raw_knit|production|Spinning||output rate,manufacturing,climate change,0.002283777447689149,0.0009063726427884756,0.0007070127297931147,0.001177685032450111,raw_knit,today
raw_knit|production|Spinning||output rate,manufacturing,climate change: biogenic,-0.000460119627987011,5.612927190866665e-05,3.972819277869359e-05,7.669349708118278e-05,raw_knit,today
raw_knit|production|Spinning||output rate,manufacturing,climate change: fossil,0.0028576344508312703,0.0009028033073316021,0.0007066762571122823,0.0011777422962868072,raw_knit,today
raw_knit|production|Spinning||output rate,manufacturing,climate change: land use and land use change,0.0004267990944023441,0.0007490453019581936,0.0005517511813233043,0.0010176621926872595,raw_knit,today
raw_knit|production|Spinning||output rate,manufacturing,ecotoxicity: freshwater,0.0023259003509784014,0.0006657893999114477,0.0005100228031109813,0.0008586203937193473,raw_knit,today
raw_knit|production|Spinning||output rate,manufacturing,"ecotoxicity: freshwater, inorganics",0.002422690130591163,0.0007321691656422268,0.000559706317139538,0.0009497650389989476,raw_knit,today
raw_knit|production|Spinning||output rate,manufacturing,"ecotoxicity: freshwater, organics",0.0008432822096153718,2.0088924359690633e-05,1.574967778368154e-05,2.496096647148781e-05,raw_knit,today
raw_knit|production|Spinning||output rate,manufacturing,energy resources: non-renewable,0.0033517703647481098,0.0015165199147540978,0.0011996080106861963,0.0018395865187962196,raw_knit,today
raw_knit|production|Spinning||output rate,manufacturing,eutrophication: freshwater,0.001260716207848321,0.0007836154035233367,0.0005443705827611322,0.001035169993051404,raw_knit,today
raw_knit|production|Spinning||output rate,manufacturing,eutrophication: marine,0.0003617797529334007,1.3783368036163121e-05,1.0421666301721824e-05,1.7835242567347665e-05,raw_knit,today
raw_knit|production|Spinning||output rate,manufacturing,eutrophication: terrestrial,0.0006131355895017444,1.9669786637665296e-05,1.4988474546120941e-05,2.5162892027738842e-05,raw_knit,today
raw_knit|production|Spinning||output rate,manufacturing,human toxicity: carcinogenic,0.00645582697927714,0.0026318244666796702,0.0020883581410153095,0.003378993105397429,raw_knit,today
raw_knit|production|Spinning||output rate,manufacturing,"human toxicity: carcinogenic, inorganics",0.003184634227015837,0.0019363386407312507,0.0014652238840905374,0.0024264473669247796,raw_knit,today
raw_knit|production|Spinning||output rate,manufacturing,"human toxicity: carcinogenic, organics",0.0056319455818771985,0.0013157081060433617,0.0010646044924620167,0.0016339149406615818,raw_knit,today
raw_knit|production|Spinning||output rate,manufacturing,human toxicity: non-carcinogenic,0.001974746605459141,0.0022853710218853555,0.0017673972179625948,0.002812414416539984,raw_knit,today
raw_knit|production|Spinning||output rate,manufacturing,"human toxicity: non-carcinogenic, inorganics",0.001611547822684737,0.0021227784051174856,0.0016580300063393579,0.0026358945355593275,raw_knit,today
raw_knit|production|Spinning||output rate,manufacturing,"human toxicity: non-carcinogenic, organics",0.006463831541955709,0.0015726863981517362,0.0012902078275209726,0.0019574335537605,raw_knit,today
raw_knit|production|Spinning||output rate,manufacturing,ionising radiation: human health,0.001750382185248824,0.0009290627609784908,0.0006981911905493198,0.001260936661908808,raw_knit,today
raw_knit|production|Spinning||output rate,manufacturing,land use,0.0007024786001729639,2.115225853010777e-05,1.7274005709856556e-05,2.574521165456274e-05,raw_knit,today
raw_knit|production|Spinning||output rate,manufacturing,material resources: metals/minerals,0.007703082303557458,0.002351795278243898,0.001905327786294167,0.0028803839140689774,raw_knit,today
raw_knit|production|Spinning||output rate,manufacturing,ozone depletion,0.0035082434130591688,0.0013976886659532637,0.001082311624606948,0.0018109422904062822,raw_knit,today
raw_knit|production|Spinning||output rate,manufacturing,particulate matter formation,0.0009115888323264766,3.570545173562887e-05,2.877214726619236e-05,4.251286608545214e-05,raw_knit,today
raw_knit|production|Spinning||output rate,manufacturing,photochemical oxidant formation: human health,0.002969737173525781,0.0004183043309383788,0.0003229988245225376,0.0005332437000042043,raw_knit,today
raw_knit|production|Spinning||output rate,manufacturing,water use,0.007428850495948232,0.0012558757043401277,0.001033890335015335,0.0015262610587776816,raw_knit,today
raw_knit|production|Spinning||machine lifetime,manufacturing,acidification,2.429270323389301e-05,3.305800750812701e-08,2.5959437043772838e-08,4.0740292738618997e-08,raw_knit,today
raw_knit|production|Spinning||machine lifetime,manufacturing,climate change,3.5607839021833887e-06,1.3806347354496406e-07,1.0747950275914763e-07,1.69289210177117e-07,raw_knit,today
raw_knit|production|Spinning||machine lifetime,manufacturing,climate change: biogenic,8.535045284129149e-06,1.4873309519211257e-09,1.165330732567603e-09,1.791528509993774e-09,raw_knit,today
raw_knit|production|Spinning||machine lifetime,manufacturing,climate change: fossil,6.456430158369457e-06,1.373930672172943e-07,1.069349883890022e-07,1.6907935160307068e-07,raw_knit,today
raw_knit|production|Spinning||machine lifetime,manufacturing,climate change: land use and land use change,1.3613489849835114e-05,3.802673778525395e-08,2.953338179425977e-08,4.6667722239912105e-08,raw_knit,today
raw_knit|production|Spinning||machine lifetime,manufacturing,ecotoxicity: freshwater,5.919871830442451e-05,9.069368832303119e-07,7.077793322103584e-07,1.1332060706721226e-06,raw_knit,today
raw_knit|production|Spinning||machine lifetime,manufacturing,"ecotoxicity: freshwater, inorganics",4.7552195390350385e-05,9.74120189989584e-07,7.603085976413146e-07,1.2184730919738204e-06,raw_knit,today
raw_knit|production|Spinning||machine lifetime,manufacturing,"ecotoxicity: freshwater, organics",6.31019490071748e-05,7.575296068875142e-08,5.915520827556165e-08,9.15785967978505e-08,raw_knit,today
raw_knit|production|Spinning||machine lifetime,manufacturing,energy resources: non-renewable,6.329502039025065e-05,9.53561806611039e-08,7.345089833111872e-08,1.1690382455362708e-07,raw_knit,today
raw_knit|production|Spinning||machine lifetime,manufacturing,eutrophication: freshwater,-1.9723758133897292e-05,6.032256400869643e-08,4.748037588442827e-08,7.50175789096538e-08,raw_knit,today
raw_knit|production|Spinning||machine lifetime,manufacturing,eutrophication: marine,1.1408153331294532e-05,3.1873766773014133e-09,2.489409120088512e-09,3.878335366074651e-09,raw_knit,today
raw_knit|production|Spinning||machine lifetime,manufacturing,eutrophication: terrestrial,1.6508853807875575e-05,6.753915487929835e-09,5.283700165615356e-09,8.204536852003109e-09,raw_knit,today
raw_knit|production|Spinning||machine lifetime,manufacturing,human toxicity: carcinogenic,3.6842246817349745e-05,1.1603158441608018e-05,9.073341709778221e-06,1.4103293676730632e-05,raw_knit,today
raw_knit|production|Spinning||machine lifetime,manufacturing,"human toxicity: carcinogenic, inorganics",-0.0003124315732349922,4.0485839837134225e-06,3.171577231679767e-06,5.031403553875693e-06,raw_knit,today
raw_knit|production|Spinning||machine lifetime,manufacturing,"human toxicity: carcinogenic, organics",0.0007862930869772951,1.1641110353510512e-05,9.159421523715994e-06,1.3923943773723853e-05,raw_knit,today
raw_knit|production|Spinning||machine lifetime,manufacturing,human toxicity: non-carcinogenic,-0.0005086843942829136,5.155019372177663e-06,4.1544518213809076e-06,6.5100543626459685e-06,raw_knit,today
raw_knit|production|Spinning||machine lifetime,manufacturing,"human toxicity: non-carcinogenic, inorganics",-0.0005078874384426487,4.739354929041389e-06,3.802489979759571e-06,5.976116191646983e-06,raw_knit,today
raw_knit|production|Spinning||machine lifetime,manufacturing,"human toxicity: non-carcinogenic, organics",0.0003645088646189161,4.045084626358442e-06,3.166850674988591e-06,4.873235555270933e-06,raw_knit,today
raw_knit|production|Spinning||machine lifetime,manufacturing,ionising radiation: human health,6.728498778828217e-06,8.397659220161407e-10,6.55083504191907e-10,1.0367242485497287e-09,raw_knit,today
raw_knit|production|Spinning||machine lifetime,manufacturing,land use,1.248922025754009e-05,3.33382774149452e-09,2.6164274109389423e-09,4.032784093659181e-09,raw_knit,today
raw_knit|production|Spinning||machine lifetime,manufacturing,material resources: metals/minerals,0.0006047689725014116,7.991906166770345e-06,6.221737989515446e-06,9.621265470820983e-06,raw_knit,today
raw_knit|production|Spinning||machine lifetime,manufacturing,ozone depletion,4.6733683487296255e-05,5.059059828443295e-08,4.004364723192223e-08,6.153003593994932e-08,raw_knit,today
raw_knit|production|Spinning||machine lifetime,manufacturing,particulate matter formation,9.24681083421368e-05,1.8939200868941863e-07,1.475730066775051e-07,2.3093259494382068e-07,raw_knit,today
raw_knit|production|Spinning||machine lifetime,manufacturing,photochemical oxidant formation: human health,5.4058544217835317e-05,1.763997999258718e-07,1.3862655507533722e-07,2.1416559671918156e-07,raw_knit,today
raw_knit|production|Spinning||machine lifetime,manufacturing,water use,9.879285052923545e-05,4.4013858207785235e-07,3.4024058876209364e-07,5.400010826157594e-07,raw_knit,today
raw_knit|production|Spinning||process yield,manufacturing,acidification,0.06225446803560052,0.03551706519525076,0.02873657321003963,0.04216556816007228,raw_knit,today
raw_knit|production|Spinning||process yield,manufacturing,climate change,0.017678417272639496,0.008334973679958559,0.0065868302057304935,0.010642547978191651,raw_knit,today
raw_knit|production|Spinning||process yield,manufacturing,climate change: biogenic,0.07383975061282039,0.04362932889469818,0.03600326824911454,0.05247235537943055,raw_knit,today
raw_knit|production|Spinning||process yield,manufacturing,climate change: fossil,0.02357658625061938,0.012626298303085383,0.010111302321673492,0.01594396006443023,raw_knit,today
raw_knit|production|Spinning||process yield,manufacturing,climate change: land use and land use change,0.009277050601127445,0.0021217612824610313,0.0016674073645820656,0.0026229786672231498,raw_knit,today
raw_knit|production|Spinning||process yield,manufacturing,ecotoxicity: freshwater,0.037943316124794346,0.02010501532703999,0.016223135241714478,0.025414021670035213,raw_knit,today
raw_knit|production|Spinning||process yield,manufacturing,"ecotoxicity: freshwater, inorganics",0.03451970329889916,0.01795344448663704,0.014431387157315642,0.02284048215992151,raw_knit,today
raw_knit|production|Spinning||process yield,manufacturing,"ecotoxicity: freshwater, organics",0.07445106543647684,0.04480600902952496,0.03668526822409574,0.053437993473940806,raw_knit,today
raw_knit|production|Spinning||process yield,manufacturing,energy resources: non-renewable,0.03565343787257233,0.019000191238997023,0.015092283208081807,0.02319774452901379,raw_knit,today
raw_knit|production|Spinning||process yield,manufacturing,eutrophication: freshwater,0.013153680777511905,0.00565758972776956,0.0043858038027125255,0.007330805054111066,raw_knit,today
raw_knit|production|Spinning||process yield,manufacturing,eutrophication: marine,0.07646454027379553,0.04563317690786672,0.03739864051689848,0.05435969915179424,raw_knit,today
raw_knit|production|Spinning||process yield,manufacturing,eutrophication: terrestrial,0.07547587291779712,0.044981284460951135,0.036937022516165985,0.05349174242108981,raw_knit,today
raw_knit|production|Spinning||process yield,manufacturing,human toxicity: carcinogenic,0.00856987198673076,0.002669061949780381,0.0020419701733161186,0.003689028866990003,raw_knit,today
raw_knit|production|Spinning||process yield,manufacturing,"human toxicity: carcinogenic, inorganics",0.005178193993005767,0.0025774163043689687,0.0021168082588104487,0.003158033963899159,raw_knit,today
raw_knit|production|Spinning||process yield,manufacturing,"human toxicity: carcinogenic, organics",0.03433153242193141,0.01964514947765472,0.01616973411299315,0.02297455545852916,raw_knit,today
raw_knit|production|Spinning||process yield,manufacturing,human toxicity: non-carcinogenic,0.02165240364797763,0.015504030695170817,0.012858588419904513,0.018306026637157802,raw_knit,today
raw_knit|production|Spinning||process yield,manufacturing,"human toxicity: non-carcinogenic, inorganics",0.024369561104743656,0.017279714629466293,0.014233168605583553,0.02047283392318841,raw_knit,today
raw_knit|production|Spinning||process yield,manufacturing,"human toxicity: non-carcinogenic, organics",0.039519335191998406,0.02052318109046221,0.01669690149732375,0.024736922423193638,raw_knit,today
raw_knit|production|Spinning||process yield,manufacturing,ionising radiation: human health,0.014976094403374735,0.00679908783067911,0.005305027098290661,0.008575903221692695,raw_knit,today
raw_knit|production|Spinning||process yield,manufacturing,land use,0.07509441740902503,0.044831623616475545,0.03673620111035108,0.05350130450409935,raw_knit,today
raw_knit|production|Spinning||process yield,manufacturing,material resources: metals/minerals,0.030087259658898597,0.015839311372588143,0.012930632426793742,0.018816590536452998,raw_knit,today
raw_knit|production|Spinning||process yield,manufacturing,ozone depletion,0.017326689239570727,0.014610191661879013,0.01186537359004732,0.01742247673982459,raw_knit,today
raw_knit|production|Spinning||process yield,manufacturing,particulate matter formation,0.07351509487821485,0.043492627832590315,0.03553393126505401,0.05179683916988169,raw_knit,today
raw_knit|production|Spinning||process yield,manufacturing,photochemical oxidant formation: human health,0.049208675878397674,0.027627587190668077,0.022578788339717576,0.032849754685814345,raw_knit,today
raw_knit|production|Spinning||process yield,manufacturing,water use,0.039873209386120184,0.01721528152306331,0.014320470386557227,0.02000493563628272,raw_knit,today
raw_knit|production|Spinning||machine source,manufacturing,acidification,-0.0005829396315643934,2.6660651147127474e-06,2.229549742022607e-06,3.2056038906541337e-06,raw_knit,today
raw_knit|production|Spinning||machine source,manufacturing,climate change,-0.0006625459524948196,1.1111416428255107e-05,9.27162228174019e-06,1.3265824883891467e-05,raw_knit,today
raw_knit|production|Spinning||machine source,manufacturing,climate change: biogenic,-0.00013723966956816132,1.202443714023591e-07,1.0164964054137992e-07,1.413118912355795e-07,raw_knit,today
raw_knit|production|Spinning||machine source,manufacturing,climate change: fossil,-0.0007615010403704133,1.1057314162795225e-05,9.189074032318078e-06,1.3156481518745857e-05,raw_knit,today
raw_knit|production|Spinning||machine source,manufacturing,climate change: land use and land use change,-0.00018270179758946877,3.0755563489073394e-06,2.6360313620602557e-06,3.5470878037031676e-06,raw_knit,today
raw_knit|production|Spinning||machine source,manufacturing,ecotoxicity: freshwater,-0.0026298563160519215,7.333544268328855e-05,6.101828432663945e-05,8.73804328920452e-05,raw_knit,today
raw_knit|production|Spinning||machine source,manufacturing,"ecotoxicity: freshwater, inorganics",-0.002616533497343237,7.877066272795768e-05,6.563478092649182e-05,9.377064458706672e-05,raw_knit,today
raw_knit|production|Spinning||machine source,manufacturing,"ecotoxicity: freshwater, organics",-0.0009741227915968043,6.115491518854589e-06,5.165994141764054e-06,7.170366768557395e-06,raw_knit,today
raw_knit|production|Spinning||machine source,manufacturing,energy resources: non-renewable,-0.0011369834650666992,7.659323533171388e-06,6.235247673969082e-06,9.404336824495843e-06,raw_knit,today
raw_knit|production|Spinning||machine source,manufacturing,eutrophication: freshwater,-0.00037059565257533485,4.881122635273495e-06,4.17290367528985e-06,5.847195171204347e-06,raw_knit,today
raw_knit|production|Spinning||machine source,manufacturing,eutrophication: marine,-0.00020085822355148504,2.5545554988036024e-07,2.1410924349036332e-07,3.009549826488512e-07,raw_knit,today
raw_knit|production|Spinning||machine source,manufacturing,eutrophication: terrestrial,-0.0002903500773509992,5.412372241301172e-07,4.5545402320709336e-07,6.374153305686672e-07,raw_knit,today
raw_knit|production|Spinning||machine source,manufacturing,human toxicity: carcinogenic,-0.0062682888483476884,0.0009383996481579775,0.0007916201366369366,0.0011169980349122319,raw_knit,today
raw_knit|production|Spinning||machine source,manufacturing,"human toxicity: carcinogenic, inorganics",-0.0004313676139777746,0.000327569400455188,0.0002774962139688205,0.0003743349188964305,raw_knit,today
raw_knit|production|Spinning||machine source,manufacturing,"human toxicity: carcinogenic, organics",-0.010331839731184452,0.0009411414259548423,0.0008019786782641202,0.0011045672557472386,raw_knit,today
raw_knit|production|Spinning||machine source,manufacturing,human toxicity: non-carcinogenic,0.002408306970797622,0.00041694074540292187,0.0003614217454480061,0.00047917063489559173,raw_knit,today
raw_knit|production|Spinning||machine source,manufacturing,"human toxicity: non-carcinogenic, inorganics",0.002655319131415277,0.00038337104066919146,0.00033207560611265283,0.00044053401863585053,raw_knit,today
raw_knit|production|Spinning||machine source,manufacturing,"human toxicity: non-carcinogenic, organics",-0.006475798782821621,0.0003262293229712704,0.0002744539356842793,0.00038572220452106313,raw_knit,today
raw_knit|production|Spinning||machine source,manufacturing,ionising radiation: human health,-8.304708217172338e-05,6.782073683028634e-08,5.585303348388475e-08,8.306856408643484e-08,raw_knit,today
raw_knit|production|Spinning||machine source,manufacturing,land use,-0.00020312438870622628,2.658780179354822e-07,2.234159692812678e-07,3.1172865202417255e-07,raw_knit,today
raw_knit|production|Spinning||machine source,manufacturing,material resources: metals/minerals,-0.00916083606075665,0.0006468072573653783,0.0005473752034805185,0.000758516829790402,raw_knit,today
raw_knit|production|Spinning||machine source,manufacturing,ozone depletion,-0.0004513017408696308,4.019499504681504e-06,3.3777537304262746e-06,4.792710369353299e-06,raw_knit,today
raw_knit|production|Spinning||machine source,manufacturing,particulate matter formation,-0.0015564362732290427,1.524037499204908e-05,1.2759967448651293e-05,1.790863387402196e-05,raw_knit,today
raw_knit|production|Spinning||machine source,manufacturing,photochemical oxidant formation: human health,-0.0012386177767865249,1.4127988672780736e-05,1.1709055380661038e-05,1.7114634176339693e-05,raw_knit,today
raw_knit|production|Spinning||machine source,manufacturing,water use,-0.0018448623115535267,3.560475154244855e-05,3.076362246821074e-05,4.216564266727435e-05,raw_knit,today
raw_knit|production|CNC knitting||machine weight,manufacturing,acidification,0.00010889001016416836,1.312904860298804e-06,1.004083329711974e-06,1.6967828748112785e-06,raw_knit,today
raw_knit|production|CNC knitting||machine weight,manufacturing,climate change,0.00015373986716294742,5.483222253619772e-06,4.091669740478473e-06,7.042910200274527e-06,raw_knit,today
raw_knit|production|CNC knitting||machine weight,manufacturing,climate change: biogenic,2.2641936260689588e-05,5.906958184622221e-08,4.5197579739389096e-08,7.826101321307214e-08,raw_knit,today
raw_knit|production|CNC knitting||machine weight,manufacturing,climate change: fossil,0.00018184031751714507,5.456596959900139e-06,4.073024522593039e-06,6.995041838287548e-06,raw_knit,today
raw_knit|production|CNC knitting||machine weight,manufacturing,climate change: land use and land use change,5.699961814116876e-05,1.5102377690441896e-06,1.1549466300327754e-06,1.931119848567682e-06,raw_knit,today
raw_knit|production|CNC knitting||machine weight,manufacturing,ecotoxicity: freshwater,0.0006013462490939377,3.6019139497605756e-05,2.711783276106208e-05,4.775604471234811e-05,raw_knit,today
raw_knit|production|CNC knitting||machine weight,manufacturing,"ecotoxicity: freshwater, inorganics",0.000616991652703641,3.8687334805537336e-05,2.910804634058403e-05,5.1287740159901216e-05,raw_knit,today
raw_knit|production|CNC knitting||machine weight,manufacturing,"ecotoxicity: freshwater, organics",0.00015448297981109015,3.0085417030922112e-06,2.2851261160104962e-06,3.957924465161584e-06,raw_knit,today
raw_knit|production|CNC knitting||machine weight,manufacturing,energy resources: non-renewable,0.00022280403065476662,3.787097835746118e-06,2.8844021847481806e-06,5.029700329992093e-06,raw_knit,today
raw_knit|production|CNC knitting||machine weight,manufacturing,eutrophication: freshwater,0.00011810098420516546,2.3957198573025688e-06,1.8084376343875797e-06,3.1784802546771053e-06,raw_knit,today
raw_knit|production|CNC knitting||machine weight,manufacturing,eutrophication: marine,3.213015899730074e-05,1.2658783711703535e-07,9.672921805997188e-08,1.665793304297401e-07,raw_knit,today
raw_knit|production|CNC knitting||machine weight,manufacturing,eutrophication: terrestrial,4.64842265475698e-05,2.68234270834536e-07,2.045669097202849e-07,3.5301862905987906e-07,raw_knit,today
raw_knit|production|CNC knitting||machine weight,manufacturing,human toxicity: carcinogenic,0.002238069503028581,0.0004608212338058373,0.0003470811036749466,0.0005840270891027877,raw_knit,today
raw_knit|production|CNC knitting||machine weight,manufacturing,"human toxicity: carcinogenic, inorganics",0.0007868218375042161,0.0001607901331911811,0.00012244390934980265,0.00021080997004299608,raw_knit,today
raw_knit|production|CNC knitting||machine weight,manufacturing,"human toxicity: carcinogenic, organics",0.0022300459060750695,0.0004623285215083512,0.0003594431287253148,0.0006116994951772572,raw_knit,today
raw_knit|production|CNC knitting||machine weight,manufacturing,human toxicity: non-carcinogenic,0.0003968983873548532,0.0002047323907072019,0.00016056992696650947,0.0002653589567583021,raw_knit,today
raw_knit|production|CNC knitting||machine weight,manufacturing,"human toxicity: non-carcinogenic, inorganics",0.0003100802715347524,0.000188224210678398,0.000147789810144695,0.0002435416978995458,raw_knit,today
raw_knit|production|CNC knitting||machine weight,manufacturing,"human toxicity: non-carcinogenic, organics",0.0013403798311623224,0.00016065128118729317,0.000124529214039575,0.00021348412152111026,raw_knit,today
raw_knit|production|CNC knitting||machine weight,manufacturing,ionising radiation: human health,1.3879947908116004e-05,3.335144247477874e-08,2.4978718627669712e-08,4.449574263101921e-08,raw_knit,today
raw_knit|production|CNC knitting||machine weight,manufacturing,land use,3.062646413478083e-05,1.324050562815174e-07,1.0074677372727181e-07,1.7463148157067963e-07,raw_knit,today
raw_knit|production|CNC knitting||machine weight,manufacturing,material resources: metals/minerals,0.0018389841183925725,0.0003173997728846226,0.00024769820221932627,0.0004167757091246725,raw_knit,today
raw_knit|production|CNC knitting||machine weight,manufacturing,ozone depletion,3.4475343756565786e-05,2.009250632262898e-06,1.4989073206299054e-06,2.6496492321881763e-06,raw_knit,today
raw_knit|production|CNC knitting||machine weight,manufacturing,particulate matter formation,0.0002555326643388402,7.521747327372746e-06,5.746109112834205e-06,9.875005162552412e-06,raw_knit,today
raw_knit|production|CNC knitting||machine weight,manufacturing,photochemical oxidant formation: human health,0.0002449223243931187,7.005788257750625e-06,5.23538383495647e-06,8.949689358339025e-06,raw_knit,today
raw_knit|production|CNC knitting||machine weight,manufacturing,water use,0.00036912484038326,1.7480171482603984e-05,1.3371164110762307e-05,2.2157426841371318e-05,raw_knit,today
raw_knit|production|CNC knitting||power,manufacturing,acidification,-0.005179096398950684,0.0014381534052107115,0.0009973927820753684,0.0019260113939551268,raw_knit,today
raw_knit|production|CNC knitting||power,manufacturing,climate change,0.0004912881468739343,0.007893837370634474,0.0059978818102401485,0.009731428272212144,raw_knit,today
raw_knit|production|CNC knitting||power,manufacturing,climate change: biogenic,0.0014164845696778283,0.0004169370911328939,0.0003183707464081796,0.0005584046613235628,raw_knit,today
raw_knit|production|CNC knitting||power,manufacturing,climate change: fossil,-0.0021449614951334394,0.007864104806611627,0.0059503465649383995,0.00969287846725157,raw_knit,today
raw_knit|production|CNC knitting||power,manufacturing,climate change: land use and land use change,0.011438901697873689,0.009042969573119277,0.006669623243884558,0.012408743595551221,raw_knit,today
raw_knit|production|CNC knitting||power,manufacturing,ecotoxicity: freshwater,-0.0005703145358594674,0.005604963108228977,0.004166719430475451,0.006989443805686938,raw_knit,today
raw_knit|production|CNC knitting||power,manufacturing,"ecotoxicity: freshwater, inorganics",5.2399135438913134e-05,0.006172601518097114,0.004604034988704289,0.007675844152658919,raw_knit,today
raw_knit|production|CNC knitting||power,manufacturing,"ecotoxicity: freshwater, organics",-0.0015026462670268046,0.00016046375734836153,0.00012592642200935736,0.00019265923803537844,raw_knit,today
raw_knit|production|CNC knitting||power,manufacturing,energy resources: non-renewable,0.016630563246184508,0.01248616010244703,0.009649971349860915,0.01493690218666209,raw_knit,today
raw_knit|production|CNC knitting||power,manufacturing,eutrophication: freshwater,0.0015017128459312613,0.006788417349572948,0.0048140879816039395,0.00870021877184538,raw_knit,today
raw_knit|production|CNC knitting||power,manufacturing,eutrophication: marine,-0.0017175165116146143,0.0001231353207417182,9.108483321579067e-05,0.00016046815727015283,raw_knit,today
raw_knit|production|CNC knitting||power,manufacturing,eutrophication: terrestrial,-0.002220900501550372,0.00017537601090051975,0.0001319740958540139,0.0002266418740332808,raw_knit,today
raw_knit|production|CNC knitting||power,manufacturing,human toxicity: carcinogenic,0.021422897800154182,0.02124148808166804,0.016953466090663043,0.025511515330147776,raw_knit,today
raw_knit|production|CNC knitting||power,manufacturing,"human toxicity: carcinogenic, inorganics",0.01942907106739463,0.016503165026507918,0.01233471702882842,0.020800482133921862,raw_knit,today
raw_knit|production|CNC knitting||power,manufacturing,"human toxicity: carcinogenic, organics",0.007479352923600953,0.009987005600198768,0.008227163397953796,0.011795004843936946,raw_knit,today
raw_knit|production|CNC knitting||power,manufacturing,human toxicity: non-carcinogenic,0.027651767079751297,0.019305766240098228,0.015218218918366925,0.023716985866895062,raw_knit,today
raw_knit|production|CNC knitting||power,manufacturing,"human toxicity: non-carcinogenic, inorganics",0.026411902649452104,0.017980293661751606,0.014126898177638,0.022347226856577692,raw_knit,today
raw_knit|production|CNC knitting||power,manufacturing,"human toxicity: non-carcinogenic, organics",0.011649883902490913,0.012615777658085556,0.010228837540616995,0.015034726207609197,raw_knit,today
raw_knit|production|CNC knitting||power,manufacturing,ionising radiation: human health,0.02094807545099871,0.007937013106156037,0.005787199095698762,0.01061270116434469,raw_knit,today
raw_knit|production|CNC knitting||power,manufacturing,land use,-0.001169054921609225,0.0001761073130675677,0.00014737149704608166,0.0002058419014282246,raw_knit,today
raw_knit|production|CNC knitting||power,manufacturing,material resources: metals/minerals,0.02136705417107555,0.018279926445933563,0.01485878311074464,0.021860353502063185,raw_knit,today
raw_knit|production|CNC knitting||power,manufacturing,ozone depletion,-0.00314340178929154,0.010906833163611455,0.008941716557707624,0.012705187734582915,raw_knit,today
raw_knit|production|CNC knitting||power,manufacturing,particulate matter formation,-0.0007767646570298007,0.00027923406262769573,0.00022159190116218279,0.0003333341137137586,raw_knit,today
raw_knit|production|CNC knitting||power,manufacturing,photochemical oxidant formation: human health,-0.005838622031987798,0.0037326567103526265,0.0028142134514948475,0.004699164448722245,raw_knit,today
raw_knit|production|CNC knitting||power,manufacturing,water use,0.012678168945043007,0.011392286230443905,0.00917604430981479,0.013847572785017906,raw_knit,today
raw_knit|production|CNC knitting||output rate,manufacturing,acidification,-0.003930633465234367,0.0015431698239759628,0.0011046760425010315,0.0019764034265364505,raw_knit,today
raw_knit|production|CNC knitting||output rate,manufacturing,climate change,-0.005717016119454767,0.008318602227442264,0.006682039985856211,0.009995965588184575,raw_knit,today
raw_knit|production|CNC knitting||output rate,manufacturing,climate change: biogenic,-0.004829328106949676,0.00041334673916323315,0.00031766466111205047,0.0005282731217069743,raw_knit,today
raw_knit|production|CNC knitting||output rate,manufacturing,climate change: fossil,-0.008282995811372354,0.008288911547315734,0.006673189178165129,0.009923522594367415,raw_knit,today
raw_knit|production|CNC knitting||output rate,manufacturing,climate change: land use and land use change,-0.011442215582429461,0.007374041553594133,0.005623468327913858,0.009757492000646883,raw_knit,today
raw_knit|production|CNC knitting||output rate,manufacturing,ecotoxicity: freshwater,-0.010531838784706983,0.006224202748569246,0.00499700641407142,0.007608558682423267,raw_knit,today
raw_knit|production|CNC knitting||output rate,manufacturing,"ecotoxicity: freshwater, inorganics",-0.01032818720297124,0.006848961141299412,0.005524191950961308,0.008382712321199482,raw_knit,today
raw_knit|production|CNC knitting||output rate,manufacturing,"ecotoxicity: freshwater, organics",-0.0030123773876783483,0.0001815768696000583,0.000149437706687198,0.0002161617573175326,raw_knit,today
raw_knit|production|CNC knitting||output rate,manufacturing,energy resources: non-renewable,-0.008006371282492453,0.011499832583934439,0.009486585305586015,0.013675081589935719,raw_knit,today
raw_knit|production|CNC knitting||output rate,manufacturing,eutrophication: freshwater,-0.0029613533912731275,0.007144411148078524,0.005517886234515044,0.008973090302664799,raw_knit,today
raw_knit|production|CNC knitting||output rate,manufacturing,eutrophication: marine,-0.0019294401049102284,0.0001303873145303203,9.95132488201932e-05,0.0001627369606234342,raw_knit,today
raw_knit|production|CNC knitting||output rate,manufacturing,eutrophication: terrestrial,-0.0023287861066111056,0.00018602067644738545,0.00014296815951728801,0.00023088723014415266,raw_knit,today
raw_knit|production|CNC knitting||output rate,manufacturing,human toxicity: carcinogenic,-0.010608122198179932,0.025081369460167938,0.021062172485256162,0.029483843434265505,raw_knit,today
raw_knit|production|CNC knitting||output rate,manufacturing,"human toxicity: carcinogenic, inorganics",0.005586632656989419,0.018631493836073317,0.015306559601666048,0.02250499064961245,raw_knit,today
raw_knit|production|CNC knitting||output rate,manufacturing,"human toxicity: carcinogenic, organics",-0.0204111053384174,0.012433114702280163,0.010411719922829474,0.014267637937427292,raw_knit,today
raw_knit|production|CNC knitting||output rate,manufacturing,human toxicity: non-carcinogenic,0.01755272877854302,0.02174492217107929,0.018168038588352454,0.025902664546571166,raw_knit,today
raw_knit|production|CNC knitting||output rate,manufacturing,"human toxicity: non-carcinogenic, inorganics",0.017852791295952592,0.020260431453717833,0.016948289265804425,0.024360257497137557,raw_knit,today
raw_knit|production|CNC knitting||output rate,manufacturing,"human toxicity: non-carcinogenic, organics",-0.018899448772713767,0.01386891481013482,0.011762126538231483,0.01604478724767811,raw_knit,today
raw_knit|production|CNC knitting||output rate,manufacturing,ionising radiation: human health,-0.00205474706365383,0.006031309911730941,0.004711914789331253,0.007896831042597127,raw_knit,today
raw_knit|production|CNC knitting||output rate,manufacturing,land use,-0.003019896333363302,0.0001728941504514027,0.00014493616421189015,0.00020182655519773195,raw_knit,today
raw_knit|production|CNC knitting||output rate,manufacturing,material resources: metals/minerals,-0.021833977563618157,0.020116498963556807,0.0170691984317281,0.02309607377702759,raw_knit,today
raw_knit|production|CNC knitting||output rate,manufacturing,ozone depletion,-0.003968768157303791,0.01079009043388801,0.008931657877714657,0.012560412182626986,raw_knit,today
raw_knit|production|CNC knitting||output rate,manufacturing,particulate matter formation,-0.004102587092700868,0.0003334903711951234,0.00027567796935925183,0.00039310348204621334,raw_knit,today
raw_knit|production|CNC knitting||output rate,manufacturing,photochemical oxidant formation: human health,-0.008827194176697514,0.0039793053550578545,0.0031718891370518944,0.004779703361640577,raw_knit,today
raw_knit|production|CNC knitting||output rate,manufacturing,water use,-0.008657012572993596,0.011282655723354825,0.009354096709723836,0.013067367782664638,raw_knit,today
raw_knit|production|CNC knitting||machine lifetime,manufacturing,acidification,-0.00048379993310942386,1.5931516274130016e-06,1.213337481053155e-06,2.083102468654945e-06,raw_knit,today
raw_knit|production|CNC knitting||machine lifetime,manufacturing,climate change,-0.0005581678020863391,6.653649644664006e-06,5.069971807580795e-06,8.74832657455258e-06,raw_knit,today
raw_knit|production|CNC knitting||machine lifetime,manufacturing,climate change: biogenic,-0.00011542430368237884,7.167828555329233e-08,5.432126217095247e-08,9.126271057773815e-08,raw_knit,today
raw_knit|production|CNC knitting||machine lifetime,manufacturing,climate change: fossil,-0.0006828419190957311,6.6213410453396485e-06,5.036649436748485e-06,8.759533325369792e-06,raw_knit,today
raw_knit|production|CNC knitting||machine lifetime,manufacturing,climate change: land use and land use change,-0.00013893507558432265,1.8326056814421802e-06,1.4418201308837682e-06,2.3245286080453823e-06,raw_knit,today
raw_knit|production|CNC knitting||machine lifetime,manufacturing,ecotoxicity: freshwater,-0.002149807589793246,4.370760809922862e-05,3.309592284914179e-05,5.6827714951506685e-05,raw_knit,today
raw_knit|production|CNC knitting||machine lifetime,manufacturing,"ecotoxicity: freshwater, inorganics",-0.0021299856360406538,4.6945343169659144e-05,3.5543987969375616e-05,6.126368997558085e-05,raw_knit,today
raw_knit|production|CNC knitting||machine lifetime,manufacturing,"ecotoxicity: freshwater, organics",-0.0008288132226393818,3.6507308575714305e-06,2.781880067010838e-06,4.631849292792406e-06,raw_knit,today
raw_knit|production|CNC knitting||machine lifetime,manufacturing,energy resources: non-renewable,-0.0008444601099048414,4.595480201140106e-06,3.4798078081048877e-06,5.8795017643161765e-06,raw_knit,today
raw_knit|production|CNC knitting||machine lifetime,manufacturing,eutrophication: freshwater,-0.000247074562903702,2.907098357463661e-06,2.2083589781469335e-06,3.881255142115072e-06,raw_knit,today
raw_knit|production|CNC knitting||machine lifetime,manufacturing,eutrophication: marine,-0.00016622998167409802,1.5360904406350795e-07,1.1711728001174882e-07,1.970197980620946e-07,raw_knit,today
raw_knit|production|CNC knitting||machine lifetime,manufacturing,eutrophication: terrestrial,-0.00024193906403131325,3.254910840594094e-07,2.473920007589403e-07,4.1704036194976705e-07,raw_knit,today
raw_knit|production|CNC knitting||machine lifetime,manufacturing,human toxicity: carcinogenic,-0.005748323726655948,0.0005591858652411585,0.000431739533750732,0.0007301707822436807,raw_knit,today
raw_knit|production|CNC knitting||machine lifetime,manufacturing,"human toxicity: carcinogenic, inorganics",-0.00031113979095537643,0.00019511159954232966,0.0001494911556885542,0.00025548015303773547,raw_knit,today
raw_knit|production|CNC knitting||machine lifetime,manufacturing,"human toxicity: carcinogenic, organics",-0.009669421745261884,0.0005610149036067151,0.00042887804777727974,0.0007212462315429861,raw_knit,today
raw_knit|production|CNC knitting||machine lifetime,manufacturing,human toxicity: non-carcinogenic,0.0018896573099530232,0.0002484335577180786,0.00019074574928534924,0.0003148292132176012,raw_knit,today
raw_knit|production|CNC knitting||machine lifetime,manufacturing,"human toxicity: non-carcinogenic, inorganics",0.002125415522192182,0.00022840162153364309,0.0001748827058877881,0.0002877070200887301,raw_knit,today
raw_knit|production|CNC knitting||machine lifetime,manufacturing,"human toxicity: non-carcinogenic, organics",-0.005879078057157543,0.00019494318107771792,0.00014929342547350001,0.000251664652768292,raw_knit,today
raw_knit|production|CNC knitting||machine lifetime,manufacturing,ionising radiation: human health,-5.0894171539597486e-05,4.047048226591197e-08,3.0032289902619163e-08,5.226414925349921e-08,raw_knit,today
raw_knit|production|CNC knitting||machine lifetime,manufacturing,land use,-0.00017244768356523504,1.6066849159608308e-07,1.232047547538136e-07,2.0283170091536206e-07,raw_knit,today
raw_knit|production|CNC knitting||machine lifetime,manufacturing,material resources: metals/minerals,-0.008391291023309521,0.00038515035527516005,0.0002979641769608672,0.0004866342889485666,raw_knit,today
raw_knit|production|CNC knitting||machine lifetime,manufacturing,ozone depletion,-0.0005575090423902775,2.438156772168953e-06,1.8590287160580987e-06,3.2539767774536434e-06,raw_knit,today
raw_knit|production|CNC knitting||machine lifetime,manufacturing,particulate matter formation,-0.0012995091303315382,9.127310747594692e-06,6.982083491420936e-06,1.1596719998570962e-05,raw_knit,today
raw_knit|production|CNC knitting||machine lifetime,manufacturing,photochemical oxidant formation: human health,-0.001088620882517273,8.501233997955753e-06,6.444849935249378e-06,1.1138692831811564e-05,raw_knit,today
raw_knit|production|CNC knitting||machine lifetime,manufacturing,water use,-0.001815911860926575,2.1211402558244725e-05,1.6229814151024108e-05,2.744226421278985e-05,raw_knit,today
raw_knit|production|CNC knitting||process yield,manufacturing,acidification,0.04840551173981929,0.040212679050782234,0.0327602182472764,0.04717878567108867,raw_knit,today
raw_knit|production|CNC knitting||process yield,manufacturing,climate change,0.023373173041798295,0.018516159346504243,0.014402713896795682,0.022122297044365056,raw_knit,today
raw_knit|production|CNC knitting||process yield,manufacturing,climate change: biogenic,0.04174552407383769,0.04671434659959333,0.038535126270030286,0.05524347407908218,raw_knit,today
raw_knit|production|CNC knitting||process yield,manufacturing,climate change: fossil,0.03237578900393067,0.02434151769063347,0.01922327130391628,0.02892709730218232,raw_knit,today
raw_knit|production|CNC knitting||process yield,manufacturing,climate change: land use and land use change,-0.0022053325436221204,0.008381317524038213,0.006236378567737903,0.010862880352714674,raw_knit,today
raw_knit|production|CNC knitting||process yield,manufacturing,ecotoxicity: freshwater,0.03800447776421483,0.03246280100254253,0.025761911521065276,0.03901861658167373,raw_knit,today
raw_knit|production|CNC knitting||process yield,manufacturing,"ecotoxicity: freshwater, inorganics",0.035919925996859864,0.030446610638203874,0.02414004512645386,0.036668351422221857,raw_knit,today
raw_knit|production|CNC knitting||process yield,manufacturing,"ecotoxicity: freshwater, organics",0.04806910044308761,0.046409762103390026,0.038340574755027064,0.054164935785464524,raw_knit,today
raw_knit|production|CNC knitting||process yield,manufacturing,energy resources: non-renewable,0.04239813569850508,0.0395503516216509,0.031005755276509867,0.04818384673381614,raw_knit,today
raw_knit|production|CNC knitting||process yield,manufacturing,eutrophication: freshwater,0.01268784307403061,0.012445554634930849,0.009959700440395729,0.014902848479930671,raw_knit,today
raw_knit|production|CNC knitting||process yield,manufacturing,eutrophication: marine,0.04785103670796909,0.04621801029771242,0.03824736482669649,0.05378511311980461,raw_knit,today
raw_knit|production|CNC knitting||process yield,manufacturing,eutrophication: terrestrial,0.048341625364474096,0.04613820580894374,0.03821406297601835,0.05366071154981348,raw_knit,today
raw_knit|production|CNC knitting||process yield,manufacturing,human toxicity: carcinogenic,0.03005861576919091,0.020254052093033322,0.016152654055848186,0.02404616977207838,raw_knit,today
raw_knit|production|CNC knitting||process yield,manufacturing,"human toxicity: carcinogenic, inorganics",0.004228766247530611,0.003634495177956211,0.002845690136792679,0.0044357944833663026,raw_knit,today
raw_knit|production|CNC knitting||process yield,manufacturing,"human toxicity: carcinogenic, organics",0.0508948376604177,0.04252348401470877,0.034682680668056125,0.0504578204959624,raw_knit,today
raw_knit|production|CNC knitting||process yield,manufacturing,human toxicity: non-carcinogenic,-0.00010888221321894889,0.004240486408953763,0.003356313483259757,0.005001250545701902,raw_knit,today
raw_knit|production|CNC knitting||process yield,manufacturing,"human toxicity: non-carcinogenic, inorganics",0.00010873416838043485,0.005118897543912932,0.00401829531718893,0.006059364905047292,raw_knit,today
raw_knit|production|CNC knitting||process yield,manufacturing,"human toxicity: non-carcinogenic, organics",0.04813901693878942,0.04579933935965838,0.03681569073098988,0.05436521388097626,raw_knit,today
raw_knit|production|CNC knitting||process yield,manufacturing,ionising radiation: human health,0.004477373638542838,0.015270169692277832,0.012197081380291087,0.018751095125055593,raw_knit,today
raw_knit|production|CNC knitting||process yield,manufacturing,land use,0.04605481954322471,0.046688225231114294,0.038682452850814356,0.0546686346476553,raw_knit,today
raw_knit|production|CNC knitting||process yield,manufacturing,material resources: metals/minerals,0.040007477914206044,0.04619808731445843,0.03750956324141038,0.054832134555016204,raw_knit,today
raw_knit|production|CNC knitting||process yield,manufacturing,ozone depletion,0.035033849273770214,0.03282311044013893,0.026090635635615988,0.039147364644890235,raw_knit,today
raw_knit|production|CNC knitting||process yield,manufacturing,particulate matter formation,0.04821415691421746,0.04645165239396481,0.03840338347912167,0.05383521920362052,raw_knit,today
raw_knit|production|CNC knitting||process yield,manufacturing,photochemical oxidant formation: human health,0.049144715455970656,0.03786212843817147,0.0304845430607437,0.04424884037191113,raw_knit,today
raw_knit|production|CNC knitting||process yield,manufacturing,water use,0.03747226704389973,0.03716985780554445,0.029330695805548382,0.044422114756276866,raw_knit,today
raw_knit|production|CNC knitting||machine source,manufacturing,acidification,0.004032359997359468,0.00011772498029171603,9.653810093662569e-05,0.00013391508918160825,raw_knit,today
raw_knit|production|CNC knitting||machine source,manufacturing,climate change,0.006162512256048352,0.0004906449106627755,0.0004125003879970613,0.0005832630614164175,raw_knit,today
raw_knit|production|CNC knitting||machine source,manufacturing,climate change: biogenic,0.0008018248359689979,5.309610097447997e-06,4.471368036135609e-06,6.025702726870535e-06,raw_knit,today
raw_knit|production|CNC knitting||machine source,manufacturing,climate change: fossil,0.006964482067716552,0.0004882559262002989,0.0004105604707016059,0.0005789724276982768,raw_knit,today
raw_knit|production|CNC knitting||machine source,manufacturing,climate change: land use and land use change,0.0006574710601799394,0.00013580681453093105,0.0001163358909340729,0.00015757109402145548,raw_knit,today
raw_knit|production|CNC knitting||machine source,manufacturing,ecotoxicity: freshwater,0.021697423161602926,0.0032382605724558915,0.0027093650637478946,0.0037720903432377434,raw_knit,today
raw_knit|production|CNC knitting||machine source,manufacturing,"ecotoxicity: freshwater, inorganics",0.022074563515583935,0.0034782626523408642,0.0029157074400788636,0.004063396715602491,raw_knit,today
raw_knit|production|CNC knitting||machine source,manufacturing,"ecotoxicity: freshwater, organics",0.006271400530828316,0.00027004071076819764,0.00022481809442709483,0.0003054772463117305,raw_knit,today
raw_knit|production|CNC knitting||machine source,manufacturing,energy resources: non-renewable,0.006672586912340711,0.00033821143640283346,0.0002804764152318339,0.0003905445371960091,raw_knit,today
raw_knit|production|CNC knitting||machine source,manufacturing,eutrophication: freshwater,0.0028498511541506007,0.00021553489555371826,0.0001814027098071481,0.0002513701487211344,raw_knit,today
raw_knit|production|CNC knitting||machine source,manufacturing,eutrophication: marine,0.001241246911468917,1.1280106929540584e-05,9.241427530983623e-06,1.2836398953967952e-05,raw_knit,today
raw_knit|production|CNC knitting||machine source,manufacturing,eutrophication: terrestrial,0.0018255856310123084,2.3899319334789463e-05,1.961763407473633e-05,2.7191596667993585e-05,raw_knit,today
raw_knit|production|CNC knitting||machine source,manufacturing,human toxicity: carcinogenic,0.09855986329825327,0.04143675241669926,0.035374990839752436,0.04925631479232278,raw_knit,today
raw_knit|production|CNC knitting||machine source,manufacturing,"human toxicity: carcinogenic, inorganics",0.0274451003088482,0.014464425868649928,0.012211872589202559,0.017164599669783932,raw_knit,today
raw_knit|production|CNC knitting||machine source,manufacturing,"human toxicity: carcinogenic, organics",0.1148734593890489,0.041557820628919204,0.03509992012641948,0.04800453520434251,raw_knit,today
raw_knit|production|CNC knitting||machine source,manufacturing,human toxicity: non-carcinogenic,0.01768468945959024,0.01841078102875252,0.01594118979942706,0.021019398219557044,raw_knit,today
raw_knit|production|CNC knitting||machine source,manufacturing,"human toxicity: non-carcinogenic, inorganics",0.013803956692214138,0.01692844933086257,0.014708200304977803,0.01933369845112785,raw_knit,today
raw_knit|production|CNC knitting||machine source,manufacturing,"human toxicity: non-carcinogenic, organics",0.06042139756990287,0.01440525229688945,0.012104048289357775,0.01641904157615477,raw_knit,today
raw_knit|production|CNC knitting||machine source,manufacturing,ionising radiation: human health,0.0002738731188880495,2.9947486513568273e-06,2.512158126527046e-06,3.586740647136873e-06,raw_knit,today
raw_knit|production|CNC knitting||machine source,manufacturing,land use,0.0012715459303105343,1.1740330064979889e-05,9.779052279020986e-06,1.3298788943604816e-05,raw_knit,today
raw_knit|production|CNC knitting||machine source,manufacturing,material resources: metals/minerals,0.09199751512075116,0.028560957197057077,0.023954832660379656,0.032535316919345976,raw_knit,today
raw_knit|production|CNC knitting||machine source,manufacturing,ozone depletion,0.004476360492256278,0.0001774883506632453,0.00015030908136298102,0.00021017757445088335,raw_knit,today
raw_knit|production|CNC knitting||machine source,manufacturing,particulate matter formation,0.010237591510965954,0.0006729666262373495,0.0005536350648829364,0.0007644600533771168,raw_knit,today
raw_knit|production|CNC knitting||machine source,manufacturing,photochemical oxidant formation: human health,0.009657086679666933,0.0006238471742067324,0.0005206262555265452,0.0007212048830912492,raw_knit,today
raw_knit|production|CNC knitting||machine source,manufacturing,water use,0.015453542560669581,0.0015721929110039034,0.0013231601611615469,0.0017917632182880149,raw_knit,today
raw_knit|repair|Carding & roving||machine weight,manufacturing,acidification,1.3993721899856487e-05,1.6045428469798172e-09,1.194487837293328e-09,2.0706661003344017e-09,raw_knit,today
raw_knit|repair|Carding & roving||machine weight,manufacturing,climate change,1.2126104948053876e-05,6.701211948717363e-09,4.924384362196174e-09,8.779539584102221e-09,raw_knit,today
raw_knit|repair|Carding & roving||machine weight,manufacturing,climate change: biogenic,3.618078589789251e-06,7.21908766620445e-11,5.360565812986871e-11,9.201789777176179e-11,raw_knit,today
raw_knit|repair|Carding & roving||machine weight,manufacturing,climate change: fossil,1.5769067000273928e-05,6.668672304459978e-09,4.850682665226333e-09,8.714698958534173e-09,raw_knit,today
raw_knit|repair|Carding & roving||machine weight,manufacturing,climate change: land use and land use change,8.58642540410774e-06,1.845711313180927e-09,1.4430480342012727e-09,2.2877564752885682e-09,raw_knit,today
raw_knit|repair|Carding & roving||machine weight,manufacturing,ecotoxicity: freshwater,5.7831797841009495e-05,4.4020175139534715e-08,3.2364063433428865e-08,5.8263004253211664e-08,raw_knit,today
raw_knit|repair|Carding & roving||machine weight,manufacturing,"ecotoxicity: freshwater, inorganics",5.6431284267299535e-05,4.7281064646603696e-08,3.472684501528823e-08,6.26261296823497e-08,raw_knit,today
raw_knit|repair|Carding & roving||machine weight,manufacturing,"ecotoxicity: freshwater, organics",2.5458931072794136e-05,3.67683621689226e-09,2.753670885488694e-09,4.680635519917291e-09,raw_knit,today
raw_knit|repair|Carding & roving||machine weight,manufacturing,energy resources: non-renewable,1.8797703583790394e-05,4.62831908627683e-09,3.358007273195034e-09,5.90719646541312e-09,raw_knit,today
raw_knit|repair|Carding & roving||machine weight,manufacturing,eutrophication: freshwater,5.780378681296168e-06,2.92788827375763e-09,2.1353416379129576e-09,3.788397728000441e-09,raw_knit,today
raw_knit|repair|Carding & roving||machine weight,manufacturing,eutrophication: marine,5.159339807449897e-06,1.5470618209796634e-10,1.1590259491282141e-10,1.9517197370173136e-10,raw_knit,today
raw_knit|repair|Carding & roving||machine weight,manufacturing,eutrophication: terrestrial,7.471687003338886e-06,3.2781580642472176e-10,2.462655746026295e-10,4.1487341979586963e-10,raw_knit,today
raw_knit|repair|Carding & roving||machine weight,manufacturing,human toxicity: carcinogenic,0.00010402664946140089,5.631848017511368e-07,4.114640956590595e-07,7.353128559021073e-07,raw_knit,today
raw_knit|repair|Carding & roving||machine weight,manufacturing,"human toxicity: carcinogenic, inorganics",-2.8482680833667455e-05,1.9650692494860754e-07,1.4415367964675715e-07,2.482431582206964e-07,raw_knit,today
raw_knit|repair|Carding & roving||machine weight,manufacturing,"human toxicity: carcinogenic, organics",0.00025359007677553,5.650268763894687e-07,4.301503102553202e-07,7.259036535160049e-07,raw_knit,today
raw_knit|repair|Carding & roving||machine weight,manufacturing,human toxicity: non-carcinogenic,-0.00010474764342547332,2.502101976967813e-07,1.8791453257504132e-07,3.136703821570886e-07,raw_knit,today
raw_knit|repair|Carding & roving||machine weight,manufacturing,"human toxicity: non-carcinogenic, inorganics",-0.00010875655391351481,2.3003501072778163e-07,1.7403700921815955e-07,2.8906831648321606e-07,raw_knit,today
raw_knit|repair|Carding & roving||machine weight,manufacturing,"human toxicity: non-carcinogenic, organics",0.0001544186404193391,1.9633704791579718e-07,1.4801464316647516e-07,2.5479023808646087e-07,raw_knit,today
raw_knit|repair|Carding & roving||machine weight,manufacturing,ionising radiation: human health,1.3683241233439676e-06,4.0759883068513574e-11,2.960540417436678e-11,5.2344925527389223e-11,raw_knit,today
raw_knit|repair|Carding & roving||machine weight,manufacturing,land use,5.4063825829154835e-06,1.6181430712075833e-10,1.2122169553878145e-10,2.059514087698926e-10,raw_knit,today
raw_knit|repair|Carding & roving||machine weight,manufacturing,material resources: metals/minerals,0.00022471951698994222,3.879047380788196e-07,2.9198658323023457e-07,4.908204040941747e-07,raw_knit,today
raw_knit|repair|Carding & roving||machine weight,manufacturing,ozone depletion,1.3332761781970053e-05,2.455517593711445e-09,1.8562574319228286e-09,3.1701400826171845e-09,raw_knit,today
raw_knit|repair|Carding & roving||machine weight,manufacturing,particulate matter formation,3.974734307703251e-05,9.192554263120801e-09,6.87703674231837e-09,1.162426481837934e-08,raw_knit,today
raw_knit|repair|Carding & roving||machine weight,manufacturing,photochemical oxidant formation: human health,2.922428322872426e-05,8.561942482794842e-09,6.304648626921773e-09,1.1181217907680904e-08,raw_knit,today
raw_knit|repair|Carding & roving||machine weight,manufacturing,water use,4.7301118921786156e-05,2.1363093720191703e-08,1.586773626371958e-08,2.7395611819666968e-08,raw_knit,today
raw_knit|repair|Carding & roving||power,manufacturing,acidification,0.0005470818246803456,3.79928186721957e-06,2.5858594466964573e-06,5.245169086848264e-06,raw_knit,today
raw_knit|repair|Carding & roving||power,manufacturing,climate change,0.0009139579509801904,2.0142702423029086e-05,1.5114747960251699e-05,2.6860193977628136e-05,raw_knit,today
raw_knit|repair|Carding & roving||power,manufacturing,climate change: biogenic,1.522599892747493e-05,9.501516635028852e-07,7.030222590399555e-07,1.2408787589665068e-06,raw_knit,today
raw_knit|repair|Carding & roving||power,manufacturing,climate change: fossil,0.0010720367413375289,2.007935784861794e-05,1.5060288751210615e-05,2.6718948469973223e-05,raw_knit,today
raw_knit|repair|Carding & roving||power,manufacturing,climate change: land use and land use change,2.8380513063419416e-05,1.6318752903088882e-05,1.0940197228447252e-05,2.234131686333379e-05,raw_knit,today
raw_knit|repair|Carding & roving||power,manufacturing,ecotoxicity: freshwater,0.000901577552035318,1.4221706405713736e-05,1.0511540048495049e-05,1.896250612287002e-05,raw_knit,today
raw_knit|repair|Carding & roving||power,manufacturing,"ecotoxicity: freshwater, inorganics",0.0009043442344921214,1.5684150426874134e-05,1.1664342813162311e-05,2.1091805588468185e-05,raw_knit,today
raw_knit|repair|Carding & roving||power,manufacturing,"ecotoxicity: freshwater, organics",0.00028745948321162664,3.489196449219997e-07,2.6906203838873845e-07,4.32646931879421e-07,raw_knit,today
raw_knit|repair|Carding & roving||power,manufacturing,energy resources: non-renewable,0.0025364137241527104,2.9306684488311368e-05,2.226153435342086e-05,3.70434297805618e-05,raw_knit,today
raw_knit|repair|Carding & roving||power,manufacturing,eutrophication: freshwater,0.000149820103562443,1.767898576032025e-05,1.2875914359719e-05,2.402672242205343e-05,raw_knit,today
raw_knit|repair|Carding & roving||power,manufacturing,eutrophication: marine,0.00017631133196390484,3.157707513280005e-07,2.228074683391483e-07,4.0927213491494103e-07,raw_knit,today
raw_knit|repair|Carding & roving||power,manufacturing,eutrophication: terrestrial,0.00024495662224657214,4.43520077006732e-07,3.1796468949966213e-07,5.691853265217575e-07,raw_knit,today
raw_knit|repair|Carding & roving||power,manufacturing,human toxicity: carcinogenic,0.0018890438539917764,5.084929195115199e-05,3.964390765640289e-05,6.563383550432425e-05,raw_knit,today
raw_knit|repair|Carding & roving||power,manufacturing,"human toxicity: carcinogenic, inorganics",0.0004154613398454736,4.1575715622033285e-05,3.215632345724843e-05,5.670671467831407e-05,raw_knit,today
raw_knit|repair|Carding & roving||power,manufacturing,"human toxicity: carcinogenic, organics",0.0018827753714382696,2.1749201920140592e-05,1.748235477948703e-05,2.6355645904751333e-05,raw_knit,today
raw_knit|repair|Carding & roving||power,manufacturing,human toxicity: non-carcinogenic,-0.0003782734395731019,4.7916040324284e-05,3.736511231957766e-05,6.197101213280845e-05,raw_knit,today
raw_knit|repair|Carding & roving||power,manufacturing,"human toxicity: non-carcinogenic, inorganics",-0.0004804089195658551,4.476560546829359e-05,3.464530068865068e-05,5.8390250414356516e-05,raw_knit,today
raw_knit|repair|Carding & roving||power,manufacturing,"human toxicity: non-carcinogenic, organics",0.0022342539415088677,2.8897326917326768e-05,2.3071503830109282e-05,3.5049650480431735e-05,raw_knit,today
raw_knit|repair|Carding & roving||power,manufacturing,ionising radiation: human health,0.0007214302395584336,1.692365302772353e-05,1.2300415930989865e-05,2.305135566115035e-05,raw_knit,today
raw_knit|repair|Carding & roving||power,manufacturing,land use,0.00026439102367067837,4.015208819126435e-07,3.245913130773981e-07,4.794298866261638e-07,raw_knit,today
raw_knit|repair|Carding & roving||power,manufacturing,material resources: metals/minerals,0.0023976739469824112,4.068933355139392e-05,3.275144017675942e-05,4.9588460784647506e-05,raw_knit,today
raw_knit|repair|Carding & roving||power,manufacturing,ozone depletion,0.0015935829460692352,2.5580702156502083e-05,1.9973054663552178e-05,3.161865935495667e-05,raw_knit,today
raw_knit|repair|Carding & roving||power,manufacturing,particulate matter formation,0.00036423215711531683,6.58715871001716e-07,5.100545981963401e-07,8.007305541010379e-07,raw_knit,today
raw_knit|repair|Carding & roving||power,manufacturing,photochemical oxidant formation: human health,0.0011155994722668102,9.304193074006543e-06,6.84322364267244e-06,1.2127649580558443e-05,raw_knit,today
raw_knit|repair|Carding & roving||power,manufacturing,water use,0.001886933155417255,2.631418548311675e-05,2.0118669160881595e-05,3.2349188487896005e-05,raw_knit,today
raw_knit|repair|Carding & roving||output rate,manufacturing,acidification,9.918632976933377e-05,3.800283944285784e-06,2.774525017935609e-06,5.216419031060253e-06,raw_knit,today
raw_knit|repair|Carding & roving||output rate,manufacturing,climate change,0.0003963930296722465,2.0310850400462235e-05,1.5361380829414066e-05,2.5973550188186887e-05,raw_knit,today
raw_knit|repair|Carding & roving||output rate,manufacturing,climate change: biogenic,-7.401033728893472e-05,8.910686190011744e-07,5.537935486832254e-07,1.181662974462873e-06,raw_knit,today
raw_knit|repair|Carding & roving||output rate,manufacturing,climate change: fossil,0.00042532517033801295,2.0247509027378843e-05,1.5370140588282115e-05,2.6075365435132303e-05,raw_knit,today
raw_knit|repair|Carding & roving||output rate,manufacturing,climate change: land use and land use change,-0.00046773178330818154,1.402881782837867e-05,8.570958837298606e-06,1.8902747280489932e-05,raw_knit,today
raw_knit|repair|Carding & roving||output rate,manufacturing,ecotoxicity: freshwater,0.00014452305737301408,1.5176793918668374e-05,1.1562761779896242e-05,1.9103425906248454e-05,raw_knit,today
raw_knit|repair|Carding & roving||output rate,manufacturing,"ecotoxicity: freshwater, inorganics",0.00016520859999634676,1.671397717232251e-05,1.2726830957901678e-05,2.1119960090373765e-05,raw_knit,today
raw_knit|repair|Carding & roving||output rate,manufacturing,"ecotoxicity: freshwater, organics",-2.1657672408159974e-05,3.9668009542611073e-07,3.07420375195782e-07,4.792458121914947e-07,raw_knit,today
raw_knit|repair|Carding & roving||output rate,manufacturing,energy resources: non-renewable,-0.0007700361747178077,3.423016136387007e-05,2.6239843153620426e-05,4.368247057486164e-05,raw_knit,today
raw_knit|repair|Carding & roving||output rate,manufacturing,eutrophication: freshwater,0.00031654245046905215,1.754210194813299e-05,1.2826751193279905e-05,2.3227671289525933e-05,raw_knit,today
raw_knit|repair|Carding & roving||output rate,manufacturing,eutrophication: marine,1.2554808903791684e-05,3.2178594588595785e-07,2.3529534399728144e-07,4.168776531326071e-07,raw_knit,today
raw_knit|repair|Carding & roving||output rate,manufacturing,eutrophication: terrestrial,2.053451754126268e-05,4.570440903413559e-07,3.375930146879286e-07,5.857451209294128e-07,raw_knit,today
raw_knit|repair|Carding & roving||output rate,manufacturing,human toxicity: carcinogenic,0.00013678918415257956,5.991287106259793e-05,4.793306545895642e-05,7.435324237068152e-05,raw_knit,today
raw_knit|repair|Carding & roving||output rate,manufacturing,"human toxicity: carcinogenic, inorganics",0.00047995314499654096,4.547163093866681e-05,3.52164706665883e-05,5.7653564802947154e-05,raw_knit,today
raw_knit|repair|Carding & roving||output rate,manufacturing,"human toxicity: carcinogenic, organics",-0.0004654889798491442,2.869684057500113e-05,2.2866062734895147e-05,3.435028684486889e-05,raw_knit,today
raw_knit|repair|Carding & roving||output rate,manufacturing,human toxicity: non-carcinogenic,0.0006665963421236523,5.33234854376191e-05,4.0383245714222064e-05,6.608977171919e-05,raw_knit,today
raw_knit|repair|Carding & roving||output rate,manufacturing,"human toxicity: non-carcinogenic, inorganics",0.000658253937931181,4.970184659879768e-05,3.752917686627266e-05,6.151038848932422e-05,raw_knit,today
raw_knit|repair|Carding & roving||output rate,manufacturing,"human toxicity: non-carcinogenic, organics",-0.0005398307906141269,3.3739527650013455e-05,2.7202218615954083e-05,4.0368973170871135e-05,raw_knit,today
raw_knit|repair|Carding & roving||output rate,manufacturing,ionising radiation: human health,-0.0010360292770196329,2.1620471634022438e-05,1.3774240631238823e-05,3.27778568930967e-05,raw_knit,today
raw_knit|repair|Carding & roving||output rate,manufacturing,land use,2.496881108927992e-06,4.2509176768474033e-07,3.372918460011844e-07,5.163424494165315e-07,raw_knit,today
raw_knit|repair|Carding & roving||output rate,manufacturing,material resources: metals/minerals,-0.0009701245023988885,5.002119857913956e-05,4.0016584237443605e-05,6.0350679825191465e-05,raw_knit,today
raw_knit|repair|Carding & roving||output rate,manufacturing,ozone depletion,-2.5995009291745614e-05,2.6586422644893254e-05,2.04982113959884e-05,3.391638878610615e-05,raw_knit,today
raw_knit|repair|Carding & roving||output rate,manufacturing,particulate matter formation,-8.331792588150711e-05,8.121708803277932e-07,6.416581940442008e-07,9.62490833680281e-07,raw_knit,today
raw_knit|repair|Carding & roving||output rate,manufacturing,photochemical oxidant formation: human health,0.00017627724547697728,9.496691221512701e-06,7.196042534889325e-06,1.19841600159774e-05,raw_knit,today
raw_knit|repair|Carding & roving||output rate,manufacturing,water use,-0.0008874897435534203,2.650755727588676e-05,2.117826183335054e-05,3.1676565041589655e-05,raw_knit,today
raw_knit|repair|Carding & roving||machine lifetime,manufacturing,acidification,-6.316454279737193e-06,1.7375341576362501e-09,1.2871251204223663e-09,2.1321585522108045e-09,raw_knit,today
raw_knit|repair|Carding & roving||machine lifetime,manufacturing,climate change,-1.2614103559884067e-05,7.2566396815263125e-09,5.432041009156473e-09,9.008332143929768e-09,raw_knit,today
raw_knit|repair|Carding & roving||machine lifetime,manufacturing,climate change: biogenic,-1.1556680874802876e-06,7.817434255950406e-11,5.983204245084114e-11,9.548423437296564e-11,raw_knit,today
raw_knit|repair|Carding & roving||machine lifetime,manufacturing,climate change: fossil,-1.3640621568873531e-05,7.221403021968265e-09,5.397421263073098e-09,8.929392900438427e-09,raw_knit,today
raw_knit|repair|Carding & roving||machine lifetime,manufacturing,climate change: land use and land use change,1.9493482917179664e-06,1.9986911404792945e-09,1.5670621218423747e-09,2.3839409979858535e-09,raw_knit,today
raw_knit|repair|Carding & roving||machine lifetime,manufacturing,ecotoxicity: freshwater,-3.752517928236954e-05,4.766874121289258e-08,3.551235616934342e-08,5.954387058995914e-08,raw_knit,today
raw_knit|repair|Carding & roving||machine lifetime,manufacturing,"ecotoxicity: freshwater, inorganics",-3.885911294890736e-05,5.11999060421905e-08,3.837506994230656e-08,6.393048946914182e-08,raw_knit,today
raw_knit|repair|Carding & roving||machine lifetime,manufacturing,"ecotoxicity: freshwater, organics",-8.368581691676632e-06,3.981587454811433e-09,3.032895842193788e-09,4.886579151583867e-09,raw_knit,today
raw_knit|repair|Carding & roving||machine lifetime,manufacturing,energy resources: non-renewable,-1.1630093315430069e-05,5.011938414750457e-09,3.5678723069078477e-09,6.087964176938308e-09,raw_knit,today
raw_knit|repair|Carding & roving||machine lifetime,manufacturing,eutrophication: freshwater,-7.751846533513062e-06,3.1705631454351397e-09,2.442919678208052e-09,3.963471497080927e-09,raw_knit,today
raw_knit|repair|Carding & roving||machine lifetime,manufacturing,eutrophication: marine,-1.7795696424121767e-06,1.6752916969532533e-10,1.266782325628703e-10,2.0487528379193247e-10,raw_knit,today
raw_knit|repair|Carding & roving||machine lifetime,manufacturing,eutrophication: terrestrial,-2.6072764415192655e-06,3.549871866467642e-10,2.6829651320486854e-10,4.3434160258163893e-10,raw_knit,today
raw_knit|repair|Carding & roving||machine lifetime,manufacturing,human toxicity: carcinogenic,-0.00014487179669392085,6.098637788843105e-07,4.717564726366315e-07,7.470222436834314e-07,raw_knit,today
raw_knit|repair|Carding & roving||machine lifetime,manufacturing,"human toxicity: carcinogenic, inorganics",-5.772665941980217e-05,2.1279419061371022e-07,1.6320710206401273e-07,2.5552464600829734e-07,raw_knit,today
raw_knit|repair|Carding & roving||machine lifetime,manufacturing,"human toxicity: carcinogenic, organics",-0.00012878969752796231,6.118585424274574e-07,4.7216068138648906e-07,7.626615024846007e-07,raw_knit,today
raw_knit|repair|Carding & roving||machine lifetime,manufacturing,human toxicity: non-carcinogenic,-4.373700945116435e-05,2.709486046863396e-07,2.0889626890484158e-07,3.246805797489154e-07,raw_knit,today
raw_knit|repair|Carding & roving||machine lifetime,manufacturing,"human toxicity: non-carcinogenic, inorganics",-3.7640717006940575e-05,2.4910121754111016e-07,1.9235529916965935e-07,2.9747660151035095e-07,raw_knit,today
raw_knit|repair|Carding & roving||machine lifetime,manufacturing,"human toxicity: non-carcinogenic, organics",-8.289813831267807e-05,2.126102943589437e-07,1.6220420284249609e-07,2.598880372073432e-07,raw_knit,today
raw_knit|repair|Carding & roving||machine lifetime,manufacturing,ionising radiation: human health,-2.8641796447666167e-07,4.4138227206566185e-11,3.2654849618718134e-11,5.504904891506985e-11,raw_knit,today
raw_knit|repair|Carding & roving||machine lifetime,manufacturing,land use,-1.7520375814817262e-06,1.7522687687018664e-10,1.3362475095058295e-10,2.148727523502789e-10,raw_knit,today
raw_knit|repair|Carding & roving||machine lifetime,manufacturing,material resources: metals/minerals,-0.00011727007988233976,4.2005580375317057e-07,3.234064384419173e-07,5.20953965685875e-07,raw_knit,today
raw_knit|repair|Carding & roving||machine lifetime,manufacturing,ozone depletion,-6.63964232739788e-06,2.65905860592134e-09,2.0482993285425088e-09,3.3161745698796556e-09,raw_knit,today
raw_knit|repair|Carding & roving||machine lifetime,manufacturing,particulate matter formation,-1.407994125683475e-05,9.954476382042216e-09,7.554822709557195e-09,1.2203749408180438e-08,raw_knit,today
raw_knit|repair|Carding & roving||machine lifetime,manufacturing,photochemical oxidant formation: human health,-1.5091313324243497e-05,9.271610835206528e-09,6.87884956231469e-09,1.127904094732389e-08,raw_knit,today
raw_knit|repair|Carding & roving||machine lifetime,manufacturing,water use,-2.1216717823604178e-05,2.313375095243598e-08,1.752195747664837e-08,2.819320482177152e-08,raw_knit,today
raw_knit|repair|Carding & roving||process yield,manufacturing,acidification,0.015444059301791256,0.0006141091438175434,0.0004932332372142113,0.0007424810158685003,raw_knit,today
raw_knit|repair|Carding & roving||process yield,manufacturing,climate change,0.004896877428840074,0.0001326442811330484,0.00010357437888912409,0.00016543435682686035,raw_knit,today
raw_knit|repair|Carding & roving||process yield,manufacturing,climate change: biogenic,0.018675962866070712,0.0007790769638232895,0.0006282648443364792,0.0009355170752176608,raw_knit,today
raw_knit|repair|Carding & roving||process yield,manufacturing,climate change: fossil,0.00621503136147066,0.00016193095455202194,0.00012599142071262326,0.00020032127969005976,raw_knit,today
raw_knit|repair|Carding & roving||process yield,manufacturing,climate change: land use and land use change,-6.832019761600389e-05,2.5891976115138242e-05,1.8211380255281434e-05,3.385340556406724e-05,raw_knit,today
raw_knit|repair|Carding & roving||process yield,manufacturing,ecotoxicity: freshwater,0.009765451854049369,0.00029003640124746144,0.00022897778176589478,0.0003489716539247056,raw_knit,today
raw_knit|repair|Carding & roving||process yield,manufacturing,"ecotoxicity: freshwater, inorganics",0.008797483081047578,0.0002514271109693894,0.00019750889610113513,0.000302963240875745,raw_knit,today
raw_knit|repair|Carding & roving||process yield,manufacturing,"ecotoxicity: freshwater, organics",0.018968275701728828,0.0008117203329783127,0.0006490513197339686,0.0009687259717766375,raw_knit,today
raw_knit|repair|Carding & roving||process yield,manufacturing,energy resources: non-renewable,0.008896761551148422,0.00024011307309223926,0.00018370890682954538,0.00029074464176618496,raw_knit,today
raw_knit|repair|Carding & roving||process yield,manufacturing,eutrophication: freshwater,0.002425341074390087,6.363811842079947e-05,4.96869572325953e-05,7.98292135392094e-05,raw_knit,today
raw_knit|repair|Carding & roving||process yield,manufacturing,eutrophication: marine,0.01932565226624621,0.0008299580196770535,0.0006600547128552065,0.0009911420149926829,raw_knit,today
raw_knit|repair|Carding & roving||process yield,manufacturing,eutrophication: terrestrial,0.019113366376727434,0.0008142866938370913,0.0006488457046142456,0.000974312357232915,raw_knit,today
raw_knit|repair|Carding & roving||process yield,manufacturing,human toxicity: carcinogenic,0.0011033432403259613,9.398159184115747e-06,6.53549124679409e-06,1.3243579353680752e-05,raw_knit,today
raw_knit|repair|Carding & roving||process yield,manufacturing,"human toxicity: carcinogenic, inorganics",-0.001065640302526045,0.00010023716350850713,8.001947192614785e-05,0.00012287980359280498,raw_knit,today
raw_knit|repair|Carding & roving||process yield,manufacturing,"human toxicity: carcinogenic, organics",0.009796167124129992,0.0002517917712550239,0.00020596027327361165,0.0002949221809443473,raw_knit,today
raw_knit|repair|Carding & roving||process yield,manufacturing,human toxicity: non-carcinogenic,0.002381154490310828,0.00044134121338896485,0.00036520341552018996,0.0005305705116479384,raw_knit,today
raw_knit|repair|Carding & roving||process yield,manufacturing,"human toxicity: non-carcinogenic, inorganics",0.0031279001413441667,0.00047553594331358015,0.0003944007743803757,0.0005731707004428352,raw_knit,today
raw_knit|repair|Carding & roving||process yield,manufacturing,"human toxicity: non-carcinogenic, organics",0.01040494713842237,0.0002531405256655558,0.0002035714670924937,0.0003026419886980131,raw_knit,today
raw_knit|repair|Carding & roving||process yield,manufacturing,ionising radiation: human health,0.0019559465580006093,9.456528135466366e-05,7.427247386087012e-05,0.00011859899249852009,raw_knit,today
raw_knit|repair|Carding & roving||process yield,manufacturing,land use,0.01910752487852807,0.0008096024162693884,0.0006482599377271688,0.0009643452291448186,raw_knit,today
raw_knit|repair|Carding & roving||process yield,manufacturing,material resources: metals/minerals,0.008322893080568433,0.00016252908312994194,0.00013002667924133298,0.00019191632986275943,raw_knit,today
raw_knit|repair|Carding & roving||process yield,manufacturing,ozone depletion,0.006922331849995822,0.00018091248459529605,0.0001414599864053374,0.00021837640583780184,raw_knit,today
raw_knit|repair|Carding & roving||process yield,manufacturing,particulate matter formation,0.018707144538966727,0.0007778974291930538,0.0006209100521083878,0.0009258890749828831,raw_knit,today
raw_knit|repair|Carding & roving||process yield,manufacturing,photochemical oxidant formation: human health,0.012695718948092108,0.0004377880902031658,0.00034845122007263714,0.0005351082614823724,raw_knit,today
raw_knit|repair|Carding & roving||process yield,manufacturing,water use,0.00768051952939557,0.00022663159699665066,0.00018494257540447993,0.00027251528047814687,raw_knit,today
raw_knit|repair|Carding & roving||machine source,manufacturing,acidification,-3.962339630964537e-05,1.2049417125133395e-07,9.811127135992652e-08,1.438983255818359e-07,raw_knit,today
raw_knit|repair|Carding & roving||machine source,manufacturing,climate change,-9.28975331394e-05,5.021861268738584e-07,4.151173876776418e-07,6.034173217675523e-07,raw_knit,today
raw_knit|repair|Carding & roving||machine source,manufacturing,climate change: biogenic,-9.196737746291915e-06,5.434505631470177e-09,4.378137196151105e-09,6.3623853567059e-09,raw_knit,today
raw_knit|repair|Carding & roving||machine source,manufacturing,climate change: fossil,-9.393788449836265e-05,4.997409474206705e-07,4.135947487254617e-07,6.012989028550639e-07,raw_knit,today
raw_knit|repair|Carding & roving||machine source,manufacturing,climate change: land use and land use change,1.5409595235190863e-05,1.390013362214226e-07,1.1411545191327133e-07,1.5848410523876275e-07,raw_knit,today
raw_knit|repair|Carding & roving||machine source,manufacturing,ecotoxicity: freshwater,-0.00022926906604784172,3.3144326973517972e-06,2.7215719152511916e-06,3.9751025392013425e-06,raw_knit,today
raw_knit|repair|Carding & roving||machine source,manufacturing,"ecotoxicity: freshwater, inorganics",-0.0002326677938186662,3.5600802365798892e-06,2.937761568651512e-06,4.273251666129497e-06,raw_knit,today
raw_knit|repair|Carding & roving||machine source,manufacturing,"ecotoxicity: freshwater, organics",-6.839324663311693e-05,2.763927551103338e-07,2.213557451571085e-07,3.2149359208629144e-07,raw_knit,today
raw_knit|repair|Carding & roving||machine source,manufacturing,energy resources: non-renewable,-3.6093327519756285e-05,3.461670295981406e-07,2.777549432818319e-07,4.187188880286782e-07,raw_knit,today
raw_knit|repair|Carding & roving||machine source,manufacturing,eutrophication: freshwater,-3.600395277881189e-05,2.2060482449125106e-07,1.872490498539225e-07,2.6133584586499306e-07,raw_knit,today
raw_knit|repair|Carding & roving||machine source,manufacturing,eutrophication: marine,-1.3011772006706808e-05,1.154544373448566e-08,9.245944433526814e-09,1.3521512568299705e-08,raw_knit,today
raw_knit|repair|Carding & roving||machine source,manufacturing,eutrophication: terrestrial,-1.9278980034440487e-05,2.446149211137036e-08,1.962471507164044e-08,2.8659067804774576e-08,raw_knit,today
raw_knit|repair|Carding & roving||machine source,manufacturing,human toxicity: carcinogenic,-0.000883630692881968,4.241145022428554e-05,3.551105876450117e-05,5.119024455417816e-05,raw_knit,today
raw_knit|repair|Carding & roving||machine source,manufacturing,"human toxicity: carcinogenic, inorganics",-0.00017970393275512812,1.4804665954079184e-05,1.2153885973104968e-05,1.7910609865086122e-05,raw_knit,today
raw_knit|repair|Carding & roving||machine source,manufacturing,"human toxicity: carcinogenic, organics",-0.0011826814026925025,4.253536626878356e-05,3.500640202474116e-05,4.949871499832417e-05,raw_knit,today
raw_knit|repair|Carding & roving||machine source,manufacturing,human toxicity: non-carcinogenic,-7.130032999832902e-05,1.8843849424755664e-05,1.560418785432152e-05,2.2139336386497016e-05,raw_knit,today
raw_knit|repair|Carding & roving||machine source,manufacturing,"human toxicity: non-carcinogenic, inorganics",-3.6567730350915864e-05,1.732664951515067e-05,1.4347418514204461e-05,2.019261158388283e-05,raw_knit,today
raw_knit|repair|Carding & roving||machine source,manufacturing,"human toxicity: non-carcinogenic, organics",-0.0006054999167255092,1.4744100469408036e-05,1.2103830699963118e-05,1.7436251463373105e-05,raw_knit,today
raw_knit|repair|Carding & roving||machine source,manufacturing,ionising radiation: human health,4.096119283601381e-06,3.0651927565163484e-09,2.465964275525507e-09,3.727144829084466e-09,raw_knit,today
raw_knit|repair|Carding & roving||machine source,manufacturing,land use,-1.4019380169778324e-05,1.2016492488606591e-08,9.670244839956875e-09,1.3982755985049222e-08,raw_knit,today
raw_knit|repair|Carding & roving||machine source,manufacturing,material resources: metals/minerals,-0.0009439543820091046,2.9232783552621756e-05,2.3811285101025893e-05,3.458741633604268e-05,raw_knit,today
raw_knit|repair|Carding & roving||machine source,manufacturing,ozone depletion,-8.663500272330293e-05,1.8166332809689025e-07,1.505484216103935e-07,2.1532862227191466e-07,raw_knit,today
raw_knit|repair|Carding & roving||machine source,manufacturing,particulate matter formation,-0.00010318188725077917,6.887965129180408e-07,5.503808148978379e-07,8.047446703041872e-07,raw_knit,today
raw_knit|repair|Carding & roving||machine source,manufacturing,photochemical oxidant formation: human health,-0.00010792682864544562,6.385216464446532e-07,5.239340254680064e-07,7.656978860026236e-07,raw_knit,today
raw_knit|repair|Carding & roving||machine source,manufacturing,water use,-9.110957384750494e-05,1.6091748870054683e-06,1.3304821858495765e-06,1.9131474500014115e-06,raw_knit,today
raw_knit|repair|Spinning||machine weight,manufacturing,acidification,-5.234002580736867e-06,3.8584916959598776e-10,2.9628404743048413e-10,4.905738263133519e-10,raw_knit,today
raw_knit|repair|Spinning||machine weight,manufacturing,climate change,-8.084487939952602e-06,1.611458425809273e-09,1.25635695846115e-09,2.046292037028591e-09,raw_knit,today
raw_knit|repair|Spinning||machine weight,manufacturing,climate change: biogenic,-1.174933002337659e-06,1.735996663413561e-11,1.3607456414596237e-11,2.1885393917310162e-11,raw_knit,today
raw_knit|repair|Spinning||machine weight,manufacturing,climate change: fossil,-9.009943833735105e-06,1.6036335158714757e-09,1.2483550996339642e-09,2.0352402111692417e-09,raw_knit,today
raw_knit|repair|Spinning||machine weight,manufacturing,climate change: land use and land use change,-2.6320584525726208e-06,4.4384401639929655e-10,3.419425800518563e-10,5.474979284454933e-10,raw_knit,today
raw_knit|repair|Spinning||machine weight,manufacturing,ecotoxicity: freshwater,-2.6537777100710048e-05,1.0585669940398087e-08,8.125168422223055e-09,1.3534324850069079e-08,raw_knit,today
raw_knit|repair|Spinning||machine weight,manufacturing,"ecotoxicity: freshwater, inorganics",-2.6983823216878826e-05,1.1369826349729813e-08,8.764042938749374e-09,1.4528481506975305e-08,raw_knit,today
raw_knit|repair|Spinning||machine weight,manufacturing,"ecotoxicity: freshwater, organics",-7.735882990863796e-06,8.841800319562027e-10,6.760694275484328e-10,1.1141219510954554e-09,raw_knit,today
raw_knit|repair|Spinning||machine weight,manufacturing,energy resources: non-renewable,-6.886455149223838e-06,1.1129826241712246e-09,8.322891587127978e-10,1.3921913554323457e-09,raw_knit,today
raw_knit|repair|Spinning||machine weight,manufacturing,eutrophication: freshwater,-5.184443826517532e-06,7.040785507252863e-10,5.34525797954036e-10,9.160264094308359e-10,raw_knit,today
raw_knit|repair|Spinning||machine weight,manufacturing,eutrophication: marine,-1.6436924453625293e-06,3.720247165821428e-11,2.8391257718738466e-11,4.7092380097171866e-11,raw_knit,today
raw_knit|repair|Spinning||machine weight,manufacturing,eutrophication: terrestrial,-2.385318145803784e-06,7.883044163392708e-11,6.011548165180894e-11,9.978636715650707e-11,raw_knit,today
raw_knit|repair|Spinning||machine weight,manufacturing,human toxicity: carcinogenic,-7.228062324830418e-05,1.354308233425965e-07,1.0317706090212094e-07,1.7266708806085958e-07,raw_knit,today
raw_knit|repair|Spinning||machine weight,manufacturing,"human toxicity: carcinogenic, inorganics",-2.1487704573532712e-05,4.7254641269793126e-08,3.626356588352428e-08,6.056299699334672e-08,raw_knit,today
raw_knit|repair|Spinning||machine weight,manufacturing,"human toxicity: carcinogenic, organics",-8.112743226708433e-05,1.3587378609732195e-07,1.0542409452385552e-07,1.6819606213207932e-07,raw_knit,today
raw_knit|repair|Spinning||machine weight,manufacturing,human toxicity: non-carcinogenic,9.553921165717925e-08,6.016883495015165e-08,4.57791381594891e-08,7.550816380493287e-08,raw_knit,today
raw_knit|repair|Spinning||machine weight,manufacturing,"human toxicity: non-carcinogenic, inorganics",3.075380644469741e-06,5.531724490871902e-08,4.200869371036684e-08,6.921360483802378e-08,raw_knit,today
raw_knit|repair|Spinning||machine weight,manufacturing,"human toxicity: non-carcinogenic, organics",-5.677045511955567e-05,4.7213751344358616e-08,3.6207764356363893e-08,5.9274755963813106e-08,raw_knit,today
raw_knit|repair|Spinning||machine weight,manufacturing,ionising radiation: human health,-2.1602686019937922e-07,9.801654715034547e-12,7.064901277632925e-12,1.2647586261581948e-11,raw_knit,today
raw_knit|repair|Spinning||machine weight,manufacturing,land use,-1.6623590648865575e-06,3.891150713508195e-11,2.966263445970889e-11,4.906947619626965e-11,raw_knit,today
raw_knit|repair|Spinning||machine weight,manufacturing,material resources: metals/minerals,-7.209553243595285e-05,9.328067981693882e-08,7.274052915783915e-08,1.1678671659388029e-07,raw_knit,today
raw_knit|repair|Spinning||machine weight,manufacturing,ozone depletion,-4.087899822249006e-06,5.904744774699016e-10,4.660138214040535e-10,7.232397008727629e-10,raw_knit,today
raw_knit|repair|Spinning||machine weight,manufacturing,particulate matter formation,-1.2450603583940764e-05,2.2105580049849143e-09,1.6816162628812162e-09,2.797473166332128e-09,raw_knit,today
raw_knit|repair|Spinning||machine weight,manufacturing,photochemical oxidant formation: human health,-1.176813685515395e-05,2.058903930556934e-09,1.573358881733747e-09,2.6275498327112205e-09,raw_knit,today
raw_knit|repair|Spinning||machine weight,manufacturing,water use,-1.9389503545019077e-05,5.137250579750516e-09,3.89048920377698e-09,6.545495980657832e-09,raw_knit,today
raw_knit|repair|Spinning||power,manufacturing,acidification,-0.0004722804715839575,1.5826468469658225e-06,1.0813572693327802e-06,2.3666656931284463e-06,raw_knit,today
raw_knit|repair|Spinning||power,manufacturing,climate change,-0.0008199026244069654,8.349581708110616e-06,6.209082963612743e-06,1.1521515913030786e-05,raw_knit,today
raw_knit|repair|Spinning||power,manufacturing,climate change: biogenic,-0.0002966924156018436,4.035939697020919e-07,2.8096377550371533e-07,5.484702598785398e-07,raw_knit,today
raw_knit|repair|Spinning||power,manufacturing,climate change: fossil,-0.0009026100100718733,8.321992412253413e-06,6.176399941781897e-06,1.1550274816168523e-05,raw_knit,today
raw_knit|repair|Spinning||power,manufacturing,climate change: land use and land use change,-0.0005906445075833736,8.16749166008187e-06,5.272175968663308e-06,1.1748104180101584e-05,raw_knit,today
raw_knit|repair|Spinning||power,manufacturing,ecotoxicity: freshwater,-0.0009494926355324595,5.958855130173892e-06,4.440442170818842e-06,8.232153884974352e-06,raw_knit,today
raw_knit|repair|Spinning||power,manufacturing,"ecotoxicity: freshwater, inorganics",-0.0009823157184513545,6.572436423318044e-06,4.899686384428808e-06,9.100481202829859e-06,raw_knit,today
raw_knit|repair|Spinning||power,manufacturing,"ecotoxicity: freshwater, organics",-4.589624335700352e-05,1.4380450763247328e-07,1.1322895305236515e-07,1.7600908934196976e-07,raw_knit,today
raw_knit|repair|Spinning||power,manufacturing,energy resources: non-renewable,-0.001034504082993749,1.2324186221145217e-05,9.527401828759288e-06,1.5693875646782958e-05,raw_knit,today
raw_knit|repair|Spinning||power,manufacturing,eutrophication: freshwater,-0.000785276155094243,7.421426067817267e-06,5.23009555611359e-06,1.0819250702673691e-05,raw_knit,today
raw_knit|repair|Spinning||power,manufacturing,eutrophication: marine,-0.00013231726773091476,1.3172866124528554e-07,9.738308888742573e-08,1.8651616503105804e-07,raw_knit,today
raw_knit|repair|Spinning||power,manufacturing,eutrophication: terrestrial,-0.0001432643003393851,1.846294459703412e-07,1.397690921235236e-07,2.5280233903073163e-07,raw_knit,today
raw_knit|repair|Spinning||power,manufacturing,human toxicity: carcinogenic,-0.0013399394508068507,2.1438547324351765e-05,1.6903572846504194e-05,2.7718489697406416e-05,raw_knit,today
raw_knit|repair|Spinning||power,manufacturing,"human toxicity: carcinogenic, inorganics",-0.0006389008517886342,1.7478818676300204e-05,1.304625572930666e-05,2.3939924764182344e-05,raw_knit,today
raw_knit|repair|Spinning||power,manufacturing,"human toxicity: carcinogenic, organics",-0.0006001162645226174,9.22801700269394e-06,7.642059536497125e-06,1.1016354322280845e-05,raw_knit,today
raw_knit|repair|Spinning||power,manufacturing,human toxicity: non-carcinogenic,-5.5323832815342797e-05,2.017426414117903e-05,1.5435788685925735e-05,2.6684287293897518e-05,raw_knit,today
raw_knit|repair|Spinning||power,manufacturing,"human toxicity: non-carcinogenic, inorganics",3.105543659770004e-05,1.8843607871245553e-05,1.439902562856972e-05,2.5027689453648496e-05,raw_knit,today
raw_knit|repair|Spinning||power,manufacturing,"human toxicity: non-carcinogenic, organics",-0.0011973857714886163,1.2234825893200795e-05,1.0236970010275862e-05,1.482663621381939e-05,raw_knit,today
raw_knit|repair|Spinning||power,manufacturing,ionising radiation: human health,-0.0005885900533806218,7.548206221352004e-06,5.270634796959801e-06,1.0758194169941764e-05,raw_knit,today
raw_knit|repair|Spinning||power,manufacturing,land use,-0.00010875531121546906,1.6827440222997973e-07,1.3931003101543474e-07,2.016549655771246e-07,raw_knit,today
raw_knit|repair|Spinning||power,manufacturing,material resources: metals/minerals,-0.0011573522891952948,1.7387836712777932e-05,1.4517032094238456e-05,2.0710635648068886e-05,raw_knit,today
raw_knit|repair|Spinning||power,manufacturing,ozone depletion,-0.00019183994124444154,1.0225347507015457e-05,8.199715592851551e-06,1.2333537301919264e-05,raw_knit,today
raw_knit|repair|Spinning||power,manufacturing,particulate matter formation,-0.00016970685867208276,2.766247911446808e-07,2.2754068860490447e-07,3.4477042625013306e-07,raw_knit,today
raw_knit|repair|Spinning||power,manufacturing,photochemical oxidant formation: human health,-0.0006609884378291131,3.860577065394585e-06,2.984737474978415e-06,5.112172063911601e-06,raw_knit,today
raw_knit|repair|Spinning||power,manufacturing,water use,-0.0014375091367369373,1.1270073754714606e-05,8.985359603265256e-06,1.4116766997140318e-05,raw_knit,today
raw_knit|repair|Spinning||output rate,manufacturing,acidification,0.0002711242303074484,2.1305002913989496e-06,1.2143311887678227e-06,3.0608150145662932e-06,raw_knit,today
raw_knit|repair|Spinning||output rate,manufacturing,climate change,0.0003751084872208158,1.0844849683589437e-05,7.077034497241198e-06,1.4559209280423423e-05,raw_knit,today
raw_knit|repair|Spinning||output rate,manufacturing,climate change: biogenic,4.28174431665649e-05,4.4499034258892437e-07,3.274999921557234e-07,5.512508873128091e-07,raw_knit,today
raw_knit|repair|Spinning||output rate,manufacturing,climate change: fossil,0.00046043972254940273,1.0812155826407295e-05,7.063339151688325e-06,1.4482896710118414e-05,raw_knit,today
raw_knit|repair|Spinning||output rate,manufacturing,climate change: land use and land use change,-0.00019892453230103076,8.506620430628156e-06,6.030061024836484e-06,1.1548471255947961e-05,raw_knit,today
raw_knit|repair|Spinning||output rate,manufacturing,ecotoxicity: freshwater,0.0004868260530341839,7.906029991041843e-06,5.167638954569245e-06,1.0597031219952495e-05,raw_knit,today
raw_knit|repair|Spinning||output rate,manufacturing,"ecotoxicity: freshwater, inorganics",0.0004811880193462632,8.720854782575162e-06,5.6988883050717225e-06,1.1717643059763445e-05,raw_knit,today
raw_knit|repair|Spinning||output rate,manufacturing,"ecotoxicity: freshwater, organics",9.335857337458456e-05,1.8488492552021055e-07,1.4439573803706412e-07,2.2831368633566202e-07,raw_knit,today
raw_knit|repair|Spinning||output rate,manufacturing,energy resources: non-renewable,0.00019119692283619882,1.3975919280201484e-05,1.074501700058148e-05,1.7369312792065177e-05,raw_knit,today
raw_knit|repair|Spinning||output rate,manufacturing,eutrophication: freshwater,0.00014175306550747723,9.634571815167436e-06,5.974658244070894e-06,1.3485964285002273e-05,raw_knit,today
raw_knit|repair|Spinning||output rate,manufacturing,eutrophication: marine,0.0001068120423645151,1.733517911306489e-07,1.1168647501075111e-07,2.3697848333973512e-07,raw_knit,today
raw_knit|repair|Spinning||output rate,manufacturing,eutrophication: terrestrial,0.000131549279102368,2.4317418814671455e-07,1.620276470881813e-07,3.27185650454589e-07,raw_knit,today
raw_knit|repair|Spinning||output rate,manufacturing,human toxicity: carcinogenic,0.000722573910746621,2.885807417121834e-05,2.1592673074482243e-05,3.759646111409851e-05,raw_knit,today
raw_knit|repair|Spinning||output rate,manufacturing,"human toxicity: carcinogenic, inorganics",-7.350091978916885e-05,2.3399646571117455e-05,1.5528396611426106e-05,3.264935705040486e-05,raw_knit,today
raw_knit|repair|Spinning||output rate,manufacturing,"human toxicity: carcinogenic, organics",0.0007544172889262999,1.2477907590887797e-05,1.0121011437997447e-05,1.5311905948770595e-05,raw_knit,today
raw_knit|repair|Spinning||output rate,manufacturing,human toxicity: non-carcinogenic,-0.00042112888066632496,2.6879568695392252e-05,1.8863594309126826e-05,3.600138466276567e-05,raw_knit,today
raw_knit|repair|Spinning||output rate,manufacturing,"human toxicity: non-carcinogenic, inorganics",-0.0004718347477929217,2.5148268791265172e-05,1.7686984550872012e-05,3.389393994849897e-05,raw_knit,today
raw_knit|repair|Spinning||output rate,manufacturing,"human toxicity: non-carcinogenic, organics",0.0007418412548671302,1.548394241214778e-05,1.2550924927785561e-05,1.8906000665826503e-05,raw_knit,today
raw_knit|repair|Spinning||output rate,manufacturing,ionising radiation: human health,-0.0007056926613126692,7.1142536635563295e-06,5.036261228815025e-06,9.626314095842687e-06,raw_knit,today
raw_knit|repair|Spinning||output rate,manufacturing,land use,0.00011101650269112626,2.0343454272898652e-07,1.6489533001742617e-07,2.5183840677427266e-07,raw_knit,today
raw_knit|repair|Spinning||output rate,manufacturing,material resources: metals/minerals,0.0008321584876236033,2.1715965313308608e-05,1.8149972825950762e-05,2.5932245980141422e-05,raw_knit,today
raw_knit|repair|Spinning||output rate,manufacturing,ozone depletion,0.0006559003126719097,1.201070631012796e-05,9.436111795188928e-06,1.474914688843321e-05,raw_knit,today
raw_knit|repair|Spinning||output rate,manufacturing,particulate matter formation,0.00012021468187972814,3.6927865211982246e-07,2.8540985075981015e-07,4.602527381514375e-07,raw_knit,today
raw_knit|repair|Spinning||output rate,manufacturing,photochemical oxidant formation: human health,0.00046572631069649763,5.062448924857225e-06,3.4124325029080677e-06,6.662832040670457e-06,raw_knit,today
raw_knit|repair|Spinning||output rate,manufacturing,water use,0.00017379609938402563,1.3287131536923262e-05,1.0410533317948448e-05,1.697826456318126e-05,raw_knit,today
raw_knit|repair|Spinning||machine lifetime,manufacturing,acidification,2.546735840446538e-06,3.7396689113803886e-10,2.8988565341238134e-10,4.723020371724017e-10,raw_knit,today
raw_knit|repair|Spinning||machine lifetime,manufacturing,climate change,3.90766633648946e-06,1.5618328265733162e-09,1.194164956871593e-09,1.9667238043643393e-09,raw_knit,today
raw_knit|repair|Spinning||machine lifetime,manufacturing,climate change: biogenic,5.047170755915479e-07,1.682536760482119e-11,1.3012570822560858e-11,2.1150868504046765e-11,raw_knit,today
raw_knit|repair|Spinning||machine lifetime,manufacturing,climate change: fossil,4.470884988407917e-06,1.5542488843399105e-09,1.187619732615668e-09,1.9549509400036878e-09,raw_knit,today
raw_knit|repair|Spinning||machine lifetime,manufacturing,climate change: land use and land use change,9.324750197251477e-07,4.3017587618287865e-10,3.295860259517129e-10,5.395456474824272e-10,raw_knit,today
raw_knit|repair|Spinning||machine lifetime,manufacturing,ecotoxicity: freshwater,1.2954645268802029e-05,1.025968501391344e-08,7.83487778818461e-09,1.2998235098819597e-08,raw_knit,today
raw_knit|repair|Spinning||machine lifetime,manufacturing,"ecotoxicity: freshwater, inorganics",1.3115922302994676e-05,1.1019693399744325e-08,8.366774182591169e-09,1.3925494105303833e-08,raw_knit,today
raw_knit|repair|Spinning||machine lifetime,manufacturing,"ecotoxicity: freshwater, organics",3.977946557554226e-06,8.569516799665666e-10,6.726692125445003e-10,1.0801223382753157e-09,raw_knit,today
raw_knit|repair|Spinning||machine lifetime,manufacturing,energy resources: non-renewable,4.650427958700428e-06,1.0787073461638557e-09,8.04146573031106e-10,1.3571861994579318e-09,raw_knit,today
raw_knit|repair|Spinning||machine lifetime,manufacturing,eutrophication: freshwater,1.9116288176638602e-06,6.823965176247859e-10,5.163465518114332e-10,8.52129180358425e-10,raw_knit,today
raw_knit|repair|Spinning||machine lifetime,manufacturing,eutrophication: marine,8.055144711288972e-07,3.6056765896081665e-11,2.805941617216051e-11,4.54417180194689e-11,raw_knit,today
raw_knit|repair|Spinning||machine lifetime,manufacturing,eutrophication: terrestrial,1.1830679305616776e-06,7.64027374195047e-11,5.95272387423524e-11,9.604672461482306e-11,raw_knit,today
raw_knit|repair|Spinning||machine lifetime,manufacturing,human toxicity: carcinogenic,4.810996001500243e-05,1.3126024196586413e-07,1.0238244205430693e-07,1.6605204201971872e-07,raw_knit,today
raw_knit|repair|Spinning||machine lifetime,manufacturing,"human toxicity: carcinogenic, inorganics",1.1487500308631148e-05,4.579943893019927e-08,3.3967390086210055e-08,5.6904201671054155e-08,raw_knit,today
raw_knit|repair|Spinning||machine lifetime,manufacturing,"human toxicity: carcinogenic, organics",6.047983798331219e-05,1.316895618489908e-07,1.0469720494680987e-07,1.664854849336495e-07,raw_knit,today
raw_knit|repair|Spinning||machine lifetime,manufacturing,human toxicity: non-carcinogenic,3.951655566709496e-06,5.83159406364351e-08,4.480805782357341e-08,7.23448787013396e-08,raw_knit,today
raw_knit|repair|Spinning||machine lifetime,manufacturing,"human toxicity: non-carcinogenic, inorganics",2.036696255962736e-06,5.3613755122763394e-08,4.1514140993015154e-08,6.660844157922053e-08,raw_knit,today
raw_knit|repair|Spinning||machine lifetime,manufacturing,"human toxicity: non-carcinogenic, organics",3.341466762187271e-05,4.57597973693618e-08,3.6122412468783764e-08,5.710170244398009e-08,raw_knit,today
raw_knit|repair|Spinning||machine lifetime,manufacturing,ionising radiation: human health,2.1367871144020922e-07,9.499812775291982e-12,7.071170550241574e-12,1.231486897424577e-11,raw_knit,today
raw_knit|repair|Spinning||machine lifetime,manufacturing,land use,8.269144279232833e-07,3.7713094702663694e-11,2.929775586123883e-11,4.7576554241623716e-11,raw_knit,today
raw_knit|repair|Spinning||machine lifetime,manufacturing,material resources: metals/minerals,5.003580131222082e-05,9.040811027385506e-08,7.138699599528232e-08,1.1501387487860648e-07,raw_knit,today
raw_knit|repair|Spinning||machine lifetime,manufacturing,ozone depletion,2.721188688460962e-06,5.722876520905818e-10,4.5047326763626144e-10,7.203302432289475e-10,raw_knit,today
raw_knit|repair|Spinning||machine lifetime,manufacturing,particulate matter formation,6.318792551851344e-06,2.14248280614872e-09,1.6652610528951843e-09,2.6822332855579513e-09,raw_knit,today
raw_knit|repair|Spinning||machine lifetime,manufacturing,photochemical oxidant formation: human health,6.208414295555088e-06,1.995496444931011e-09,1.551820509280231e-09,2.513478912271124e-09,raw_knit,today
raw_knit|repair|Spinning||machine lifetime,manufacturing,water use,6.389381208494021e-06,4.979049397129607e-09,3.935074660767628e-09,6.177004278935924e-09,raw_knit,today
raw_knit|repair|Spinning||process yield,manufacturing,acidification,-0.0029497178827802535,0.0003565763810338067,0.0002879290484087272,0.0004250745139094874,raw_knit,today
raw_knit|repair|Spinning||process yield,manufacturing,climate change,-0.0004762894524085757,0.0001084976490540248,8.639505098335533e-05,0.00013342904120533842,raw_knit,today
raw_knit|repair|Spinning||process yield,manufacturing,climate change: biogenic,-0.0038614967511310205,0.00043323002980318964,0.0003530792066836732,0.00051652441261831,raw_knit,today
raw_knit|repair|Spinning||process yield,manufacturing,climate change: fossil,-0.0007813723825496649,0.00012809559129404167,0.00010190685354734684,0.00015696546186995294,raw_knit,today
raw_knit|repair|Spinning||process yield,manufacturing,climate change: land use and land use change,-0.0004341532875295142,2.119999155212135e-05,1.546085213004537e-05,2.5903717968549833e-05,raw_knit,today
raw_knit|repair|Spinning||process yield,manufacturing,ecotoxicity: freshwater,-0.0015907628972827302,0.00020291040680937947,0.00016277926536958383,0.00024645928358961423,raw_knit,today
raw_knit|repair|Spinning||process yield,manufacturing,"ecotoxicity: freshwater, inorganics",-0.0014053439367817501,0.00018157853666390817,0.00014534218903380618,0.0002201022481064479,raw_knit,today
raw_knit|repair|Spinning||process yield,manufacturing,"ecotoxicity: freshwater, organics",-0.00381493364267228,0.0004441440494202745,0.0003575592065398319,0.0005289090544123187,raw_knit,today
raw_knit|repair|Spinning||process yield,manufacturing,energy resources: non-renewable,-0.0013923269103605926,0.00019227528294459118,0.000149287769884065,0.00023137829892961478,raw_knit,today
raw_knit|repair|Spinning||process yield,manufacturing,eutrophication: freshwater,-0.0001432464504848844,5.8810216249096085e-05,4.608632167490863e-05,7.514550482174381e-05,raw_knit,today
raw_knit|repair|Spinning||process yield,manufacturing,eutrophication: marine,-0.003841491940917681,0.00045416529211463947,0.0003659880160645826,0.0005386719324245133,raw_knit,today
raw_knit|repair|Spinning||process yield,manufacturing,eutrophication: terrestrial,-0.003802810258541801,0.00044762097231501987,0.00036073761839873177,0.0005298993924217286,raw_knit,today
raw_knit|repair|Spinning||process yield,manufacturing,human toxicity: carcinogenic,-0.0004622862793063195,2.7385692026812244e-05,2.075447264448302e-05,3.539500631663292e-05,raw_knit,today
raw_knit|repair|Spinning||process yield,manufacturing,"human toxicity: carcinogenic, inorganics",-0.00028818507262398153,2.3654763697426754e-05,1.879375842372845e-05,2.8378492535380545e-05,raw_knit,today
raw_knit|repair|Spinning||process yield,manufacturing,"human toxicity: carcinogenic, organics",-0.0018018886201755634,0.00019144938853885344,0.00015368524153664846,0.00023284907873773634,raw_knit,today
raw_knit|repair|Spinning||process yield,manufacturing,human toxicity: non-carcinogenic,-0.001332385943680565,0.00014905710422995512,0.00012188814765825675,0.00017599566532687755,raw_knit,today
raw_knit|repair|Spinning||process yield,manufacturing,"human toxicity: non-carcinogenic, inorganics",-0.0014756836393148964,0.0001664353447006723,0.0001358014930143166,0.00019656228955208598,raw_knit,today
raw_knit|repair|Spinning||process yield,manufacturing,"human toxicity: non-carcinogenic, organics",-0.0022043918752307798,0.00020391166469617517,0.00016399225890940684,0.0002452930192203912,raw_knit,today
raw_knit|repair|Spinning||process yield,manufacturing,ionising radiation: human health,-0.00026764045687511205,6.977870790350224e-05,5.2517633463668e-05,8.522199480344654e-05,raw_knit,today
raw_knit|repair|Spinning||process yield,manufacturing,land use,-0.003933797455819271,0.0004449223528845631,0.000358913569817307,0.0005287454443010255,raw_knit,today
raw_knit|repair|Spinning||process yield,manufacturing,material resources: metals/minerals,-0.0017803634575047282,0.00015483519477840928,0.00012424789968256607,0.00018573630897582906,raw_knit,today
raw_knit|repair|Spinning||process yield,manufacturing,ozone depletion,-0.001210711495303163,0.0001417303018763947,0.00011269374316538923,0.00017787927865722176,raw_knit,today
raw_knit|repair|Spinning||process yield,manufacturing,particulate matter formation,-0.0037373359701660122,0.0004324930259137025,0.0003467635993815686,0.0005159475376293501,raw_knit,today
raw_knit|repair|Spinning||process yield,manufacturing,photochemical oxidant formation: human health,-0.002264322508344196,0.00027677933201545577,0.00022241448647379022,0.00033345253468712854,raw_knit,today
raw_knit|repair|Spinning||process yield,manufacturing,water use,-0.0028461448951498424,0.00017682849881281673,0.00014163524114923042,0.00021209850844447774,raw_knit,today
raw_knit|repair|Spinning||machine source,manufacturing,acidification,8.829815088366628e-06,2.3052909587555967e-08,1.9053523866595428e-08,2.697129524899878e-08,raw_knit,today
raw_knit|repair|Spinning||machine source,manufacturing,climate change,4.927124456865434e-06,9.607810285529041e-08,8.108146930045589e-08,1.1547173379616862e-07,raw_knit,today
raw_knit|repair|Spinning||machine source,manufacturing,climate change: biogenic,3.113640319209802e-06,1.0397280272919556e-09,8.647570874178957e-10,1.2139651540461933e-09,raw_knit,today
raw_knit|repair|Spinning||machine source,manufacturing,climate change: fossil,8.579199894175218e-06,9.561029183776031e-08,8.077371071789673e-08,1.1529616442794336e-07,raw_knit,today
raw_knit|repair|Spinning||machine source,manufacturing,climate change: land use and land use change,-1.4590731799054733e-06,2.6593694974491138e-08,2.298639034142379e-08,3.014226479545551e-08,raw_knit,today
raw_knit|repair|Spinning||machine source,manufacturing,ecotoxicity: freshwater,3.873498880850503e-05,6.341162938638555e-07,5.348152040093132e-07,7.601057628720564e-07,raw_knit,today
raw_knit|repair|Spinning||machine source,manufacturing,"ecotoxicity: freshwater, inorganics",3.698315311236432e-05,6.811135091932028e-07,5.758310952167018e-07,8.169301299578444e-07,raw_knit,today
raw_knit|repair|Spinning||machine source,manufacturing,"ecotoxicity: freshwater, organics",1.998664807668143e-05,5.287938103598851e-08,4.330104276804288e-08,6.196923436046521e-08,raw_knit,today
raw_knit|repair|Spinning||machine source,manufacturing,energy resources: non-renewable,1.561019740125504e-05,6.62285748152404e-08,5.406636456592208e-08,7.961121837546463e-08,raw_knit,today
raw_knit|repair|Spinning||machine source,manufacturing,eutrophication: freshwater,3.546815351933971e-06,4.220605047332975e-08,3.5758868201659024e-08,5.032022044554353e-08,raw_knit,today
raw_knit|repair|Spinning||machine source,manufacturing,eutrophication: marine,3.903199189938676e-06,2.2088709171184725e-09,1.814656636220001e-09,2.599343598613729e-09,raw_knit,today
raw_knit|repair|Spinning||machine source,manufacturing,eutrophication: terrestrial,5.580658897930454e-06,4.679965513386513e-09,3.844760782188658e-09,5.5147517113882715e-09,raw_knit,today
raw_knit|repair|Spinning||machine source,manufacturing,human toxicity: carcinogenic,3.44392156158425e-05,8.114146247441844e-06,6.874752488496021e-06,9.741690206984767e-06,raw_knit,today
raw_knit|repair|Spinning||machine source,manufacturing,"human toxicity: carcinogenic, inorganics",-5.9357911169780544e-05,2.832424358531672e-06,2.4131502002978145e-06,3.3704032409384132e-06,raw_knit,today
raw_knit|repair|Spinning||machine source,manufacturing,"human toxicity: carcinogenic, organics",0.00019890746967137982,8.137853828817689e-06,6.770214127804539e-06,9.6304986912117e-06,raw_knit,today
raw_knit|repair|Spinning||machine source,manufacturing,human toxicity: non-carcinogenic,-0.0001279742748344286,3.6051997582880454e-06,3.121809433625284e-06,4.230647102840514e-06,raw_knit,today
raw_knit|repair|Spinning||machine source,manufacturing,"human toxicity: non-carcinogenic, inorganics",-0.00012898804216768814,3.314929515510759e-06,2.848927369165771e-06,3.8747806308597266e-06,raw_knit,today
raw_knit|repair|Spinning||machine source,manufacturing,"human toxicity: non-carcinogenic, organics",0.0001144587052723072,2.820836987725757e-06,2.343583738816177e-06,3.3071295484271398e-06,raw_knit,today
raw_knit|repair|Spinning||machine source,manufacturing,ionising radiation: human health,1.1884491471667514e-06,5.864317813104067e-10,4.843595405356907e-10,7.113065651732119e-10,raw_knit,today
raw_knit|repair|Spinning||machine source,manufacturing,land use,4.133510936487389e-06,2.2989918269300182e-09,1.8889805804015614e-09,2.694050947271134e-09,raw_knit,today
raw_knit|repair|Spinning||machine source,manufacturing,material resources: metals/minerals,0.0001890892106534417,5.592807595859132e-06,4.6828356829812884e-06,6.630612988732133e-06,raw_knit,today
raw_knit|repair|Spinning||machine source,manufacturing,ozone depletion,1.3677007037472242e-05,3.4755774777332754e-08,2.9032549510366303e-08,4.1240851052879196e-08,raw_knit,today
raw_knit|repair|Spinning||machine source,manufacturing,particulate matter formation,3.0736954570517884e-05,1.3178034731159745e-07,1.0822075010155065e-07,1.549206727134615e-07,raw_knit,today
raw_knit|repair|Spinning||machine source,manufacturing,photochemical oxidant formation: human health,1.736726557809823e-05,1.2216177456819429e-07,1.0127058115768685e-07,1.4342534934940482e-07,raw_knit,today
raw_knit|repair|Spinning||machine source,manufacturing,water use,2.775477002240589e-05,3.0786686854193484e-07,2.596402128854379e-07,3.592109573461012e-07,raw_knit,today
raw_knit|repair|CNC knitting||machine weight,manufacturing,acidification,5.3109678503878546e-05,1.3848207063512374e-08,1.0550472104587524e-08,1.756451709769067e-08,raw_knit,today
raw_knit|repair|CNC knitting||machine weight,manufacturing,climate change,6.917148303846558e-05,5.7835662620944475e-08,4.40292367388919e-08,7.402565312573459e-08,raw_knit,today
raw_knit|repair|CNC knitting||machine weight,manufacturing,climate change: biogenic,1.3260648964133498e-05,6.230522397820124e-10,4.752839163819877e-10,7.938515050149044e-10,raw_knit,today
raw_knit|repair|CNC knitting||machine weight,manufacturing,climate change: fossil,7.962675483744674e-05,5.755482521517733e-08,4.3792810358954795e-08,7.360293110347858e-08,raw_knit,today
raw_knit|repair|CNC knitting||machine weight,manufacturing,climate change: land use and land use change,2.5781583370930094e-05,1.5929638252471188e-08,1.2353667031203444e-08,1.976714237921779e-08,raw_knit,today
raw_knit|repair|CNC knitting||machine weight,manufacturing,ecotoxicity: freshwater,0.00025787811632092513,3.7992153277782e-07,2.868274192952677e-07,4.907574385202491e-07,raw_knit,today
raw_knit|repair|CNC knitting||machine weight,manufacturing,"ecotoxicity: freshwater, inorganics",0.0002585088107840767,4.0806503999340964e-07,3.075309688295035e-07,5.274903379718585e-07,raw_knit,today
raw_knit|repair|CNC knitting||machine weight,manufacturing,"ecotoxicity: freshwater, organics",8.858198958378583e-05,3.1733390117162863e-08,2.437679241858091e-08,4.035640644416835e-08,raw_knit,today
raw_knit|repair|CNC knitting||machine weight,manufacturing,energy resources: non-renewable,7.47376235368913e-05,3.9945312919823456e-08,3.073450497649408e-08,5.033529978674192e-08,raw_knit,today
raw_knit|repair|CNC knitting||machine weight,manufacturing,eutrophication: freshwater,4.236436789130218e-05,2.5269499183093166e-08,1.9241532955018115e-08,3.1898345792464107e-08,raw_knit,today
raw_knit|repair|CNC knitting||machine weight,manufacturing,eutrophication: marine,1.8311844020527203e-05,1.3352127106171244e-09,1.0193950255086713e-09,1.6897891233695926e-09,raw_knit,today
raw_knit|repair|CNC knitting||machine weight,manufacturing,eutrophication: terrestrial,2.6502796955273233e-05,2.829258925298966e-09,2.1593522798696423e-09,3.5830916443224523e-09,raw_knit,today
raw_knit|repair|CNC knitting||machine weight,manufacturing,human toxicity: carcinogenic,0.0006266369927845802,4.8606356325169884e-06,3.7404904587938024e-06,6.184625119485323e-06,raw_knit,today
raw_knit|repair|CNC knitting||machine weight,manufacturing,"human toxicity: carcinogenic, inorganics",8.047624469896689e-05,1.6959771423641626e-06,1.3069220823960586e-06,2.1292958626154818e-06,raw_knit,today
raw_knit|repair|CNC knitting||machine weight,manufacturing,"human toxicity: carcinogenic, organics",0.0009470089018268245,4.876533947682326e-06,3.7276331532818824e-06,6.229195301427415e-06,raw_knit,today
raw_knit|repair|CNC knitting||machine weight,manufacturing,human toxicity: non-carcinogenic,-0.00017403404846094662,2.159469850616869e-06,1.6582912427211455e-06,2.7627325035502628e-06,raw_knit,today
raw_knit|repair|CNC knitting||machine weight,manufacturing,"human toxicity: non-carcinogenic, inorganics",-0.00019939787162730622,1.9853454136434665e-06,1.5257702122275213e-06,2.5184188193854564e-06,raw_knit,today
raw_knit|repair|CNC knitting||machine weight,manufacturing,"human toxicity: non-carcinogenic, organics",0.0006120609785620378,1.694511366869361e-06,1.289640620818749e-06,2.1714140671820972e-06,raw_knit,today
raw_knit|repair|CNC knitting||machine weight,manufacturing,ionising radiation: human health,3.7248493744180646e-06,3.5178320527444096e-10,2.63041501445988e-10,4.4369825122285764e-10,raw_knit,today
raw_knit|repair|CNC knitting||machine weight,manufacturing,land use,1.8879175921066475e-05,1.3965628816008542e-09,1.07147241388652e-09,1.7756555930337902e-09,raw_knit,today
raw_knit|repair|CNC knitting||machine weight,manufacturing,material resources: metals/minerals,0.0008626633046814676,3.3478594533170935e-06,2.5549878624724313e-06,4.270518288928482e-06,raw_knit,today
raw_knit|repair|CNC knitting||machine weight,manufacturing,ozone depletion,4.927212909189441e-05,2.11927556780108e-08,1.5995281448514092e-08,2.747773213354055e-08,raw_knit,today
raw_knit|repair|CNC knitting||machine weight,manufacturing,particulate matter formation,0.00014057262783566358,7.933751139246339e-08,6.04879368710083e-08,1.001636061493904e-07,raw_knit,today
raw_knit|repair|CNC knitting||machine weight,manufacturing,photochemical oxidant formation: human health,0.00011592998275878102,7.389502278556128e-08,5.557553192741172e-08,9.417472514412708e-08,raw_knit,today
raw_knit|repair|CNC knitting||machine weight,manufacturing,water use,0.00018376267822568134,1.8437680402721365e-07,1.4389894708060893e-07,2.3108361826663353e-07,raw_knit,today
raw_knit|repair|CNC knitting||power,manufacturing,acidification,0.0009865472972966848,1.6528270973804086e-05,1.0774908527637129e-05,2.2312732410490518e-05,raw_knit,today
raw_knit|repair|CNC knitting||power,manufacturing,climate change,0.0011079673312217515,8.42380995418071e-05,6.224016739452138e-05,0.00010987453460379641,raw_knit,today
raw_knit|repair|CNC knitting||power,manufacturing,climate change: biogenic,0.00036532002147075023,3.5366940577701765e-06,2.4719375930842835e-06,4.980970361709793e-06,raw_knit,today
raw_knit|repair|CNC knitting||power,manufacturing,climate change: fossil,0.0014283198009117579,8.400479702846374e-05,6.210849133449895e-05,0.00010915392219508258,raw_knit,today
raw_knit|repair|CNC knitting||power,manufacturing,climate change: land use and land use change,0.0010722487371087038,5.2343551488042506e-05,3.617467552478856e-05,7.396751499004748e-05,raw_knit,today
raw_knit|repair|CNC knitting||power,manufacturing,ecotoxicity: freshwater,0.0014809941653630683,5.955015013472879e-05,4.397056905059115e-05,7.654649511437727e-05,raw_knit,today
raw_knit|repair|CNC knitting||power,manufacturing,"ecotoxicity: freshwater, inorganics",0.0014766864742187373,6.574176207966693e-05,4.816547517555406e-05,8.469753492354665e-05,raw_knit,today
raw_knit|repair|CNC knitting||power,manufacturing,"ecotoxicity: freshwater, organics",0.00029239090457404323,1.3002762565954586e-06,1.0211132728229676e-06,1.6314210726196425e-06,raw_knit,today
raw_knit|repair|CNC knitting||power,manufacturing,energy resources: non-renewable,0.002484546865581623,0.00012470495705281122,9.138764448529075e-05,0.00015183995139584613,raw_knit,today
raw_knit|repair|CNC knitting||power,manufacturing,eutrophication: freshwater,0.0005013257613523664,7.510991775756076e-05,5.217140364758912e-05,9.856791913354746e-05,raw_knit,today
raw_knit|repair|CNC knitting||power,manufacturing,eutrophication: marine,0.0003022147632826628,1.338192718347167e-06,9.131774557256835e-07,1.742433787013529e-06,raw_knit,today
raw_knit|repair|CNC knitting||power,manufacturing,eutrophication: terrestrial,0.0003812148833392985,1.8590389858311462e-06,1.3121741134014336e-06,2.384459267732789e-06,raw_knit,today
raw_knit|repair|CNC knitting||power,manufacturing,human toxicity: carcinogenic,0.0021327561507687126,0.00020648624114523722,0.00016308737638187984,0.00025610170004637385,raw_knit,today
raw_knit|repair|CNC knitting||power,manufacturing,"human toxicity: carcinogenic, inorganics",-0.00012936898664077422,0.00017476151564809454,0.00013066031784160893,0.0002275935579597396,raw_knit,today
raw_knit|repair|CNC knitting||power,manufacturing,"human toxicity: carcinogenic, organics",0.002506659240123767,8.245759621477717e-05,6.763514109748493e-05,9.90379647891086e-05,raw_knit,today
raw_knit|repair|CNC knitting||power,manufacturing,human toxicity: non-carcinogenic,-0.0015742786560560358,0.00019918618828143354,0.00014799960388306267,0.00025439452987077526,raw_knit,today
raw_knit|repair|CNC knitting||power,manufacturing,"human toxicity: non-carcinogenic, inorganics",-0.0017053471195303406,0.00018649603393686943,0.00013749150912309498,0.00023970449597199834,raw_knit,today
raw_knit|repair|CNC knitting||power,manufacturing,"human toxicity: non-carcinogenic, organics",0.0032739655597152457,0.00011331791246124382,9.402074603641563e-05,0.00013613031920224391,raw_knit,today
raw_knit|repair|CNC knitting||power,manufacturing,ionising radiation: human health,0.001268139683566477,7.21128889136819e-05,4.768774447778657e-05,9.889427714619333e-05,raw_knit,today
raw_knit|repair|CNC knitting||power,manufacturing,land use,0.0003981410573032323,1.5113858703375393e-06,1.229271687146724e-06,1.812474205729397e-06,raw_knit,today
raw_knit|repair|CNC knitting||power,manufacturing,material resources: metals/minerals,0.003959567702510162,0.00015545820722362961,0.00012688630880021868,0.0001875665858390505,raw_knit,today
raw_knit|repair|CNC knitting||power,manufacturing,ozone depletion,0.0020449891007301322,9.669373532868773e-05,7.487466339236439e-05,0.00012205484609503372,raw_knit,today
raw_knit|repair|CNC knitting||power,manufacturing,particulate matter formation,0.0005153435433920772,2.662700608013683e-06,2.0969391121986146e-06,3.194357559068487e-06,raw_knit,today
raw_knit|repair|CNC knitting||power,manufacturing,photochemical oxidant formation: human health,0.0014976516123320323,3.87610161639218e-05,2.8878639992115222e-05,4.962481145175564e-05,raw_knit,today
raw_knit|repair|CNC knitting||power,manufacturing,water use,0.0033699814370241298,0.00010487436087212741,8.446960189383476e-05,0.00012975249372213247,raw_knit,today
raw_knit|repair|CNC knitting||output rate,manufacturing,acidification,0.0014249028608841524,1.7985241828037573e-05,1.0942556529585694e-05,2.6051418879777176e-05,raw_knit,today
raw_knit|repair|CNC knitting||output rate,manufacturing,climate change,0.002475538995452017,9.337161550765407e-05,6.504150882345947e-05,0.0001256512291407659,raw_knit,today
raw_knit|repair|CNC knitting||output rate,manufacturing,climate change: biogenic,6.208320414714688e-05,4.463234968585207e-06,3.109739375334463e-06,5.9075633696064235e-06,raw_knit,today
raw_knit|repair|CNC knitting||output rate,manufacturing,climate change: fossil,0.002551338612022664,9.307556429704719e-05,6.489773183423058e-05,0.0001250584760915613,raw_knit,today
raw_knit|repair|CNC knitting||output rate,manufacturing,climate change: land use and land use change,0.0003410389572437347,6.232009188433089e-05,4.163128549763394e-05,7.990270769835919e-05,raw_knit,today
raw_knit|repair|CNC knitting||output rate,manufacturing,ecotoxicity: freshwater,0.0029441987663590165,7.201357638031974e-05,5.118677828751695e-05,9.214367009338443e-05,raw_knit,today
raw_knit|repair|CNC knitting||output rate,manufacturing,"ecotoxicity: freshwater, inorganics",0.0030947618330603283,7.93904174093453e-05,5.6253536909691747e-05,0.00010192954229287821,raw_knit,today
raw_knit|repair|CNC knitting||output rate,manufacturing,"ecotoxicity: freshwater, organics",-6.288747883496977e-05,1.6444817320263752e-06,1.2973399231468746e-06,2.0532298518973624e-06,raw_knit,today
raw_knit|repair|CNC knitting||output rate,manufacturing,energy resources: non-renewable,0.00250520679182623,0.0001362467190041959,0.00010417786022828855,0.00017114461751098454,raw_knit,today
raw_knit|repair|CNC knitting||output rate,manufacturing,eutrophication: freshwater,0.0028104495624299,8.58342227396991e-05,5.8324682011568036e-05,0.00011674024455015288,raw_knit,today
raw_knit|repair|CNC knitting||output rate,manufacturing,eutrophication: marine,0.00034247771548372505,1.4924102593831913e-06,1.039114811956771e-06,2.0681306037472075e-06,raw_knit,today
raw_knit|repair|CNC knitting||output rate,manufacturing,eutrophication: terrestrial,0.00036367365626597,2.0707025232608377e-06,1.4772749197700872e-06,2.850399580907742e-06,raw_knit,today
raw_knit|repair|CNC knitting||output rate,manufacturing,human toxicity: carcinogenic,0.004745675330426906,0.00027589198764175755,0.00021859602587458713,0.00035267925601267043,raw_knit,today
raw_knit|repair|CNC knitting||output rate,manufacturing,"human toxicity: carcinogenic, inorganics",0.003094774843779451,0.00021452416609353086,0.00015633866631268342,0.00029566027465645974,raw_knit,today
raw_knit|repair|CNC knitting||output rate,manufacturing,"human toxicity: carcinogenic, organics",0.0015238675196714475,0.00012536974422224163,0.00010106444138159453,0.00015298182755310192,raw_knit,today
raw_knit|repair|CNC knitting||output rate,manufacturing,human toxicity: non-carcinogenic,0.0015179596066707216,0.0002468148972350983,0.0001868876084286035,0.00033691328946304993,raw_knit,today
raw_knit|repair|CNC knitting||output rate,manufacturing,"human toxicity: non-carcinogenic, inorganics",0.0012166527982676832,0.00023056837856810363,0.00017383667442935323,0.00031517899215489865,raw_knit,today
raw_knit|repair|CNC knitting||output rate,manufacturing,"human toxicity: non-carcinogenic, organics",0.0025918036311337106,0.0001463603172307647,0.00011870052484810141,0.00017567024476944175,raw_knit,today
raw_knit|repair|CNC knitting||output rate,manufacturing,ionising radiation: human health,0.0008425188990632647,7.801606064511658e-05,5.552456404196665e-05,0.00010099293953610087,raw_knit,today
raw_knit|repair|CNC knitting||output rate,manufacturing,land use,0.0001124034439301224,1.6944998187206084e-06,1.3810509666035245e-06,2.048594505403058e-06,raw_knit,today
raw_knit|repair|CNC knitting||output rate,manufacturing,material resources: metals/minerals,0.002465695842201852,0.00021125211340770138,0.00017229864098065693,0.000253776928885241,raw_knit,today
raw_knit|repair|CNC knitting||output rate,manufacturing,ozone depletion,-0.0012138965560952706,0.00010016586598607983,7.765212574380822e-05,0.0001267222855790977,raw_knit,today
raw_knit|repair|CNC knitting||output rate,manufacturing,particulate matter formation,0.0004336751113796897,3.639262749262011e-06,2.9515920336211158e-06,4.366007019203224e-06,raw_knit,today
raw_knit|repair|CNC knitting||output rate,manufacturing,photochemical oxidant formation: human health,0.001629396405982604,4.300259436889302e-05,3.0911843195787514e-05,5.8042841226093746e-05,raw_knit,today
raw_knit|repair|CNC knitting||output rate,manufacturing,water use,0.0020472884717686697,0.00011700916060797465,9.32755033371556e-05,0.00014453288786194033,raw_knit,today
raw_knit|repair|CNC knitting||machine lifetime,manufacturing,acidification,7.825776437527267e-07,1.4397381856096579e-08,1.0890815779923268e-08,1.819017023200205e-08,raw_knit,today
raw_knit|repair|CNC knitting||machine lifetime,manufacturing,climate change,-3.5285704591391223e-06,6.012917721301321e-08,4.613401853594436e-08,7.706363850973987e-08,raw_knit,today
raw_knit|repair|CNC knitting||machine lifetime,manufacturing,climate change: biogenic,-9.634012105529877e-08,6.477608714890366e-10,4.965697106618728e-10,8.173288769095185e-10,raw_knit,today
raw_knit|repair|CNC knitting||machine lifetime,manufacturing,climate change: fossil,-6.161197582869137e-07,5.983720253949346e-08,4.5885725699354433e-08,7.693985995465046e-08,raw_knit,today
raw_knit|repair|CNC knitting||machine lifetime,manufacturing,climate change: land use and land use change,-6.7218253807017235e-06,1.6561367097128652e-08,1.2296941843799644e-08,2.0784682975572756e-08,raw_knit,today
raw_knit|repair|CNC knitting||machine lifetime,manufacturing,ecotoxicity: freshwater,-2.999388184213506e-06,3.9498824236037874e-07,3.039629117785442e-07,5.033807659838326e-07,raw_knit,today
raw_knit|repair|CNC knitting||machine lifetime,manufacturing,"ecotoxicity: freshwater, inorganics",-4.052630125320702e-06,4.2424785037226027e-07,3.260308854625302e-07,5.439055173161019e-07,raw_knit,today
raw_knit|repair|CNC knitting||machine lifetime,manufacturing,"ecotoxicity: freshwater, organics",2.766885828754153e-06,3.299184390320905e-08,2.4837017216954544e-08,4.181437750005861e-08,raw_knit,today
raw_knit|repair|CNC knitting||machine lifetime,manufacturing,energy resources: non-renewable,6.114745412217307e-06,4.152931870514093e-08,3.020984006086459e-08,5.2631998341007646e-08,raw_knit,today
raw_knit|repair|CNC knitting||machine lifetime,manufacturing,eutrophication: freshwater,-5.1688892329674595e-06,2.627162406560807e-08,1.9895384314530922e-08,3.339327196435316e-08,raw_knit,today
raw_knit|repair|CNC knitting||machine lifetime,manufacturing,eutrophication: marine,3.622530770556267e-07,1.3881570634504905e-09,1.052456633911436e-09,1.7627200507726772e-09,raw_knit,today
raw_knit|repair|CNC knitting||machine lifetime,manufacturing,eutrophication: terrestrial,5.831401141786579e-07,2.9414454270819766e-09,2.2314539440579115e-09,3.744718952297649e-09,raw_knit,today
raw_knit|repair|CNC knitting||machine lifetime,manufacturing,human toxicity: carcinogenic,2.8063701055026028e-05,5.053396023221059e-06,3.908028957099648e-06,6.504829408506004e-06,raw_knit,today
raw_knit|repair|CNC knitting||machine lifetime,manufacturing,"human toxicity: carcinogenic, inorganics",-1.821265548458798e-05,1.7632353274725703e-06,1.3266257424209082e-06,2.2644911480005317e-06,raw_knit,today
raw_knit|repair|CNC knitting||machine lifetime,manufacturing,"human toxicity: carcinogenic, organics",9.268675978202275e-05,5.069924609044042e-06,3.7978454054047087e-06,6.426970456152592e-06,raw_knit,today
raw_knit|repair|CNC knitting||machine lifetime,manufacturing,human toxicity: non-carcinogenic,-1.482109706699085e-05,2.2451089247284543e-06,1.6843555972864154e-06,2.8116780653268053e-06,raw_knit,today
raw_knit|repair|CNC knitting||machine lifetime,manufacturing,"human toxicity: non-carcinogenic, inorganics",-1.5481144392263242e-05,2.064079180599051e-06,1.5489491024051525e-06,2.5817611276922933e-06,raw_knit,today
raw_knit|repair|CNC knitting||machine lifetime,manufacturing,"human toxicity: non-carcinogenic, organics",2.362850729732277e-05,1.7617101711394838e-06,1.3530547517124183e-06,2.240320110765295e-06,raw_knit,today
raw_knit|repair|CNC knitting||machine lifetime,manufacturing,ionising radiation: human health,4.795938207781601e-07,3.657339398812313e-10,2.615392669692212e-10,4.732195274815996e-10,raw_knit,today
raw_knit|repair|CNC knitting||machine lifetime,manufacturing,land use,4.2305868629867835e-07,1.4519313236228386e-09,1.104123529294681e-09,1.8384337446466364e-09,raw_knit,today
raw_knit|repair|CNC knitting||machine lifetime,manufacturing,material resources: metals/minerals,4.903162262724622e-05,3.480627182945273e-06,2.6096909023003765e-06,4.47105750671913e-06,raw_knit,today
raw_knit|repair|CNC knitting||machine lifetime,manufacturing,ozone depletion,5.793479248012319e-06,2.2032835284039108e-08,1.6856881820553544e-08,2.7554170847285258e-08,raw_knit,today
raw_knit|repair|CNC knitting||machine lifetime,manufacturing,particulate matter formation,3.983451291792854e-06,8.248369094078217e-08,6.25896852352517e-08,1.0515752808605257e-07,raw_knit,today
raw_knit|repair|CNC knitting||machine lifetime,manufacturing,photochemical oxidant formation: human health,2.8582033959526628e-06,7.68250827457731e-08,5.8375692116804626e-08,9.632797010671655e-08,raw_knit,today
raw_knit|repair|CNC knitting||machine lifetime,manufacturing,water use,-2.701904038836011e-06,1.9168872142703098e-07,1.457144855952315e-07,2.4339261818786707e-07,raw_knit,today
raw_knit|repair|CNC knitting||process yield,manufacturing,acidification,-0.0008790650757815397,0.0003786019080237475,0.00029387706712195877,0.00045318825946771504,raw_knit,today
raw_knit|repair|CNC knitting||process yield,manufacturing,climate change,0.000873462384787842,0.00021612259825492335,0.00016472996321043902,0.0002680915627280407,raw_knit,today
raw_knit|repair|CNC knitting||process yield,manufacturing,climate change: biogenic,-0.001811983465348096,0.0004204761878817031,0.0003290975704888323,0.0005002240882824678,raw_knit,today
raw_knit|repair|CNC knitting||process yield,manufacturing,climate change: fossil,0.0009417829526050134,0.00024140253491088435,0.00018288894258857664,0.0002990158590863936,raw_knit,today
raw_knit|repair|CNC knitting||process yield,manufacturing,climate change: land use and land use change,-0.000977061938770913,6.763206960015003e-05,5.18224749255887e-05,8.518247736643308e-05,raw_knit,today
raw_knit|repair|CNC knitting||process yield,manufacturing,ecotoxicity: freshwater,0.0001668591367074079,0.00031597826262575926,0.00024403984560101435,0.00038599537362176057,raw_knit,today
raw_knit|repair|CNC knitting||process yield,manufacturing,"ecotoxicity: freshwater, inorganics",0.0002957727891254465,0.0002985842140324008,0.0002286137187337319,0.00036517607794127815,raw_knit,today
raw_knit|repair|CNC knitting||process yield,manufacturing,"ecotoxicity: freshwater, organics",-0.0022092729679090836,0.00041677686860443967,0.00033247880957266106,0.0004982632762508837,raw_knit,today
raw_knit|repair|CNC knitting||process yield,manufacturing,energy resources: non-renewable,-0.0002432260943573787,0.0003931996761249286,0.00028948328879214536,0.00048401658702010726,raw_knit,today
raw_knit|repair|CNC knitting||process yield,manufacturing,eutrophication: freshwater,0.0007220907779359863,0.00013234877359074462,9.862162632816649e-05,0.00016898714101912934,raw_knit,today
raw_knit|repair|CNC knitting||process yield,manufacturing,eutrophication: marine,-0.0020167511870391986,0.0004198612086856394,0.0003316535321983806,0.0005049883585407681,raw_knit,today
raw_knit|repair|CNC knitting||process yield,manufacturing,eutrophication: terrestrial,-0.0019867877759271037,0.00041915086294833456,0.0003319721631581194,0.0005043479502054826,raw_knit,today
raw_knit|repair|CNC knitting||process yield,manufacturing,human toxicity: carcinogenic,0.0008810045329465836,0.00021124722751542416,0.00016547658024645485,0.0002646956153227141,raw_knit,today
raw_knit|repair|CNC knitting||process yield,manufacturing,"human toxicity: carcinogenic, inorganics",0.0003672575326660058,4.4398626491845026e-05,3.246946247014305e-05,6.237912574331747e-05,raw_knit,today
raw_knit|repair|CNC knitting||process yield,manufacturing,"human toxicity: carcinogenic, organics",-0.0014468862290338514,0.00038881022787954446,0.0003170057001975525,0.0004604397857716573,raw_knit,today
raw_knit|repair|CNC knitting||process yield,manufacturing,human toxicity: non-carcinogenic,-0.0006914822823251068,3.457119881163023e-05,2.7490099404571366e-05,4.213477055282111e-05,raw_knit,today
raw_knit|repair|CNC knitting||process yield,manufacturing,"human toxicity: non-carcinogenic, inorganics",-0.0008694980655829444,4.030329313631445e-05,3.208843416028442e-05,4.869979317745454e-05,raw_knit,today
raw_knit|repair|CNC knitting||process yield,manufacturing,"human toxicity: non-carcinogenic, organics",-0.0008904709014431863,0.0004281605612164887,0.00034502110089480856,0.0005091236120200905,raw_knit,today
raw_knit|repair|CNC knitting||process yield,manufacturing,ionising radiation: human health,-0.002016554575606817,0.0001514279420400881,0.00011111868472014284,0.0001957705441442069,raw_knit,today
raw_knit|repair|CNC knitting||process yield,manufacturing,land use,-0.0022333005745664557,0.0004190132883482825,0.0003360432413745152,0.0005032976082327775,raw_knit,today
raw_knit|repair|CNC knitting||process yield,manufacturing,material resources: metals/minerals,-0.001551371007835626,0.000422878208425158,0.0003434932020003987,0.0005006097345772892,raw_knit,today
raw_knit|repair|CNC knitting||process yield,manufacturing,ozone depletion,1.1315443062804646e-06,0.0002813803013999634,0.0002276120172469973,0.0003497780131948759,raw_knit,today
raw_knit|repair|CNC knitting||process yield,manufacturing,particulate matter formation,-0.0021237458261390723,0.0004218513861597312,0.0003351019647726293,0.0005085103779820604,raw_knit,today
raw_knit|repair|CNC knitting||process yield,manufacturing,photochemical oxidant formation: human health,-0.00021308090506015436,0.00035912070501027026,0.00027813923797623887,0.00043391700832983164,raw_knit,today
raw_knit|repair|CNC knitting||process yield,manufacturing,water use,-0.0006798192807455282,0.00035212863876247385,0.0002812099642142216,0.0004254896361992103,raw_knit,today
raw_knit|repair|CNC knitting||machine source,manufacturing,acidification,0.0001019049019253442,1.102661871024748e-06,8.964617314333278e-07,1.302533515686513e-06,raw_knit,today
raw_knit|repair|CNC knitting||machine source,manufacturing,climate change,0.0001893449790169961,4.595587392408818e-06,3.7839213519609347e-06,5.580637328538181e-06,raw_knit,today
raw_knit|repair|CNC knitting||machine source,manufacturing,climate change: biogenic,2.8035812300700098e-05,4.97320499859595e-08,4.1392797697239006e-08,5.848612857991304e-08,raw_knit,today
raw_knit|repair|CNC knitting||machine source,manufacturing,climate change: fossil,0.00020844493852891595,4.573211155260877e-06,3.752112781929899e-06,5.5480534843405095e-06,raw_knit,today
raw_knit|repair|CNC knitting||machine source,manufacturing,climate change: land use and land use change,5.178227991506372e-05,1.2720239649861602e-06,1.0932493828613113e-06,1.4882211478083891e-06,raw_knit,today
raw_knit|repair|CNC knitting||machine source,manufacturing,ecotoxicity: freshwater,0.0005888584478700914,3.0330915773711582e-05,2.4833368494809788e-05,3.621953807514068e-05,raw_knit,today
raw_knit|repair|CNC knitting||machine source,manufacturing,"ecotoxicity: freshwater, inorganics",0.0005948271509515856,3.25788765871262e-05,2.6786565824836655e-05,3.933463751240528e-05,raw_knit,today
raw_knit|repair|CNC knitting||machine source,manufacturing,"ecotoxicity: freshwater, organics",0.00018566930389968302,2.529315313119432e-06,2.132631632058237e-06,2.981978350053209e-06,raw_knit,today
raw_knit|repair|CNC knitting||machine source,manufacturing,energy resources: non-renewable,0.00014357176217264978,3.1678311123246573e-06,2.52740252127543e-06,3.7995530028715617e-06,raw_knit,today
raw_knit|repair|CNC knitting||machine source,manufacturing,eutrophication: freshwater,9.541266494402587e-05,2.018790834481121e-06,1.6705787919327599e-06,2.4463713238305135e-06,raw_knit,today
raw_knit|repair|CNC knitting||machine source,manufacturing,eutrophication: marine,3.572357912816637e-05,1.0565424416692399e-07,8.784761359064931e-08,1.247065448110936e-07,raw_knit,today
raw_knit|repair|CNC knitting||machine source,manufacturing,eutrophication: terrestrial,5.222756722999859e-05,2.2385111561382233e-07,1.856458772036136e-07,2.643782099890375e-07,raw_knit,today
raw_knit|repair|CNC knitting||machine source,manufacturing,human toxicity: carcinogenic,0.0021270783981115525,0.00038811411847993225,0.0003231130417767364,0.00046899653779823645,raw_knit,today
raw_knit|repair|CNC knitting||machine source,manufacturing,"human toxicity: carcinogenic, inorganics",0.0003677780832476534,0.0001354799198275729,0.00011281282249784871,0.00016129990671930514,raw_knit,today
raw_knit|repair|CNC knitting||machine source,manufacturing,"human toxicity: carcinogenic, organics",0.0029961838174638487,0.00038924809447277007,0.0003249315671212144,0.00045859707468888153,raw_knit,today
raw_knit|repair|CNC knitting||machine source,manufacturing,human toxicity: non-carcinogenic,-1.1748522711899941e-05,0.0001724431484795051,0.00014626491582982114,0.00020198990854883523,raw_knit,today
raw_knit|repair|CNC knitting||machine source,manufacturing,"human toxicity: non-carcinogenic, inorganics",-9.816481090282498e-05,0.00015855900392985732,0.00013397119109536155,0.00018486700640232799,raw_knit,today
raw_knit|repair|CNC knitting||machine source,manufacturing,"human toxicity: non-carcinogenic, organics",0.0016472720591652814,0.00013492567517031407,0.00011193702733401817,0.00015811721039964832,raw_knit,today
raw_knit|repair|CNC knitting||machine source,manufacturing,ionising radiation: human health,8.588435957991391e-07,2.8050080305567462e-08,2.25575095452455e-08,3.4823010348030773e-08,raw_knit,today
raw_knit|repair|CNC knitting||machine source,manufacturing,land use,3.83175669150385e-05,1.0996488836795362e-07,9.284604262747563e-08,1.2923746703770759e-07,raw_knit,today
raw_knit|repair|CNC knitting||machine source,manufacturing,material resources: metals/minerals,0.0026077351065171973,0.00026751398405951425,0.00022047234088811492,0.0003154064236780491,raw_knit,today
raw_knit|repair|CNC knitting||machine source,manufacturing,ozone depletion,0.00018318568758184263,1.662430831098658e-06,1.3827599988640925e-06,1.9641950571190208e-06,raw_knit,today
raw_knit|repair|CNC knitting||machine source,manufacturing,particulate matter formation,0.000283559645331201,6.303289560000959e-06,5.2854715417030895e-06,7.483381836052162e-06,raw_knit,today
raw_knit|repair|CNC knitting||machine source,manufacturing,photochemical oxidant formation: human health,0.00026292991472569966,5.843216033162531e-06,4.779558465584341e-06,6.929218972324437e-06,raw_knit,today
raw_knit|repair|CNC knitting||machine source,manufacturing,water use,0.0003395939099751051,1.4725822612700104e-05,1.2182639059669713e-05,1.7427976256614334e-05,raw_knit,today
raw_knit|use|product||expected lifetime,circularity,acidification,0.04455423023178786,0.051604304103336,0.04247116860173225,0.061493085026294345,raw_knit,today
raw_knit|use|product||expected lifetime,circularity,climate change,0.035601347190768476,0.031198686676363184,0.024952577769934568,0.038521475333947015,raw_knit,today
raw_knit|use|product||expected lifetime,circularity,climate change: biogenic,0.04549491352508885,0.05763693961877407,0.047307376841955566,0.06911754433005751,raw_knit,today
raw_knit|use|product||expected lifetime,circularity,climate change: fossil,0.032706032776701144,0.03018251635984755,0.024062636463690036,0.0373740559131983,raw_knit,today
raw_knit|use|product||expected lifetime,circularity,climate change: land use and land use change,-0.0045392883573196485,0.007470816263901444,0.00584202961277146,0.009386061594126617,raw_knit,today
raw_knit|use|product||expected lifetime,circularity,ecotoxicity: freshwater,0.03738230188301203,0.041882707954495335,0.03381358432920681,0.050741360048852074,raw_knit,today
raw_knit|use|product||expected lifetime,circularity,"ecotoxicity: freshwater, inorganics",0.03543648221011208,0.039381024213182375,0.03174541308656735,0.04788545426150733,raw_knit,today
raw_knit|use|product||expected lifetime,circularity,"ecotoxicity: freshwater, organics",0.046559211960465405,0.05792791623982331,0.04777443067907184,0.07022495752050285,raw_knit,today
raw_knit|use|product||expected lifetime,circularity,energy resources: non-renewable,0.03986758182338044,0.04381422158433,0.03639802229798467,0.055056593720646786,raw_knit,today
raw_knit|use|product||expected lifetime,circularity,eutrophication: freshwater,0.015482290877794727,0.015647487816336302,0.01201583517212628,0.020496120569816863,raw_knit,today
raw_knit|use|product||expected lifetime,circularity,eutrophication: marine,0.046886788040694335,0.0580667300208809,0.047981189256260846,0.0690246330165764,raw_knit,today
raw_knit|use|product||expected lifetime,circularity,eutrophication: terrestrial,0.047048116960489376,0.05805551179814883,0.04804930678922473,0.06897421230387822,raw_knit,today
raw_knit|use|product||expected lifetime,circularity,human toxicity: carcinogenic,0.02483228509825282,0.026236629153319615,0.020797884223999447,0.03291565021489305,raw_knit,today
raw_knit|use|product||expected lifetime,circularity,"human toxicity: carcinogenic, inorganics",0.005076167821576669,0.005015281520925387,0.0033643798917019595,0.0075901289794128935,raw_knit,today
raw_knit|use|product||expected lifetime,circularity,"human toxicity: carcinogenic, organics",0.04026269027512006,0.050398993983573864,0.04125477614726153,0.06223955638463153,raw_knit,today
raw_knit|use|product||expected lifetime,circularity,human toxicity: non-carcinogenic,0.0025705638884032495,0.0046286885801302,0.0034985275526878364,0.006044049024332678,raw_knit,today
raw_knit|use|product||expected lifetime,circularity,"human toxicity: non-carcinogenic, inorganics",0.0030416051281369145,0.005591202605437674,0.004074906162189723,0.007146333182035323,raw_knit,today
raw_knit|use|product||expected lifetime,circularity,"human toxicity: non-carcinogenic, organics",0.045666165227745345,0.055535734426662146,0.045972632929531305,0.06550124280743848,raw_knit,today
raw_knit|use|product||expected lifetime,circularity,ionising radiation: human health,0.0049919489112954215,0.014447547890139814,0.01150770883720248,0.01888245832569816,raw_knit,today
raw_knit|use|product||expected lifetime,circularity,land use,0.04627970078119644,0.058383279057528256,0.048307941492818925,0.07053965889062297,raw_knit,today
raw_knit|use|product||expected lifetime,circularity,material resources: metals/minerals,0.041072974791720326,0.054317921806524706,0.04450520617719617,0.06743736334328874,raw_knit,today
raw_knit|use|product||expected lifetime,circularity,ozone depletion,0.030298193101121824,0.03249994912828377,0.02590721597372688,0.04214175950811049,raw_knit,today
raw_knit|use|product||expected lifetime,circularity,particulate matter formation,0.04689572225396261,0.05834754087393404,0.048218601628701944,0.06999473307583567,raw_knit,today
raw_knit|use|product||expected lifetime,circularity,photochemical oxidant formation: human health,0.045159164264896766,0.0489313966520662,0.04011706572576335,0.05856098713320292,raw_knit,today
raw_knit|use|product||expected lifetime,circularity,water use,0.037418078761733024,0.045125703277958666,0.03712455869068761,0.05460424058014145,raw_knit,today
raw_knit|use|product||lifetime extension per repair,circularity,acidification,0.02227235330994361,0.015753951184303706,0.012535707581891013,0.018770059192630393,raw_knit,today
raw_knit|use|product||lifetime extension per repair,circularity,climate change,0.01147448813231334,0.009156926213484115,0.007402515882984492,0.010914533876657877,raw_knit,today
raw_knit|use|product||lifetime extension per repair,circularity,climate change: biogenic,0.023895993414746266,0.018354285583903906,0.014959664396112382,0.021473100478938113,raw_knit,today
raw_knit|use|product||lifetime extension per repair,circularity,climate change: fossil,0.010607365005828834,0.008557093417656328,0.006938707159322963,0.010183588194912203,raw_knit,today
raw_knit|use|product||lifetime extension per repair,circularity,climate change: land use and land use change,0.0054382966118410895,0.0029341942201197716,0.002223521993215517,0.0037917544647928345,raw_knit,today
raw_knit|use|product||lifetime extension per repair,circularity,ecotoxicity: freshwater,0.016958112670159082,0.012823931393089964,0.010430948514869693,0.015373820021901982,raw_knit,today
raw_knit|use|product||lifetime extension per repair,circularity,"ecotoxicity: freshwater, inorganics",0.016018543540598035,0.01203231028320389,0.009735122238644162,0.01445215506530974,raw_knit,today
raw_knit|use|product||lifetime extension per repair,circularity,"ecotoxicity: freshwater, organics",0.023277453037465198,0.018071545988626647,0.01449259542544425,0.02093710845464232,raw_knit,today
raw_knit|use|product||lifetime extension per repair,circularity,energy resources: non-renewable,0.010072840339478282,0.014243415327450338,0.011248292165099876,0.017166155737069585,raw_knit,today
raw_knit|use|product||lifetime extension per repair,circularity,eutrophication: freshwater,0.007968896187170485,0.0047252549083634954,0.003746073709382654,0.005801313555301326,raw_knit,today
raw_knit|use|product||lifetime extension per repair,circularity,eutrophication: marine,0.02429349782764441,0.018239185205472557,0.014511546133424922,0.02116463471961723,raw_knit,today
raw_knit|use|product||lifetime extension per repair,circularity,eutrophication: terrestrial,0.024246345615020967,0.01816689178824905,0.014412296050470825,0.02113428543233953,raw_knit,today
raw_knit|use|product||lifetime extension per repair,circularity,human toxicity: carcinogenic,0.007725204411343197,0.007647569305813879,0.006154619156707645,0.009366363312140873,raw_knit,today
raw_knit|use|product||lifetime extension per repair,circularity,"human toxicity: carcinogenic, inorganics",0.0028562028395032247,0.0012959485370020835,0.0009530818290723154,0.0017192898748656057,raw_knit,today
raw_knit|use|product||lifetime extension per repair,circularity,"human toxicity: carcinogenic, organics",0.014050361239821452,0.015214977085293286,0.012087274380629185,0.018368471247922437,raw_knit,today
raw_knit|use|product||lifetime extension per repair,circularity,human toxicity: non-carcinogenic,0.0025584803886631335,0.0014104736850106439,0.0011376359115866253,0.001652611040419267,raw_knit,today
raw_knit|use|product||lifetime extension per repair,circularity,"human toxicity: non-carcinogenic, inorganics",0.0029903632361635546,0.0017460489809282608,0.0014108906041896444,0.0020475672914964166,raw_knit,today
raw_knit|use|product||lifetime extension per repair,circularity,"human toxicity: non-carcinogenic, organics",0.019596476461244357,0.017219231353346322,0.013699859758679597,0.020457711142609657,raw_knit,today
raw_knit|use|product||lifetime extension per repair,circularity,ionising radiation: human health,0.0014396737919922546,0.005896330927993039,0.004465391360016587,0.007398092481233069,raw_knit,today
raw_knit|use|product||lifetime extension per repair,circularity,land use,0.02437431440009895,0.01833887102537755,0.014708541238048677,0.021268787200120178,raw_knit,today
raw_knit|use|product||lifetime extension per repair,circularity,material resources: metals/minerals,0.016753448684806563,0.017357819510742924,0.013968706155382834,0.021109181112390886,raw_knit,today
raw_knit|use|product||lifetime extension per repair,circularity,ozone depletion,0.008253263453539817,0.008983160257060443,0.0073154142571958194,0.010770747725984915,raw_knit,today
raw_knit|use|product||lifetime extension per repair,circularity,particulate matter formation,0.023948159841364097,0.01838781832013332,0.014637472864143703,0.02138578947587147,raw_knit,today
raw_knit|use|product||lifetime extension per repair,circularity,photochemical oxidant formation: human health,0.018468176652484323,0.014392327706809477,0.011552913523137257,0.017210151340986905,raw_knit,today
raw_knit|use|product||lifetime extension per repair,circularity,water use,0.025245243038365017,0.014212260933023572,0.011576494265263684,0.017015923568076352,raw_knit,today
raw_knit|use|product||number of repair events,circularity,acidification,0.629488324928317,0.5175073773909282,0.445265781217104,0.6249148860367091,raw_knit,today
raw_knit|use|product||number of repair events,circularity,climate change,0.3228046954157046,0.31268433115591804,0.2609172078712455,0.4018429223333595,raw_knit,today
raw_knit|use|product||number of repair events,circularity,climate change: biogenic,0.7887236016644026,0.6041726045621767,0.5264409564187459,0.713519929549282,raw_knit,today
raw_knit|use|product||number of repair events,circularity,climate change: fossil,0.3009389688248715,0.2896079785631593,0.24086215487926002,0.3728663588743871,raw_knit,today
raw_knit|use|product||number of repair events,circularity,climate change: land use and land use change,0.05396389265182015,0.1096296761387069,0.08259556163459802,0.14002604380534583,raw_knit,today
raw_knit|use|product||number of repair events,circularity,ecotoxicity: freshwater,0.5035902337789128,0.4181221101863209,0.355472009983529,0.5146998159425274,raw_knit,today
raw_knit|use|product||number of repair events,circularity,"ecotoxicity: freshwater, inorganics",0.46685595594703533,0.3920225801788627,0.3335604905690633,0.48723737927102856,raw_knit,today
raw_knit|use|product||number of repair events,circularity,"ecotoxicity: freshwater, organics",0.775268069027215,0.6048441710348568,0.5309875297076845,0.705163821371896,raw_knit,today
raw_knit|use|product||number of repair events,circularity,energy resources: non-renewable,0.669399881502775,0.47081382358047863,0.3966546377154974,0.571429052298572,raw_knit,today
raw_knit|use|product||number of repair events,circularity,eutrophication: freshwater,0.13293044684860278,0.15554697742601525,0.1245832655436449,0.20551922028334807,raw_knit,today
raw_knit|use|product||number of repair events,circularity,eutrophication: marine,0.7682723740150551,0.6023799444967946,0.5264018454737307,0.7088723434894105,raw_knit,today
raw_knit|use|product||number of repair events,circularity,eutrophication: terrestrial,0.7633215682113453,0.601129157115727,0.5254791854339059,0.7070771883349211,raw_knit,today
raw_knit|use|product||number of repair events,circularity,human toxicity: carcinogenic,0.2975048278475527,0.26225677008641946,0.2166158245457694,0.3361699883266708,raw_knit,today
raw_knit|use|product||number of repair events,circularity,"human toxicity: carcinogenic, inorganics",0.007869432227599562,0.054837411533508226,0.039084571641905666,0.07621595760419912,raw_knit,today
raw_knit|use|product||number of repair events,circularity,"human toxicity: carcinogenic, organics",0.7047206765336876,0.5366750188826621,0.47297797586248247,0.6282339986424976,raw_knit,today
raw_knit|use|product||number of repair events,circularity,human toxicity: non-carcinogenic,0.02644839049299794,0.06439630135256182,0.05224246450100824,0.07864728640083177,raw_knit,today
raw_knit|use|product||number of repair events,circularity,"human toxicity: non-carcinogenic, inorganics",0.044440946657751834,0.07623708469154654,0.06227181459525758,0.0927041499574354,raw_knit,today
raw_knit|use|product||number of repair events,circularity,"human toxicity: non-carcinogenic, organics",0.7566646616555414,0.5793680022161455,0.5050290483498907,0.6822300231751781,raw_knit,today
raw_knit|use|product||number of repair events,circularity,ionising radiation: human health,0.28800943540959056,0.19945452913870806,0.16285212227964335,0.2531006711833765,raw_knit,today
raw_knit|use|product||number of repair events,circularity,land use,0.7770956521159827,0.6098129101701184,0.5343004701968992,0.7120146064853663,raw_knit,today
raw_knit|use|product||number of repair events,circularity,material resources: metals/minerals,0.8052451722740352,0.5933347849324028,0.5262011952534829,0.6940556690821469,raw_knit,today
raw_knit|use|product||number of repair events,circularity,ozone depletion,0.3874997949846664,0.3396976895823541,0.28560943104210296,0.4096966801588456,raw_knit,today
raw_knit|use|product||number of repair events,circularity,particulate matter formation,0.7898391977471781,0.6094930104993631,0.5341195379875783,0.7115018800933247,raw_knit,today
raw_knit|use|product||number of repair events,circularity,photochemical oxidant formation: human health,0.5692766390615167,0.4831822179244865,0.4146646247634661,0.5845277213751545,raw_knit,today
raw_knit|use|product||number of repair events,circularity,water use,0.5906031620514853,0.4610283525347878,0.39980690112030226,0.5616956491341218,raw_knit,today
raw_knit|repair|repair material||share of product mass per repair,circularity,acidification,-0.004266733784321911,0.0007927126923679762,0.000658451039689587,0.0009622199829528161,raw_knit,today
raw_knit|repair|repair material||share of product mass per repair,circularity,climate change,-0.002050897426700553,0.00040121810979278896,0.00032673112094739286,0.0004960161484835403,raw_knit,today
raw_knit|repair|repair material||share of product mass per repair,circularity,climate change: biogenic,-0.005453549076729204,0.0009004614875645121,0.0007419528988023376,0.0010803621779619898,raw_knit,today
raw_knit|repair|repair material||share of product mass per repair,circularity,climate change: fossil,-0.0025766351206837393,0.0004503142281616054,0.0003643021049112112,0.0005545781396002307,raw_knit,today
raw_knit|repair|repair material||share of product mass per repair,circularity,climate change: land use and land use change,-0.0005895259067151543,0.00011242336238279846,8.5481705854789e-05,0.00014506422708694593,raw_knit,today
raw_knit|repair|repair material||share of product mass per repair,circularity,ecotoxicity: freshwater,-0.004141578175312935,0.0006477160130147374,0.0005348450049900569,0.0008020070886064426,raw_knit,today
raw_knit|repair|repair material||share of product mass per repair,circularity,"ecotoxicity: freshwater, inorganics",-0.003960528297800963,0.0006089944195617042,0.0005008668250112907,0.0007545177710376488,raw_knit,today
raw_knit|repair|repair material||share of product mass per repair,circularity,"ecotoxicity: freshwater, organics",-0.0044813996168504,0.0008992363047266821,0.0007318766581016795,0.0010963535179668847,raw_knit,today
raw_knit|repair|repair material||share of product mass per repair,circularity,energy resources: non-renewable,-0.0032706219629594236,0.0007174935981939499,0.0005610606633212158,0.0008711401475010513,raw_knit,today
raw_knit|repair|repair material||share of product mass per repair,circularity,eutrophication: freshwater,-0.0022208483121407625,0.0002471751032193184,0.00019651817903155306,0.000310260552414681,raw_knit,today
raw_knit|repair|repair material||share of product mass per repair,circularity,eutrophication: marine,-0.004792480368727263,0.0009042394625824788,0.0007382458973006308,0.0010973162512390696,raw_knit,today
raw_knit|repair|repair material||share of product mass per repair,circularity,eutrophication: terrestrial,-0.004702784854101337,0.0009020933369256417,0.0007363581112510046,0.0010953828162014445,raw_knit,today
raw_knit|repair|repair material||share of product mass per repair,circularity,human toxicity: carcinogenic,-0.0019813535012922416,0.0004028230677312999,0.0003279658042065628,0.0005013059550288571,raw_knit,today
raw_knit|repair|repair material||share of product mass per repair,circularity,"human toxicity: carcinogenic, inorganics",-0.00038507687458006515,7.814604851973904e-05,5.576693834866109e-05,0.00010766027516549503,raw_knit,today
raw_knit|repair|repair material||share of product mass per repair,circularity,"human toxicity: carcinogenic, organics",-0.00306200717122419,0.0007778268918090193,0.0006346307674067632,0.000960292606654112,raw_knit,today
raw_knit|repair|repair material||share of product mass per repair,circularity,human toxicity: non-carcinogenic,9.39265707698341e-06,7.70983559222477e-05,6.097592835822269e-05,9.437241875403118e-05,raw_knit,today
raw_knit|repair|repair material||share of product mass per repair,circularity,"human toxicity: non-carcinogenic, inorganics",-4.5452669025224744e-05,9.269639912836586e-05,7.490175135659103e-05,0.00011203829561742704,raw_knit,today
raw_knit|repair|repair material||share of product mass per repair,circularity,"human toxicity: non-carcinogenic, organics",-0.004243960317947699,0.0008595173304462776,0.0007031368371655848,0.0010516366351361452,raw_knit,today
raw_knit|repair|repair material||share of product mass per repair,circularity,ionising radiation: human health,-0.0007269760706006087,0.00027989168622377067,0.00021466882652261454,0.00036189813076377257,raw_knit,today
raw_knit|repair|repair material||share of product mass per repair,circularity,land use,-0.004625424663620748,0.0009067104840826721,0.0007414408135377811,0.001098662174955428,raw_knit,today
raw_knit|repair|repair material||share of product mass per repair,circularity,material resources: metals/minerals,-0.003939514794039204,0.0008535381723636243,0.0006903535165830633,0.0010446030616352371,raw_knit,today
raw_knit|repair|repair material||share of product mass per repair,circularity,ozone depletion,-0.0009915095407384414,0.0004802246264320625,0.000387651018845859,0.0005997581843435671,raw_knit,today
raw_knit|repair|repair material||share of product mass per repair,circularity,particulate matter formation,-0.0047054215870596565,0.0009114331861849426,0.0007384501874775974,0.0011040362503548576,raw_knit,today
raw_knit|repair|repair material||share of product mass per repair,circularity,photochemical oxidant formation: human health,-0.0036676550336575413,0.0007382774549238361,0.0006148696888350284,0.0008974373699674622,raw_knit,today
raw_knit|repair|repair material||share of product mass per repair,circularity,water use,-0.003646839409952541,0.0006901387193895005,0.0005748677752715723,0.0008294882953628397,raw_knit,today
raw_knit|end-of-life|waste|recycled_closed|share of waste,circularity,acidification,0.000934431256964267,1.2659691265224632e-05,8.505305694971295e-06,1.6769482663421036e-05,raw_knit,today
raw_knit|end-of-life|waste|recycled_closed|share of waste,circularity,climate change,0.0014086031738985557,0.00021613724276213942,0.00017125091329252314,0.00025971497162775663,raw_knit,today
raw_knit|end-of-life|waste|recycled_closed|share of waste,circularity,climate change: biogenic,2.1673339925525896e-05,3.5915707510088243e-06,2.611604973807478e-06,4.70026562738503e-06,raw_knit,today
raw_knit|end-of-life|waste|recycled_closed|share of waste,circularity,climate change: fossil,0.0015642281418490503,0.00021553325517578148,0.00017070707705787219,0.0002586979184906195,raw_knit,today
raw_knit|end-of-life|waste|recycled_closed|share of waste,circularity,climate change: land use and land use change,-0.001587696364551857,6.304367312099065e-05,4.103186542795499e-05,8.961147156312311e-05,raw_knit,today
raw_knit|end-of-life|waste|recycled_closed|share of waste,circularity,ecotoxicity: freshwater,0.001054397567945012,2.7558867780209465e-05,1.9493928390989663e-05,3.580567792629321e-05,raw_knit,today
raw_knit|end-of-life|waste|recycled_closed|share of waste,circularity,"ecotoxicity: freshwater, inorganics",0.0010792051880188982,2.930091084120604e-05,2.0609527586833466e-05,3.798264805602661e-05,raw_knit,today
raw_knit|end-of-life|waste|recycled_closed|share of waste,circularity,"ecotoxicity: freshwater, organics",-9.919256555968824e-05,7.926822613743382e-06,6.615655655986214e-06,9.362110754320702e-06,raw_knit,today
raw_knit|end-of-life|waste|recycled_closed|share of waste,circularity,energy resources: non-renewable,0.0017032996056963504,0.0003913106589588485,0.0003122570061250464,0.000479423685711616,raw_knit,today
raw_knit|end-of-life|waste|recycled_closed|share of waste,circularity,eutrophication: freshwater,0.0009692351334878979,5.154173042284785e-05,3.7975931173399084e-05,6.592046261153696e-05,raw_knit,today
raw_knit|end-of-life|waste|recycled_closed|share of waste,circularity,eutrophication: marine,0.00021316946650669425,1.162011368759114e-06,8.665534171290882e-07,1.4600765368399164e-06,raw_knit,today
raw_knit|end-of-life|waste|recycled_closed|share of waste,circularity,eutrophication: terrestrial,0.00021842767173342427,1.9354638400295983e-06,1.463759327458153e-06,2.3759344194708504e-06,raw_knit,today
raw_knit|end-of-life|waste|recycled_closed|share of waste,circularity,human toxicity: carcinogenic,0.0009221541749905554,0.00013315120403109405,0.00010133808730658779,0.00016674678696716052,raw_knit,today
raw_knit|end-of-life|waste|recycled_closed|share of waste,circularity,"human toxicity: carcinogenic, inorganics",8.858333577676042e-05,3.763170369612059e-05,2.493609205395597e-05,5.057647640363988e-05,raw_knit,today
raw_knit|end-of-life|waste|recycled_closed|share of waste,circularity,"human toxicity: carcinogenic, organics",-0.0008629184363695255,0.00028849793088537776,0.00024951778711144426,0.00033799881381552994,raw_knit,today
raw_knit|end-of-life|waste|recycled_closed|share of waste,circularity,human toxicity: non-carcinogenic,-0.00027278028778416003,7.133688588840236e-05,5.027784902773691e-05,9.203908359570263e-05,raw_knit,today
raw_knit|end-of-life|waste|recycled_closed|share of waste,circularity,"human toxicity: non-carcinogenic, inorganics",-0.00039583191267759303,6.370120056029818e-05,4.4595535011011136e-05,8.287722166511985e-05,raw_knit,today
raw_knit|end-of-life|waste|recycled_closed|share of waste,circularity,"human toxicity: non-carcinogenic, organics",0.0003972665921046264,0.00015297371660969456,0.00013069524581932882,0.00018086702385666298,raw_knit,today
raw_knit|end-of-life|waste|recycled_closed|share of waste,circularity,ionising radiation: human health,-0.00045497033824779595,6.436874027629184e-05,4.689711346757248e-05,8.522504136890579e-05,raw_knit,today
raw_knit|end-of-life|waste|recycled_closed|share of waste,circularity,land use,-4.823953705611535e-05,1.3691970486148403e-06,1.1397991006774063e-06,1.6491633315022284e-06,raw_knit,today
raw_knit|end-of-life|waste|recycled_closed|share of waste,circularity,material resources: metals/minerals,-0.0006638593414476936,0.00014720130593932806,0.0001251128408124835,0.0001729433270548724,raw_knit,today
raw_knit|end-of-life|waste|recycled_closed|share of waste,circularity,ozone depletion,2.5882403301329284e-05,0.001501428113150778,0.0012992046757977964,0.0017855332461358777,raw_knit,today
raw_knit|end-of-life|waste|recycled_closed|share of waste,circularity,particulate matter formation,0.00012922973617177696,2.25566033879493e-06,1.836505490515578e-06,2.6702550002655147e-06,raw_knit,today
raw_knit|end-of-life|waste|recycled_closed|share of waste,circularity,photochemical oxidant formation: human health,0.000994606713961395,6.167287572634868e-05,4.772375119614559e-05,7.498643111319564e-05,raw_knit,today
raw_knit|end-of-life|waste|recycled_closed|share of waste,circularity,water use,0.0015912839963240282,5.187785371768457e-05,4.2227345394035496e-05,6.32812402361135e-05,raw_knit,today
raw_knit|end-of-life|waste|incinerated|share of waste,circularity,acidification,0.00043389570709598556,1.484005351882276e-05,1.0388500964121407e-05,2.0310597504052627e-05,raw_knit,today
raw_knit|end-of-life|waste|incinerated|share of waste,circularity,climate change,0.0006609107843197285,0.00020746470720603197,0.00016977771303318878,0.0002527291722882087,raw_knit,today
raw_knit|end-of-life|waste|incinerated|share of waste,circularity,climate change: biogenic,8.015632448793902e-05,2.569255672738055e-06,1.995530609427043e-06,3.3629640008131907e-06,raw_knit,today
raw_knit|end-of-life|waste|incinerated|share of waste,circularity,climate change: fossil,0.0006962073601451963,0.00020699121708298167,0.00016963944598966208,0.00025268183232515995,raw_knit,today
raw_knit|end-of-life|waste|incinerated|share of waste,circularity,climate change: land use and land use change,0.0009350269329177268,5.2682488480651424e-05,3.665886106872802e-05,6.830742976151395e-05,raw_knit,today
raw_knit|end-of-life|waste|incinerated|share of waste,circularity,ecotoxicity: freshwater,0.0004727472655873628,3.092432720393518e-05,2.1798663045785377e-05,4.124462850585746e-05,raw_knit,today
raw_knit|end-of-life|waste|incinerated|share of waste,circularity,"ecotoxicity: freshwater, inorganics",0.000472500047774086,3.3094097735619604e-05,2.321490659448858e-05,4.4270523030824165e-05,raw_knit,today
raw_knit|end-of-life|waste|incinerated|share of waste,circularity,"ecotoxicity: freshwater, organics",0.0002293099205059711,6.6564014654151605e-06,5.443367520330808e-06,7.886701102875698e-06,raw_knit,today
raw_knit|end-of-life|waste|incinerated|share of waste,circularity,energy resources: non-renewable,0.0028448618757843692,0.00033423906507833195,0.00026548849617691133,0.0004021149775738809,raw_knit,today
raw_knit|end-of-life|waste|incinerated|share of waste,circularity,eutrophication: freshwater,0.00029656005103911046,5.5989937956648415e-05,3.929636362985059e-05,7.376425610370222e-05,raw_knit,today
raw_knit|end-of-life|waste|incinerated|share of waste,circularity,eutrophication: marine,0.0001263467014367227,1.2581866217734526e-06,9.491094116590008e-07,1.5962366793921767e-06,raw_knit,today
raw_knit|end-of-life|waste|incinerated|share of waste,circularity,eutrophication: terrestrial,0.0001451247568811225,2.0381876409681725e-06,1.5797585169297959e-06,2.5322459572773802e-06,raw_knit,today
raw_knit|end-of-life|waste|incinerated|share of waste,circularity,human toxicity: carcinogenic,0.0010241328501685426,0.00013441880474344465,0.00010667092566843415,0.00017023741744989987,raw_knit,today
raw_knit|end-of-life|waste|incinerated|share of waste,circularity,"human toxicity: carcinogenic, inorganics",0.0003000525326389048,4.6146935617589014e-05,3.062760229680866e-05,6.465350995422217e-05,raw_knit,today
raw_knit|end-of-life|waste|incinerated|share of waste,circularity,"human toxicity: carcinogenic, organics",0.001580932985362988,0.0002464757711115618,0.00020560994336638698,0.0002972344999679571,raw_knit,today
raw_knit|end-of-life|waste|incinerated|share of waste,circularity,human toxicity: non-carcinogenic,3.9230842158552905e-06,8.272594128067946e-05,5.7724464491515426e-05,0.00011197437038005362,raw_knit,today
raw_knit|end-of-life|waste|incinerated|share of waste,circularity,"human toxicity: non-carcinogenic, inorganics",-3.724976562126357e-05,7.485212020163077e-05,5.123236401261276e-05,0.00010210971105496212,raw_knit,today
raw_knit|end-of-life|waste|incinerated|share of waste,circularity,"human toxicity: non-carcinogenic, organics",0.001081950948100905,0.00013608946193440123,0.0001137532456965134,0.00016031021746995693,raw_knit,today
raw_knit|end-of-life|waste|incinerated|share of waste,circularity,ionising radiation: human health,0.0011269355044963038,4.65379412689979e-05,3.1428185762210306e-05,6.311965042495523e-05,raw_knit,today
raw_knit|end-of-life|waste|incinerated|share of waste,circularity,land use,1.0196159225066607e-05,1.2347959362327588e-06,1.0142794698710372e-06,1.4738094643610963e-06,raw_knit,today
raw_knit|end-of-life|waste|incinerated|share of waste,circularity,material resources: metals/minerals,0.0007933273515631886,0.000126346343887954,0.00010456884275807865,0.0001527765286306058,raw_knit,today
raw_knit|end-of-life|waste|incinerated|share of waste,circularity,ozone depletion,0.0016948514924363172,0.00127022604406095,0.0010544346363639922,0.001553091721765565,raw_knit,today
raw_knit|end-of-life|waste|incinerated|share of waste,circularity,particulate matter formation,0.00016603976260939023,2.1316074687447495e-06,1.7205719810047012e-06,2.590064836059088e-06,raw_knit,today
raw_knit|end-of-life|waste|incinerated|share of waste,circularity,photochemical oxidant formation: human health,0.0008052829514379745,6.113727960647749e-05,4.8895532240229915e-05,7.713152157466051e-05,raw_knit,today
raw_knit|end-of-life|waste|incinerated|share of waste,circularity,water use,0.0006998983343183701,4.924904362437345e-05,3.9594549161770414e-05,5.976531699953577e-05,raw_knit,today
raw_knit|production|Carding & roving||electricity location,location,acidification,0.09279394478052472,0.03264037159539282,0.02670030587277727,0.038449819051702167,raw_knit,today
raw_knit|production|Carding & roving||electricity location,location,climate change,0.18724663835598226,0.11156390298008911,0.09164821619618004,0.1342267917242048,raw_knit,today
raw_knit|production|Carding & roving||electricity location,location,climate change: biogenic,0.009915568904570526,0.006069970291209441,0.0047920669656524644,0.007212441784031795,raw_knit,today
raw_knit|production|Carding & roving||electricity location,location,climate change: fossil,0.19907327259512847,0.1120828682458528,0.09195283530649964,0.13480770809459958,raw_knit,today
raw_knit|production|Carding & roving||electricity location,location,climate change: land use and land use change,0.13486702788009086,0.1306502801379164,0.10843191614694554,0.15662592793030683,raw_knit,today
raw_knit|production|Carding & roving||electricity location,location,ecotoxicity: freshwater,0.16164520709311353,0.07427166859071886,0.06063645818844173,0.08847559999123242,raw_knit,today
raw_knit|production|Carding & roving||electricity location,location,"ecotoxicity: freshwater, inorganics",0.1732427418455841,0.08356821351759151,0.06794403941455159,0.10026004426718366,raw_knit,today
raw_knit|production|Carding & roving||electricity location,location,"ecotoxicity: freshwater, organics",-0.003018641248042363,0.0009594905427751334,0.0008146333733227284,0.001119060779940775,raw_knit,today
raw_knit|production|Carding & roving||electricity location,location,energy resources: non-renewable,0.03871592426823738,0.045430968475973214,0.03821295832118018,0.05318040348370757,raw_knit,today
raw_knit|production|Carding & roving||electricity location,location,eutrophication: freshwater,0.2383905726001236,0.1669521574981117,0.13522607578258353,0.19967313250253665,raw_knit,today
raw_knit|production|Carding & roving||electricity location,location,eutrophication: marine,0.017801932129536215,0.0018855540805286638,0.0015479500438876472,0.0022184461419219475,raw_knit,today
raw_knit|production|Carding & roving||electricity location,location,eutrophication: terrestrial,0.019471742578000082,0.0022786058134109063,0.0018639731783468587,0.002658475661033755,raw_knit,today
raw_knit|production|Carding & roving||electricity location,location,human toxicity: carcinogenic,0.19046353339970282,0.10723381723357074,0.08856969795988488,0.12669006995926593,raw_knit,today
raw_knit|production|Carding & roving||electricity location,location,"human toxicity: carcinogenic, inorganics",0.22059856201339256,0.1919185997516928,0.15467569609405163,0.2323974852619635,raw_knit,today
raw_knit|production|Carding & roving||electricity location,location,"human toxicity: carcinogenic, organics",0.009937870055185483,0.016661993836830306,0.014215504455735441,0.01999438612559772,raw_knit,today
raw_knit|production|Carding & roving||electricity location,location,human toxicity: non-carcinogenic,0.149727905792817,0.17552262004222416,0.14416239169421285,0.2120804611532461,raw_knit,today
raw_knit|production|Carding & roving||electricity location,location,"human toxicity: non-carcinogenic, inorganics",0.13903633845673466,0.17225245268010483,0.14146231245021812,0.2079367201249091,raw_knit,today
raw_knit|production|Carding & roving||electricity location,location,"human toxicity: non-carcinogenic, organics",0.0490712456418059,0.012015499278898266,0.00999196552864567,0.014333262475956786,raw_knit,today
raw_knit|production|Carding & roving||electricity location,location,ionising radiation: human health,0.08324179705425945,0.12284924028082343,0.10284247893809992,0.14469769030237276,raw_knit,today
raw_knit|production|Carding & roving||electricity location,location,land use,0.005147902559198108,0.0004980435497562867,0.0004005564727200454,0.0006008455930520141,raw_knit,today
raw_knit|production|Carding & roving||electricity location,location,material resources: metals/minerals,0.011134474586772608,0.009826689447228991,0.007965352979228651,0.011580009621886099,raw_knit,today
raw_knit|production|Carding & roving||electricity location,location,ozone depletion,0.06608515896786916,0.07833098603773993,0.06513970545681089,0.0928841536761086,raw_knit,today
raw_knit|production|Carding & roving||electricity location,location,particulate matter formation,0.008953882994781647,0.0008054687497031121,0.0006669016085793423,0.0009628790959255678,raw_knit,today
raw_knit|production|Carding & roving||electricity location,location,photochemical oxidant formation: human health,0.10825258746600616,0.04365080203988534,0.03574719348567691,0.05146354677850212,raw_knit,today
raw_knit|production|Carding & roving||electricity location,location,water use,0.08969924052486275,0.047463472072077156,0.03943587757656599,0.0546874393118302,raw_knit,today
raw_knit|production|Spinning||electricity location,location,acidification,0.01717199502313108,0.010808993741128104,0.00818327512805753,0.013458999853530886,raw_knit,today
raw_knit|production|Spinning||electricity location,location,climate change,0.07239927226282401,0.042130167965950496,0.034161634983261524,0.051840260868679225,raw_knit,today
raw_knit|production|Spinning||electricity location,location,climate change: biogenic,0.026089211038427238,0.002936511672566917,0.0023313521610687283,0.003605757845939183,raw_knit,today
raw_knit|production|Spinning||electricity location,location,climate change: fossil,0.0765705805787772,0.042325310534559894,0.03442665864915082,0.052282808512524995,raw_knit,today
raw_knit|production|Spinning||electricity location,location,climate change: land use and land use change,0.043987481549263435,0.06309288253639966,0.052883428533425314,0.07429087131630052,raw_knit,today
raw_knit|production|Spinning||electricity location,location,ecotoxicity: freshwater,0.07004605141757761,0.026809229470797134,0.021397830818124994,0.03297176678789378,raw_knit,today
raw_knit|production|Spinning||electricity location,location,"ecotoxicity: freshwater, inorganics",0.07470338976873409,0.030106446263177274,0.024146863343256053,0.03728114488023427,raw_knit,today
raw_knit|production|Spinning||electricity location,location,"ecotoxicity: freshwater, organics",0.0026119128066845036,0.00044016560568510294,0.00037226013903866027,0.0005284663685728443,raw_knit,today
raw_knit|production|Spinning||electricity location,location,energy resources: non-renewable,-0.04130503689349447,0.015407134805784255,0.012005881196784295,0.019329106056214903,raw_knit,today
raw_knit|production|Spinning||electricity location,location,eutrophication: freshwater,0.11802896278847803,0.061725451236450304,0.05127201516333466,0.07322836330455762,raw_knit,today
raw_knit|production|Spinning||electricity location,location,eutrophication: marine,0.0060629951304829064,0.000662463780029296,0.0005160399236616659,0.0007949651970062994,raw_knit,today
raw_knit|production|Spinning||electricity location,location,eutrophication: terrestrial,0.005925231669464897,0.0008153098394941312,0.0006287982826586315,0.0009766971399016733,raw_knit,today
raw_knit|production|Spinning||electricity location,location,human toxicity: carcinogenic,0.06766968720913483,0.0384705747680792,0.03068503168747985,0.04793608690156789,raw_knit,today
raw_knit|production|Spinning||electricity location,location,"human toxicity: carcinogenic, inorganics",0.07595831380225207,0.06504795976326701,0.05347370314929756,0.08032897213872651,raw_knit,today
raw_knit|production|Spinning||electricity location,location,"human toxicity: carcinogenic, organics",0.02347669316954169,0.0072555642626591955,0.0061219578125095205,0.008678354179884181,raw_knit,today
raw_knit|production|Spinning||electricity location,location,human toxicity: non-carcinogenic,0.051820948853171664,0.059994705222501526,0.04913289204367556,0.073909650803009,raw_knit,today
raw_knit|production|Spinning||electricity location,location,"human toxicity: non-carcinogenic, inorganics",0.048423616174831846,0.05878558737996887,0.04818058295036667,0.0726075871236255,raw_knit,today
raw_knit|production|Spinning||electricity location,location,"human toxicity: non-carcinogenic, organics",0.026166767978357427,0.004830878809739177,0.003947708845074732,0.005918920625966992,raw_knit,today
raw_knit|production|Spinning||electricity location,location,ionising radiation: human health,-0.01593991487359429,0.05823706466994759,0.04589544211435163,0.071422619540083,raw_knit,today
raw_knit|production|Spinning||electricity location,location,land use,0.006644481963765533,0.00020708900700196157,0.00017016970633523926,0.0002400898307739658,raw_knit,today
raw_knit|production|Spinning||electricity location,location,material resources: metals/minerals,0.031744055260709156,0.003588693026013131,0.002998509239657697,0.004333736976806796,raw_knit,today
raw_knit|production|Spinning||electricity location,location,ozone depletion,0.04233764133288169,0.036040445522920884,0.02983925986760669,0.041861001965556754,raw_knit,today
raw_knit|production|Spinning||electricity location,location,particulate matter formation,0.0016414891051224681,0.00029045000754804225,0.00022809818922210018,0.00035102245154259177,raw_knit,today
raw_knit|production|Spinning||electricity location,location,photochemical oxidant formation: human health,0.028629591708579025,0.01595729012421107,0.01261565884329232,0.019590853048709982,raw_knit,today
raw_knit|production|Spinning||electricity location,location,water use,-0.016249894114405458,0.01590824100957408,0.013284380698343999,0.018814115885795436,raw_knit,today
raw_knit|production|CNC knitting||electricity location,location,acidification,0.054974579816697955,0.11177075770519317,0.08921407551799154,0.1341710207879347,raw_knit,today
raw_knit|production|CNC knitting||electricity location,location,climate change,0.2949296395987932,0.424532441314859,0.35822238408949847,0.4947474727463133,raw_knit,today
raw_knit|production|CNC knitting||electricity location,location,climate change: biogenic,-0.02167223011870481,0.023438217425951795,0.018649170376670444,0.028587904027716656,raw_knit,today
raw_knit|production|CNC knitting||electricity location,location,climate change: fossil,0.2803017000021677,0.4265952692344909,0.35762107496284085,0.49749864561817386,raw_knit,today
raw_knit|production|CNC knitting||electricity location,location,climate change: land use and land use change,0.5973775651585852,0.6006288958659971,0.5127109842083166,0.6940779375541041,raw_knit,today
raw_knit|production|CNC knitting||electricity location,location,ecotoxicity: freshwater,0.14584545182329053,0.2730886516847687,0.22594407531980779,0.32471237129424557,raw_knit,today
raw_knit|production|CNC knitting||electricity location,location,"ecotoxicity: freshwater, inorganics",0.1740906075433681,0.30678814190525844,0.2535554887367413,0.3648783920124611,raw_knit,today
raw_knit|production|CNC knitting||electricity location,location,"ecotoxicity: freshwater, organics",0.0011720309890345117,0.004511674541045987,0.003783931643396355,0.0052760301243451,raw_knit,today
raw_knit|production|CNC knitting||electricity location,location,energy resources: non-renewable,0.32289131457979964,0.1746974229061711,0.13801924565359863,0.20980089369364396,raw_knit,today
raw_knit|production|CNC knitting||electricity location,location,eutrophication: freshwater,0.46244735072047427,0.6248734451867293,0.5414056770551394,0.7182231722102328,raw_knit,today
raw_knit|production|CNC knitting||electricity location,location,eutrophication: marine,-0.009939092853121048,0.006849122792481009,0.005397807362729505,0.008320812290923772,raw_knit,today
raw_knit|production|CNC knitting||electricity location,location,eutrophication: terrestrial,-0.011024950145640639,0.008249121742391653,0.006528830417138345,0.009991670420049687,raw_knit,today
raw_knit|production|CNC knitting||electricity location,location,human toxicity: carcinogenic,0.2999670162580374,0.3937165056806605,0.33351454083434934,0.4568327795663658,raw_knit,today
raw_knit|production|CNC knitting||electricity location,location,"human toxicity: carcinogenic, inorganics",0.5881450347614674,0.6753126310216324,0.5738490002895736,0.7755107221265626,raw_knit,today
raw_knit|production|CNC knitting||electricity location,location,"human toxicity: carcinogenic, organics",0.0819247391819115,0.07870398247354282,0.06584352278351495,0.09456286504613332,raw_knit,today
raw_knit|production|CNC knitting||electricity location,location,human toxicity: non-carcinogenic,0.5914104428400028,0.6120062234144634,0.5198332106431081,0.7205058656896592,raw_knit,today
raw_knit|production|CNC knitting||electricity location,location,"human toxicity: non-carcinogenic, inorganics",0.5864852893658948,0.6000400744991333,0.5090839877457318,0.7114082322098161,raw_knit,today
raw_knit|production|CNC knitting||electricity location,location,"human toxicity: non-carcinogenic, organics",-0.011794818041297,0.04721757250880454,0.03872387923734097,0.05619095901872374,raw_knit,today
raw_knit|production|CNC knitting||electricity location,location,ionising radiation: human health,0.7144821590011105,0.5206278821772865,0.44102639096179314,0.6123530914200555,raw_knit,today
raw_knit|production|CNC knitting||electricity location,location,land use,-0.020035406008653663,0.0019362470003052876,0.0016013039026462322,0.002271856733637815,raw_knit,today
raw_knit|production|CNC knitting||electricity location,location,material resources: metals/minerals,-0.01480426949886648,0.033255651748979195,0.027730903569729164,0.03888879663359872,raw_knit,today
raw_knit|production|CNC knitting||electricity location,location,ozone depletion,0.19579749089511164,0.33719410688670354,0.2847911420441279,0.3949728418897852,raw_knit,today
raw_knit|production|CNC knitting||electricity location,location,particulate matter formation,-0.0027261199518950597,0.0030373945429189335,0.0024144774010545138,0.0035899377279593105,raw_knit,today
raw_knit|production|CNC knitting||electricity location,location,photochemical oxidant formation: human health,0.08791103363977022,0.16315977382389382,0.13291393290552153,0.19364794047267272,raw_knit,today
raw_knit|production|CNC knitting||electricity location,location,water use,0.09143290392823657,0.1609283853962571,0.1334323829397345,0.184743690335092,raw_knit,today
raw_knit|repair|Carding & roving||electricity location,location,acidification,-0.006593728296354239,0.000274470472492947,0.00021999688347798267,0.0003472326607768321,raw_knit,today
raw_knit|repair|Carding & roving||electricity location,location,climate change,-0.006612655811962219,0.0010407639440665546,0.0008506898662834593,0.0013061585427490646,raw_knit,today
raw_knit|repair|Carding & roving||electricity location,location,climate change: biogenic,0.0004349523769115175,5.424304927846227e-05,4.251182294403032e-05,6.995049779367268e-05,raw_knit,today
raw_knit|repair|Carding & roving||electricity location,location,climate change: fossil,-0.007856510207469707,0.0010458513797455854,0.0008519755191881975,0.0013175619522019992,raw_knit,today
raw_knit|repair|Carding & roving||electricity location,location,climate change: land use and land use change,0.005493825100565499,0.0014310453607177373,0.0011913680961343457,0.0016987363915062135,raw_knit,today
raw_knit|repair|Carding & roving||electricity location,location,ecotoxicity: freshwater,-0.0094891488224631,0.0006506453849368766,0.0005318293649601829,0.0008352942562351676,raw_knit,today
raw_knit|repair|Carding & roving||electricity location,location,"ecotoxicity: freshwater, inorganics",-0.009717126176857823,0.0007306583887723999,0.0005977915220350878,0.0009410654242406137,raw_knit,today
raw_knit|repair|Carding & roving||electricity location,location,"ecotoxicity: freshwater, organics",0.0016854906865652092,1.001962295152077e-05,7.916971264478185e-06,1.1815912872304191e-05,raw_knit,today
raw_knit|repair|Carding & roving||electricity location,location,energy resources: non-renewable,-0.006374541618050547,0.00043966226694174123,0.0003607291165381543,0.0005350514067407278,raw_knit,today
raw_knit|repair|Carding & roving||electricity location,location,eutrophication: freshwater,-0.007533735799675222,0.001447846495960393,0.0011937915098116582,0.0018365493248114787,raw_knit,today
raw_knit|repair|Carding & roving||electricity location,location,eutrophication: marine,-0.0017899692732568052,1.6562873280292875e-05,1.3036566943508096e-05,2.0462055100183546e-05,raw_knit,today
raw_knit|repair|Carding & roving||electricity location,location,eutrophication: terrestrial,-0.001730358615933865,2.0429183599826166e-05,1.62684298919339e-05,2.5177066918085534e-05,raw_knit,today
raw_knit|repair|Carding & roving||electricity location,location,human toxicity: carcinogenic,-0.006412478485699126,0.0009462212130886453,0.0007729444353369991,0.0012408983245836764,raw_knit,today
raw_knit|repair|Carding & roving||electricity location,location,"human toxicity: carcinogenic, inorganics",-0.0003275646853999054,0.0016210592464068775,0.0013328969151831422,0.0020589695856257314,raw_knit,today
raw_knit|repair|Carding & roving||electricity location,location,"human toxicity: carcinogenic, organics",0.006209972871271549,0.00016871951679395874,0.00013682002169028895,0.00020374595704427686,raw_knit,today
raw_knit|repair|Carding & roving||electricity location,location,human toxicity: non-carcinogenic,0.005865235848159117,0.0014930027599191255,0.001223544883496857,0.001864478151794617,raw_knit,today
raw_knit|repair|Carding & roving||electricity location,location,"human toxicity: non-carcinogenic, inorganics",0.006769045504653269,0.001462967867186179,0.0011943170983568635,0.0018078400851929742,raw_knit,today
raw_knit|repair|Carding & roving||electricity location,location,"human toxicity: non-carcinogenic, organics",-0.0029203532700743076,0.00011631799539475453,9.412685683653201e-05,0.00013997123906026016,raw_knit,today
raw_knit|repair|Carding & roving||electricity location,location,ionising radiation: human health,-0.002855878535621162,0.001349444530589532,0.001099284716555946,0.0016280854168389484,raw_knit,today
raw_knit|repair|Carding & roving||electricity location,location,land use,0.00029470443045346336,5.0310910676030035e-06,4.151199476710925e-06,6.163687072180175e-06,raw_knit,today
raw_knit|repair|Carding & roving||electricity location,location,material resources: metals/minerals,0.0016439645263708464,7.698367113333984e-05,6.316496865440752e-05,9.40731575136166e-05,raw_knit,today
raw_knit|repair|Carding & roving||electricity location,location,ozone depletion,0.004715951228770986,0.000740853222231419,0.0006117318810629345,0.0008903991241251788,raw_knit,today
raw_knit|repair|Carding & roving||electricity location,location,particulate matter formation,-0.0010354430154949194,7.28567765013913e-06,5.754046547684044e-06,8.987258201321833e-06,raw_knit,today
raw_knit|repair|Carding & roving||electricity location,location,photochemical oxidant formation: human health,-0.004976474495718009,0.0004023944178288039,0.0003245912263211431,0.0005051322541484996,raw_knit,today
raw_knit|repair|Carding & roving||electricity location,location,water use,-0.007264897719431956,0.00038658301832698356,0.00032396786642781603,0.00045447843241244013,raw_knit,today
raw_knit|repair|Spinning||electricity location,location,acidification,-0.0008831329555052306,0.0001115562094951001,8.696061227346376e-05,0.00013998864664522095,raw_knit,today
raw_knit|repair|Spinning||electricity location,location,climate change,-0.0028135391548686868,0.0004229805863243015,0.00033155898326287924,0.0005248477446838316,raw_knit,today
raw_knit|repair|Spinning||electricity location,location,climate change: biogenic,-0.0011076701234336906,2.5955929994401246e-05,2.031617574829177e-05,3.163770715740236e-05,raw_knit,today
raw_knit|repair|Spinning||electricity location,location,climate change: fossil,-0.0031498425624526803,0.0004253020582726187,0.00033388396335373244,0.0005272178236699267,raw_knit,today
raw_knit|repair|Spinning||electricity location,location,climate change: land use and land use change,-9.38378646528152e-05,0.0006762137279902096,0.0005671902280520714,0.0008004678075738313,raw_knit,today
raw_knit|repair|Spinning||electricity location,location,ecotoxicity: freshwater,-0.002719330580401507,0.0002626517912552585,0.0002049174130606287,0.00032699641408054115,raw_knit,today
raw_knit|repair|Spinning||electricity location,location,"ecotoxicity: freshwater, inorganics",-0.002732992509907055,0.0002948120890297167,0.00022864135866444485,0.0003651533389301387,raw_knit,today
raw_knit|repair|Spinning||electricity location,location,"ecotoxicity: freshwater, organics",-0.0001281379335115146,4.357055442932796e-06,3.680515760605734e-06,5.314794201910074e-06,raw_knit,today
raw_knit|repair|Spinning||electricity location,location,energy resources: non-renewable,0.0031256449334004367,0.00017407677850877478,0.00013781594039333152,0.00021697528675584731,raw_knit,today
raw_knit|repair|Spinning||electricity location,location,eutrophication: freshwater,-0.0013156500423315224,0.000591939093242115,0.0004675880663282877,0.0007212787499946859,raw_knit,today
raw_knit|repair|Spinning||electricity location,location,eutrophication: marine,-0.0004399023386926911,6.717290795100752e-06,5.250450826063175e-06,8.46116499492275e-06,raw_knit,today
raw_knit|repair|Spinning||electricity location,location,eutrophication: terrestrial,-0.00048198727359120245,8.325624240676597e-06,6.533063253504128e-06,1.0457097298628711e-05,raw_knit,today
raw_knit|repair|Spinning||electricity location,location,human toxicity: carcinogenic,-0.002562318873067139,0.00038684511192941845,0.0003072578350921571,0.000484898937546013,raw_knit,today
raw_knit|repair|Spinning||electricity location,location,"human toxicity: carcinogenic, inorganics",-0.0003069150332772836,0.0006508035535134513,0.000501734673896483,0.000827204082070517,raw_knit,today
raw_knit|repair|Spinning||electricity location,location,"human toxicity: carcinogenic, organics",-0.000997919702175919,7.397333713547276e-05,6.316353789750603e-05,9.05908223246044e-05,raw_knit,today
raw_knit|repair|Spinning||electricity location,location,human toxicity: non-carcinogenic,0.0008162289527892386,0.0005982806390745737,0.0004539386208532862,0.0007433031058857041,raw_knit,today
raw_knit|repair|Spinning||electricity location,location,"human toxicity: non-carcinogenic, inorganics",0.0010083439473714108,0.0005862022316685437,0.00044690839068624213,0.0007318334961362425,raw_knit,today
raw_knit|repair|Spinning||electricity location,location,"human toxicity: non-carcinogenic, organics",-0.0018653669667686367,4.809826814743367e-05,3.829757963523234e-05,5.9926913650118434e-05,raw_knit,today
raw_knit|repair|Spinning||electricity location,location,ionising radiation: human health,0.0035457634554525276,0.0005288374389999898,0.00043407646200049904,0.0006333674108660418,raw_knit,today
raw_knit|repair|Spinning||electricity location,location,land use,-0.0005788888280639707,1.944842826722899e-06,1.5933023574116278e-06,2.3441827054609585e-06,raw_knit,today
raw_knit|repair|Spinning||electricity location,location,material resources: metals/minerals,-0.0023218260828424702,3.337632146117339e-05,2.8047632917019227e-05,4.037883458107376e-05,raw_knit,today
raw_knit|repair|Spinning||electricity location,location,ozone depletion,-0.003291022740300806,0.00033865781218973866,0.00028515237653703213,0.0004138828575924417,raw_knit,today
raw_knit|repair|Spinning||electricity location,location,particulate matter formation,-0.00019792853404456277,3.1030139861672444e-06,2.388461705009855e-06,3.852793757662119e-06,raw_knit,today
raw_knit|repair|Spinning||electricity location,location,photochemical oxidant formation: human health,-0.0016419092296970565,0.00016605060983586884,0.00013079266505528083,0.00020918913003549692,raw_knit,today
raw_knit|repair|Spinning||electricity location,location,water use,0.0024194259108920196,0.00017147823388313625,0.0001420431478687525,0.00020853150530699668,raw_knit,today
raw_knit|repair|CNC knitting||electricity location,location,acidification,-0.014776875185321668,0.0009796343533095867,0.0007686880603819154,0.0012098711951802966,raw_knit,today
raw_knit|repair|CNC knitting||electricity location,location,climate change,-0.013075771596498822,0.0033988297083779586,0.002762793886413821,0.004181574558044591,raw_knit,today
raw_knit|repair|CNC knitting||electricity location,location,climate change: biogenic,0.003345501985146577,0.00022890902928463492,0.0001797498917792685,0.0002786015247168094,raw_knit,today
raw_knit|repair|CNC knitting||electricity location,location,climate change: fossil,-0.015077683351340299,0.003414278617323279,0.002787189307194638,0.004201836345279922,raw_knit,today
raw_knit|repair|CNC knitting||electricity location,location,climate change: land use and land use change,0.00031519898452991586,0.004615970180860951,0.0037881217538652382,0.005623563254894519,raw_knit,today
raw_knit|repair|CNC knitting||electricity location,location,ecotoxicity: freshwater,-0.017963445399012328,0.0021783531815918813,0.001750248227868027,0.002740743000167319,raw_knit,today
raw_knit|repair|CNC knitting||electricity location,location,"ecotoxicity: freshwater, inorganics",-0.01849355183282506,0.0024483665447365805,0.001979120007355644,0.0030934735995607025,raw_knit,today
raw_knit|repair|CNC knitting||electricity location,location,"ecotoxicity: freshwater, organics",0.0016503269993176973,3.674688960551356e-05,3.048027917307102e-05,4.3916510027164055e-05,raw_knit,today
raw_knit|repair|CNC knitting||electricity location,location,energy resources: non-renewable,-0.003932356096947782,0.0015750340815461061,0.0012752525017611204,0.0019220269605826228,raw_knit,today
raw_knit|repair|CNC knitting||electricity location,location,eutrophication: freshwater,-0.012536093150172012,0.004838471946446005,0.004018099878540653,0.006077311650542316,raw_knit,today
raw_knit|repair|CNC knitting||electricity location,location,eutrophication: marine,-0.0035170017499795442,5.629096785692586e-05,4.553011693901117e-05,6.840332157604192e-05,raw_knit,today
raw_knit|repair|CNC knitting||electricity location,location,eutrophication: terrestrial,-0.0038826050916989925,7.10258603814253e-05,5.8704610650790485e-05,8.587217723226785e-05,raw_knit,today
raw_knit|repair|CNC knitting||electricity location,location,human toxicity: carcinogenic,-0.018600312163254376,0.003285726414357904,0.0027180936913120467,0.0042073143800509935,raw_knit,today
raw_knit|repair|CNC knitting||electricity location,location,"human toxicity: carcinogenic, inorganics",-0.008162220310855743,0.0056193594942560866,0.004426045125171798,0.007223001186019009,raw_knit,today
raw_knit|repair|CNC knitting||electricity location,location,"human toxicity: carcinogenic, organics",0.003021528433167626,0.0006032666100432937,0.0005006516019587593,0.0007158957570375538,raw_knit,today
raw_knit|repair|CNC knitting||electricity location,location,human toxicity: non-carcinogenic,0.004631230256555914,0.005237258069912651,0.004185624694227926,0.006670038350006498,raw_knit,today
raw_knit|repair|CNC knitting||electricity location,location,"human toxicity: non-carcinogenic, inorganics",0.006387999103865428,0.005136231703187528,0.004111933047408261,0.006536324498774587,raw_knit,today
raw_knit|repair|CNC knitting||electricity location,location,"human toxicity: non-carcinogenic, organics",-0.007094667645304258,0.0003925927139489901,0.00033352174327203537,0.0004651316934142197,raw_knit,today
raw_knit|repair|CNC knitting||electricity location,location,ionising radiation: human health,0.016970364436117664,0.004673737698719859,0.003701059988284867,0.005719724258949968,raw_knit,today
raw_knit|repair|CNC knitting||electricity location,location,land use,-0.00046619234768254084,1.846312612727907e-05,1.4953506705544423e-05,2.198637257109046e-05,raw_knit,today
raw_knit|repair|CNC knitting||electricity location,location,material resources: metals/minerals,0.0017988698425396997,0.0002957170781975927,0.00023643088454721684,0.00036328787148316065,raw_knit,today
raw_knit|repair|CNC knitting||electricity location,location,ozone depletion,0.013199298029406196,0.0028460059477314467,0.0023706241601346312,0.003325427602173747,raw_knit,today
raw_knit|repair|CNC knitting||electricity location,location,particulate matter formation,-0.001995646966918887,2.525209654556399e-05,2.1027511184754953e-05,3.04703263085385e-05,raw_knit,today
raw_knit|repair|CNC knitting||electricity location,location,photochemical oxidant formation: human health,-0.013649869288912106,0.0013886833375773146,0.0011251037798459514,0.0017080835181216949,raw_knit,today
raw_knit|repair|CNC knitting||electricity location,location,water use,-0.011246685990540682,0.0014501407802299839,0.0012033496969592172,0.0017230089681620426,raw_knit,today
raw_knit|end-of-life|waste||disposal grid location,location,acidification,0.014649646670878393,0.0015613081065674246,0.0012748742962899223,0.0018706038964255006,raw_knit,today
raw_knit|end-of-life|waste||disposal grid location,location,climate change,0.016378917202061995,0.005496855733692496,0.004527140629899573,0.00664348398424031,raw_knit,today
raw_knit|end-of-life|waste||disposal grid location,location,climate change: biogenic,-0.002659460600208186,0.0002957113945312442,0.0002466658623905959,0.00036642879734284656,raw_knit,today
raw_knit|end-of-life|waste||disposal grid location,location,climate change: fossil,0.018463443371014975,0.005522139615258016,0.004536437512683516,0.006660640261119033,raw_knit,today
raw_knit|end-of-life|waste||disposal grid location,location,climate change: land use and land use change,0.005909385573971354,0.006792425869566678,0.0056161589048398285,0.008003272648989888,raw_knit,today
raw_knit|end-of-life|waste||disposal grid location,location,ecotoxicity: freshwater,0.020215621784750393,0.003700686613050497,0.0030548669519919317,0.00445053938973397,raw_knit,today
raw_knit|end-of-life|waste||disposal grid location,location,"ecotoxicity: freshwater, inorganics",0.020975041782633676,0.0041667460406962795,0.003423619356142731,0.005020282505392808,raw_knit,today
raw_knit|end-of-life|waste||disposal grid location,location,"ecotoxicity: freshwater, organics",-0.001856420218228114,5.5537076794677504e-05,4.655275440118778e-05,6.337676125347857e-05,raw_knit,today
raw_knit|end-of-life|waste||disposal grid location,location,energy resources: non-renewable,0.01351440851098995,0.0020438083783428486,0.0016274298719761505,0.002392829403784421,raw_knit,today
raw_knit|end-of-life|waste||disposal grid location,location,eutrophication: freshwater,0.018966229333222187,0.00848570810358935,0.0070100922681435645,0.01014843886215907,raw_knit,today
raw_knit|end-of-life|waste||disposal grid location,location,eutrophication: marine,0.0035734122335346584,9.214014129473635e-05,7.545053692843362e-05,0.00010965726887464825,raw_knit,today
raw_knit|end-of-life|waste||disposal grid location,location,eutrophication: terrestrial,0.003746462607602711,0.00011043548855119847,9.145884309278487e-05,0.00013085466860954709,raw_knit,today
raw_knit|end-of-life|waste||disposal grid location,location,human toxicity: carcinogenic,0.020542981414776566,0.005230915807059604,0.004315837285219669,0.006380795493011783,raw_knit,today
raw_knit|end-of-life|waste||disposal grid location,location,"human toxicity: carcinogenic, inorganics",0.010284147121324225,0.009454947876581283,0.007835010120390591,0.011396962138074177,raw_knit,today
raw_knit|end-of-life|waste||disposal grid location,location,"human toxicity: carcinogenic, organics",-0.002319463042673583,0.0008941850288901595,0.0007693645263321486,0.0010259845938068736,raw_knit,today
raw_knit|end-of-life|waste||disposal grid location,location,human toxicity: non-carcinogenic,-0.0027403315697862264,0.008616059852235793,0.007071729951136941,0.01014426100120587,raw_knit,today
raw_knit|end-of-life|waste||disposal grid location,location,"human toxicity: non-carcinogenic, inorganics",-0.004548465704311507,0.008457454523902896,0.006975095917753918,0.00996109224615106,raw_knit,today
raw_knit|end-of-life|waste||disposal grid location,location,"human toxicity: non-carcinogenic, organics",0.006886682361790907,0.0005836497047192325,0.0004912289052205325,0.0006916965143960998,raw_knit,today
raw_knit|end-of-life|waste||disposal grid location,location,ionising radiation: human health,0.007396726229646229,0.005935110761867163,0.004935876571858449,0.007170675874353402,raw_knit,today
raw_knit|end-of-life|waste||disposal grid location,location,land use,-0.00028263191434913713,2.2645798958847832e-05,1.911132204577508e-05,2.668963181555064e-05,raw_knit,today
raw_knit|end-of-life|waste||disposal grid location,location,material resources: metals/minerals,-0.0016103697786124256,0.00037947978357686084,0.0003177778330684381,0.000432690494759673,raw_knit,today
raw_knit|end-of-life|waste||disposal grid location,location,ozone depletion,-0.004360194331869751,0.004117689049763044,0.003500407044098036,0.004831603455392854,raw_knit,today
raw_knit|end-of-life|waste||disposal grid location,location,particulate matter formation,0.0022388833378015377,3.883007765403406e-05,3.2440958173933996e-05,4.5530419939572224e-05,raw_knit,today
raw_knit|end-of-life|waste||disposal grid location,location,photochemical oxidant formation: human health,0.014060288133841845,0.002117761213312568,0.001744523779353293,0.00251224652305017,raw_knit,today
raw_knit|end-of-life|waste||disposal grid location,location,water use,0.010850793368892157,0.002138751610699192,0.001815022801274356,0.0024508727490063324,raw_knit,today
