name,group,category,S1,ST,ST_lo,ST_hi,raw_case,background
raw_cfw|product|product size formula||fibre_length_per_span,design,acidification,0.14948241717575497,0.32285034664120704,0.284918340579714,0.3651234836990943,raw_cfw,2050
raw_cfw|product|product size formula||fibre_length_per_span,design,climate change,0.05354135766342854,0.16721521935004402,0.14612517793139426,0.1880310000199513,raw_cfw,2050
raw_cfw|product|product size formula||fibre_length_per_span,design,climate change: biogenic,0.15242768447742439,0.32406547704963595,0.2860084027292731,0.3670019678831034,raw_cfw,2050
raw_cfw|product|product size formula||fibre_length_per_span,design,climate change: fossil,0.12634820012580097,0.30447671857773156,0.2714591331398254,0.33835114111723247,raw_cfw,2050
raw_cfw|product|product size formula||fibre_length_per_span,design,climate change: land use and land use change,0.07172959760846212,0.19409000566659407,0.1712543653618757,0.2175786728407025,raw_cfw,2050
raw_cfw|product|product size formula||fibre_length_per_span,design,ecotoxicity: freshwater,0.11894146940617667,0.2938546976522936,0.26241259222342644,0.3280020894057896,raw_cfw,2050
raw_cfw|product|product size formula||fibre_length_per_span,design,"ecotoxicity: freshwater, inorganics",0.11878031382453301,0.2942351754144499,0.2627660069956215,0.3283315514116761,raw_cfw,2050
raw_cfw|product|product size formula||fibre_length_per_span,design,"ecotoxicity: freshwater, organics",0.1196667972451458,0.2916451644720046,0.2603483425962534,0.3259809234496436,raw_cfw,2050
raw_cfw|product|product size formula||fibre_length_per_span,design,energy resources: non-renewable,0.11681267963437983,0.2899838365807873,0.25843696800682325,0.3247357534217066,raw_cfw,2050
raw_cfw|product|product size formula||fibre_length_per_span,design,eutrophication: freshwater,0.13545004724634868,0.32277089653166285,0.28533757085058536,0.3620050699406654,raw_cfw,2050
raw_cfw|product|product size formula||fibre_length_per_span,design,eutrophication: marine,0.15342202109569306,0.31846848519616994,0.28105861918731156,0.36096334545350084,raw_cfw,2050
raw_cfw|product|product size formula||fibre_length_per_span,design,eutrophication: terrestrial,0.15276621461179132,0.3196836792811469,0.2820616204788688,0.36217146116012455,raw_cfw,2050
raw_cfw|product|product size formula||fibre_length_per_span,design,human toxicity: carcinogenic,0.11117657102428805,0.2852161421305106,0.25444367965529846,0.31561218866744567,raw_cfw,2050
raw_cfw|product|product size formula||fibre_length_per_span,design,"human toxicity: carcinogenic, inorganics",0.06012455576740764,0.2336206515544427,0.20827923639397766,0.2577297587728368,raw_cfw,2050
raw_cfw|product|product size formula||fibre_length_per_span,design,"human toxicity: carcinogenic, organics",0.11458347101621358,0.28692059571963857,0.25600820908880867,0.31862937323834734,raw_cfw,2050
raw_cfw|product|product size formula||fibre_length_per_span,design,human toxicity: non-carcinogenic,0.017472640487625687,0.15104530156089718,0.1339574475609099,0.16824671497634922,raw_cfw,2050
raw_cfw|product|product size formula||fibre_length_per_span,design,"human toxicity: non-carcinogenic, inorganics",0.010042340738122052,0.13494399642292315,0.11923854845172291,0.15041271539761353,raw_cfw,2050
raw_cfw|product|product size formula||fibre_length_per_span,design,"human toxicity: non-carcinogenic, organics",0.10357212904393384,0.28842645837019015,0.25616011490479135,0.32010546794340516,raw_cfw,2050
raw_cfw|product|product size formula||fibre_length_per_span,design,ionising radiation: human health,0.0977217969181865,0.2595391269023358,0.23063230746919425,0.28943894411476057,raw_cfw,2050
raw_cfw|product|product size formula||fibre_length_per_span,design,land use,0.14896346208857397,0.32084995253408993,0.28282964950594847,0.363017042402755,raw_cfw,2050
raw_cfw|product|product size formula||fibre_length_per_span,design,material resources: metals/minerals,0.08008287114676822,0.24843474938928248,0.21710314591931928,0.28026156373552835,raw_cfw,2050
raw_cfw|product|product size formula||fibre_length_per_span,design,ozone depletion,0.10921344179332063,0.2774000133513276,0.24706482758115947,0.30908686135221247,raw_cfw,2050
raw_cfw|product|product size formula||fibre_length_per_span,design,particulate matter formation,0.14485281652222265,0.3201393155414922,0.2826626612624928,0.3615002996490447,raw_cfw,2050
raw_cfw|product|product size formula||fibre_length_per_span,design,photochemical oxidant formation: human health,0.1342734142129556,0.31659279258317075,0.28154172097981256,0.3532294420955494,raw_cfw,2050
raw_cfw|product|product size formula||fibre_length_per_span,design,water use,0.11191657434846414,0.2852421443967079,0.2557790380154616,0.3164069340678998,raw_cfw,2050
raw_cfw|product|product size formula||fibre_mass_per_length,design,acidification,0.450030599880051,0.3487876668963403,0.301459190487735,0.3964997149078158,raw_cfw,2050
raw_cfw|product|product size formula||fibre_mass_per_length,design,climate change,0.2357723848960212,0.18218753231792348,0.16059656499019614,0.20900730670627995,raw_cfw,2050
raw_cfw|product|product size formula||fibre_mass_per_length,design,climate change: biogenic,0.44470419674645006,0.35059937458980006,0.3027610034034808,0.39872496645724353,raw_cfw,2050
raw_cfw|product|product size formula||fibre_mass_per_length,design,climate change: fossil,0.4315572047427282,0.3273815234328979,0.2865609228695728,0.37129953961709644,raw_cfw,2050
raw_cfw|product|product size formula||fibre_mass_per_length,design,climate change: land use and land use change,0.2128056995349229,0.21083657694735036,0.18494739679086872,0.23561266350681404,raw_cfw,2050
raw_cfw|product|product size formula||fibre_mass_per_length,design,ecotoxicity: freshwater,0.4150084880611976,0.31560415262882063,0.27602081068272905,0.35877908128774066,raw_cfw,2050
raw_cfw|product|product size formula||fibre_mass_per_length,design,"ecotoxicity: freshwater, inorganics",0.41620999179909995,0.31597933111923765,0.2764239141848245,0.3590463180208837,raw_cfw,2050
raw_cfw|product|product size formula||fibre_mass_per_length,design,"ecotoxicity: freshwater, organics",0.4084470534899712,0.3134035590014513,0.27371971008214774,0.3569894690525982,raw_cfw,2050
raw_cfw|product|product size formula||fibre_mass_per_length,design,energy resources: non-renewable,0.41002701189807694,0.3112168502168024,0.2718666373077738,0.3530954948476655,raw_cfw,2050
raw_cfw|product|product size formula||fibre_mass_per_length,design,eutrophication: freshwater,0.467497012190521,0.34754403785122473,0.30071257394318207,0.3983299076240238,raw_cfw,2050
raw_cfw|product|product size formula||fibre_mass_per_length,design,eutrophication: marine,0.43713635265911244,0.3449263493357703,0.2986278665225705,0.3899979563920047,raw_cfw,2050
raw_cfw|product|product size formula||fibre_mass_per_length,design,eutrophication: terrestrial,0.43988183651346546,0.34603874763866455,0.2993536142879448,0.39142137686501394,raw_cfw,2050
raw_cfw|product|product size formula||fibre_mass_per_length,design,human toxicity: carcinogenic,0.411108147520175,0.3056569606731123,0.2699040867328782,0.34896106420623685,raw_cfw,2050
raw_cfw|product|product size formula||fibre_mass_per_length,design,"human toxicity: carcinogenic, inorganics",0.3770310740411178,0.2475131826616368,0.216184092684084,0.2825634440576499,raw_cfw,2050
raw_cfw|product|product size formula||fibre_mass_per_length,design,"human toxicity: carcinogenic, organics",0.40964442048233224,0.3077361581800869,0.2704805881451549,0.35001636594371166,raw_cfw,2050
raw_cfw|product|product size formula||fibre_mass_per_length,design,human toxicity: non-carcinogenic,0.26337925574268006,0.1573414128117336,0.13451531825304355,0.1815350001937287,raw_cfw,2050
raw_cfw|product|product size formula||fibre_mass_per_length,design,"human toxicity: non-carcinogenic, inorganics",0.23985321093482723,0.14000224396583955,0.11973648672957436,0.16183146069613089,raw_cfw,2050
raw_cfw|product|product size formula||fibre_mass_per_length,design,"human toxicity: non-carcinogenic, organics",0.4333814887178533,0.30762290592192953,0.26806015944649375,0.35067937007194827,raw_cfw,2050
raw_cfw|product|product size formula||fibre_mass_per_length,design,ionising radiation: human health,0.332509987794581,0.27888238857765857,0.24583627810634542,0.3121880997563413,raw_cfw,2050
raw_cfw|product|product size formula||fibre_mass_per_length,design,land use,0.44520752610532915,0.346354259989083,0.29926440155390344,0.39268286690178333,raw_cfw,2050
raw_cfw|product|product size formula||fibre_mass_per_length,design,material resources: metals/minerals,0.406522977589777,0.26060280062364916,0.22714566277449233,0.3002164078543044,raw_cfw,2050
raw_cfw|product|product size formula||fibre_mass_per_length,design,ozone depletion,0.4023594212975232,0.2963065608813575,0.2596664148313443,0.3382197839665523,raw_cfw,2050
raw_cfw|product|product size formula||fibre_mass_per_length,design,particulate matter formation,0.4540759091399692,0.345218277916883,0.30008037720988034,0.39230265356096067,raw_cfw,2050
raw_cfw|product|product size formula||fibre_mass_per_length,design,photochemical oxidant formation: human health,0.4486019562221337,0.3404700070437341,0.29695018758554415,0.38553874096610474,raw_cfw,2050
raw_cfw|product|product size formula||fibre_mass_per_length,design,water use,0.3770524275708597,0.3075731068587783,0.2700346795674344,0.34525015724302816,raw_cfw,2050
raw_cfw|production|Hemp fiber|virgin|share of input mass,design,acidification,0.0880281362347663,0.008261797069108692,0.006833331490051123,0.009538632634200307,raw_cfw,2050
raw_cfw|production|Hemp fiber|virgin|share of input mass,design,climate change,-0.10345292071365521,0.08736007251826794,0.07601675652198739,0.10073556409713123,raw_cfw,2050
raw_cfw|production|Hemp fiber|virgin|share of input mass,design,climate change: biogenic,0.08853910244959409,0.008291858869669098,0.006868055624921657,0.009548135657318615,raw_cfw,2050
raw_cfw|production|Hemp fiber|virgin|share of input mass,design,climate change: fossil,-0.10518840875882801,0.02226868739496231,0.018753586286293332,0.025445671430228044,raw_cfw,2050
raw_cfw|production|Hemp fiber|virgin|share of input mass,design,climate change: land use and land use change,-0.06306495850123427,0.010674675893936425,0.009099011612716503,0.01231308260496772,raw_cfw,2050
raw_cfw|production|Hemp fiber|virgin|share of input mass,design,ecotoxicity: freshwater,-0.1340507708486073,0.04571516769881811,0.038855673692327834,0.05214241656633441,raw_cfw,2050
raw_cfw|production|Hemp fiber|virgin|share of input mass,design,"ecotoxicity: freshwater, inorganics",-0.13369265065174024,0.04522329328157116,0.038437971998252385,0.051584874934288726,raw_cfw,2050
raw_cfw|production|Hemp fiber|virgin|share of input mass,design,"ecotoxicity: freshwater, organics",-0.13573835999543193,0.048277477806393826,0.04103494842529788,0.05504314479756858,raw_cfw,2050
raw_cfw|production|Hemp fiber|virgin|share of input mass,design,energy resources: non-renewable,-0.13111877939163297,0.044257337570661075,0.03755719316485856,0.050554352712003744,raw_cfw,2050
raw_cfw|production|Hemp fiber|virgin|share of input mass,design,eutrophication: freshwater,-0.005732871639843949,4.3052804108154255e-05,3.59510005636412e-05,4.917242518509389e-05,raw_cfw,2050
raw_cfw|production|Hemp fiber|virgin|share of input mass,design,eutrophication: marine,0.14631878907079046,0.020743000126406997,0.017218304363342547,0.0239475771625953,raw_cfw,2050
raw_cfw|production|Hemp fiber|virgin|share of input mass,design,eutrophication: terrestrial,0.1331238758688663,0.017515962126893554,0.014524314294378863,0.020218106676211073,raw_cfw,2050
raw_cfw|production|Hemp fiber|virgin|share of input mass,design,human toxicity: carcinogenic,-0.13962756152435027,0.056108374010531245,0.04790906907887715,0.06410468613179632,raw_cfw,2050
raw_cfw|production|Hemp fiber|virgin|share of input mass,design,"human toxicity: carcinogenic, inorganics",-0.13199816602005326,0.07899956252254038,0.0659469686756098,0.09098479751840531,raw_cfw,2050
raw_cfw|production|Hemp fiber|virgin|share of input mass,design,"human toxicity: carcinogenic, organics",-0.13831981302717863,0.05375996385064109,0.045799187420010955,0.06133470582198414,raw_cfw,2050
raw_cfw|production|Hemp fiber|virgin|share of input mass,design,human toxicity: non-carcinogenic,-0.08133342206298609,0.14669077980430736,0.12438269748943231,0.17001032804898855,raw_cfw,2050
raw_cfw|production|Hemp fiber|virgin|share of input mass,design,"human toxicity: non-carcinogenic, inorganics",-0.06414561135482964,0.1613891256516922,0.13716569034029402,0.18671751627120478,raw_cfw,2050
raw_cfw|production|Hemp fiber|virgin|share of input mass,design,"human toxicity: non-carcinogenic, organics",-0.10562650380415647,0.024814168847597868,0.020791120852227857,0.02842551884232913,raw_cfw,2050
raw_cfw|production|Hemp fiber|virgin|share of input mass,design,ionising radiation: human health,-0.08753735895209776,0.016803816209165094,0.014138736781025793,0.01923942350310461,raw_cfw,2050
raw_cfw|production|Hemp fiber|virgin|share of input mass,design,land use,0.0965325814614257,0.009840441671034667,0.008129773529059732,0.011336819328786964,raw_cfw,2050
raw_cfw|production|Hemp fiber|virgin|share of input mass,design,material resources: metals/minerals,-0.08023307825984936,0.017058986353650985,0.014275886791262864,0.019789291950901605,raw_cfw,2050
raw_cfw|production|Hemp fiber|virgin|share of input mass,design,ozone depletion,-0.13073594429991753,0.0503899566092558,0.042794492255394424,0.05749537661543653,raw_cfw,2050
raw_cfw|production|Hemp fiber|virgin|share of input mass,design,particulate matter formation,0.06086805802711803,0.004227516114560159,0.0034902777186034133,0.004882935606937935,raw_cfw,2050
raw_cfw|production|Hemp fiber|virgin|share of input mass,design,photochemical oxidant formation: human health,-0.07610484165757701,0.009728394243495458,0.008136150810908856,0.011093334915877306,raw_cfw,2050
raw_cfw|production|Hemp fiber|virgin|share of input mass,design,water use,-0.08991114636482689,0.01564739666070522,0.013173501919922876,0.017897885060457166,raw_cfw,2050
raw_cfw|production|Fiber glue (epoxy resin)|virgin|share of input mass,design,acidification,0.10325184994566922,0.008086823132603433,0.006921506291410565,0.00941238437207685,raw_cfw,2050
raw_cfw|production|Fiber glue (epoxy resin)|virgin|share of input mass,design,climate change,-0.14623120813657997,0.08609043199273474,0.07558437610935873,0.09880570954215832,raw_cfw,2050
raw_cfw|production|Fiber glue (epoxy resin)|virgin|share of input mass,design,climate change: biogenic,0.10362771824351448,0.008116248263981756,0.006932998222975391,0.009464475526083179,raw_cfw,2050
raw_cfw|production|Fiber glue (epoxy resin)|virgin|share of input mass,design,climate change: fossil,-0.13294252583946364,0.02179706604409779,0.018981876713169664,0.02523561694528548,raw_cfw,2050
raw_cfw|production|Fiber glue (epoxy resin)|virgin|share of input mass,design,climate change: land use and land use change,-0.07602161618566072,0.010448600374717537,0.008924985801529662,0.012107921065210608,raw_cfw,2050
raw_cfw|production|Fiber glue (epoxy resin)|virgin|share of input mass,design,ecotoxicity: freshwater,-0.17411718105357993,0.04474698090079465,0.038921259576537776,0.05137879120432382,raw_cfw,2050
raw_cfw|production|Fiber glue (epoxy resin)|virgin|share of input mass,design,"ecotoxicity: freshwater, inorganics",-0.17356261320150745,0.04426552373324913,0.03851587161637052,0.05082643591824019,raw_cfw,2050
raw_cfw|production|Fiber glue (epoxy resin)|virgin|share of input mass,design,"ecotoxicity: freshwater, organics",-0.17678960592795595,0.047255024668696397,0.04107422750581323,0.05425538726399069,raw_cfw,2050
raw_cfw|production|Fiber glue (epoxy resin)|virgin|share of input mass,design,energy resources: non-renewable,-0.17054332896046961,0.043320025686914246,0.03767453929169932,0.04978920061286818,raw_cfw,2050
raw_cfw|production|Fiber glue (epoxy resin)|virgin|share of input mass,design,eutrophication: freshwater,-0.006900516512974431,4.2141002650266266e-05,3.640084697623374e-05,4.882653272305828e-05,raw_cfw,2050
raw_cfw|production|Fiber glue (epoxy resin)|virgin|share of input mass,design,eutrophication: marine,0.1692808220820263,0.020303690814318317,0.017331758449051004,0.023799114914375065,raw_cfw,2050
raw_cfw|production|Fiber glue (epoxy resin)|virgin|share of input mass,design,eutrophication: terrestrial,0.15446500043135272,0.01714499721219243,0.014635832347113,0.020080013067845612,raw_cfw,2050
raw_cfw|production|Fiber glue (epoxy resin)|virgin|share of input mass,design,human toxicity: carcinogenic,-0.184432950506286,0.054920072846824354,0.04774587614625083,0.06305610403866681,raw_cfw,2050
raw_cfw|production|Fiber glue (epoxy resin)|virgin|share of input mass,design,"human toxicity: carcinogenic, inorganics",-0.18301965630253683,0.0773264562575068,0.06696802264068147,0.08858122196495372,raw_cfw,2050
raw_cfw|production|Fiber glue (epoxy resin)|virgin|share of input mass,design,"human toxicity: carcinogenic, organics",-0.18209708109306294,0.052621398908577956,0.04571049734705016,0.06041231519605682,raw_cfw,2050
raw_cfw|production|Fiber glue (epoxy resin)|virgin|share of input mass,design,human toxicity: non-carcinogenic,-0.14554385085430502,0.14358406307225924,0.12618824863354106,0.16410677951788996,raw_cfw,2050
raw_cfw|production|Fiber glue (epoxy resin)|virgin|share of input mass,design,"human toxicity: non-carcinogenic, inorganics",-0.1296145880897543,0.15797111739172134,0.13929366836805532,0.1808588214194776,raw_cfw,2050
raw_cfw|production|Fiber glue (epoxy resin)|virgin|share of input mass,design,"human toxicity: non-carcinogenic, organics",-0.13525292417712673,0.02428863756571679,0.02104441782827639,0.02825422200384845,raw_cfw,2050
raw_cfw|production|Fiber glue (epoxy resin)|virgin|share of input mass,design,ionising radiation: human health,-0.10854184744278084,0.01644793360325821,0.014164216395768191,0.019118848982890038,raw_cfw,2050
raw_cfw|production|Fiber glue (epoxy resin)|virgin|share of input mass,design,land use,0.11306193077448057,0.009632034129463693,0.008243233433776552,0.011236336097519421,raw_cfw,2050
raw_cfw|production|Fiber glue (epoxy resin)|virgin|share of input mass,design,material resources: metals/minerals,-0.10481361763397895,0.01669769958152141,0.014227415446486976,0.01943746045750957,raw_cfw,2050
raw_cfw|production|Fiber glue (epoxy resin)|virgin|share of input mass,design,ozone depletion,-0.17363133379303056,0.049322763964060254,0.04264332859709989,0.05685874795660449,raw_cfw,2050
raw_cfw|production|Fiber glue (epoxy resin)|virgin|share of input mass,design,particulate matter formation,0.07205288055018538,0.004137982913730304,0.0035640488622176317,0.004800679905176653,raw_cfw,2050
raw_cfw|production|Fiber glue (epoxy resin)|virgin|share of input mass,design,photochemical oxidant formation: human health,-0.09432677085883574,0.00952235971826798,0.008285226224787603,0.011036746436757781,raw_cfw,2050
raw_cfw|production|Fiber glue (epoxy resin)|virgin|share of input mass,design,water use,-0.11094239442859025,0.015316005491582976,0.013166191400113342,0.017669340737089267,raw_cfw,2050
raw_cfw|repair|Hemp fiber|virgin|share of input mass,design,acidification,0.0003844653059574858,0.0006755026062589129,0.0005621123531404488,0.0007797705988918462,raw_cfw,2050
raw_cfw|repair|Hemp fiber|virgin|share of input mass,design,climate change,-0.00020767052826868395,0.003631578583627255,0.003088548915897071,0.004156830646981707,raw_cfw,2050
raw_cfw|repair|Hemp fiber|virgin|share of input mass,design,climate change: biogenic,0.0002710579345271899,0.0006779605248518682,0.0005649414839403021,0.0007842630192675365,raw_cfw,2050
raw_cfw|repair|Hemp fiber|virgin|share of input mass,design,climate change: fossil,0.0014522561960273964,0.0018207366082019854,0.0015310215678766826,0.0021052504218285364,raw_cfw,2050
raw_cfw|repair|Hemp fiber|virgin|share of input mass,design,climate change: land use and land use change,0.0009964121211045954,0.0008727848586701183,0.000739490141069469,0.0010061319544365233,raw_cfw,2050
raw_cfw|repair|Hemp fiber|virgin|share of input mass,design,ecotoxicity: freshwater,0.00304105390898877,0.003737772141799469,0.003157539708968697,0.004295216815845252,raw_cfw,2050
raw_cfw|repair|Hemp fiber|virgin|share of input mass,design,"ecotoxicity: freshwater, inorganics",0.0029805780820385355,0.0036975554131600343,0.0031227234815209945,0.00424867777819349,raw_cfw,2050
raw_cfw|repair|Hemp fiber|virgin|share of input mass,design,"ecotoxicity: freshwater, organics",0.0033606449450313595,0.003947272222863276,0.003339199206408104,0.00453707137938332,raw_cfw,2050
raw_cfw|repair|Hemp fiber|virgin|share of input mass,design,energy resources: non-renewable,0.0028175873786836,0.0036185767605990534,0.0030595713692483026,0.0041626026351139255,raw_cfw,2050
raw_cfw|repair|Hemp fiber|virgin|share of input mass,design,eutrophication: freshwater,-5.618197484436851e-06,3.52009146902854e-06,2.933427290533698e-06,4.02309773035639e-06,raw_cfw,2050
raw_cfw|repair|Hemp fiber|virgin|share of input mass,design,eutrophication: marine,0.0008677135207550793,0.0016959930787223416,0.0014130251451467423,0.001951951479819954,raw_cfw,2050
raw_cfw|repair|Hemp fiber|virgin|share of input mass,design,eutrophication: terrestrial,0.0007433277357176344,0.0014321433907024635,0.0011927605332785708,0.001649490468090803,raw_cfw,2050
raw_cfw|repair|Hemp fiber|virgin|share of input mass,design,human toxicity: carcinogenic,0.003374182984192722,0.004587543431534878,0.0038875001587157848,0.00530096942885951,raw_cfw,2050
raw_cfw|repair|Hemp fiber|virgin|share of input mass,design,"human toxicity: carcinogenic, inorganics",0.002157521161071454,0.006459177093180175,0.00545680031842564,0.007514308324424681,raw_cfw,2050
raw_cfw|repair|Hemp fiber|virgin|share of input mass,design,"human toxicity: carcinogenic, organics",0.0034150760012541886,0.004395532278234809,0.003726491203549402,0.0050769310853810345,raw_cfw,2050
raw_cfw|repair|Hemp fiber|virgin|share of input mass,design,human toxicity: non-carcinogenic,0.003376761474301925,0.011993759135341755,0.010190339603824618,0.014086112624994575,raw_cfw,2050
raw_cfw|repair|Hemp fiber|virgin|share of input mass,design,"human toxicity: non-carcinogenic, inorganics",0.0037024225917612614,0.013195528053720009,0.011212266351286597,0.01552137164734881,raw_cfw,2050
raw_cfw|repair|Hemp fiber|virgin|share of input mass,design,"human toxicity: non-carcinogenic, organics",0.0006172188375448759,0.0020288607416145956,0.001699615496267173,0.00231900741847217,raw_cfw,2050
raw_cfw|repair|Hemp fiber|virgin|share of input mass,design,ionising radiation: human health,0.0009051519423958069,0.0013739167822009212,0.001148933364785591,0.0015902249569962898,raw_cfw,2050
raw_cfw|repair|Hemp fiber|virgin|share of input mass,design,land use,0.0005016475120440993,0.0008045760431924856,0.0006682622731155399,0.0009286669871528582,raw_cfw,2050
raw_cfw|repair|Hemp fiber|virgin|share of input mass,design,material resources: metals/minerals,-0.0006343628730064757,0.001394780051559613,0.001147447260252423,0.0016331224398475504,raw_cfw,2050
raw_cfw|repair|Hemp fiber|virgin|share of input mass,design,ozone depletion,0.0026796788794391686,0.004119993112164163,0.0034738876765546237,0.004728034913363322,raw_cfw,2050
raw_cfw|repair|Hemp fiber|virgin|share of input mass,design,particulate matter formation,0.0002568288277632565,0.0003456509678825874,0.00028753044107381466,0.00039771639445185806,raw_cfw,2050
raw_cfw|repair|Hemp fiber|virgin|share of input mass,design,photochemical oxidant formation: human health,0.0006337040329297724,0.0007954148003425075,0.0006667816346204266,0.000919357139645788,raw_cfw,2050
raw_cfw|repair|Hemp fiber|virgin|share of input mass,design,water use,0.0010707718102172827,0.001279365389522178,0.0010664631579690202,0.0014797734267992303,raw_cfw,2050
raw_cfw|repair|Fiber glue (epoxy resin)|virgin|share of input mass,design,acidification,0.004886332612432908,0.000808889909893794,0.0006905996063512698,0.0009277880301749201,raw_cfw,2050
raw_cfw|repair|Fiber glue (epoxy resin)|virgin|share of input mass,design,climate change,-0.004395014611721916,0.004362440910351308,0.003726198467377999,0.005075651599413066,raw_cfw,2050
raw_cfw|repair|Fiber glue (epoxy resin)|virgin|share of input mass,design,climate change: biogenic,0.004869226813863713,0.000811833178403434,0.0006945171388617661,0.0009329854109205562,raw_cfw,2050
raw_cfw|repair|Fiber glue (epoxy resin)|virgin|share of input mass,design,climate change: fossil,-0.005271510008938904,0.002180266156344527,0.001862825613694356,0.0024814015838109486,raw_cfw,2050
raw_cfw|repair|Fiber glue (epoxy resin)|virgin|share of input mass,design,climate change: land use and land use change,-0.0034888573034653064,0.0010451282632294426,0.0008999693680621913,0.001187774402766758,raw_cfw,2050
raw_cfw|repair|Fiber glue (epoxy resin)|virgin|share of input mass,design,ecotoxicity: freshwater,-0.006255911013387669,0.00447584678870187,0.003828051609495058,0.005105479559384483,raw_cfw,2050
raw_cfw|repair|Fiber glue (epoxy resin)|virgin|share of input mass,design,"ecotoxicity: freshwater, inorganics",-0.006257840866218037,0.00442768871247247,0.0037838116503795156,0.00505021207873754,raw_cfw,2050
raw_cfw|repair|Fiber glue (epoxy resin)|virgin|share of input mass,design,"ecotoxicity: freshwater, organics",-0.006234492929732611,0.0047267155494205935,0.004049662325783147,0.0053932134470453565,raw_cfw,2050
raw_cfw|repair|Fiber glue (epoxy resin)|virgin|share of input mass,design,energy resources: non-renewable,-0.006243740705066364,0.004333114635982385,0.003700103885199381,0.00494264661590119,raw_cfw,2050
raw_cfw|repair|Fiber glue (epoxy resin)|virgin|share of input mass,design,eutrophication: freshwater,-0.00031347126852406676,4.21518206564675e-06,3.582109675390429e-06,4.852568093570008e-06,raw_cfw,2050
raw_cfw|repair|Fiber glue (epoxy resin)|virgin|share of input mass,design,eutrophication: marine,0.008159093918858539,0.0020308902969685782,0.0017387513828372165,0.0023347181910788662,raw_cfw,2050
raw_cfw|repair|Fiber glue (epoxy resin)|virgin|share of input mass,design,eutrophication: terrestrial,0.007416875087466405,0.0017149398500118985,0.001467005724675964,0.001971455701045859,raw_cfw,2050
raw_cfw|repair|Fiber glue (epoxy resin)|virgin|share of input mass,design,human toxicity: carcinogenic,-0.006460936022687171,0.005493417136492578,0.004686533556798002,0.006271724561589885,raw_cfw,2050
raw_cfw|repair|Fiber glue (epoxy resin)|virgin|share of input mass,design,"human toxicity: carcinogenic, inorganics",-0.006623570351859166,0.0077346306712663794,0.006638229356098725,0.009035712554366193,raw_cfw,2050
raw_cfw|repair|Fiber glue (epoxy resin)|virgin|share of input mass,design,"human toxicity: carcinogenic, organics",-0.006364208977620913,0.0052634907334670284,0.004488925010257854,0.005995302744892032,raw_cfw,2050
raw_cfw|repair|Fiber glue (epoxy resin)|virgin|share of input mass,design,human toxicity: non-carcinogenic,-0.003976903060284495,0.014362092250101408,0.012367109300794907,0.016648537684045537,raw_cfw,2050
raw_cfw|repair|Fiber glue (epoxy resin)|virgin|share of input mass,design,"human toxicity: non-carcinogenic, inorganics",-0.002999778853853085,0.015801167011757544,0.013606641681288787,0.018260062156555724,raw_cfw,2050
raw_cfw|repair|Fiber glue (epoxy resin)|virgin|share of input mass,design,"human toxicity: non-carcinogenic, organics",-0.005660405296426902,0.0024294872695763557,0.0020722309555316625,0.002804503848551748,raw_cfw,2050
raw_cfw|repair|Fiber glue (epoxy resin)|virgin|share of input mass,design,ionising radiation: human health,-0.004793629598763128,0.0016452155948160812,0.0014167974705232738,0.0018677894405975054,raw_cfw,2050
raw_cfw|repair|Fiber glue (epoxy resin)|virgin|share of input mass,design,land use,0.005391550367447057,0.0009634506766524929,0.0008234265781879686,0.0011075637704264876,raw_cfw,2050
raw_cfw|repair|Fiber glue (epoxy resin)|virgin|share of input mass,design,material resources: metals/minerals,-0.004531792116871679,0.0016701986043785551,0.0014032754604402873,0.0019479773426051212,raw_cfw,2050
raw_cfw|repair|Fiber glue (epoxy resin)|virgin|share of input mass,design,ozone depletion,-0.006314961120357791,0.0049335425598404795,0.004207639816128951,0.005659366429635179,raw_cfw,2050
raw_cfw|repair|Fiber glue (epoxy resin)|virgin|share of input mass,design,particulate matter formation,0.00339051768536929,0.0004139045174284396,0.00035333638894681507,0.0004751456074064313,raw_cfw,2050
raw_cfw|repair|Fiber glue (epoxy resin)|virgin|share of input mass,design,photochemical oxidant formation: human health,-0.003922931094277213,0.0009524804200838683,0.0008116235080864177,0.0010889877554070592,raw_cfw,2050
raw_cfw|repair|Fiber glue (epoxy resin)|virgin|share of input mass,design,water use,-0.004728811762068069,0.0015319937259504473,0.0013182193276810726,0.0017372915697413409,raw_cfw,2050
raw_cfw|production|Rope production||machine weight,manufacturing,acidification,7.1942489661602794e-06,2.539002619288396e-08,2.117175476843613e-08,3.026307750915777e-08,raw_cfw,2050
raw_cfw|production|Rope production||machine weight,manufacturing,climate change,5.468963280386236e-06,1.0620748028294323e-07,8.740954648136562e-08,1.2900334956822335e-07,raw_cfw,2050
raw_cfw|production|Rope production||machine weight,manufacturing,climate change: biogenic,2.510688779450774e-06,2.8701824084880395e-09,2.390001989736655e-09,3.418635554986101e-09,raw_cfw,2050
raw_cfw|production|Rope production||machine weight,manufacturing,climate change: fossil,9.761091315683385e-06,6.618213851789707e-08,5.446448339455588e-08,8.025526321475996e-08,raw_cfw,2050
raw_cfw|production|Rope production||machine weight,manufacturing,climate change: land use and land use change,1.7204706828847005e-05,1.8782222971507346e-07,1.4923514807360751e-07,2.2980796067886586e-07,raw_cfw,2050
raw_cfw|production|Rope production||machine weight,manufacturing,ecotoxicity: freshwater,4.002175317713314e-06,1.517996092839038e-08,1.2414946141233575e-08,1.8443005910769076e-08,raw_cfw,2050
raw_cfw|production|Rope production||machine weight,manufacturing,"ecotoxicity: freshwater, inorganics",4.652522923796732e-06,2.0811030082002838e-08,1.7023310683388315e-08,2.5297527509694748e-08,raw_cfw,2050
raw_cfw|production|Rope production||machine weight,manufacturing,"ecotoxicity: freshwater, organics",4.6127543817661037e-07,1.86734238108997e-10,1.5256705099387313e-10,2.2626848536781535e-10,raw_cfw,2050
raw_cfw|production|Rope production||machine weight,manufacturing,energy resources: non-renewable,4.753437835879436e-06,1.966146922544281e-08,1.6116003419572e-08,2.3837889595865258e-08,raw_cfw,2050
raw_cfw|production|Rope production||machine weight,manufacturing,eutrophication: freshwater,2.5536280097230875e-05,4.640956430424634e-07,3.8354944793296944e-07,5.580198795149435e-07,raw_cfw,2050
raw_cfw|production|Rope production||machine weight,manufacturing,eutrophication: marine,1.7602494153895097e-06,1.3155553544343897e-09,1.0900263306455913e-09,1.565092343659379e-09,raw_cfw,2050
raw_cfw|production|Rope production||machine weight,manufacturing,eutrophication: terrestrial,2.463512978333044e-06,2.6461514688940216e-09,2.1965907476323067e-09,3.144504038014492e-09,raw_cfw,2050
raw_cfw|production|Rope production||machine weight,manufacturing,human toxicity: carcinogenic,7.806061029656166e-06,7.166746365464286e-08,5.834095341305938e-08,8.731889925099186e-08,raw_cfw,2050
raw_cfw|production|Rope production||machine weight,manufacturing,"human toxicity: carcinogenic, inorganics",7.665749839372031e-06,3.182422302483594e-06,2.624257102312123e-06,3.891268539875857e-06,raw_cfw,2050
raw_cfw|production|Rope production||machine weight,manufacturing,"human toxicity: carcinogenic, organics",4.274257264435545e-06,1.8829025665282766e-08,1.5329550791795376e-08,2.2861497762273224e-08,raw_cfw,2050
raw_cfw|production|Rope production||machine weight,manufacturing,human toxicity: non-carcinogenic,-2.0955258327806417e-05,5.016382421747144e-06,4.183814314011669e-06,6.109713602696574e-06,raw_cfw,2050
raw_cfw|production|Rope production||machine weight,manufacturing,"human toxicity: non-carcinogenic, inorganics",-3.0211440525659976e-05,5.5592665753235054e-06,4.654651128223675e-06,6.7711619823937585e-06,raw_cfw,2050
raw_cfw|production|Rope production||machine weight,manufacturing,"human toxicity: non-carcinogenic, organics",2.0175835652786093e-05,7.091664491744066e-07,5.838558854513106e-07,8.612944735715294e-07,raw_cfw,2050
raw_cfw|production|Rope production||machine weight,manufacturing,ionising radiation: human health,9.001405415892339e-06,7.811274364143791e-08,6.319345780892866e-08,9.54477785539598e-08,raw_cfw,2050
raw_cfw|production|Rope production||machine weight,manufacturing,land use,2.595646957558314e-06,3.389151782412419e-09,2.8231963604975937e-09,4.036843807475807e-09,raw_cfw,2050
raw_cfw|production|Rope production||machine weight,manufacturing,material resources: metals/minerals,1.3707863946468918e-06,3.447066788177938e-07,2.8721784274337317e-07,4.2264823588788814e-07,raw_cfw,2050
raw_cfw|production|Rope production||machine weight,manufacturing,ozone depletion,2.42477161071325e-06,6.19572832135946e-09,5.069876104988462e-09,7.522022597577792e-09,raw_cfw,2050
raw_cfw|production|Rope production||machine weight,manufacturing,particulate matter formation,1.19891132917029e-05,7.3661771787779e-08,6.143930293814857e-08,8.781130040730371e-08,raw_cfw,2050
raw_cfw|production|Rope production||machine weight,manufacturing,photochemical oxidant formation: human health,7.563978348457614e-06,3.976423071611231e-08,3.2678954712123445e-08,4.789834379701262e-08,raw_cfw,2050
raw_cfw|production|Rope production||machine weight,manufacturing,water use,1.6248283458919905e-05,2.0701182836280302e-07,1.6771870625688435e-07,2.5340144362049793e-07,raw_cfw,2050
raw_cfw|production|Rope production||power,manufacturing,acidification,-2.7940004016524207e-06,3.174001052113439e-06,2.7755822528834267e-06,3.6742158865000405e-06,raw_cfw,2050
raw_cfw|production|Rope production||power,manufacturing,climate change,1.0905284441214873e-05,1.8015878469904013e-06,1.5822820609766152e-06,2.1015743765534206e-06,raw_cfw,2050
raw_cfw|production|Rope production||power,manufacturing,climate change: biogenic,-7.542518377827067e-05,8.420623746256319e-07,7.226171656300118e-07,9.713285750088874e-07,raw_cfw,2050
raw_cfw|production|Rope production||power,manufacturing,climate change: fossil,2.460362706225991e-05,1.06353175556401e-06,9.333969289750447e-07,1.2403580415492407e-06,raw_cfw,2050
raw_cfw|production|Rope production||power,manufacturing,climate change: land use and land use change,-0.0018838037992073766,0.00017472910522651743,0.00014757922982505412,0.00020888705308369463,raw_cfw,2050
raw_cfw|production|Rope production||power,manufacturing,ecotoxicity: freshwater,1.8568436097029723e-05,8.506307887192881e-07,7.50688563224409e-07,9.8983607970179e-07,raw_cfw,2050
raw_cfw|production|Rope production||power,manufacturing,"ecotoxicity: freshwater, inorganics",2.1413286476869912e-05,1.1833001671338416e-06,1.0440593919879325e-06,1.377191537952455e-06,raw_cfw,2050
raw_cfw|production|Rope production||power,manufacturing,"ecotoxicity: freshwater, organics",2.755210598364252e-06,3.759449511134022e-09,3.2949636564059512e-09,4.409843179913038e-09,raw_cfw,2050
raw_cfw|production|Rope production||power,manufacturing,energy resources: non-renewable,5.528656502844414e-07,1.9303599851160492e-06,1.7071310463459752e-06,2.246771170312812e-06,raw_cfw,2050
raw_cfw|production|Rope production||power,manufacturing,eutrophication: freshwater,2.3862723714963564e-05,1.6283720656063426e-05,1.4287416003736125e-05,1.864452851681981e-05,raw_cfw,2050
raw_cfw|production|Rope production||power,manufacturing,eutrophication: marine,1.4492041813408887e-06,1.7396472238508268e-07,1.5165221636851455e-07,2.0097444788245067e-07,raw_cfw,2050
raw_cfw|production|Rope production||power,manufacturing,eutrophication: terrestrial,-8.490599111890684e-06,5.908512709188198e-07,5.154477633972531e-07,6.799541983397969e-07,raw_cfw,2050
raw_cfw|production|Rope production||power,manufacturing,human toxicity: carcinogenic,0.00012139085514187693,2.8076292427916577e-06,2.419454997950433e-06,3.3322254366725886e-06,raw_cfw,2050
raw_cfw|production|Rope production||power,manufacturing,"human toxicity: carcinogenic, inorganics",0.0001675778678397223,0.00015756188488288207,0.00013771456578478728,0.00018489380954887107,raw_cfw,2050
raw_cfw|production|Rope production||power,manufacturing,"human toxicity: carcinogenic, organics",0.00011158152325461165,5.832063384594906e-07,4.789977489753783e-07,7.214142742031329e-07,raw_cfw,2050
raw_cfw|production|Rope production||power,manufacturing,human toxicity: non-carcinogenic,0.00019984173725209555,0.0002672738736462369,0.0002321813811635621,0.00031641644778624436,raw_cfw,2050
raw_cfw|production|Rope production||power,manufacturing,"human toxicity: non-carcinogenic, inorganics",0.00021613609283688487,0.0002869193418180386,0.0002505150690470095,0.0003400161986537348,raw_cfw,2050
raw_cfw|production|Rope production||power,manufacturing,"human toxicity: non-carcinogenic, organics",3.0180744936627885e-05,7.499296114723909e-05,6.591370851626736e-05,8.712708893497917e-05,raw_cfw,2050
raw_cfw|production|Rope production||power,manufacturing,ionising radiation: human health,-0.0013618970207915117,0.00017672206798411975,0.00015332243356657317,0.00020952182574127186,raw_cfw,2050
raw_cfw|production|Rope production||power,manufacturing,land use,-5.998541336737196e-05,7.334279975427766e-06,6.367163923915294e-06,8.435948086555505e-06,raw_cfw,2050
raw_cfw|production|Rope production||power,manufacturing,material resources: metals/minerals,0.0006801625875856816,0.00019385223322788714,0.00016627362448928324,0.0002308882393726965,raw_cfw,2050
raw_cfw|production|Rope production||power,manufacturing,ozone depletion,0.00021697873381547423,5.309819194514049e-06,4.490598637804285e-06,6.371738214756698e-06,raw_cfw,2050
raw_cfw|production|Rope production||power,manufacturing,particulate matter formation,0.00010093357276502693,4.405868898251602e-06,3.832154046285258e-06,5.1598538951780324e-06,raw_cfw,2050
raw_cfw|production|Rope production||power,manufacturing,photochemical oxidant formation: human health,4.6022493909005994e-05,3.7205544355447345e-06,3.2513853370916388e-06,4.317922529018897e-06,raw_cfw,2050
raw_cfw|production|Rope production||power,manufacturing,water use,-0.0009969660853111286,7.307174149338578e-05,6.296274210142977e-05,8.683422494163264e-05,raw_cfw,2050
raw_cfw|production|Rope production||output rate,manufacturing,acidification,-0.00015129449184227747,4.019854125978686e-06,3.516150523262411e-06,4.571715432234052e-06,raw_cfw,2050
raw_cfw|production|Rope production||output rate,manufacturing,climate change,3.95029038181381e-06,2.794635721560943e-06,2.3819360373639796e-06,3.2261425613403125e-06,raw_cfw,2050
raw_cfw|production|Rope production||output rate,manufacturing,climate change: biogenic,-6.508159936660392e-05,1.012601422794388e-06,8.879970402024401e-07,1.1634039816569065e-06,raw_cfw,2050
raw_cfw|production|Rope production||output rate,manufacturing,climate change: fossil,-5.769994562296192e-05,1.6647431617303596e-06,1.4324458446393402e-06,1.9058016074380247e-06,raw_cfw,2050
raw_cfw|production|Rope production||output rate,manufacturing,climate change: land use and land use change,0.0006875495723158982,0.00020091750511245618,0.00017312494907245808,0.0002317804005843428,raw_cfw,2050
raw_cfw|production|Rope production||output rate,manufacturing,ecotoxicity: freshwater,-7.845704717982766e-06,1.1423950105631793e-06,9.943552024244877e-07,1.3122745367489297e-06,raw_cfw,2050
raw_cfw|production|Rope production||output rate,manufacturing,"ecotoxicity: freshwater, inorganics",-9.155591927196033e-06,1.587078602837674e-06,1.3819493030561575e-06,1.8224163072708592e-06,raw_cfw,2050
raw_cfw|production|Rope production||output rate,manufacturing,"ecotoxicity: freshwater, organics",-1.791398363857225e-06,5.688409362678924e-09,4.892969843378545e-09,6.5695171130391766e-09,raw_cfw,2050
raw_cfw|production|Rope production||output rate,manufacturing,energy resources: non-renewable,9.91082135987355e-07,2.4783450251351236e-06,2.1561723621770563e-06,2.8290574270113773e-06,raw_cfw,2050
raw_cfw|production|Rope production||output rate,manufacturing,eutrophication: freshwater,-0.00030805719907709274,2.2910919767195796e-05,1.9781501869461617e-05,2.5971138616687338e-05,raw_cfw,2050
raw_cfw|production|Rope production||output rate,manufacturing,eutrophication: marine,-4.1850152580136365e-05,2.198829695321734e-07,1.9187032699739493e-07,2.518759365965738e-07,raw_cfw,2050
raw_cfw|production|Rope production||output rate,manufacturing,eutrophication: terrestrial,-6.940013854601471e-05,7.257321171956732e-07,6.373015951450043e-07,8.24439663989084e-07,raw_cfw,2050
raw_cfw|production|Rope production||output rate,manufacturing,human toxicity: carcinogenic,-2.3011795686978843e-05,3.921505934453934e-06,3.3184944439440846e-06,4.6382031314831175e-06,raw_cfw,2050
raw_cfw|production|Rope production||output rate,manufacturing,"human toxicity: carcinogenic, inorganics",0.0004174157897400121,0.00021395225023703736,0.0001821003558145216,0.00024656444995396407,raw_cfw,2050
raw_cfw|production|Rope production||output rate,manufacturing,"human toxicity: carcinogenic, organics",-2.308910982715626e-05,8.369719774304046e-07,6.634457991651328e-07,1.0340164900383294e-06,raw_cfw,2050
raw_cfw|production|Rope production||output rate,manufacturing,human toxicity: non-carcinogenic,0.001307948978407906,0.00036052291764302136,0.00030885158562715415,0.00042053038378061565,raw_cfw,2050
raw_cfw|production|Rope production||output rate,manufacturing,"human toxicity: non-carcinogenic, inorganics",0.001503154283544987,0.0003881532741893229,0.0003332463315795609,0.0004538497507313295,raw_cfw,2050
raw_cfw|production|Rope production||output rate,manufacturing,"human toxicity: non-carcinogenic, organics",-4.2345650664752846e-05,9.593785739493587e-05,8.276877595459419e-05,0.00010873385806815738,raw_cfw,2050
raw_cfw|production|Rope production||output rate,manufacturing,ionising radiation: human health,0.0006099857494824487,0.00020136610606176383,0.00017653263709975668,0.00023186838053414145,raw_cfw,2050
raw_cfw|production|Rope production||output rate,manufacturing,land use,-0.0001757522912751722,8.46167531716676e-06,7.423448496852171e-06,9.613336441709515e-06,raw_cfw,2050
raw_cfw|production|Rope production||output rate,manufacturing,material resources: metals/minerals,-0.0001791859638120324,0.00023213114579430602,0.0001955269232313721,0.0002740349433118542,raw_cfw,2050
raw_cfw|production|Rope production||output rate,manufacturing,ozone depletion,9.233118916391238e-06,6.321667440517723e-06,5.266333966940077e-06,7.591854062071056e-06,raw_cfw,2050
raw_cfw|production|Rope production||output rate,manufacturing,particulate matter formation,-0.00019526637614195527,5.913626370374331e-06,5.025802560011884e-06,6.887100765442868e-06,raw_cfw,2050
raw_cfw|production|Rope production||output rate,manufacturing,photochemical oxidant formation: human health,-7.106843052085973e-05,4.811075979401733e-06,4.202862051637435e-06,5.492596347517853e-06,raw_cfw,2050
raw_cfw|production|Rope production||output rate,manufacturing,water use,0.00021160505747210674,8.672927397439238e-05,7.530394367038754e-05,9.952514498014076e-05,raw_cfw,2050
raw_cfw|production|Rope production||machine lifetime,manufacturing,acidification,4.211543813382642e-05,3.172311975304071e-08,2.4579767469728064e-08,4.043516693643966e-08,raw_cfw,2050
raw_cfw|production|Rope production||machine lifetime,manufacturing,climate change,4.968370254644912e-05,1.326989761934821e-07,1.0352114170591457e-07,1.706045627851126e-07,raw_cfw,2050
raw_cfw|production|Rope production||machine lifetime,manufacturing,climate change: biogenic,1.4218874982056094e-05,3.58609938115136e-09,2.781872969861325e-09,4.556664435540273e-09,raw_cfw,2050
raw_cfw|production|Rope production||machine lifetime,manufacturing,climate change: fossil,6.183542382883111e-05,8.269005090267995e-08,6.25892107611726e-08,1.0450828652293044e-07,raw_cfw,2050
raw_cfw|production|Rope production||machine lifetime,manufacturing,climate change: land use and land use change,9.16966713289766e-05,2.3467121283429897e-07,1.8484730838507168e-07,2.943765852895226e-07,raw_cfw,2050
raw_cfw|production|Rope production||machine lifetime,manufacturing,ecotoxicity: freshwater,2.8401890101888434e-05,1.8966337651804854e-08,1.4348895203465264e-08,2.3980433849007824e-08,raw_cfw,2050
raw_cfw|production|Rope production||machine lifetime,manufacturing,"ecotoxicity: freshwater, inorganics",3.328489694519067e-05,2.6001978901067723e-08,1.96778531022032e-08,3.288383809320661e-08,raw_cfw,2050
raw_cfw|production|Rope production||machine lifetime,manufacturing,"ecotoxicity: freshwater, organics",3.132724003084262e-06,2.3331181844852824e-10,1.762345188601489e-10,2.946221625028057e-10,raw_cfw,2050
raw_cfw|production|Rope production||machine lifetime,manufacturing,energy resources: non-renewable,3.2216329480847564e-05,2.4565649533784196e-08,1.859234934161564e-08,3.1082298278960616e-08,raw_cfw,2050
raw_cfw|production|Rope production||machine lifetime,manufacturing,eutrophication: freshwater,0.0001751108100283905,5.798562224480896e-07,4.47193189763794e-07,7.328037257008767e-07,raw_cfw,2050
raw_cfw|production|Rope production||machine lifetime,manufacturing,eutrophication: marine,9.611018122887266e-06,1.643693670433081e-09,1.2786273611708202e-09,2.095271746388021e-09,raw_cfw,2050
raw_cfw|production|Rope production||machine lifetime,manufacturing,eutrophication: terrestrial,1.3620843793211882e-05,3.3061792283720303e-09,2.576321722276193e-09,4.2088731340976975e-09,raw_cfw,2050
raw_cfw|production|Rope production||machine lifetime,manufacturing,human toxicity: carcinogenic,6.010915269836758e-05,8.954366367731214e-08,6.794281723412725e-08,1.133025289000472e-07,raw_cfw,2050
raw_cfw|production|Rope production||machine lifetime,manufacturing,"human toxicity: carcinogenic, inorganics",0.0003487759898118322,3.9762221378869454e-06,3.0750690741476627e-06,5.124957663330463e-06,raw_cfw,2050
raw_cfw|production|Rope production||machine lifetime,manufacturing,"human toxicity: carcinogenic, organics",3.098211368208034e-05,2.3525597527041604e-08,1.7799897821311866e-08,2.9718355522902074e-08,raw_cfw,2050
raw_cfw|production|Rope production||machine lifetime,manufacturing,human toxicity: non-carcinogenic,0.00032624260313979204,6.267631646412025e-06,4.824353100338339e-06,8.212435710073919e-06,raw_cfw,2050
raw_cfw|production|Rope production||machine lifetime,manufacturing,"human toxicity: non-carcinogenic, inorganics",0.0003161292185866143,6.94592881133358e-06,5.356472979176315e-06,9.142824286592602e-06,raw_cfw,2050
raw_cfw|production|Rope production||machine lifetime,manufacturing,"human toxicity: non-carcinogenic, organics",0.00019599149951018174,8.860555320187781e-07,6.770460530979049e-07,1.129649205605743e-06,raw_cfw,2050
raw_cfw|production|Rope production||machine lifetime,manufacturing,ionising radiation: human health,6.548984970940165e-05,9.759660590749287e-08,7.536627268749562e-08,1.228980733072873e-07,raw_cfw,2050
raw_cfw|production|Rope production||machine lifetime,manufacturing,land use,1.534052709006676e-05,4.234503964634826e-09,3.2849133364318654e-09,5.3860442283460215e-09,raw_cfw,2050
raw_cfw|production|Rope production||machine lifetime,manufacturing,material resources: metals/minerals,0.00012280781784912206,4.3068774812086994e-07,3.3540143338461194e-07,5.522795220258234e-07,raw_cfw,2050
raw_cfw|production|Rope production||machine lifetime,manufacturing,ozone depletion,1.7551351470376212e-05,7.74113403361793e-09,5.864455629705218e-09,9.772037653175814e-09,raw_cfw,2050
raw_cfw|production|Rope production||machine lifetime,manufacturing,particulate matter formation,7.088733496889426e-05,9.203533901439046e-08,7.08605218524902e-08,1.1693853897692778e-07,raw_cfw,2050
raw_cfw|production|Rope production||machine lifetime,manufacturing,photochemical oxidant formation: human health,4.93791636679719e-05,4.968260618522635e-08,3.7714497030149144e-08,6.267301119209996e-08,raw_cfw,2050
raw_cfw|production|Rope production||machine lifetime,manufacturing,water use,0.00010995678449018152,2.58647323935283e-07,1.9918365838598365e-07,3.246903452745724e-07,raw_cfw,2050
raw_cfw|production|Rope production||process yield,manufacturing,acidification,-0.22735680727099647,0.09052370035300161,0.07988616783696552,0.1051585381771316,raw_cfw,2050
raw_cfw|production|Rope production||process yield,manufacturing,climate change,-0.1300830625378149,0.03844513422868072,0.032792062464313786,0.04505787178830344,raw_cfw,2050
raw_cfw|production|Rope production||process yield,manufacturing,climate change: biogenic,-0.23008180092177447,0.09127968927640645,0.0805605764408981,0.10579918100011049,raw_cfw,2050
raw_cfw|production|Rope production||process yield,manufacturing,climate change: fossil,-0.22474437430918792,0.0906600763500009,0.07979714409608224,0.10564149559860064,raw_cfw,2050
raw_cfw|production|Rope production||process yield,manufacturing,climate change: land use and land use change,-0.14403709163918083,0.048981315797484534,0.041935205391430606,0.05647149465004617,raw_cfw,2050
raw_cfw|production|Rope production||process yield,manufacturing,ecotoxicity: freshwater,-0.21334732066184042,0.08068500984344078,0.07073265504583565,0.09388385805085249,raw_cfw,2050
raw_cfw|production|Rope production||process yield,manufacturing,"ecotoxicity: freshwater, inorganics",-0.2129090243351138,0.08015626068265193,0.070271239959556,0.0932671330964253,raw_cfw,2050
raw_cfw|production|Rope production||process yield,manufacturing,"ecotoxicity: freshwater, organics",-0.2154217178720769,0.08339544713868148,0.07309222890494607,0.09705509148548223,raw_cfw,2050
raw_cfw|production|Rope production||process yield,manufacturing,energy resources: non-renewable,-0.2151756107447569,0.08567289287656889,0.07523249128671244,0.09963618125982854,raw_cfw,2050
raw_cfw|production|Rope production||process yield,manufacturing,eutrophication: freshwater,-0.21629141264810858,0.07823672223593794,0.06907693713713431,0.09113193530353055,raw_cfw,2050
raw_cfw|production|Rope production||process yield,manufacturing,eutrophication: marine,-0.22418833197193358,0.08975304766293976,0.07910211643251276,0.10353361429891014,raw_cfw,2050
raw_cfw|production|Rope production||process yield,manufacturing,eutrophication: terrestrial,-0.22531178660907836,0.09019295770657837,0.07945183855417902,0.104194175583063,raw_cfw,2050
raw_cfw|production|Rope production||process yield,manufacturing,human toxicity: carcinogenic,-0.20471370856201684,0.07690763415623135,0.06758921359670378,0.08941214755938756,raw_cfw,2050
raw_cfw|production|Rope production||process yield,manufacturing,"human toxicity: carcinogenic, inorganics",-0.12217400756685189,0.02863030437704586,0.02484230064414724,0.03341342673699642,raw_cfw,2050
raw_cfw|production|Rope production||process yield,manufacturing,"human toxicity: carcinogenic, organics",-0.20992209774541043,0.08128545647829123,0.07145644922814892,0.0945928668865777,raw_cfw,2050
raw_cfw|production|Rope production||process yield,manufacturing,human toxicity: non-carcinogenic,-0.07407905702188698,0.016510030480534024,0.014060442001563977,0.018983691367368282,raw_cfw,2050
raw_cfw|production|Rope production||process yield,manufacturing,"human toxicity: non-carcinogenic, inorganics",-0.06221599723778386,0.012752813744404345,0.010767259085763597,0.014955979133735205,raw_cfw,2050
raw_cfw|production|Rope production||process yield,manufacturing,"human toxicity: non-carcinogenic, organics",-0.19281622414360522,0.06891421188872376,0.06058221913806594,0.07996007762121282,raw_cfw,2050
raw_cfw|production|Rope production||process yield,manufacturing,ionising radiation: human health,-0.1862195554199192,0.06593721580991416,0.05750910158572544,0.07603377804096494,raw_cfw,2050
raw_cfw|production|Rope production||process yield,manufacturing,land use,-0.2265144244785543,0.09081478410981528,0.08005585965970519,0.10539877270890577,raw_cfw,2050
raw_cfw|production|Rope production||process yield,manufacturing,material resources: metals/minerals,-0.14983780059092755,0.051460512599520315,0.04360182832155627,0.06047711190566165,raw_cfw,2050
raw_cfw|production|Rope production||process yield,manufacturing,ozone depletion,-0.21097643952864711,0.09222097777149835,0.08127620695533,0.107483631965024,raw_cfw,2050
raw_cfw|production|Rope production||process yield,manufacturing,particulate matter formation,-0.22858168530292486,0.09450883951871919,0.08340725331295688,0.1101966633731895,raw_cfw,2050
raw_cfw|production|Rope production||process yield,manufacturing,photochemical oxidant formation: human health,-0.22778675869305312,0.08898409786626092,0.07840847387423576,0.103947463662736,raw_cfw,2050
raw_cfw|production|Rope production||process yield,manufacturing,water use,-0.19840708872506357,0.06713711424235899,0.058587254928187456,0.07779456695028641,raw_cfw,2050
raw_cfw|production|Rope production||machine source,manufacturing,acidification,-0.00011379021079640463,1.7986376343800696e-06,1.5529079610387771e-06,2.047888224923169e-06,raw_cfw,2050
raw_cfw|production|Rope production||machine source,manufacturing,climate change,-7.085845029168883e-05,7.4915438428965376e-06,6.559695823732031e-06,8.404798657428423e-06,raw_cfw,2050
raw_cfw|production|Rope production||machine source,manufacturing,climate change: biogenic,-3.87733717169268e-05,2.0391466112130584e-07,1.764526857386973e-07,2.3079767141766527e-07,raw_cfw,2050
raw_cfw|production|Rope production||machine source,manufacturing,climate change: fossil,-0.0001546433367396811,4.6680853311261305e-06,3.99450101824316e-06,5.298535993994066e-06,raw_cfw,2050
raw_cfw|production|Rope production||machine source,manufacturing,climate change: land use and land use change,-0.00021671905489375597,1.3347716455746387e-05,1.1595630755066875e-05,1.5087826833629033e-05,raw_cfw,2050
raw_cfw|production|Rope production||machine source,manufacturing,ecotoxicity: freshwater,-7.067617835526892e-05,1.0786036044401828e-06,9.231424600207469e-07,1.2209130353163276e-06,raw_cfw,2050
raw_cfw|production|Rope production||machine source,manufacturing,"ecotoxicity: freshwater, inorganics",-8.260031076727591e-05,1.478765852785788e-06,1.26518912523644e-06,1.6751377362034842e-06,raw_cfw,2050
raw_cfw|production|Rope production||machine source,manufacturing,"ecotoxicity: freshwater, organics",-7.904238447431816e-06,1.3243767771331692e-08,1.1355976967502675e-08,1.4994048991763145e-08,raw_cfw,2050
raw_cfw|production|Rope production||machine source,manufacturing,energy resources: non-renewable,-8.042661047085081e-05,1.3841944825599742e-06,1.185344447469434e-06,1.5691127024921025e-06,raw_cfw,2050
raw_cfw|production|Rope production||machine source,manufacturing,eutrophication: freshwater,-0.00042954274439749914,3.300399244101468e-05,2.8341903364800064e-05,3.768548162635247e-05,raw_cfw,2050
raw_cfw|production|Rope production||machine source,manufacturing,eutrophication: marine,-2.6511661452422624e-05,9.222777021914893e-08,7.97007743497923e-08,1.0478471768662536e-07,raw_cfw,2050
raw_cfw|production|Rope production||machine source,manufacturing,eutrophication: terrestrial,-3.744960409948598e-05,1.8543068470222542e-07,1.6022199630897954e-07,2.1053036385644506e-07,raw_cfw,2050
raw_cfw|production|Rope production||machine source,manufacturing,human toxicity: carcinogenic,-0.00014547082748875842,5.0925240949237575e-06,4.348318192663182e-06,5.800053116993483e-06,raw_cfw,2050
raw_cfw|production|Rope production||machine source,manufacturing,"human toxicity: carcinogenic, inorganics",-0.0005760772483126414,0.00022626351604656977,0.0001944088775925689,0.0002592215551079536,raw_cfw,2050
raw_cfw|production|Rope production||machine source,manufacturing,"human toxicity: carcinogenic, organics",-7.672369007849049e-05,1.337109103943264e-06,1.142920926715743e-06,1.5178107553323002e-06,raw_cfw,2050
raw_cfw|production|Rope production||machine source,manufacturing,human toxicity: non-carcinogenic,-0.00032039498892272295,0.0003565460332764213,0.0003093306220565677,0.00041225425541583716,raw_cfw,2050
raw_cfw|production|Rope production||machine source,manufacturing,"human toxicity: non-carcinogenic, inorganics",-0.00023127656552838208,0.0003951758015285221,0.00034376695063957115,0.00045641996628960503,raw_cfw,2050
raw_cfw|production|Rope production||machine source,manufacturing,"human toxicity: non-carcinogenic, organics",-0.0004535241191396737,5.026108949121086e-05,4.291525969171772e-05,5.686451241915167e-05,raw_cfw,2050
raw_cfw|production|Rope production||machine source,manufacturing,ionising radiation: human health,-0.00016479379200235562,5.549441939792301e-06,4.82644585897429e-06,6.275137028938741e-06,raw_cfw,2050
raw_cfw|production|Rope production||machine source,manufacturing,land use,-4.214200675035593e-05,2.372399934964351e-07,2.0485849914604198e-07,2.7041770920880925e-07,raw_cfw,2050
raw_cfw|production|Rope production||machine source,manufacturing,material resources: metals/minerals,-0.000311899200406937,2.448438713592071e-05,2.0810231720704306e-05,2.8045018058549807e-05,raw_cfw,2050
raw_cfw|production|Rope production||machine source,manufacturing,ozone depletion,-4.495102431758091e-05,4.3593335918884157e-07,3.717249953323484e-07,4.968973757377166e-07,raw_cfw,2050
raw_cfw|production|Rope production||machine source,manufacturing,particulate matter formation,-0.00018876657733392854,5.195209144009731e-06,4.4827437763387055e-06,5.935977203821462e-06,raw_cfw,2050
raw_cfw|production|Rope production||machine source,manufacturing,photochemical oxidant formation: human health,-0.0001265050617436267,2.7882375761072426e-06,2.384313708884831e-06,3.1578838081594836e-06,raw_cfw,2050
raw_cfw|production|Rope production||machine source,manufacturing,water use,-0.0002652289758260159,1.471516988927644e-05,1.2752840354719562e-05,1.6756172495593794e-05,raw_cfw,2050
raw_cfw|production|Coreless filament winding||machine weight,manufacturing,acidification,0.0017466680009907997,6.736244660405946e-06,5.3543445870460614e-06,8.241068647406056e-06,raw_cfw,2050
raw_cfw|production|Coreless filament winding||machine weight,manufacturing,climate change,0.002642098054769405,2.817795364965753e-05,2.2641039131982857e-05,3.377495380697203e-05,raw_cfw,2050
raw_cfw|production|Coreless filament winding||machine weight,manufacturing,climate change: biogenic,0.0005829960813715528,7.614901800707777e-07,6.037969353839198e-07,9.315470538826091e-07,raw_cfw,2050
raw_cfw|production|Coreless filament winding||machine weight,manufacturing,climate change: fossil,0.002736417860477981,1.7558812302886186e-05,1.4091046938904799e-05,2.146960991288781e-05,raw_cfw,2050
raw_cfw|production|Coreless filament winding||machine weight,manufacturing,climate change: land use and land use change,0.0035304783885087487,4.983125271677591e-05,3.980860582430063e-05,6.066230839844008e-05,raw_cfw,2050
raw_cfw|production|Coreless filament winding||machine weight,manufacturing,ecotoxicity: freshwater,0.0012651225435037251,4.027406480974848e-06,3.244189701063643e-06,4.899415537112041e-06,raw_cfw,2050
raw_cfw|production|Coreless filament winding||machine weight,manufacturing,"ecotoxicity: freshwater, inorganics",0.001483964497441251,5.521389542675897e-06,4.4487352043376355e-06,6.718642267983856e-06,raw_cfw,2050
raw_cfw|production|Coreless filament winding||machine weight,manufacturing,"ecotoxicity: freshwater, organics",0.00013900372256677246,4.954259071863612e-08,3.9859284058446376e-08,6.018094386529373e-08,raw_cfw,2050
raw_cfw|production|Coreless filament winding||machine weight,manufacturing,energy resources: non-renewable,0.0014407310289289924,5.2163902495519345e-06,4.203405270053279e-06,6.344165434365475e-06,raw_cfw,2050
raw_cfw|production|Coreless filament winding||machine weight,manufacturing,eutrophication: freshwater,0.007621644203684984,0.00012312955520637036,9.846571665577966e-05,0.0001480804191158212,raw_cfw,2050
raw_cfw|production|Coreless filament winding||machine weight,manufacturing,eutrophication: marine,0.0003933456969681461,3.490298297885202e-07,2.753275707844015e-07,4.2784443961325154e-07,raw_cfw,2050
raw_cfw|production|Coreless filament winding||machine weight,manufacturing,eutrophication: terrestrial,0.0005594369581266385,7.020499884275798e-07,5.547154056647036e-07,8.609853062125123e-07,raw_cfw,2050
raw_cfw|production|Coreless filament winding||machine weight,manufacturing,human toxicity: carcinogenic,0.0027342289295176074,1.9014146968193845e-05,1.5279242444145496e-05,2.3052073838663447e-05,raw_cfw,2050
raw_cfw|production|Coreless filament winding||machine weight,manufacturing,"human toxicity: carcinogenic, inorganics",0.017784590656764472,0.0008443307908351535,0.0006752322542616214,0.00101275153082883,raw_cfw,2050
raw_cfw|production|Coreless filament winding||machine weight,manufacturing,"human toxicity: carcinogenic, organics",0.0013971462692193624,4.995542371622238e-06,4.010248363030572e-06,6.061506436416243e-06,raw_cfw,2050
raw_cfw|production|Coreless filament winding||machine weight,manufacturing,human toxicity: non-carcinogenic,0.018895026650726548,0.0013309000837833538,0.0010809498476781786,0.001601326406054464,raw_cfw,2050
raw_cfw|production|Coreless filament winding||machine weight,manufacturing,"human toxicity: non-carcinogenic, inorganics",0.019025956626673,0.0014749330790951704,0.0012059053812947898,0.001780743800930869,raw_cfw,2050
raw_cfw|production|Coreless filament winding||machine weight,manufacturing,"human toxicity: non-carcinogenic, organics",0.008996873676429986,0.00018814943080231022,0.00015127402737112117,0.00022614481605031224,raw_cfw,2050
raw_cfw|production|Coreless filament winding||machine weight,manufacturing,ionising radiation: human health,0.002676753083750468,2.0724148744718216e-05,1.666549264828059e-05,2.4975285505532285e-05,raw_cfw,2050
raw_cfw|production|Coreless filament winding||machine weight,manufacturing,land use,0.0006351334989744934,8.991748192656009e-07,7.146301499032667e-07,1.1020776079143204e-06,raw_cfw,2050
raw_cfw|production|Coreless filament winding||machine weight,manufacturing,material resources: metals/minerals,0.005851035091287447,9.145437849251798e-05,7.448892198594565e-05,0.00010934158731660551,raw_cfw,2050
raw_cfw|production|Coreless filament winding||machine weight,manufacturing,ozone depletion,0.0007973028977735919,1.643790214824167e-06,1.3183515309360355e-06,1.9835245356467333e-06,raw_cfw,2050
raw_cfw|production|Coreless filament winding||machine weight,manufacturing,particulate matter formation,0.0029972127391170726,1.9543236665248612e-05,1.5614989949721142e-05,2.3901008616955386e-05,raw_cfw,2050
raw_cfw|production|Coreless filament winding||machine weight,manufacturing,photochemical oxidant formation: human health,0.0021603461185491046,1.054984407031345e-05,8.43651063788201e-06,1.2834878108990079e-05,raw_cfw,2050
raw_cfw|production|Coreless filament winding||machine weight,manufacturing,water use,0.004615604334341605,5.4922459506944004e-05,4.4127251353075756e-05,6.62981678259066e-05,raw_cfw,2050
raw_cfw|production|Coreless filament winding||power,manufacturing,acidification,-0.009371336237221469,0.0002675691933005784,0.00022713555881985416,0.00031778241648804806,raw_cfw,2050
raw_cfw|production|Coreless filament winding||power,manufacturing,climate change,-0.005830774812800716,0.00015110337685592768,0.00013018622389397074,0.0001796478863867376,raw_cfw,2050
raw_cfw|production|Coreless filament winding||power,manufacturing,climate change: biogenic,-0.004864076136389473,7.530722034170682e-05,6.362669446624493e-05,9.124844157410183e-05,raw_cfw,2050
raw_cfw|production|Coreless filament winding||power,manufacturing,climate change: fossil,-0.0056591173439183235,8.874211740351692e-05,7.55950333746576e-05,0.00010647401587194858,raw_cfw,2050
raw_cfw|production|Coreless filament winding||power,manufacturing,climate change: land use and land use change,-0.04011242545606661,0.01632475736371448,0.013699172759300994,0.019624241320629898,raw_cfw,2050
raw_cfw|production|Coreless filament winding||power,manufacturing,ecotoxicity: freshwater,-0.005075551293669326,7.160553574835749e-05,6.138373975706415e-05,8.594548433478317e-05,raw_cfw,2050
raw_cfw|production|Coreless filament winding||power,manufacturing,"ecotoxicity: freshwater, inorganics",-0.005973594411612831,9.963330423320236e-05,8.539172805802809e-05,0.00011956085263557803,raw_cfw,2050
raw_cfw|production|Coreless filament winding||power,manufacturing,"ecotoxicity: freshwater, organics",-0.0003400996018611456,3.0926635249231436e-07,2.632506414717653e-07,3.7197945459955936e-07,raw_cfw,2050
raw_cfw|production|Coreless filament winding||power,manufacturing,energy resources: non-renewable,-0.0075080024793030015,0.00016507712242252762,0.00014191169166689633,0.00019612587691192985,raw_cfw,2050
raw_cfw|production|Coreless filament winding||power,manufacturing,eutrophication: freshwater,-0.021083278097049594,0.0013690185904001498,0.0011628963214293366,0.001629597106353846,raw_cfw,2050
raw_cfw|production|Coreless filament winding||power,manufacturing,eutrophication: marine,-0.002198383610499127,1.4584564609603546e-05,1.2303822935525304e-05,1.7307575642531074e-05,raw_cfw,2050
raw_cfw|production|Coreless filament winding||power,manufacturing,eutrophication: terrestrial,-0.004051706854702861,5.0151287461421415e-05,4.2565726163393525e-05,5.957924901876136e-05,raw_cfw,2050
raw_cfw|production|Coreless filament winding||power,manufacturing,human toxicity: carcinogenic,-0.008934653589658172,0.00022412254497628696,0.00018707104742400908,0.00028071734737856785,raw_cfw,2050
raw_cfw|production|Coreless filament winding||power,manufacturing,"human toxicity: carcinogenic, inorganics",-0.050959034671591255,0.013285342292847361,0.011425238874126118,0.015889424308801314,raw_cfw,2050
raw_cfw|production|Coreless filament winding||power,manufacturing,"human toxicity: carcinogenic, organics",-0.003949970262616557,4.265194064509074e-05,3.344202442372385e-05,5.8839786888150326e-05,raw_cfw,2050
raw_cfw|production|Coreless filament winding||power,manufacturing,human toxicity: non-carcinogenic,-0.04708370354296922,0.022519238573476076,0.01971598986930036,0.02711733156647015,raw_cfw,2050
raw_cfw|production|Coreless filament winding||power,manufacturing,"human toxicity: non-carcinogenic, inorganics",-0.04476797102247385,0.024170597996098993,0.021215251750704527,0.029096679016484335,raw_cfw,2050
raw_cfw|production|Coreless filament winding||power,manufacturing,"human toxicity: non-carcinogenic, organics",-0.04052583580404449,0.0063367958297104125,0.005415489889031951,0.007569492802829352,raw_cfw,2050
raw_cfw|production|Coreless filament winding||power,manufacturing,ionising radiation: human health,-0.051043971798733996,0.01611617445703425,0.013916074447885344,0.019565448851155593,raw_cfw,2050
raw_cfw|production|Coreless filament winding||power,manufacturing,land use,-0.013919958011774989,0.0006280250430707076,0.0005350535529549437,0.0007503559404037603,raw_cfw,2050
raw_cfw|production|Coreless filament winding||power,manufacturing,material resources: metals/minerals,-0.05118285412483179,0.015530069924657159,0.013301887250804044,0.01827421742884903,raw_cfw,2050
raw_cfw|production|Coreless filament winding||power,manufacturing,ozone depletion,-0.011677261649975224,0.0004107470678845182,0.0003371665461911317,0.0005333177221244622,raw_cfw,2050
raw_cfw|production|Coreless filament winding||power,manufacturing,particulate matter formation,-0.010874175920951667,0.0003550278774282765,0.0002974938315064916,0.0004346760878164504,raw_cfw,2050
raw_cfw|production|Coreless filament winding||power,manufacturing,photochemical oxidant formation: human health,-0.010501035880028112,0.0003097619611389127,0.0002633468455417567,0.00037103575430288006,raw_cfw,2050
raw_cfw|production|Coreless filament winding||power,manufacturing,water use,-0.038314521465163766,0.0067110436190106,0.005747367110661835,0.008127853886965807,raw_cfw,2050
raw_cfw|production|Coreless filament winding||output rate,manufacturing,acidification,-0.012547303908053649,0.00035075717577995953,0.0002937799517603839,0.00042099196394130217,raw_cfw,2050
raw_cfw|production|Coreless filament winding||output rate,manufacturing,climate change,-0.00805980882682736,0.0002911677026177003,0.00024029743720887836,0.0003587241186127901,raw_cfw,2050
raw_cfw|production|Coreless filament winding||output rate,manufacturing,climate change: biogenic,-0.005700234784940224,8.991407250202509e-05,7.644459811797e-05,0.00010664252389598337,raw_cfw,2050
raw_cfw|production|Coreless filament winding||output rate,manufacturing,climate change: fossil,-0.008878375255659854,0.00017403994154686643,0.00014257714653749897,0.0002121258214571267,raw_cfw,2050
raw_cfw|production|Coreless filament winding||output rate,manufacturing,climate change: land use and land use change,-0.03353961300667491,0.01808092124425851,0.015037160689388804,0.021367704608864915,raw_cfw,2050
raw_cfw|production|Coreless filament winding||output rate,manufacturing,ecotoxicity: freshwater,-0.006476134335721095,0.00010523087215315587,8.744559004146217e-05,0.00012727425490421772,raw_cfw,2050
raw_cfw|production|Coreless filament winding||output rate,manufacturing,"ecotoxicity: freshwater, inorganics",-0.0076132395943533816,0.00014604834185146326,0.00012135640291576528,0.00017658333121740852,raw_cfw,2050
raw_cfw|production|Coreless filament winding||output rate,manufacturing,"ecotoxicity: freshwater, organics",-0.0005035718872218588,5.715116776840973e-07,4.667034107228163e-07,6.983824189304414e-07,raw_cfw,2050
raw_cfw|production|Coreless filament winding||output rate,manufacturing,energy resources: non-renewable,-0.008975856346568995,0.0002223829123679552,0.00018484654096168152,0.0002655906610631219,raw_cfw,2050
raw_cfw|production|Coreless filament winding||output rate,manufacturing,eutrophication: freshwater,-0.031046490803549015,0.0021995681232820554,0.0018216489013777972,0.0026412641448922774,raw_cfw,2050
raw_cfw|production|Coreless filament winding||output rate,manufacturing,eutrophication: marine,-0.0029925744719122983,1.9031973036056545e-05,1.5992181270881456e-05,2.2931041155306645e-05,raw_cfw,2050
raw_cfw|production|Coreless filament winding||output rate,manufacturing,eutrophication: terrestrial,-0.0052479611528476215,6.192375399111891e-05,5.225003124459663e-05,7.463597727433363e-05,raw_cfw,2050
raw_cfw|production|Coreless filament winding||output rate,manufacturing,human toxicity: carcinogenic,-0.012387084955797514,0.0003567290909607639,0.0002913935771347696,0.0004418489540807793,raw_cfw,2050
raw_cfw|production|Coreless filament winding||output rate,manufacturing,"human toxicity: carcinogenic, inorganics",-0.06370895138212238,0.01994246230535354,0.016710939390065974,0.023569509879717482,raw_cfw,2050
raw_cfw|production|Coreless filament winding||output rate,manufacturing,"human toxicity: carcinogenic, organics",-0.006078652875112121,7.259833760737267e-05,5.68626270525954e-05,9.447533275240397e-05,raw_cfw,2050
raw_cfw|production|Coreless filament winding||output rate,manufacturing,human toxicity: non-carcinogenic,-0.053278445696866406,0.033374153178348326,0.028066832822578797,0.03954181127526006,raw_cfw,2050
raw_cfw|production|Coreless filament winding||output rate,manufacturing,"human toxicity: non-carcinogenic, inorganics",-0.04912924717506994,0.03602347649200914,0.030373219437145008,0.04261446291499792,raw_cfw,2050
raw_cfw|production|Coreless filament winding||output rate,manufacturing,"human toxicity: non-carcinogenic, organics",-0.05048581150446276,0.008473501796793546,0.007069833942523437,0.010012175496767852,raw_cfw,2050
raw_cfw|production|Coreless filament winding||output rate,manufacturing,ionising radiation: human health,-0.04674427313706387,0.01743590738292646,0.014519478907111898,0.02047771557278474,raw_cfw,2050
raw_cfw|production|Coreless filament winding||output rate,manufacturing,land use,-0.016329519674319767,0.0006860948755858222,0.0005804287029306547,0.000820000807754975,raw_cfw,2050
raw_cfw|production|Coreless filament winding||output rate,manufacturing,material resources: metals/minerals,-0.06471546901508243,0.01807942593919103,0.015147957359056531,0.021691922927244506,raw_cfw,2050
raw_cfw|production|Coreless filament winding||output rate,manufacturing,ozone depletion,-0.013830392704791208,0.0004697467583047083,0.00038098310889268414,0.000586044002813691,raw_cfw,2050
raw_cfw|production|Coreless filament winding||output rate,manufacturing,particulate matter formation,-0.016137457651821948,0.0005216645899918616,0.0004311272586292933,0.0006334606552687247,raw_cfw,2050
raw_cfw|production|Coreless filament winding||output rate,manufacturing,photochemical oxidant formation: human health,-0.013568591393161335,0.0004226522634096094,0.0003509126122993599,0.0005085504016550487,raw_cfw,2050
raw_cfw|production|Coreless filament winding||output rate,manufacturing,water use,-0.03766493884939872,0.007855906027379995,0.0065537449252833675,0.009241687359013475,raw_cfw,2050
raw_cfw|production|Coreless filament winding||machine lifetime,manufacturing,acidification,0.0006123429891855404,7.489420022088516e-06,5.8318928681184135e-06,9.156658304455878e-06,raw_cfw,2050
raw_cfw|production|Coreless filament winding||machine lifetime,manufacturing,climate change,0.0012060244965172635,3.13284645578815e-05,2.4795827066877345e-05,3.760959718989095e-05,raw_cfw,2050
raw_cfw|production|Coreless filament winding||machine lifetime,manufacturing,climate change: biogenic,0.00020506192487934152,8.466323146367405e-07,6.610415237420277e-07,1.0374588211399513e-06,raw_cfw,2050
raw_cfw|production|Coreless filament winding||machine lifetime,manufacturing,climate change: fossil,0.0010032910929776782,1.952202152647392e-05,1.5246678656624246e-05,2.3638632739352842e-05,raw_cfw,2050
raw_cfw|production|Coreless filament winding||machine lifetime,manufacturing,climate change: land use and land use change,0.0011818979041612128,5.540288071759195e-05,4.426221736561445e-05,6.694738119712258e-05,raw_cfw,2050
raw_cfw|production|Coreless filament winding||machine lifetime,manufacturing,ecotoxicity: freshwater,0.0004755643200387051,4.477710401891516e-06,3.4941242719702015e-06,5.381794367287827e-06,raw_cfw,2050
raw_cfw|production|Coreless filament winding||machine lifetime,manufacturing,"ecotoxicity: freshwater, inorganics",0.0005572084853521108,6.1387355760158044e-06,4.791130309124078e-06,7.379465376714409e-06,raw_cfw,2050
raw_cfw|production|Coreless filament winding||machine lifetime,manufacturing,"ecotoxicity: freshwater, organics",5.249508758803727e-05,5.50819305662508e-08,4.2945741107918866e-08,6.61374774829002e-08,raw_cfw,2050
raw_cfw|production|Coreless filament winding||machine lifetime,manufacturing,energy resources: non-renewable,0.0005377561749512493,5.799616616780367e-06,4.528169418288289e-06,6.977376414152582e-06,raw_cfw,2050
raw_cfw|production|Coreless filament winding||machine lifetime,manufacturing,eutrophication: freshwater,0.0026793445158169553,0.00013689666366025093,0.00010683142547911675,0.0001661393430694052,raw_cfw,2050
raw_cfw|production|Coreless filament winding||machine lifetime,manufacturing,eutrophication: marine,0.00013565311797019222,3.8805247832802285e-07,3.0310484606328947e-07,4.756573647904069e-07,raw_cfw,2050
raw_cfw|production|Coreless filament winding||machine lifetime,manufacturing,eutrophication: terrestrial,0.00019331962389550192,7.805411377985422e-07,6.093057428307553e-07,9.562272094509404e-07,raw_cfw,2050
raw_cfw|production|Coreless filament winding||machine lifetime,manufacturing,human toxicity: carcinogenic,0.0010303867030562754,2.1140116927292936e-05,1.6544634293967874e-05,2.5229548806278456e-05,raw_cfw,2050
raw_cfw|production|Coreless filament winding||machine lifetime,manufacturing,"human toxicity: carcinogenic, inorganics",0.006345194142660958,0.0009387353620459416,0.0007373592028368543,0.0011233426726189083,raw_cfw,2050
raw_cfw|production|Coreless filament winding||machine lifetime,manufacturing,"human toxicity: carcinogenic, organics",0.0005286322321522413,5.554093198113473e-06,4.335476498300177e-06,6.639753383139532e-06,raw_cfw,2050
raw_cfw|production|Coreless filament winding||machine lifetime,manufacturing,human toxicity: non-carcinogenic,0.006799680051080275,0.0014797079176209777,0.0011740324160562747,0.001796861459627918,raw_cfw,2050
raw_cfw|production|Coreless filament winding||machine lifetime,manufacturing,"human toxicity: non-carcinogenic, inorganics",0.0068401472202148485,0.0016398452393217916,0.0013049863631580804,0.001993785866319692,raw_cfw,2050
raw_cfw|production|Coreless filament winding||machine lifetime,manufacturing,"human toxicity: non-carcinogenic, organics",0.003254626821450495,0.00020918632487802047,0.000162685716692125,0.00025090999899644834,raw_cfw,2050
raw_cfw|production|Coreless filament winding||machine lifetime,manufacturing,ionising radiation: human health,0.0009500673440172788,2.3041313525247094e-05,1.8147680606540803e-05,2.7782145214818617e-05,raw_cfw,2050
raw_cfw|production|Coreless filament winding||machine lifetime,manufacturing,land use,0.0002212606247846706,9.997041250840242e-07,7.789546564141641e-07,1.22018393003027e-06,raw_cfw,2050
raw_cfw|production|Coreless filament winding||machine lifetime,manufacturing,material resources: metals/minerals,0.002203895115603077,0.00010167988075351478,7.89208100201233e-05,0.00012213489749750013,raw_cfw,2050
raw_cfw|production|Coreless filament winding||machine lifetime,manufacturing,ozone depletion,0.0003023919303851222,1.8275760074399828e-06,1.4221256271542367e-06,2.18986511431375e-06,raw_cfw,2050
raw_cfw|production|Coreless filament winding||machine lifetime,manufacturing,particulate matter formation,0.0010525313208168748,2.1728318771151896e-05,1.6854115896595667e-05,2.652053784604467e-05,raw_cfw,2050
raw_cfw|production|Coreless filament winding||machine lifetime,manufacturing,photochemical oxidant formation: human health,0.0007828695214820231,1.1729352168947645e-05,9.138389654180739e-06,1.423858972072727e-05,raw_cfw,2050
raw_cfw|production|Coreless filament winding||machine lifetime,manufacturing,water use,0.0016322854564081721,6.106333569025232e-05,4.8068599023341057e-05,7.346801531108478e-05,raw_cfw,2050
raw_cfw|production|Coreless filament winding||process yield,manufacturing,acidification,0.2200910814094787,0.09467820547287954,0.08019831576721238,0.10957723821770174,raw_cfw,2050
raw_cfw|production|Coreless filament winding||process yield,manufacturing,climate change,0.08732853687011509,0.0405695819232386,0.033475122652056655,0.046828854977606145,raw_cfw,2050
raw_cfw|production|Coreless filament winding||process yield,manufacturing,climate change: biogenic,0.21684053337934053,0.09174225323399744,0.07793080365300878,0.10607596815633101,raw_cfw,2050
raw_cfw|production|Coreless filament winding||process yield,manufacturing,climate change: fossil,0.21197172972264802,0.09230626992032438,0.07846283738306163,0.10820979740550411,raw_cfw,2050
raw_cfw|production|Coreless filament winding||process yield,manufacturing,climate change: land use and land use change,0.21652203671296277,0.09486802239410076,0.08090464166694594,0.11017305169804652,raw_cfw,2050
raw_cfw|production|Coreless filament winding||process yield,manufacturing,ecotoxicity: freshwater,0.1920080614602014,0.08140459061421282,0.06903205802209084,0.0945347469473594,raw_cfw,2050
raw_cfw|production|Coreless filament winding||process yield,manufacturing,"ecotoxicity: freshwater, inorganics",0.19227527755662485,0.08157154275273051,0.06919900348709467,0.09479957089233686,raw_cfw,2050
raw_cfw|production|Coreless filament winding||process yield,manufacturing,"ecotoxicity: freshwater, organics",0.19046460614513883,0.08047516489318478,0.06811453216616478,0.09313538048325269,raw_cfw,2050
raw_cfw|production|Coreless filament winding||process yield,manufacturing,energy resources: non-renewable,0.20285178609295046,0.08820497326449243,0.07488563702576571,0.10234474447053876,raw_cfw,2050
raw_cfw|production|Coreless filament winding||process yield,manufacturing,eutrophication: freshwater,0.2151225115983296,0.09316831589454104,0.07850536376677655,0.10875182463260027,raw_cfw,2050
raw_cfw|production|Coreless filament winding||process yield,manufacturing,eutrophication: marine,0.20865276994748808,0.08812357032648874,0.07490084581696857,0.10238844762315726,raw_cfw,2050
raw_cfw|production|Coreless filament winding||process yield,manufacturing,eutrophication: terrestrial,0.2120699430886985,0.08997030180281762,0.07643147352126417,0.10439264027184031,raw_cfw,2050
raw_cfw|production|Coreless filament winding||process yield,manufacturing,human toxicity: carcinogenic,0.18724443384029146,0.08066951654970772,0.06843769079931868,0.09369599762424898,raw_cfw,2050
raw_cfw|production|Coreless filament winding||process yield,manufacturing,"human toxicity: carcinogenic, inorganics",0.1491795187269731,0.06707054669601617,0.057363512805434884,0.07792439572218554,raw_cfw,2050
raw_cfw|production|Coreless filament winding||process yield,manufacturing,"human toxicity: carcinogenic, organics",0.18871167087539295,0.08106725230423303,0.06856825967442028,0.09391924525188611,raw_cfw,2050
raw_cfw|production|Coreless filament winding||process yield,manufacturing,human toxicity: non-carcinogenic,0.1195412717752324,0.06016347427038881,0.05184237119361022,0.06909518851314678,raw_cfw,2050
raw_cfw|production|Coreless filament winding||process yield,manufacturing,"human toxicity: non-carcinogenic, inorganics",0.10715319426561559,0.05473654243208748,0.047096670465716015,0.06283008265904784,raw_cfw,2050
raw_cfw|production|Coreless filament winding||process yield,manufacturing,"human toxicity: non-carcinogenic, organics",0.22134263491340794,0.10167963955436062,0.0866473118165944,0.11785749736963741,raw_cfw,2050
raw_cfw|production|Coreless filament winding||process yield,manufacturing,ionising radiation: human health,0.259601180095604,0.11701141083789895,0.10026512890427534,0.1345710478375343,raw_cfw,2050
raw_cfw|production|Coreless filament winding||process yield,manufacturing,land use,0.22660375190596696,0.09823297419164548,0.08326596405096806,0.11350070395329924,raw_cfw,2050
raw_cfw|production|Coreless filament winding||process yield,manufacturing,material resources: metals/minerals,0.1952216443030651,0.09686584509342715,0.08303944265710822,0.11362116340610816,raw_cfw,2050
raw_cfw|production|Coreless filament winding||process yield,manufacturing,ozone depletion,0.21191825241815893,0.0971601041043016,0.08254656503654866,0.11262539681224831,raw_cfw,2050
raw_cfw|production|Coreless filament winding||process yield,manufacturing,particulate matter formation,0.22691220966135733,0.10016051415168606,0.08460208526614128,0.11597804455033747,raw_cfw,2050
raw_cfw|production|Coreless filament winding||process yield,manufacturing,photochemical oxidant formation: human health,0.21680823801192006,0.09378432447710207,0.07959722200392884,0.11056575090785963,raw_cfw,2050
raw_cfw|production|Coreless filament winding||process yield,manufacturing,water use,0.2314690875426034,0.09882789486197714,0.08413834885140409,0.11426910383482461,raw_cfw,2050
raw_cfw|production|Coreless filament winding||machine source,manufacturing,acidification,0.011807492516716742,0.0005046849102189395,0.00043181516658676717,0.0005709777902636959,raw_cfw,2050
raw_cfw|production|Coreless filament winding||machine source,manufacturing,climate change,0.016547862098412622,0.0021020738471630124,0.0018345436387384867,0.0023816821071012207,raw_cfw,2050
raw_cfw|production|Coreless filament winding||machine source,manufacturing,climate change: biogenic,0.0038921516657851453,5.721700162011587e-05,4.90126099770885e-05,6.488206102060928e-05,raw_cfw,2050
raw_cfw|production|Coreless filament winding||machine source,manufacturing,climate change: fossil,0.018491433751201932,0.0013098314975743765,0.0011361343772651293,0.0014724407621956072,raw_cfw,2050
raw_cfw|production|Coreless filament winding||machine source,manufacturing,climate change: land use and land use change,0.02841430431252211,0.0037452741743714078,0.0032473924376167584,0.004225081511076404,raw_cfw,2050
raw_cfw|production|Coreless filament winding||machine source,manufacturing,ecotoxicity: freshwater,0.008321120026479901,0.0003026484895365472,0.0002636952989368291,0.00033813567504604834,raw_cfw,2050
raw_cfw|production|Coreless filament winding||machine source,manufacturing,"ecotoxicity: freshwater, inorganics",0.009802777078908679,0.000414931166446588,0.0003614370493612688,0.0004636405364884126,raw_cfw,2050
raw_cfw|production|Coreless filament winding||machine source,manufacturing,"ecotoxicity: freshwater, organics",0.0008923415071267011,3.7161069138518037e-06,3.2304162064599403e-06,4.1491821100415475e-06,raw_cfw,2050
raw_cfw|production|Coreless filament winding||machine source,manufacturing,energy resources: non-renewable,0.00943696469496467,0.0003883951135032799,0.00033808262923891094,0.00043380729972663124,raw_cfw,2050
raw_cfw|production|Coreless filament winding||machine source,manufacturing,eutrophication: freshwater,0.05633827335514538,0.009260685222847068,0.007971470623673331,0.010403162475663738,raw_cfw,2050
raw_cfw|production|Coreless filament winding||machine source,manufacturing,eutrophication: marine,0.0025960922106002845,2.5878455472652607e-05,2.2101875945128793e-05,2.9351906693063105e-05,raw_cfw,2050
raw_cfw|production|Coreless filament winding||machine source,manufacturing,eutrophication: terrestrial,0.0036957286655637423,5.2030529480748486e-05,4.44561832534325e-05,5.8983393801487995e-05,raw_cfw,2050
raw_cfw|production|Coreless filament winding||machine source,manufacturing,human toxicity: carcinogenic,0.018389777897829182,0.001428925991821713,0.001247614452477633,0.0015948745603041865,raw_cfw,2050
raw_cfw|production|Coreless filament winding||machine source,manufacturing,"human toxicity: carcinogenic, inorganics",0.15708362375975216,0.06348793114247425,0.05547329616302752,0.07143090395501536,raw_cfw,2050
raw_cfw|production|Coreless filament winding||machine source,manufacturing,"human toxicity: carcinogenic, organics",0.009147651119347594,0.0003751832916078805,0.00032665881553047693,0.00041895954966432534,raw_cfw,2050
raw_cfw|production|Coreless filament winding||machine source,manufacturing,human toxicity: non-carcinogenic,0.18639216882005621,0.10004427759850068,0.08772935269907584,0.11274075370979712,raw_cfw,2050
raw_cfw|production|Coreless filament winding||machine source,manufacturing,"human toxicity: non-carcinogenic, inorganics",0.19424036482080528,0.11088351544687877,0.09723748217238881,0.12555842955699933,raw_cfw,2050
raw_cfw|production|Coreless filament winding||machine source,manufacturing,"human toxicity: non-carcinogenic, organics",0.06698966385113231,0.014102903749215181,0.01225399416124422,0.01581274191939237,raw_cfw,2050
raw_cfw|production|Coreless filament winding||machine source,manufacturing,ionising radiation: human health,0.019190125415146038,0.0015571338848998518,0.0013389637937420216,0.001741287685363367,raw_cfw,2050
raw_cfw|production|Coreless filament winding||machine source,manufacturing,land use,0.00416419993861841,6.656785253988312e-05,5.6951415307876364e-05,7.518638936557942e-05,raw_cfw,2050
raw_cfw|production|Coreless filament winding||machine source,manufacturing,material resources: metals/minerals,0.03915819402825884,0.006870144651297071,0.005880844194700449,0.007782575935408895,raw_cfw,2050
raw_cfw|production|Coreless filament winding||machine source,manufacturing,ozone depletion,0.005041524387450343,0.00012231979584897412,0.00010629979711927524,0.00013666161171744268,raw_cfw,2050
raw_cfw|production|Coreless filament winding||machine source,manufacturing,particulate matter formation,0.020465103371950996,0.0014577386852671367,0.0012467936903428215,0.0016484054955220092,raw_cfw,2050
raw_cfw|production|Coreless filament winding||machine source,manufacturing,photochemical oxidant formation: human health,0.014356046704637018,0.0007823596058868024,0.0006752698869095018,0.000882078993913377,raw_cfw,2050
raw_cfw|production|Coreless filament winding||machine source,manufacturing,water use,0.034080451891943794,0.004128971868747597,0.0035709922433621285,0.0045988750348785225,raw_cfw,2050
raw_cfw|repair|Rope production||machine weight,manufacturing,acidification,-1.7390672306217816e-05,2.0547282202285565e-09,1.5273704311186587e-09,2.7965349155639438e-09,raw_cfw,2050
raw_cfw|repair|Rope production||machine weight,manufacturing,climate change,-2.474407647731558e-05,8.59501438154609e-09,6.360356289875887e-09,1.183156734453647e-08,raw_cfw,2050
raw_cfw|repair|Rope production||machine weight,manufacturing,climate change: biogenic,-5.854724078705294e-06,2.322740310527878e-10,1.723715368098977e-10,3.161675659191628e-10,raw_cfw,2050
raw_cfw|repair|Rope production||machine weight,manufacturing,climate change: fossil,-2.755625337648128e-05,5.355898053443524e-09,4.038128588334615e-09,7.139628393047776e-09,raw_cfw,2050
raw_cfw|repair|Rope production||machine weight,manufacturing,climate change: land use and land use change,-3.0427919887479684e-05,1.5199809590268818e-08,1.1531938723736972e-08,2.062800582978037e-08,raw_cfw,2050
raw_cfw|repair|Rope production||machine weight,manufacturing,ecotoxicity: freshwater,-1.3056351099965846e-05,1.2284622377164198e-09,9.264566098263754e-10,1.6404972765814792e-09,raw_cfw,2050
raw_cfw|repair|Rope production||machine weight,manufacturing,"ecotoxicity: freshwater, inorganics",-1.5293451918310798e-05,1.6841653731303352e-09,1.2697019919291285e-09,2.2501958717807664e-09,raw_cfw,2050
raw_cfw|repair|Rope production||machine weight,manufacturing,"ecotoxicity: freshwater, organics",-1.4436649535212146e-06,1.5111763545568543e-11,1.141720646755647e-11,2.0126873751550633e-11,raw_cfw,2050
raw_cfw|repair|Rope production||machine weight,manufacturing,energy resources: non-renewable,-1.4649644963159675e-05,1.5911372618051657e-09,1.2006390499610716e-09,2.1203745433579783e-09,raw_cfw,2050
raw_cfw|repair|Rope production||machine weight,manufacturing,eutrophication: freshwater,-7.470661391563611e-05,3.755767004922488e-08,2.8410632446557825e-08,5.0391053495991635e-08,raw_cfw,2050
raw_cfw|repair|Rope production||machine weight,manufacturing,eutrophication: marine,-3.919051058653972e-06,1.0646364079801265e-10,7.849285614393904e-11,1.4524312215630264e-10,raw_cfw,2050
raw_cfw|repair|Rope production||machine weight,manufacturing,eutrophication: terrestrial,-5.564517584609295e-06,2.141445117688542e-10,1.5812854692167064e-10,2.921191893320246e-10,raw_cfw,2050
raw_cfw|repair|Rope production||machine weight,manufacturing,human toxicity: carcinogenic,-2.8069296740573467e-05,5.7998023237735104e-09,4.363980013502785e-09,7.766449585469508e-09,raw_cfw,2050
raw_cfw|repair|Rope production||machine weight,manufacturing,"human toxicity: carcinogenic, inorganics",-0.00016611769016485143,2.5754253217544793e-07,1.9281849060069608e-07,3.4621333011833525e-07,raw_cfw,2050
raw_cfw|repair|Rope production||machine weight,manufacturing,"human toxicity: carcinogenic, organics",-1.4445791814860119e-05,1.5237685761026146e-09,1.1481615410670855e-09,2.033509938676095e-09,raw_cfw,2050
raw_cfw|repair|Rope production||machine weight,manufacturing,human toxicity: non-carcinogenic,-0.00016486559433032163,4.059586424564973e-07,3.048689316777283e-07,5.354932248703435e-07,raw_cfw,2050
raw_cfw|repair|Rope production||machine weight,manufacturing,"human toxicity: non-carcinogenic, inorganics",-0.00016352640374131777,4.498923960809216e-07,3.389112931617885e-07,5.918699144183573e-07,raw_cfw,2050
raw_cfw|repair|Rope production||machine weight,manufacturing,"human toxicity: non-carcinogenic, organics",-8.658957742752194e-05,5.739041953017027e-08,4.28159149156235e-08,7.758639204741624e-08,raw_cfw,2050
raw_cfw|repair|Rope production||machine weight,manufacturing,ionising radiation: human health,-2.469772041130336e-05,6.321396787502258e-09,4.846315581850579e-09,8.540617754031667e-09,raw_cfw,2050
raw_cfw|repair|Rope production||machine weight,manufacturing,land use,-6.274917309456554e-06,2.7427323542814317e-10,2.035197802929567e-10,3.742853082759255e-10,raw_cfw,2050
raw_cfw|repair|Rope production||machine weight,manufacturing,material resources: metals/minerals,-5.751898288563582e-05,2.7895930993596168e-08,2.1006321472078152e-08,3.661247685682794e-08,raw_cfw,2050
raw_cfw|repair|Rope production||machine weight,manufacturing,ozone depletion,-8.09434046788442e-06,5.01399740581622e-10,3.7683859418690913e-10,6.652304037739743e-10,raw_cfw,2050
raw_cfw|repair|Rope production||machine weight,manufacturing,particulate matter formation,-2.9575390154423543e-05,5.9611997350631575e-09,4.456266500727877e-09,8.10188052243257e-09,raw_cfw,2050
raw_cfw|repair|Rope production||machine weight,manufacturing,photochemical oxidant formation: human health,-2.1688469065550622e-05,3.217990406663249e-09,2.4244022595028927e-09,4.299121735366202e-09,raw_cfw,2050
raw_cfw|repair|Rope production||machine weight,manufacturing,water use,-4.4019434682036195e-05,1.6752757981200362e-08,1.2775579501112533e-08,2.2517609155017827e-08,raw_cfw,2050
raw_cfw|repair|Rope production||power,manufacturing,acidification,9.945388908911988e-05,2.8729934947919847e-07,2.490323829618433e-07,3.3381621693246124e-07,raw_cfw,2050
raw_cfw|repair|Rope production||power,manufacturing,climate change,6.33334708389037e-05,1.6282883489536726e-07,1.403957892271879e-07,1.919773312071563e-07,raw_cfw,2050
raw_cfw|repair|Rope production||power,manufacturing,climate change: biogenic,3.835835999910462e-05,7.759098009563176e-08,6.612221778828496e-08,8.95796613124266e-08,raw_cfw,2050
raw_cfw|repair|Rope production||power,manufacturing,climate change: fossil,5.839548572895059e-05,9.597727964403944e-08,8.267713656338396e-08,1.127101438949285e-07,raw_cfw,2050
raw_cfw|repair|Rope production||power,manufacturing,climate change: land use and land use change,0.0001899248330156584,1.632173925362238e-05,1.3769876349187894e-05,1.9022267124262294e-05,raw_cfw,2050
raw_cfw|repair|Rope production||power,manufacturing,ecotoxicity: freshwater,4.936725307200764e-05,7.696346074276033e-08,6.576046034946772e-08,8.949890855529964e-08,raw_cfw,2050
raw_cfw|repair|Rope production||power,manufacturing,"ecotoxicity: freshwater, inorganics",5.825687920394368e-05,1.0707032922455616e-07,9.152095181150075e-08,1.2458697271007183e-07,raw_cfw,2050
raw_cfw|repair|Rope production||power,manufacturing,"ecotoxicity: freshwater, organics",3.4590475836972332e-06,3.3786382375318677e-10,2.867118407931419e-10,3.961856125613222e-10,raw_cfw,2050
raw_cfw|repair|Rope production||power,manufacturing,energy resources: non-renewable,7.116391017930356e-05,1.7547379649805863e-07,1.5060353073487663e-07,2.0255151002781963e-07,raw_cfw,2050
raw_cfw|repair|Rope production||power,manufacturing,eutrophication: freshwater,0.00023055174463343213,1.472770148524105e-06,1.2778934865682896e-06,1.719154224879948e-06,raw_cfw,2050
raw_cfw|repair|Rope production||power,manufacturing,eutrophication: marine,2.328597163229438e-05,1.5721073351704616e-08,1.3606033716978842e-08,1.8273251875522287e-08,raw_cfw,2050
raw_cfw|repair|Rope production||power,manufacturing,eutrophication: terrestrial,4.131206903959484e-05,5.3590348066912364e-08,4.607422853899345e-08,6.199414366367958e-08,raw_cfw,2050
raw_cfw|repair|Rope production||power,manufacturing,human toxicity: carcinogenic,0.00010058757467808984,2.5015273884786477e-07,2.1106626570159747e-07,2.9553023222502144e-07,raw_cfw,2050
raw_cfw|repair|Rope production||power,manufacturing,"human toxicity: carcinogenic, inorganics",0.0006258952336901417,1.4262842265940348e-05,1.2148754066057086e-05,1.649508404571003e-05,raw_cfw,2050
raw_cfw|repair|Rope production||power,manufacturing,"human toxicity: carcinogenic, organics",5.2000178043683655e-05,5.0724286829957746e-08,4.123138170935166e-08,6.29638824015757e-08,raw_cfw,2050
raw_cfw|repair|Rope production||power,manufacturing,human toxicity: non-carcinogenic,0.0006992113149381291,2.4188871897603944e-05,2.0639162816168645e-05,2.8141335526546404e-05,raw_cfw,2050
raw_cfw|repair|Rope production||power,manufacturing,"human toxicity: non-carcinogenic, inorganics",0.000691247612089096,2.5965600801315524e-05,2.2049471013346702e-05,3.020730760820457e-05,raw_cfw,2050
raw_cfw|repair|Rope production||power,manufacturing,"human toxicity: non-carcinogenic, organics",0.00047392295947099034,6.7928130390613065e-06,5.90090797735954e-06,7.932311660257699e-06,raw_cfw,2050
raw_cfw|repair|Rope production||power,manufacturing,ionising radiation: human health,0.00042380204154369826,1.638269713935811e-05,1.3999822461790661e-05,1.8998767333658016e-05,raw_cfw,2050
raw_cfw|repair|Rope production||power,manufacturing,land use,0.00014238259211140375,6.669631875731136e-07,5.726108143490424e-07,7.731330309102013e-07,raw_cfw,2050
raw_cfw|repair|Rope production||power,manufacturing,material resources: metals/minerals,0.0008205415219185494,1.7289373512026314e-05,1.4638065886018454e-05,2.0358406803695795e-05,raw_cfw,2050
raw_cfw|repair|Rope production||power,manufacturing,ozone depletion,0.00014662171693557437,4.6893179345781665e-07,3.897581574027459e-07,5.586510880451947e-07,raw_cfw,2050
raw_cfw|repair|Rope production||power,manufacturing,particulate matter formation,0.00013368135918043097,3.9360606866573705e-07,3.409461379319389e-07,4.637438250303363e-07,raw_cfw,2050
raw_cfw|repair|Rope production||power,manufacturing,photochemical oxidant formation: human health,0.00011145573662720929,3.355402783637637e-07,2.907646124012675e-07,3.962024747454702e-07,raw_cfw,2050
raw_cfw|repair|Rope production||power,manufacturing,water use,0.0002627046304012551,6.788972634274584e-06,5.795117891766183e-06,7.86448233559056e-06,raw_cfw,2050
raw_cfw|repair|Rope production||output rate,manufacturing,acidification,-0.00021783653610522082,3.4729253792919146e-07,2.9650815254291357e-07,4.0912221934884687e-07,raw_cfw,2050
raw_cfw|repair|Rope production||output rate,manufacturing,climate change,-0.0001307170605438119,2.400211064981261e-07,2.0178212616080124e-07,2.859756020827918e-07,raw_cfw,2050
raw_cfw|repair|Rope production||output rate,manufacturing,climate change: biogenic,-0.0001576188645673497,9.136442209593596e-08,7.921003944066438e-08,1.0586654100318828e-07,raw_cfw,2050
raw_cfw|repair|Rope production||output rate,manufacturing,climate change: fossil,-0.00012914826506413114,1.4252761962632886e-07,1.2109310707155917e-07,1.6997674520753836e-07,raw_cfw,2050
raw_cfw|repair|Rope production||output rate,manufacturing,climate change: land use and land use change,-0.002151617872302544,1.8779898365839768e-05,1.6181689583451796e-05,2.2273639917586387e-05,raw_cfw,2050
raw_cfw|repair|Rope production||output rate,manufacturing,ecotoxicity: freshwater,-0.00011057374181733454,9.851368728659582e-08,8.475786414312827e-08,1.1642565371030196e-07,raw_cfw,2050
raw_cfw|repair|Rope production||output rate,manufacturing,"ecotoxicity: freshwater, inorganics",-0.00013061265671333088,1.368849140075754e-07,1.1783330732385837e-07,1.6176832737128934e-07,raw_cfw,2050
raw_cfw|repair|Rope production||output rate,manufacturing,"ecotoxicity: freshwater, organics",-6.75477385037351e-06,4.829809015841156e-10,4.0669648652490985e-10,5.814755875778648e-10,raw_cfw,2050
raw_cfw|repair|Rope production||output rate,manufacturing,energy resources: non-renewable,-0.00017818858493050648,2.161778159048396e-07,1.8717730904934932e-07,2.515587239171981e-07,raw_cfw,2050
raw_cfw|repair|Rope production||output rate,manufacturing,eutrophication: freshwater,-0.0005146302632463332,1.972829523045438e-06,1.672998378481293e-06,2.3182920331810958e-06,raw_cfw,2050
raw_cfw|repair|Rope production||output rate,manufacturing,eutrophication: marine,-4.8641046605111864e-05,1.8925879776631147e-08,1.6068935202060546e-08,2.2359897521320413e-08,raw_cfw,2050
raw_cfw|repair|Rope production||output rate,manufacturing,eutrophication: terrestrial,-9.595716533476285e-05,6.303328110679127e-08,5.392526693862193e-08,7.369965881438123e-08,raw_cfw,2050
raw_cfw|repair|Rope production||output rate,manufacturing,human toxicity: carcinogenic,-0.00014113204106485443,3.2679725508837167e-07,2.733565340726514e-07,4.02317968618563e-07,raw_cfw,2050
raw_cfw|repair|Rope production||output rate,manufacturing,"human toxicity: carcinogenic, inorganics",-0.0013640796666814358,1.846707777282912e-05,1.5648084866688235e-05,2.164386529147131e-05,raw_cfw,2050
raw_cfw|repair|Rope production||output rate,manufacturing,"human toxicity: carcinogenic, organics",-2.3436127494980465e-05,6.618612382335708e-08,5.381249410384012e-08,8.624800710475852e-08,raw_cfw,2050
raw_cfw|repair|Rope production||output rate,manufacturing,human toxicity: non-carcinogenic,-0.0014144576388823375,3.1105965967648136e-05,2.630494681219482e-05,3.6497452975716405e-05,raw_cfw,2050
raw_cfw|repair|Rope production||output rate,manufacturing,"human toxicity: non-carcinogenic, inorganics",-0.0013831429887123231,3.3484957386869496e-05,2.8210827078983157e-05,3.9491203688928014e-05,raw_cfw,2050
raw_cfw|repair|Rope production||output rate,manufacturing,"human toxicity: non-carcinogenic, organics",-0.0010293872761786497,8.300465962788799e-06,7.101026219033663e-06,9.780542056857999e-06,raw_cfw,2050
raw_cfw|repair|Rope production||output rate,manufacturing,ionising radiation: human health,-0.0021469731762023933,1.848164106293907e-05,1.5985671871704763e-05,2.1555969868850605e-05,raw_cfw,2050
raw_cfw|repair|Rope production||output rate,manufacturing,land use,-0.00034728796879067946,7.405933974952251e-07,6.434334646125809e-07,8.575901229610671e-07,raw_cfw,2050
raw_cfw|repair|Rope production||output rate,manufacturing,material resources: metals/minerals,-0.0010888540451236437,1.9366039855058914e-05,1.6160384753797857e-05,2.334834723333006e-05,raw_cfw,2050
raw_cfw|repair|Rope production||output rate,manufacturing,ozone depletion,-0.0001244445475236516,5.147174177832374e-07,4.3124762451481975e-07,6.439718136041561e-07,raw_cfw,2050
raw_cfw|repair|Rope production||output rate,manufacturing,particulate matter formation,-0.00019378305763760866,4.956331227341434e-07,4.221163039767002e-07,6.013562960807056e-07,raw_cfw,2050
raw_cfw|repair|Rope production||output rate,manufacturing,photochemical oxidant formation: human health,-0.00021894565316500923,4.1204764838729754e-07,3.5768244979469293e-07,4.877424193683792e-07,raw_cfw,2050
raw_cfw|repair|Rope production||output rate,manufacturing,water use,-0.001565164364484873,7.986681847631455e-06,6.9193775287702596e-06,9.31855084986832e-06,raw_cfw,2050
raw_cfw|repair|Rope production||machine lifetime,manufacturing,acidification,3.980070796140347e-06,2.003806089155295e-09,1.6440109714304773e-09,2.481923221269285e-09,raw_cfw,2050
raw_cfw|repair|Rope production||machine lifetime,manufacturing,climate change,5.061879522448602e-06,8.382011388604774e-09,6.79986998431182e-09,1.067906361345643e-08,raw_cfw,2050
raw_cfw|repair|Rope production||machine lifetime,manufacturing,climate change: biogenic,1.2900547208690154e-06,2.2651755516717705e-10,1.8605900289028083e-10,2.800143070979747e-10,raw_cfw,2050
raw_cfw|repair|Rope production||machine lifetime,manufacturing,climate change: fossil,6.844515450263582e-06,5.223167401129569e-09,4.237474899015013e-09,6.669140175848137e-09,raw_cfw,2050
raw_cfw|repair|Rope production||machine lifetime,manufacturing,climate change: land use and land use change,9.705001564628961e-06,1.4823110703425421e-08,1.1995125890802774e-08,1.8195626196387083e-08,raw_cfw,2050
raw_cfw|repair|Rope production||machine lifetime,manufacturing,ecotoxicity: freshwater,3.160238360456477e-06,1.1980171018862264e-09,9.67832429785456e-10,1.52378400189627e-09,raw_cfw,2050
raw_cfw|repair|Rope production||machine lifetime,manufacturing,"ecotoxicity: freshwater, inorganics",3.719570066486626e-06,1.6424264867321086e-09,1.3264870060265326e-09,2.089280796900603e-09,raw_cfw,2050
raw_cfw|repair|Rope production||machine lifetime,manufacturing,"ecotoxicity: freshwater, organics",3.4203092273662803e-07,1.4737248412571514e-11,1.1936963272334269e-11,1.873281092045054e-11,raw_cfw,2050
raw_cfw|repair|Rope production||machine lifetime,manufacturing,energy resources: non-renewable,3.673116820624793e-06,1.5517062384019741e-09,1.254315957611096e-09,1.9692812027096295e-09,raw_cfw,2050
raw_cfw|repair|Rope production||machine lifetime,manufacturing,eutrophication: freshwater,1.9218911757355082e-05,3.6626872872325126e-08,2.976935219881844e-08,4.6513805172195336e-08,raw_cfw,2050
raw_cfw|repair|Rope production||machine lifetime,manufacturing,eutrophication: marine,8.719121572625882e-07,1.03825447468828e-10,8.552636462252447e-11,1.287860208888554e-10,raw_cfw,2050
raw_cfw|repair|Rope production||machine lifetime,manufacturing,eutrophication: terrestrial,1.2534755712242634e-06,2.0883799865495646e-10,1.7189692594318858e-10,2.584477805863475e-10,raw_cfw,2050
raw_cfw|repair|Rope production||machine lifetime,manufacturing,human toxicity: carcinogenic,7.06231547789352e-06,5.656065076901594e-09,4.576560153311025e-09,7.154983407195768e-09,raw_cfw,2050
raw_cfw|repair|Rope production||machine lifetime,manufacturing,"human toxicity: carcinogenic, inorganics",5.9486358575593926e-05,2.511598190517962e-07,1.9978323213309585e-07,3.162910097719451e-07,raw_cfw,2050
raw_cfw|repair|Rope production||machine lifetime,manufacturing,"human toxicity: carcinogenic, organics",3.523586573230598e-06,1.4860048616788958e-09,1.2036025645258681e-09,1.88159279914322e-09,raw_cfw,2050
raw_cfw|repair|Rope production||machine lifetime,manufacturing,human toxicity: non-carcinogenic,7.410568889737764e-05,3.958977142607491e-07,3.141747105003725e-07,5.031384587023749e-07,raw_cfw,2050
raw_cfw|repair|Rope production||machine lifetime,manufacturing,"human toxicity: non-carcinogenic, inorganics",7.759820586732068e-05,4.387426505801386e-07,3.48334263555752e-07,5.575381952260163e-07,raw_cfw,2050
raw_cfw|repair|Rope production||machine lifetime,manufacturing,"human toxicity: non-carcinogenic, organics",2.5521972294625934e-05,5.5968115374680606e-08,4.4938684887720004e-08,7.085477197360806e-08,raw_cfw,2050
raw_cfw|repair|Rope production||machine lifetime,manufacturing,ionising radiation: human health,7.340725989628081e-06,6.164732839343525e-09,5.0040597382165406e-09,7.764694346496334e-09,raw_cfw,2050
raw_cfw|repair|Rope production||machine lifetime,manufacturing,land use,1.4749598829314605e-06,2.6747685433537634e-10,2.192473073081816e-10,3.309668648610005e-10,raw_cfw,2050
raw_cfw|repair|Rope production||machine lifetime,manufacturing,material resources: metals/minerals,1.7449675340480965e-05,2.720458295352682e-08,2.140672303338029e-08,3.454865129488293e-08,raw_cfw,2050
raw_cfw|repair|Rope production||machine lifetime,manufacturing,ozone depletion,2.0624744686189078e-06,4.889743077910742e-10,3.9542793457478564e-10,6.135866655410129e-10,raw_cfw,2050
raw_cfw|repair|Rope production||machine lifetime,manufacturing,particulate matter formation,7.0634181036309905e-06,5.813468526987332e-09,4.7377544682067195e-09,7.246778416297598e-09,raw_cfw,2050
raw_cfw|repair|Rope production||machine lifetime,manufacturing,photochemical oxidant formation: human health,5.387966147501703e-06,3.138247622842186e-09,2.554147850563657e-09,4.003320786655878e-09,raw_cfw,2050
raw_cfw|repair|Rope production||machine lifetime,manufacturing,water use,1.2217453808085521e-05,1.6337572064398475e-08,1.334679823894058e-08,2.070871714093215e-08,raw_cfw,2050
raw_cfw|repair|Rope production||process yield,manufacturing,acidification,0.030192826239686034,0.007635497289427265,0.006454439452125592,0.008605770668894798,raw_cfw,2050
raw_cfw|repair|Rope production||process yield,manufacturing,climate change,0.033255736061393315,0.009750636038436875,0.00832341526763445,0.01117666042101907,raw_cfw,2050
raw_cfw|repair|Rope production||process yield,manufacturing,climate change: biogenic,0.03040568166045833,0.0076981353160982405,0.0065101331198312165,0.00867006573123086,raw_cfw,2050
raw_cfw|repair|Rope production||process yield,manufacturing,climate change: fossil,0.03517982532052509,0.007571332622666463,0.006339405626144982,0.008616867509418978,raw_cfw,2050
raw_cfw|repair|Rope production||process yield,manufacturing,climate change: land use and land use change,0.01905363221718207,0.004078109258215619,0.0034033254087925437,0.0046465138810006055,raw_cfw,2050
raw_cfw|repair|Rope production||process yield,manufacturing,ecotoxicity: freshwater,0.033737829244010455,0.006714830786892036,0.00564509832696711,0.007661314024385681,raw_cfw,2050
raw_cfw|repair|Rope production||process yield,manufacturing,"ecotoxicity: freshwater, inorganics",0.03359462289710574,0.00667103199027952,0.005608956219968247,0.0076099364145458025,raw_cfw,2050
raw_cfw|repair|Rope production||process yield,manufacturing,"ecotoxicity: freshwater, organics",0.03445674709353406,0.006939312100536109,0.005830403481453432,0.00792417418293416,raw_cfw,2050
raw_cfw|repair|Rope production||process yield,manufacturing,energy resources: non-renewable,0.03469095070671619,0.007133262973984325,0.00598671709400043,0.00812759240789105,raw_cfw,2050
raw_cfw|repair|Rope production||process yield,manufacturing,eutrophication: freshwater,0.029408860502920877,0.006574258072201874,0.005513324701277596,0.007373223101209626,raw_cfw,2050
raw_cfw|repair|Rope production||process yield,manufacturing,eutrophication: marine,0.028543012299205556,0.0075851528026622045,0.006423504980679019,0.008552684000477848,raw_cfw,2050
raw_cfw|repair|Rope production||process yield,manufacturing,eutrophication: terrestrial,0.028981306693618807,0.00761904044285304,0.006454109884368104,0.008591435217569927,raw_cfw,2050
raw_cfw|repair|Rope production||process yield,manufacturing,human toxicity: carcinogenic,0.0328885168423006,0.006392505875806154,0.005373855812829806,0.0073095166751234305,raw_cfw,2050
raw_cfw|repair|Rope production||process yield,manufacturing,"human toxicity: carcinogenic, inorganics",0.018464562433137852,0.0023530988332332364,0.0019753607229580175,0.002719182857307113,raw_cfw,2050
raw_cfw|repair|Rope production||process yield,manufacturing,"human toxicity: carcinogenic, organics",0.03397777495267994,0.006760011876535716,0.005683857414151119,0.007719315855077027,raw_cfw,2050
raw_cfw|repair|Rope production||process yield,manufacturing,human toxicity: non-carcinogenic,0.012942889901342378,0.0013280485131364596,0.001114766624131296,0.0015641563141522285,raw_cfw,2050
raw_cfw|repair|Rope production||process yield,manufacturing,"human toxicity: non-carcinogenic, inorganics",0.011241241524825885,0.0010152351691815236,0.0008450140780950358,0.0012072246916287521,raw_cfw,2050
raw_cfw|repair|Rope production||process yield,manufacturing,"human toxicity: non-carcinogenic, organics",0.029249063396326554,0.005749932193881748,0.00485531797058176,0.006572487046244036,raw_cfw,2050
raw_cfw|repair|Rope production||process yield,manufacturing,ionising radiation: human health,0.026493244203922937,0.005498051958670002,0.0046141179350687855,0.006232137654905698,raw_cfw,2050
raw_cfw|repair|Rope production||process yield,manufacturing,land use,0.03001802915000529,0.0076626058611267535,0.006463881760858713,0.00865270953467593,raw_cfw,2050
raw_cfw|repair|Rope production||process yield,manufacturing,material resources: metals/minerals,0.023291131653275978,0.0043045271077411015,0.0035914727590550055,0.005001327400845292,raw_cfw,2050
raw_cfw|repair|Rope production||process yield,manufacturing,ozone depletion,0.036082543220313006,0.007679400347332544,0.006462075048671565,0.008822812904885359,raw_cfw,2050
raw_cfw|repair|Rope production||process yield,manufacturing,particulate matter formation,0.03172684674770171,0.007964335765811976,0.006736349816871688,0.008945183227170061,raw_cfw,2050
raw_cfw|repair|Rope production||process yield,manufacturing,photochemical oxidant formation: human health,0.03418726048558618,0.00744827456362535,0.0062409411762391785,0.00848527019865248,raw_cfw,2050
raw_cfw|repair|Rope production||process yield,manufacturing,water use,0.02769063581858455,0.005600913843555707,0.004721178438902639,0.006320786494513067,raw_cfw,2050
raw_cfw|repair|Rope production||machine source,manufacturing,acidification,1.2973427965681373e-05,1.6948426262051673e-07,1.47534116122671e-07,1.9277299245365983e-07,raw_cfw,2050
raw_cfw|repair|Rope production||machine source,manufacturing,climate change,5.770142234798517e-05,7.059225048075875e-07,6.29962840480191e-07,8.114901577574432e-07,raw_cfw,2050
raw_cfw|repair|Rope production||machine source,manufacturing,climate change: biogenic,4.2605226906954836e-06,1.9214724142901517e-08,1.6734093670168404e-08,2.1884610798590807e-08,raw_cfw,2050
raw_cfw|repair|Rope production||machine source,manufacturing,climate change: fossil,4.2490461200969154e-05,4.3987014675605375e-07,3.8626096905230406e-07,5.048084009045994e-07,raw_cfw,2050
raw_cfw|repair|Rope production||machine source,manufacturing,climate change: land use and land use change,2.419903463245031e-05,1.2577452166734447e-06,1.0884783361734438e-06,1.4425615729028864e-06,raw_cfw,2050
raw_cfw|repair|Rope production||machine source,manufacturing,ecotoxicity: freshwater,2.3288678628263205e-05,1.0163600108446408e-07,8.969212656607686e-08,1.1590030211239789e-07,raw_cfw,2050
raw_cfw|repair|Rope production||machine source,manufacturing,"ecotoxicity: freshwater, inorganics",2.7238078801285314e-05,1.393429868013527e-07,1.2294212867856712e-07,1.5894166887838837e-07,raw_cfw,2050
raw_cfw|repair|Rope production||machine source,manufacturing,"ecotoxicity: freshwater, organics",2.594578088208358e-06,1.24795021083592e-09,1.1020062163350162e-09,1.4236519268827432e-09,raw_cfw,2050
raw_cfw|repair|Rope production||machine source,manufacturing,energy resources: non-renewable,2.5780592336940796e-05,1.3043159818068283e-07,1.1501468118958267e-07,1.4870746848700465e-07,raw_cfw,2050
raw_cfw|repair|Rope production||machine source,manufacturing,eutrophication: freshwater,8.213734511696193e-05,3.109941221888956e-06,2.7253230066985805e-06,3.5429118155507118e-06,raw_cfw,2050
raw_cfw|repair|Rope production||machine source,manufacturing,eutrophication: marine,2.2070546291283713e-06,8.690552966288098e-09,7.567347301129258e-09,9.941174568768288e-09,raw_cfw,2050
raw_cfw|repair|Rope production||machine source,manufacturing,eutrophication: terrestrial,3.3445649497148204e-06,1.7472993038319706e-08,1.5239583879443676e-08,1.996356003906012e-08,raw_cfw,2050
raw_cfw|repair|Rope production||machine source,manufacturing,human toxicity: carcinogenic,5.326744736623071e-05,4.798646901453581e-07,4.2371626903004183e-07,5.463061027781598e-07,raw_cfw,2050
raw_cfw|repair|Rope production||machine source,manufacturing,"human toxicity: carcinogenic, inorganics",0.0003785001024884435,2.1320639823208615e-05,1.8868839776968667e-05,2.428763479110036e-05,raw_cfw,2050
raw_cfw|repair|Rope production||machine source,manufacturing,"human toxicity: carcinogenic, organics",2.6997572310892897e-05,1.2599477859984433e-07,1.1141053980296227e-07,1.436888785090977e-07,raw_cfw,2050
raw_cfw|repair|Rope production||machine source,manufacturing,human toxicity: non-carcinogenic,0.0005118800069464628,3.3597062790784396e-05,2.9934031362693802e-05,3.823825182054042e-05,raw_cfw,2050
raw_cfw|repair|Rope production||machine source,manufacturing,"human toxicity: non-carcinogenic, inorganics",0.000546291516184068,3.7237116608332185e-05,3.3197395828873965e-05,4.2466246157045834e-05,raw_cfw,2050
raw_cfw|repair|Rope production||machine source,manufacturing,"human toxicity: non-carcinogenic, organics",0.00014156744845558023,4.736064412362427e-06,4.1644978753818955e-06,5.402733001696686e-06,raw_cfw,2050
raw_cfw|repair|Rope production||machine source,manufacturing,ionising radiation: human health,2.9685379093668997e-05,5.229197127555139e-07,4.5476455657783326e-07,6.008138333811022e-07,raw_cfw,2050
raw_cfw|repair|Rope production||machine source,manufacturing,land use,4.4134357972538466e-06,2.2354944983516775e-08,1.9479923409486357e-08,2.546348841930399e-08,raw_cfw,2050
raw_cfw|repair|Rope production||machine source,manufacturing,material resources: metals/minerals,0.00010298143242160862,2.3071452637973044e-06,2.043628291434793e-06,2.6176696022598786e-06,raw_cfw,2050
raw_cfw|repair|Rope production||machine source,manufacturing,ozone depletion,1.501811858260395e-05,4.107767041095444e-08,3.637158731939329e-08,4.69066986050364e-08,raw_cfw,2050
raw_cfw|repair|Rope production||machine source,manufacturing,particulate matter formation,2.5002442336103623e-05,4.895406245824762e-07,4.2624368141023166e-07,5.58843370373218e-07,raw_cfw,2050
raw_cfw|repair|Rope production||machine source,manufacturing,photochemical oxidant formation: human health,2.9910919947871712e-05,2.627335159481974e-07,2.298544112359906e-07,3.017135496132639e-07,raw_cfw,2050
raw_cfw|repair|Rope production||machine source,manufacturing,water use,5.634702249109307e-05,1.3865993184779797e-06,1.206664023162313e-06,1.6061021112669821e-06,raw_cfw,2050
raw_cfw|repair|Coreless filament winding||machine weight,manufacturing,acidification,6.401078068873532e-05,5.879961028257355e-07,4.588951049380233e-07,7.15773714817434e-07,raw_cfw,2050
raw_cfw|repair|Coreless filament winding||machine weight,manufacturing,climate change,7.127158100908395e-05,2.4596136286843565e-06,1.9807779886041072e-06,2.9954399709877286e-06,raw_cfw,2050
raw_cfw|repair|Coreless filament winding||machine weight,manufacturing,climate change: biogenic,2.1566206324857017e-05,6.646923094343767e-08,5.185491764170618e-08,8.066752019587933e-08,raw_cfw,2050
raw_cfw|repair|Coreless filament winding||machine weight,manufacturing,climate change: fossil,7.781817324636012e-05,1.532683873356611e-06,1.2061823960512517e-06,1.87141894539318e-06,raw_cfw,2050
raw_cfw|repair|Coreless filament winding||machine weight,manufacturing,climate change: land use and land use change,0.00011140399292668028,4.34968835392486e-06,3.365529595336979e-06,5.320268574493728e-06,raw_cfw,2050
raw_cfw|repair|Coreless filament winding||machine weight,manufacturing,ecotoxicity: freshwater,3.327212338931051e-05,3.5154571341450283e-07,2.7773493611323136e-07,4.2847049794433e-07,raw_cfw,2050
raw_cfw|repair|Coreless filament winding||machine weight,manufacturing,"ecotoxicity: freshwater, inorganics",3.918341996697015e-05,4.819530458412636e-07,3.8076296676598136e-07,5.875041227834998e-07,raw_cfw,2050
raw_cfw|repair|Coreless filament winding||machine weight,manufacturing,"ecotoxicity: freshwater, organics",3.5630070856364802e-06,4.3244927868867805e-09,3.4166943894377865e-09,5.2665505183473804e-09,raw_cfw,2050
raw_cfw|repair|Coreless filament winding||machine weight,manufacturing,energy resources: non-renewable,3.6516963292052686e-05,4.553318987858144e-07,3.5917399301935564e-07,5.559146019448287e-07,raw_cfw,2050
raw_cfw|repair|Coreless filament winding||machine weight,manufacturing,eutrophication: freshwater,0.0002688429477286205,1.0747776648645844e-05,8.432651065667912e-06,1.3201246456357351e-05,raw_cfw,2050
raw_cfw|repair|Coreless filament winding||machine weight,manufacturing,eutrophication: marine,1.4890039067919882e-05,3.0466472140618283e-08,2.3766845667298783e-08,3.6930167346098235e-08,raw_cfw,2050
raw_cfw|repair|Coreless filament winding||machine weight,manufacturing,eutrophication: terrestrial,2.0879791216498245e-05,6.128128361252257e-08,4.7773356185549087e-08,7.430020758653197e-08,raw_cfw,2050
raw_cfw|repair|Coreless filament winding||machine weight,manufacturing,human toxicity: carcinogenic,6.984302981227823e-05,1.65971373066876e-06,1.3146291249463629e-06,2.010806423313297e-06,raw_cfw,2050
raw_cfw|repair|Coreless filament winding||machine weight,manufacturing,"human toxicity: carcinogenic, inorganics",0.0004977187242965001,7.370024858452795e-05,5.802140112626805e-05,8.978556683808323e-05,raw_cfw,2050
raw_cfw|repair|Coreless filament winding||machine weight,manufacturing,"human toxicity: carcinogenic, organics",3.534944112544298e-05,4.3605273596014156e-07,3.451548881284752e-07,5.291626160995507e-07,raw_cfw,2050
raw_cfw|repair|Coreless filament winding||machine weight,manufacturing,human toxicity: non-carcinogenic,0.00041830535173265337,0.00011617208518744707,9.229131742001185e-05,0.00013952029817485505,raw_cfw,2050
raw_cfw|repair|Coreless filament winding||machine weight,manufacturing,"human toxicity: non-carcinogenic, inorganics",0.00040373245398042814,0.0001287444882507003,0.00010254110998754626,0.00015471348343689125,raw_cfw,2050
raw_cfw|repair|Coreless filament winding||machine weight,manufacturing,"human toxicity: non-carcinogenic, organics",0.00025557880083676134,1.642326294846491e-05,1.297640180570843e-05,2.0240784469111523e-05,raw_cfw,2050
raw_cfw|repair|Coreless filament winding||machine weight,manufacturing,ionising radiation: human health,7.390504163661875e-05,1.8089770144509997e-06,1.4113115185430606e-06,2.19348226946828e-06,raw_cfw,2050
raw_cfw|repair|Coreless filament winding||machine weight,manufacturing,land use,2.242484163152344e-05,7.848821816866803e-08,6.123850649328961e-08,9.574054581448392e-08,raw_cfw,2050
raw_cfw|repair|Coreless filament winding||machine weight,manufacturing,material resources: metals/minerals,0.0001406693064627902,7.982903135984849e-06,6.22503056449246e-06,9.624516102594485e-06,raw_cfw,2050
raw_cfw|repair|Coreless filament winding||machine weight,manufacturing,ozone depletion,1.823155462669311e-05,1.4348436675476914e-07,1.134285363698265e-07,1.7456407139456168e-07,raw_cfw,2050
raw_cfw|repair|Coreless filament winding||machine weight,manufacturing,particulate matter formation,0.0001057871157222779,1.7059015562731152e-06,1.3326009341659538e-06,2.0775571235399854e-06,raw_cfw,2050
raw_cfw|repair|Coreless filament winding||machine weight,manufacturing,photochemical oxidant formation: human health,6.360398004592295e-05,9.208853765695685e-07,7.236137449952352e-07,1.1234529137699518e-06,raw_cfw,2050
raw_cfw|repair|Coreless filament winding||machine weight,manufacturing,water use,0.00014151509220538625,4.7940913695363835e-06,3.7548313968801155e-06,5.834081059112995e-06,raw_cfw,2050
raw_cfw|repair|Coreless filament winding||power,manufacturing,acidification,0.0028380382957442817,2.295687241207567e-05,1.9590412370334742e-05,2.6685597840999195e-05,raw_cfw,2050
raw_cfw|repair|Coreless filament winding||power,manufacturing,climate change,0.0014731297289751646,1.2985293021591e-05,1.1308706099148871e-05,1.5262652941459798e-05,raw_cfw,2050
raw_cfw|repair|Coreless filament winding||power,manufacturing,climate change: biogenic,0.0013620816386962482,6.343828570812767e-06,5.443487417537566e-06,7.433756362036422e-06,raw_cfw,2050
raw_cfw|repair|Coreless filament winding||power,manufacturing,climate change: fossil,0.0015479423236659368,7.638710564514863e-06,6.624999286139813e-06,9.010025878126116e-06,raw_cfw,2050
raw_cfw|repair|Coreless filament winding||power,manufacturing,climate change: land use and land use change,0.010810770931180675,0.001357304509711045,0.0011542370151378625,0.001586960644546335,raw_cfw,2050
raw_cfw|repair|Coreless filament winding||power,manufacturing,ecotoxicity: freshwater,0.0013459688328443379,6.146398460304689e-06,5.343485051477332e-06,7.250582982831324e-06,raw_cfw,2050
raw_cfw|repair|Coreless filament winding||power,manufacturing,"ecotoxicity: freshwater, inorganics",0.0015891209054063186,8.551566117702589e-06,7.437130405877055e-06,1.00865047419655e-05,raw_cfw,2050
raw_cfw|repair|Coreless filament winding||power,manufacturing,"ecotoxicity: freshwater, organics",9.01437482402004e-05,2.6742364626770644e-08,2.3245768276405403e-08,3.160926794429413e-08,raw_cfw,2050
raw_cfw|repair|Coreless filament winding||power,manufacturing,energy resources: non-renewable,0.001986756943494331,1.4099512611447568e-05,1.2274138204641187e-05,1.656037819338411e-05,raw_cfw,2050
raw_cfw|repair|Coreless filament winding||power,manufacturing,eutrophication: freshwater,0.006364155960463837,0.00011755950890782962,0.00010144988754848853,0.00013792409824495456,raw_cfw,2050
raw_cfw|repair|Coreless filament winding||power,manufacturing,eutrophication: marine,0.0006646419273066879,1.253517187988051e-06,1.0678446040479486e-06,1.4524858017194098e-06,raw_cfw,2050
raw_cfw|repair|Coreless filament winding||power,manufacturing,eutrophication: terrestrial,0.001215649952478495,4.293575442843828e-06,3.642870882949494e-06,4.97652678596235e-06,raw_cfw,2050
raw_cfw|repair|Coreless filament winding||power,manufacturing,human toxicity: carcinogenic,0.0024745193152101268,1.9570439533357458e-05,1.683402493013669e-05,2.3370706675070283e-05,raw_cfw,2050
raw_cfw|repair|Coreless filament winding||power,manufacturing,"human toxicity: carcinogenic, inorganics",0.01643029406116406,0.001139777463516001,0.000989408207250426,0.0013406081541517314,raw_cfw,2050
raw_cfw|repair|Coreless filament winding||power,manufacturing,"human toxicity: carcinogenic, organics",0.0011388962459642263,3.83634227901136e-06,3.122803811663743e-06,4.644466876046759e-06,raw_cfw,2050
raw_cfw|repair|Coreless filament winding||power,manufacturing,human toxicity: non-carcinogenic,0.0167698327901798,0.00193242980270331,0.0016733613835459924,0.0022938945040336177,raw_cfw,2050
raw_cfw|repair|Coreless filament winding||power,manufacturing,"human toxicity: non-carcinogenic, inorganics",0.01628568611487147,0.002074242227819444,0.0017950675565381322,0.002467913251255304,raw_cfw,2050
raw_cfw|repair|Coreless filament winding||power,manufacturing,"human toxicity: non-carcinogenic, organics",0.012802883762820348,0.0005432798700987842,0.0004736669067802453,0.000639494156686163,raw_cfw,2050
raw_cfw|repair|Coreless filament winding||power,manufacturing,ionising radiation: human health,0.015771163886654813,0.0013496376346397293,0.0011697232280551788,0.0015827414792364332,raw_cfw,2050
raw_cfw|repair|Coreless filament winding||power,manufacturing,land use,0.004269248878281804,5.3618576569553515e-05,4.546386119798687e-05,6.219027704576747e-05,raw_cfw,2050
raw_cfw|repair|Coreless filament winding||power,manufacturing,material resources: metals/minerals,0.021162570812855774,0.0013544957472119692,0.0011593347162872126,0.00160975752950484,raw_cfw,2050
raw_cfw|repair|Coreless filament winding||power,manufacturing,ozone depletion,0.0034114201757782093,3.624276996181735e-05,3.0636604853243964e-05,4.333107469759809e-05,raw_cfw,2050
raw_cfw|repair|Coreless filament winding||power,manufacturing,particulate matter formation,0.0034034434134215244,3.0905784045115984e-05,2.6070271194120162e-05,3.610556761356922e-05,raw_cfw,2050
raw_cfw|repair|Coreless filament winding||power,manufacturing,photochemical oxidant formation: human health,0.0030005137263046785,2.6682362976572725e-05,2.3090009923735466e-05,3.1308872773859605e-05,raw_cfw,2050
raw_cfw|repair|Coreless filament winding||power,manufacturing,water use,0.010424595598462367,0.0005608248624858102,0.0004889366898136551,0.0006595338987938687,raw_cfw,2050
raw_cfw|repair|Coreless filament winding||output rate,manufacturing,acidification,-0.0011097184579694842,2.9529491625730344e-05,2.481967036098125e-05,3.473484147561659e-05,raw_cfw,2050
raw_cfw|repair|Coreless filament winding||output rate,manufacturing,climate change,-0.0003204543782117671,2.4225133101935167e-05,2.0522000651190396e-05,2.8354190368914703e-05,raw_cfw,2050
raw_cfw|repair|Coreless filament winding||output rate,manufacturing,climate change: biogenic,-0.0007521789349486193,7.689867406324758e-06,6.476546292028661e-06,9.040808283267745e-06,raw_cfw,2050
raw_cfw|repair|Coreless filament winding||output rate,manufacturing,climate change: fossil,-0.0004208429970750686,1.446471185151899e-05,1.20465863282558e-05,1.7323341620479694e-05,raw_cfw,2050
raw_cfw|repair|Coreless filament winding||output rate,manufacturing,climate change: land use and land use change,-0.008664600700711917,0.0015670166847317785,0.0013172104188175846,0.0018058863243604949,raw_cfw,2050
raw_cfw|repair|Coreless filament winding||output rate,manufacturing,ecotoxicity: freshwater,-0.0005040727567225468,8.823241439739253e-06,7.536360783075037e-06,1.0345745490326207e-05,raw_cfw,2050
raw_cfw|repair|Coreless filament winding||output rate,manufacturing,"ecotoxicity: freshwater, inorganics",-0.0005951640425855513,1.2247117312252402e-05,1.0462220203384446e-05,1.436080214768997e-05,raw_cfw,2050
raw_cfw|repair|Coreless filament winding||output rate,manufacturing,"ecotoxicity: freshwater, organics",-2.519068380684051e-05,4.7465637134838e-08,3.979932739147555e-08,5.687874874512749e-08,raw_cfw,2050
raw_cfw|repair|Coreless filament winding||output rate,manufacturing,energy resources: non-renewable,-0.0008394576159015061,1.875669834705111e-05,1.5966426487439453e-05,2.1780852333118345e-05,raw_cfw,2050
raw_cfw|repair|Coreless filament winding||output rate,manufacturing,eutrophication: freshwater,-0.002033501728309216,0.00018389727482925555,0.00015487345605264907,0.00022014918500553996,raw_cfw,2050
raw_cfw|repair|Coreless filament winding||output rate,manufacturing,eutrophication: marine,-0.00026069300972013756,1.6009462440524905e-06,1.3491519868046117e-06,1.8829891885187515e-06,raw_cfw,2050
raw_cfw|repair|Coreless filament winding||output rate,manufacturing,eutrophication: terrestrial,-0.0005190130005343055,5.232408029397372e-06,4.421333990194456e-06,6.137566731537812e-06,raw_cfw,2050
raw_cfw|repair|Coreless filament winding||output rate,manufacturing,human toxicity: carcinogenic,-0.0006513529957979483,2.9579030342901805e-05,2.4784066018036942e-05,3.5906675468432304e-05,raw_cfw,2050
raw_cfw|repair|Coreless filament winding||output rate,manufacturing,"human toxicity: carcinogenic, inorganics",-0.004872673717856088,0.0016714665665933455,0.0014265367454777771,0.002000750981887058,raw_cfw,2050
raw_cfw|repair|Coreless filament winding||output rate,manufacturing,"human toxicity: carcinogenic, organics",-0.00015028848802124705,5.924686712126358e-06,4.713081933844108e-06,7.525945200132498e-06,raw_cfw,2050
raw_cfw|repair|Coreless filament winding||output rate,manufacturing,human toxicity: non-carcinogenic,-0.004014550642281766,0.002797997450226036,0.002398923645330717,0.003364966890548409,raw_cfw,2050
raw_cfw|repair|Coreless filament winding||output rate,manufacturing,"human toxicity: non-carcinogenic, inorganics",-0.003664691110838559,0.0030194965952918705,0.0025852467008257232,0.0036198329899627623,raw_cfw,2050
raw_cfw|repair|Coreless filament winding||output rate,manufacturing,"human toxicity: non-carcinogenic, organics",-0.004466467765829614,0.0007131964625076078,0.0006063828819998156,0.0008395445576065614,raw_cfw,2050
raw_cfw|repair|Coreless filament winding||output rate,manufacturing,ionising radiation: human health,-0.00951458538267679,0.0015057058673809424,0.0012824419629757374,0.0017524694060367068,raw_cfw,2050
raw_cfw|repair|Coreless filament winding||output rate,manufacturing,land use,-0.00198125451030258,5.8379773595884764e-05,4.918436280881577e-05,6.875269887695455e-05,raw_cfw,2050
raw_cfw|repair|Coreless filament winding||output rate,manufacturing,material resources: metals/minerals,-0.004859498538091722,0.0015107483059465302,0.0012678595443302776,0.0018354629111915995,raw_cfw,2050
raw_cfw|repair|Coreless filament winding||output rate,manufacturing,ozone depletion,-0.0009774511105035064,3.893094004818545e-05,3.2165544834826026e-05,4.7885451806622944e-05,raw_cfw,2050
raw_cfw|repair|Coreless filament winding||output rate,manufacturing,particulate matter formation,-0.0009664726624641315,4.34036966207801e-05,3.621601682876604e-05,5.3393979659838856e-05,raw_cfw,2050
raw_cfw|repair|Coreless filament winding||output rate,manufacturing,photochemical oxidant formation: human health,-0.0010935069537191364,3.5454234687502684e-05,2.9943116751741773e-05,4.197161610193878e-05,raw_cfw,2050
raw_cfw|repair|Coreless filament winding||output rate,manufacturing,water use,-0.006721153892382194,0.0006761712347329449,0.0005761065035607058,0.0007856387332856221,raw_cfw,2050
raw_cfw|repair|Coreless filament winding||machine lifetime,manufacturing,acidification,-0.00016897332877081244,6.753245074758722e-07,5.401284139226885e-07,8.340310736907278e-07,raw_cfw,2050
raw_cfw|repair|Coreless filament winding||machine lifetime,manufacturing,climate change,-0.0002225007553608809,2.824906895739177e-06,2.278959463106463e-06,3.554842447715514e-06,raw_cfw,2050
raw_cfw|repair|Coreless filament winding||machine lifetime,manufacturing,climate change: biogenic,-5.791661546328309e-05,7.634119546133648e-08,6.124997479356015e-08,9.448064751737788e-08,raw_cfw,2050
raw_cfw|repair|Coreless filament winding||machine lifetime,manufacturing,climate change: fossil,-0.0002385361437893602,1.760312711746724e-06,1.4233187789824315e-06,2.1580485047354475e-06,raw_cfw,2050
raw_cfw|repair|Coreless filament winding||machine lifetime,manufacturing,climate change: land use and land use change,-0.0005092791915742316,4.995701192387493e-06,4.0108381324192055e-06,6.30961221874135e-06,raw_cfw,2050
raw_cfw|repair|Coreless filament winding||machine lifetime,manufacturing,ecotoxicity: freshwater,-0.00010849492768031405,4.0375704545511555e-07,3.2564846732667573e-07,4.995887196309954e-07,raw_cfw,2050
raw_cfw|repair|Coreless filament winding||machine lifetime,manufacturing,"ecotoxicity: freshwater, inorganics",-0.0001269638774232816,5.535323883656036e-07,4.4634760891948616e-07,6.847136240533878e-07,raw_cfw,2050
raw_cfw|repair|Coreless filament winding||machine lifetime,manufacturing,"ecotoxicity: freshwater, organics",-1.2057242312481717e-05,4.966762194813476e-09,4.011030063892159e-09,6.154647378353735e-09,raw_cfw,2050
raw_cfw|repair|Coreless filament winding||machine lifetime,manufacturing,energy resources: non-renewable,-0.00012422512739286896,5.229555577548803e-07,4.2206556908720764e-07,6.467545367221463e-07,raw_cfw,2050
raw_cfw|repair|Coreless filament winding||machine lifetime,manufacturing,eutrophication: freshwater,-0.0006685745598410314,1.2344029730119946e-05,9.946395957162241e-06,1.5234912259554187e-05,raw_cfw,2050
raw_cfw|repair|Coreless filament winding||machine lifetime,manufacturing,eutrophication: marine,-3.908789700682676e-05,3.499107714423368e-08,2.792522477038965e-08,4.3464378681320466e-08,raw_cfw,2050
raw_cfw|repair|Coreless filament winding||machine lifetime,manufacturing,eutrophication: terrestrial,-5.534589281843652e-05,7.038219544669507e-08,5.6199770275602366e-08,8.732293374446723e-08,raw_cfw,2050
raw_cfw|repair|Coreless filament winding||machine lifetime,manufacturing,human toxicity: carcinogenic,-0.00022237397312575803,1.9062133005321809e-06,1.5388873273484267e-06,2.3665709874689376e-06,raw_cfw,2050
raw_cfw|repair|Coreless filament winding||machine lifetime,manufacturing,"human toxicity: carcinogenic, inorganics",-0.0010999579829746677,8.464616289322772e-05,6.777544827988964e-05,0.00010458617941869686,raw_cfw,2050
raw_cfw|repair|Coreless filament winding||machine lifetime,manufacturing,"human toxicity: carcinogenic, organics",-0.00011586247878277483,5.008149642622423e-07,4.0406108739685024e-07,6.219451133207276e-07,raw_cfw,2050
raw_cfw|repair|Coreless filament winding||machine lifetime,manufacturing,human toxicity: non-carcinogenic,-0.0008597315671158668,0.00013342588778315854,0.00010830887894348857,0.00016644350142064627,raw_cfw,2050
raw_cfw|repair|Coreless filament winding||machine lifetime,manufacturing,"human toxicity: non-carcinogenic, inorganics",-0.000770218896491751,0.0001478655369034364,0.0001201501552058618,0.0001846382167059324,raw_cfw,2050
raw_cfw|repair|Coreless filament winding||machine lifetime,manufacturing,"human toxicity: non-carcinogenic, organics",-0.000724037100800854,1.8862426691772745e-05,1.522081159849945e-05,2.3311698558306782e-05,raw_cfw,2050
raw_cfw|repair|Coreless filament winding||machine lifetime,manufacturing,ionising radiation: human health,-0.00031639710062797,2.077645032908303e-06,1.6729757980720827e-06,2.5694132266008545e-06,raw_cfw,2050
raw_cfw|repair|Coreless filament winding||machine lifetime,manufacturing,land use,-6.244107743687567e-05,9.014443643865741e-08,7.194059024133582e-08,1.1129305738345335e-07,raw_cfw,2050
raw_cfw|repair|Coreless filament winding||machine lifetime,manufacturing,material resources: metals/minerals,-0.00038304889538994316,9.168518219705818e-06,7.2319227002648764e-06,1.1492701150605567e-05,raw_cfw,2050
raw_cfw|repair|Coreless filament winding||machine lifetime,manufacturing,ozone depletion,-6.549135230674756e-05,1.6479389024161997e-07,1.3345765708500537e-07,2.0479963358153153e-07,raw_cfw,2050
raw_cfw|repair|Coreless filament winding||machine lifetime,manufacturing,particulate matter formation,-0.0002787490833982504,1.959255979346534e-06,1.5681868229956152e-06,2.4101289637193357e-06,raw_cfw,2050
raw_cfw|repair|Coreless filament winding||machine lifetime,manufacturing,photochemical oxidant formation: human health,-0.0001914663158527811,1.0576471510003777e-06,8.561776460308691e-07,1.2924455208757504e-06,raw_cfw,2050
raw_cfw|repair|Coreless filament winding||machine lifetime,manufacturing,water use,-0.0004938760828554384,5.506106736811118e-06,4.449134440515588e-06,6.778509666214908e-06,raw_cfw,2050
raw_cfw|repair|Coreless filament winding||process yield,manufacturing,acidification,0.03631689270710121,0.008150093473901422,0.006948212340720904,0.00941323146822527,raw_cfw,2050
raw_cfw|repair|Coreless filament winding||process yield,manufacturing,climate change,0.031824159620688894,0.009931501405867477,0.008602243779258962,0.0116470781791402,raw_cfw,2050
raw_cfw|repair|Coreless filament winding||process yield,manufacturing,climate change: biogenic,0.0358869015562548,0.00790476503700005,0.006738449840364498,0.009186667847779984,raw_cfw,2050
raw_cfw|repair|Coreless filament winding||process yield,manufacturing,climate change: fossil,0.0338529290851824,0.007692989826857551,0.006617701407208332,0.00897896952311154,raw_cfw,2050
raw_cfw|repair|Coreless filament winding||process yield,manufacturing,climate change: land use and land use change,0.03142273258001103,0.007978974906996663,0.006899175490247248,0.009248191176542188,raw_cfw,2050
raw_cfw|repair|Coreless filament winding||process yield,manufacturing,ecotoxicity: freshwater,0.030716013746763454,0.006719424809766738,0.005783280073624786,0.0078027027706365805,raw_cfw,2050
raw_cfw|repair|Coreless filament winding||process yield,manufacturing,"ecotoxicity: freshwater, inorganics",0.030767998810580784,0.006733520666849859,0.005796057588340972,0.007816997978052308,raw_cfw,2050
raw_cfw|repair|Coreless filament winding||process yield,manufacturing,"ecotoxicity: freshwater, organics",0.03042218937819266,0.006641080010232425,0.0057122812653796415,0.007721654934991489,raw_cfw,2050
raw_cfw|repair|Coreless filament winding||process yield,manufacturing,energy resources: non-renewable,0.0320029317894555,0.00729255599179925,0.006268753975731195,0.008474430958070408,raw_cfw,2050
raw_cfw|repair|Coreless filament winding||process yield,manufacturing,eutrophication: freshwater,0.03542494114276018,0.007892451499997882,0.006720357485918821,0.009138340723659188,raw_cfw,2050
raw_cfw|repair|Coreless filament winding||process yield,manufacturing,eutrophication: marine,0.03484862070872572,0.007649196350668649,0.00648153369564099,0.008867540265228473,raw_cfw,2050
raw_cfw|repair|Coreless filament winding||process yield,manufacturing,eutrophication: terrestrial,0.03529882486082723,0.007795196393012827,0.0066160431399395715,0.009045002696351254,raw_cfw,2050
raw_cfw|repair|Coreless filament winding||process yield,manufacturing,human toxicity: carcinogenic,0.0298292561747857,0.006628077415952137,0.005692634328091791,0.007694860739887996,raw_cfw,2050
raw_cfw|repair|Coreless filament winding||process yield,manufacturing,"human toxicity: carcinogenic, inorganics",0.0239682749854151,0.00538726530223277,0.004628712540792373,0.006281159015947682,raw_cfw,2050
raw_cfw|repair|Coreless filament winding||process yield,manufacturing,"human toxicity: carcinogenic, organics",0.030059789478822863,0.006672271091232301,0.00572505440959874,0.007752763531853737,raw_cfw,2050
raw_cfw|repair|Coreless filament winding||process yield,manufacturing,human toxicity: non-carcinogenic,0.017538780540605623,0.0047147914226496924,0.004067576761227658,0.005547856171653268,raw_cfw,2050
raw_cfw|repair|Coreless filament winding||process yield,manufacturing,"human toxicity: non-carcinogenic, inorganics",0.015540575216163501,0.004252962978474964,0.0036751159298202864,0.005042242407375366,raw_cfw,2050
raw_cfw|repair|Coreless filament winding||process yield,manufacturing,"human toxicity: non-carcinogenic, organics",0.03460623898645445,0.008442803266081619,0.007217882898972483,0.00971388691448714,raw_cfw,2050
raw_cfw|repair|Coreless filament winding||process yield,manufacturing,ionising radiation: human health,0.03836603742056755,0.009818561339729082,0.008524252377486753,0.011344273569392646,raw_cfw,2050
raw_cfw|repair|Coreless filament winding||process yield,manufacturing,land use,0.03712435561640464,0.008468876960326563,0.007206789377695173,0.009806720213080922,raw_cfw,2050
raw_cfw|repair|Coreless filament winding||process yield,manufacturing,material resources: metals/minerals,0.030166990380824425,0.008066057192746974,0.006851598548898938,0.009374967747791682,raw_cfw,2050
raw_cfw|repair|Coreless filament winding||process yield,manufacturing,ozone depletion,0.0326833511643958,0.008029893974428269,0.0069118544017607335,0.009316488264768299,raw_cfw,2050
raw_cfw|repair|Coreless filament winding||process yield,manufacturing,particulate matter formation,0.037080372761582395,0.008584405798501869,0.007320010263498648,0.009933898878194397,raw_cfw,2050
raw_cfw|repair|Coreless filament winding||process yield,manufacturing,photochemical oxidant formation: human health,0.034976782859463686,0.007872627457208708,0.006790956347758283,0.009201253851397825,raw_cfw,2050
raw_cfw|repair|Coreless filament winding||process yield,manufacturing,water use,0.035844335752563315,0.008272174516656681,0.00713915407244083,0.009548482879237222,raw_cfw,2050
raw_cfw|repair|Coreless filament winding||machine source,manufacturing,acidification,-0.0017871852686325467,4.596873743891904e-05,3.9746835277724444e-05,5.2478200482048024e-05,raw_cfw,2050
raw_cfw|repair|Coreless filament winding||machine source,manufacturing,climate change,-0.0025462737537163783,0.0001914653654208431,0.00016770307631492931,0.00022368508776359112,raw_cfw,2050
raw_cfw|repair|Coreless filament winding||machine source,manufacturing,climate change: biogenic,-0.0006158739225566685,5.2115553115631155e-06,4.509236487152412e-06,5.942922681502914e-06,raw_cfw,2050
raw_cfw|repair|Coreless filament winding||machine source,manufacturing,climate change: fossil,-0.002753680381982505,0.00011930473644457108,0.00010355703344528243,0.00013619817108249978,raw_cfw,2050
raw_cfw|repair|Coreless filament winding||machine source,manufacturing,climate change: land use and land use change,-0.004110613012313332,0.00034113467962367704,0.000291321147119548,0.0003920747644670733,raw_cfw,2050
raw_cfw|repair|Coreless filament winding||machine source,manufacturing,ecotoxicity: freshwater,-0.0013281770919472298,2.7566445261372115e-05,2.388236561404087e-05,3.1610229848408424e-05,raw_cfw,2050
raw_cfw|repair|Coreless filament winding||machine source,manufacturing,"ecotoxicity: freshwater, inorganics",-0.0015510222281160284,3.779360440424702e-05,3.274964806374387e-05,4.3330479724522287e-05,raw_cfw,2050
raw_cfw|repair|Coreless filament winding||machine source,manufacturing,"ecotoxicity: freshwater, organics",-0.00014914928747398386,3.384780078795859e-07,2.9291285017693444e-07,3.884205655788294e-07,raw_cfw,2050
raw_cfw|repair|Coreless filament winding||machine source,manufacturing,energy resources: non-renewable,-0.0014879534822327663,3.5376593660083625e-05,3.068024127140047e-05,4.052899824910347e-05,raw_cfw,2050
raw_cfw|repair|Coreless filament winding||machine source,manufacturing,eutrophication: freshwater,-0.007076744778350451,0.0008435005661826847,0.0007311074245149001,0.0009625153784469773,raw_cfw,2050
raw_cfw|repair|Coreless filament winding||machine source,manufacturing,eutrophication: marine,-0.0004101915878110209,2.3571141138954516e-06,2.035287544813606e-06,2.6912224967577515e-06,raw_cfw,2050
raw_cfw|repair|Coreless filament winding||machine source,manufacturing,eutrophication: terrestrial,-0.0005812608374038687,4.739150507731419e-06,4.08921985524184e-06,5.410463890728671e-06,raw_cfw,2050
raw_cfw|repair|Coreless filament winding||machine source,manufacturing,human toxicity: carcinogenic,-0.0027582892284265187,0.00013015234338828016,0.00011276444885031593,0.0001494489763307178,raw_cfw,2050
raw_cfw|repair|Coreless filament winding||machine source,manufacturing,"human toxicity: carcinogenic, inorganics",-0.01205944894278705,0.005782736868361069,0.005090694917676779,0.006704376799296137,raw_cfw,2050
raw_cfw|repair|Coreless filament winding||machine source,manufacturing,"human toxicity: carcinogenic, organics",-0.0014473298925906076,3.417320762752755e-05,2.9594291897481983e-05,3.9194008706599885e-05,raw_cfw,2050
raw_cfw|repair|Coreless filament winding||machine source,manufacturing,human toxicity: non-carcinogenic,-0.008754938941251449,0.009112436365883644,0.007994166646798036,0.010629811857849268,raw_cfw,2050
raw_cfw|repair|Coreless filament winding||machine source,manufacturing,"human toxicity: non-carcinogenic, inorganics",-0.007691927913889206,0.010099717872822156,0.008888968273321703,0.011789216850776203,raw_cfw,2050
raw_cfw|repair|Coreless filament winding||machine source,manufacturing,"human toxicity: non-carcinogenic, organics",-0.007867678105771788,0.0012845493622798793,0.001122322489504696,0.0014854403728108325,raw_cfw,2050
raw_cfw|repair|Coreless filament winding||machine source,manufacturing,ionising radiation: human health,-0.0029406009334215608,0.0001418300354594567,0.0001211215801481022,0.00016272537378674218,raw_cfw,2050
raw_cfw|repair|Coreless filament winding||machine source,manufacturing,land use,-0.0006558923914454635,6.0632685331349935e-06,5.2284351273371545e-06,6.916301003518099e-06,raw_cfw,2050
raw_cfw|repair|Coreless filament winding||machine source,manufacturing,material resources: metals/minerals,-0.004833533962841309,0.0006257604878772058,0.0005405297261925607,0.0007196894986726919,raw_cfw,2050
raw_cfw|repair|Coreless filament winding||machine source,manufacturing,ozone depletion,-0.0008055053410585157,1.1141380423925157e-05,9.674586430514992e-06,1.2800204313132252e-05,raw_cfw,2050
raw_cfw|repair|Coreless filament winding||machine source,manufacturing,particulate matter formation,-0.002951545291626412,0.00013277671973297112,0.00011500478036003272,0.00015184419866370787,raw_cfw,2050
raw_cfw|repair|Coreless filament winding||machine source,manufacturing,photochemical oxidant formation: human health,-0.0021854566530457673,7.126046881454183e-05,6.18412580596782e-05,8.115885787290033e-05,raw_cfw,2050
raw_cfw|repair|Coreless filament winding||machine source,manufacturing,water use,-0.004852888675037854,0.00037608341340104835,0.00032301523373451266,0.00043066692944845365,raw_cfw,2050
raw_cfw|use|product||expected lifetime,circularity,acidification,-0.02912980131517165,0.11464541268117162,0.09721517434160613,0.1295785856348292,raw_cfw,2050
raw_cfw|use|product||expected lifetime,circularity,climate change,0.03638797034942799,0.21498944401117337,0.1887210758360725,0.24789687804189006,raw_cfw,2050
raw_cfw|use|product||expected lifetime,circularity,climate change: biogenic,-0.02975431742500811,0.11511339813585181,0.09750891424513354,0.13026555625815467,raw_cfw,2050
raw_cfw|use|product||expected lifetime,circularity,climate change: fossil,-0.03671063315132359,0.10798268712817684,0.09276711379211133,0.12437232584158892,raw_cfw,2050
raw_cfw|use|product||expected lifetime,circularity,climate change: land use and land use change,-0.03464299694063046,0.06903456293100176,0.0583296989949313,0.07859718859948164,raw_cfw,2050
raw_cfw|use|product||expected lifetime,circularity,ecotoxicity: freshwater,-0.03723161694431546,0.10420522037068125,0.09015847562550137,0.1204776208802827,raw_cfw,2050
raw_cfw|use|product||expected lifetime,circularity,"ecotoxicity: freshwater, inorganics",-0.03729106110519223,0.10434186677211135,0.09029167010109647,0.12059114876638063,raw_cfw,2050
raw_cfw|use|product||expected lifetime,circularity,"ecotoxicity: freshwater, organics",-0.03689607190801516,0.10341292213024908,0.08940156188823271,0.11979052227413359,raw_cfw,2050
raw_cfw|use|product||expected lifetime,circularity,energy resources: non-renewable,-0.03653777563254202,0.10275266149040886,0.08893422144003064,0.11888237371343421,raw_cfw,2050
raw_cfw|use|product||expected lifetime,circularity,eutrophication: freshwater,-0.03510705327529069,0.1146927979554027,0.09831949791425791,0.13045953495399712,raw_cfw,2050
raw_cfw|use|product||expected lifetime,circularity,eutrophication: marine,-0.026948923763491277,0.11316049560968769,0.09591418126670526,0.12855989738026974,raw_cfw,2050
raw_cfw|use|product||expected lifetime,circularity,eutrophication: terrestrial,-0.027386239714994428,0.11356972868487805,0.0962489602114549,0.12894978531402085,raw_cfw,2050
raw_cfw|use|product||expected lifetime,circularity,human toxicity: carcinogenic,-0.03684371959564799,0.10109274046387784,0.08773832652919385,0.11671672363139658,raw_cfw,2050
raw_cfw|use|product||expected lifetime,circularity,"human toxicity: carcinogenic, inorganics",-0.03802092398711537,0.0828315790637,0.06991614878423572,0.09645412866275756,raw_cfw,2050
raw_cfw|use|product||expected lifetime,circularity,"human toxicity: carcinogenic, organics",-0.03637850158485956,0.10168968426269057,0.08818909388830895,0.11748081097597582,raw_cfw,2050
raw_cfw|use|product||expected lifetime,circularity,human toxicity: non-carcinogenic,-0.030912383923948374,0.053166149316279825,0.04477057919783911,0.06212837706530971,raw_cfw,2050
raw_cfw|use|product||expected lifetime,circularity,"human toxicity: non-carcinogenic, inorganics",-0.029503048959076978,0.04742891356925144,0.04017088320943631,0.055559924376411024,raw_cfw,2050
raw_cfw|use|product||expected lifetime,circularity,"human toxicity: non-carcinogenic, organics",-0.03527982974632911,0.10209710062082553,0.08829599832287902,0.11862183110311991,raw_cfw,2050
raw_cfw|use|product||expected lifetime,circularity,ionising radiation: human health,-0.03621538979155377,0.09186024127028254,0.0779198205130241,0.10583638935638777,raw_cfw,2050
raw_cfw|use|product||expected lifetime,circularity,land use,-0.027648358788501772,0.11384869556981166,0.0964623475265569,0.12858834897006133,raw_cfw,2050
raw_cfw|use|product||expected lifetime,circularity,material resources: metals/minerals,-0.019795743303729196,0.0874039136718684,0.07481855314425326,0.10215894760936789,raw_cfw,2050
raw_cfw|use|product||expected lifetime,circularity,ozone depletion,-0.03255770492422897,0.09803143327737134,0.08490134197436956,0.11303667244802638,raw_cfw,2050
raw_cfw|use|product||expected lifetime,circularity,particulate matter formation,-0.02932668800674106,0.11361070895516207,0.09635715646277503,0.1279191799573711,raw_cfw,2050
raw_cfw|use|product||expected lifetime,circularity,photochemical oxidant formation: human health,-0.03517506955746514,0.11228683620112076,0.09585915006033152,0.12826559341832902,raw_cfw,2050
raw_cfw|use|product||expected lifetime,circularity,water use,-0.04022133925275591,0.10127560686633101,0.08641888638870891,0.11664555515423818,raw_cfw,2050
raw_cfw|use|product||lifetime extension per repair,circularity,acidification,0.09612278986217157,0.044611612208739264,0.03875811624189607,0.0515185632603914,raw_cfw,2050
raw_cfw|use|product||lifetime extension per repair,circularity,climate change,0.1342071228805923,0.09557032444631527,0.08241794898175003,0.11211335508337299,raw_cfw,2050
raw_cfw|use|product||lifetime extension per repair,circularity,climate change: biogenic,0.09637671753786765,0.04480654579929376,0.038912298160988644,0.051894095626716874,raw_cfw,2050
raw_cfw|use|product||lifetime extension per repair,circularity,climate change: fossil,0.08443255260963463,0.04166671636204368,0.03601772543995554,0.04808591142129995,raw_cfw,2050
raw_cfw|use|product||lifetime extension per repair,circularity,climate change: land use and land use change,0.05855624844060681,0.02711542762837218,0.02300152502918043,0.031431094901446625,raw_cfw,2050
raw_cfw|use|product||lifetime extension per repair,circularity,ecotoxicity: freshwater,0.07911379480232002,0.04010934716662716,0.034731566071191,0.0466862799975251,raw_cfw,2050
raw_cfw|use|product||lifetime extension per repair,circularity,"ecotoxicity: freshwater, inorganics",0.0792933582639091,0.040164587162812154,0.03479873870395329,0.04674528543068568,raw_cfw,2050
raw_cfw|use|product||lifetime extension per repair,circularity,"ecotoxicity: freshwater, organics",0.07811862500513513,0.03979063997631803,0.034357462443207816,0.04634356270357233,raw_cfw,2050
raw_cfw|use|product||lifetime extension per repair,circularity,energy resources: non-renewable,0.07833770766604298,0.03956606912237548,0.0343338326506101,0.046077221036059185,raw_cfw,2050
raw_cfw|use|product||lifetime extension per repair,circularity,eutrophication: freshwater,0.09460741085383376,0.04448610731674781,0.03835183924815488,0.05128666474684615,raw_cfw,2050
raw_cfw|use|product||lifetime extension per repair,circularity,eutrophication: marine,0.0959023774056628,0.04410871062650727,0.03843880571449396,0.05114871886386869,raw_cfw,2050
raw_cfw|use|product||lifetime extension per repair,circularity,eutrophication: terrestrial,0.09601741510229773,0.04425374152466424,0.038574174557658644,0.05128892230177384,raw_cfw,2050
raw_cfw|use|product||lifetime extension per repair,circularity,human toxicity: carcinogenic,0.07612174831610793,0.038857154164595134,0.03374637305626524,0.04529802193201599,raw_cfw,2050
raw_cfw|use|product||lifetime extension per repair,circularity,"human toxicity: carcinogenic, inorganics",0.06289456473499976,0.03182771778816298,0.027553712029798436,0.037218779056549994,raw_cfw,2050
raw_cfw|use|product||lifetime extension per repair,circularity,"human toxicity: carcinogenic, organics",0.07648670690735004,0.03908818326877577,0.0339384006874868,0.04557604960473201,raw_cfw,2050
raw_cfw|use|product||lifetime extension per repair,circularity,human toxicity: non-carcinogenic,0.03774564613472657,0.020318613805333556,0.017650721496723254,0.024127791017924772,raw_cfw,2050
raw_cfw|use|product||lifetime extension per repair,circularity,"human toxicity: non-carcinogenic, inorganics",0.03291248316154387,0.018101044707486982,0.015735953732329076,0.021550506922055093,raw_cfw,2050
raw_cfw|use|product||lifetime extension per repair,circularity,"human toxicity: non-carcinogenic, organics",0.08074108836518282,0.03942197149485459,0.033764478946787364,0.04586097966716195,raw_cfw,2050
raw_cfw|use|product||lifetime extension per repair,circularity,ionising radiation: human health,0.07523687485265192,0.03585028512614548,0.030624777212339156,0.041565351152623574,raw_cfw,2050
raw_cfw|use|product||lifetime extension per repair,circularity,land use,0.09557579061502575,0.044331096326444386,0.03845967824233148,0.05130761392451452,raw_cfw,2050
raw_cfw|use|product||lifetime extension per repair,circularity,material resources: metals/minerals,0.06717842842210633,0.03355691830323967,0.028444355163524282,0.038963999478607764,raw_cfw,2050
raw_cfw|use|product||lifetime extension per repair,circularity,ozone depletion,0.07386707213469343,0.03767717256175072,0.03278188831371782,0.044029527350178614,raw_cfw,2050
raw_cfw|use|product||lifetime extension per repair,circularity,particulate matter formation,0.09475939217033656,0.044150444689895124,0.03817052544135183,0.05090307726398407,raw_cfw,2050
raw_cfw|use|product||lifetime extension per repair,circularity,photochemical oxidant formation: human health,0.08903877623952652,0.04340342351327481,0.03726594024271266,0.050089935022108636,raw_cfw,2050
raw_cfw|use|product||lifetime extension per repair,circularity,water use,0.0823301468359385,0.039394166788282343,0.033775198414140235,0.04545917573675734,raw_cfw,2050
raw_cfw|use|product||number of repair events,circularity,acidification,0.11779911356634631,0.030327778189537,0.02518347768339874,0.03627195837159177,raw_cfw,2050
raw_cfw|use|product||number of repair events,circularity,climate change,0.2092193065448175,0.11034872509653408,0.09615086243176146,0.12911522738783118,raw_cfw,2050
raw_cfw|use|product||number of repair events,circularity,climate change: biogenic,0.11875955776025211,0.030511682750972092,0.025340286295975206,0.036335548950449374,raw_cfw,2050
raw_cfw|use|product||number of repair events,circularity,climate change: fossil,0.10730013591733495,0.027985261851915737,0.0233245480538798,0.03285875114941494,raw_cfw,2050
raw_cfw|use|product||number of repair events,circularity,climate change: land use and land use change,0.08931525669618366,0.020234255018494903,0.0164859584443752,0.024870013219124,raw_cfw,2050
raw_cfw|use|product||number of repair events,circularity,ecotoxicity: freshwater,0.1016755053690298,0.027081100073495103,0.02279445818485958,0.03173552462774513,raw_cfw,2050
raw_cfw|use|product||number of repair events,circularity,"ecotoxicity: freshwater, inorganics",0.10193090120015787,0.027113942663390136,0.022814867507200253,0.03177957340545216,raw_cfw,2050
raw_cfw|use|product||number of repair events,circularity,"ecotoxicity: freshwater, organics",0.10026337689804873,0.026893026374472905,0.02267520004588169,0.031484251581756224,raw_cfw,2050
raw_cfw|use|product||number of repair events,circularity,energy resources: non-renewable,0.10075412772918191,0.0267094228676857,0.022502205967622493,0.03131845098734463,raw_cfw,2050
raw_cfw|use|product||number of repair events,circularity,eutrophication: freshwater,0.11809832399775926,0.030005401301422596,0.02467140596358095,0.035968458348020066,raw_cfw,2050
raw_cfw|use|product||number of repair events,circularity,eutrophication: marine,0.11633773543289291,0.030224935201777183,0.02504631937009684,0.03626024607819309,raw_cfw,2050
raw_cfw|use|product||number of repair events,circularity,eutrophication: terrestrial,0.11682628370734595,0.030270448235967227,0.025093815417732868,0.036267167237446496,raw_cfw,2050
raw_cfw|use|product||number of repair events,circularity,human toxicity: carcinogenic,0.09757119039977,0.02624080949615492,0.02207536675811918,0.030831115653289033,raw_cfw,2050
raw_cfw|use|product||number of repair events,circularity,"human toxicity: carcinogenic, inorganics",0.08556037688914787,0.02216287217161072,0.018117781919611185,0.02699242181975871,raw_cfw,2050
raw_cfw|use|product||number of repair events,circularity,"human toxicity: carcinogenic, organics",0.09762902468389599,0.026382086616052406,0.022271671549792,0.03090861184486581,raw_cfw,2050
raw_cfw|use|product||number of repair events,circularity,human toxicity: non-carcinogenic,0.05510838031851561,0.015294407347064642,0.012026768376174744,0.018711094463425604,raw_cfw,2050
raw_cfw|use|product||number of repair events,circularity,"human toxicity: non-carcinogenic, inorganics",0.049282575693606716,0.014023534493000572,0.010964571235674578,0.017212562189378406,raw_cfw,2050
raw_cfw|use|product||number of repair events,circularity,"human toxicity: non-carcinogenic, organics",0.10427076819721086,0.026616166051971635,0.02202715729921638,0.031991285639689775,raw_cfw,2050
raw_cfw|use|product||number of repair events,circularity,ionising radiation: human health,0.1082171767330391,0.025243053635246277,0.020565101116212757,0.03058329718733154,raw_cfw,2050
raw_cfw|use|product||number of repair events,circularity,land use,0.11751247820733399,0.030203156519505298,0.025109570291769412,0.036091497429681436,raw_cfw,2050
raw_cfw|use|product||number of repair events,circularity,material resources: metals/minerals,0.07928486535542136,0.022688536729960008,0.018869870118520895,0.027550570024586725,raw_cfw,2050
raw_cfw|use|product||number of repair events,circularity,ozone depletion,0.09309078364128855,0.02535774531812364,0.021349020356479995,0.02977985365309177,raw_cfw,2050
raw_cfw|use|product||number of repair events,circularity,particulate matter formation,0.1156266718933016,0.02984622149235996,0.024806906772566063,0.035736478420841246,raw_cfw,2050
raw_cfw|use|product||number of repair events,circularity,photochemical oxidant formation: human health,0.11228547603564565,0.02912902899707825,0.024051660958584006,0.03447972805329276,raw_cfw,2050
raw_cfw|use|product||number of repair events,circularity,water use,0.11442298905921755,0.027274057797510094,0.022475765589525496,0.032652814173910895,raw_cfw,2050
raw_cfw|repair|repair material||share of product mass per repair,circularity,acidification,-0.06187077760746631,0.014675036808078546,0.012464616531524544,0.01723643560429089,raw_cfw,2050
raw_cfw|repair|repair material||share of product mass per repair,circularity,climate change,-0.03773581043564024,0.01782560407358883,0.015130254665478009,0.020463980859860096,raw_cfw,2050
raw_cfw|repair|repair material||share of product mass per repair,circularity,climate change: biogenic,-0.06166927500806548,0.014745736869598245,0.012535253833098373,0.017314084217619635,raw_cfw,2050
raw_cfw|repair|repair material||share of product mass per repair,circularity,climate change: fossil,-0.05837151613452479,0.013836501095596206,0.011743913180265292,0.016117679161478993,raw_cfw,2050
raw_cfw|repair|repair material||share of product mass per repair,circularity,climate change: land use and land use change,-0.024917698362188705,0.008894546440510404,0.007656528367869503,0.010121696822608566,raw_cfw,2050
raw_cfw|repair|repair material||share of product mass per repair,circularity,ecotoxicity: freshwater,-0.05613401962712272,0.01338217450820992,0.011345905690859326,0.015481789384305195,raw_cfw,2050
raw_cfw|repair|repair material||share of product mass per repair,circularity,"ecotoxicity: freshwater, inorganics",-0.056191253540067605,0.013397930031173596,0.011358388405665285,0.015504537639402575,raw_cfw,2050
raw_cfw|repair|repair material||share of product mass per repair,circularity,"ecotoxicity: freshwater, organics",-0.055791523104107406,0.01328984882398042,0.011292679656454216,0.015350992612797383,raw_cfw,2050
raw_cfw|repair|repair material||share of product mass per repair,circularity,energy resources: non-renewable,-0.05534795945074201,0.0131880308845419,0.011191096445598852,0.015252998747713782,raw_cfw,2050
raw_cfw|repair|repair material||share of product mass per repair,circularity,eutrophication: freshwater,-0.06158102341908103,0.014653288877298144,0.012391763384753653,0.017068618622888214,raw_cfw,2050
raw_cfw|repair|repair material||share of product mass per repair,circularity,eutrophication: marine,-0.06111245494833318,0.014504867327559743,0.012369981145255315,0.017070909056476367,raw_cfw,2050
raw_cfw|repair|repair material||share of product mass per repair,circularity,eutrophication: terrestrial,-0.06127986473169003,0.014552713703155582,0.012398812965343581,0.017136505264990203,raw_cfw,2050
raw_cfw|repair|repair material||share of product mass per repair,circularity,human toxicity: carcinogenic,-0.054961610490572396,0.012980015665174966,0.010998596773529932,0.014959307636931297,raw_cfw,2050
raw_cfw|repair|repair material||share of product mass per repair,circularity,"human toxicity: carcinogenic, inorganics",-0.04337637392769817,0.010598721262410432,0.008954695722945235,0.012295730551942897,raw_cfw,2050
raw_cfw|repair|repair material||share of product mass per repair,circularity,"human toxicity: carcinogenic, organics",-0.05543439015306853,0.013062005704447033,0.011085029368897714,0.01510800298651517,raw_cfw,2050
raw_cfw|repair|repair material||share of product mass per repair,circularity,human toxicity: non-carcinogenic,-0.027641945002692007,0.006851733628828768,0.005687654642800946,0.008189271413675427,raw_cfw,2050
raw_cfw|repair|repair material||share of product mass per repair,circularity,"human toxicity: non-carcinogenic, inorganics",-0.02453901732351705,0.006132715909534185,0.0050976168339048064,0.007376926047407462,raw_cfw,2050
raw_cfw|repair|repair material||share of product mass per repair,circularity,"human toxicity: non-carcinogenic, organics",-0.05456657118144391,0.013036070789012982,0.010916459814478389,0.015125652783088693,raw_cfw,2050
raw_cfw|repair|repair material||share of product mass per repair,circularity,ionising radiation: human health,-0.04075527147091634,0.011768018198616,0.009976696923397395,0.01347450367075962,raw_cfw,2050
raw_cfw|repair|repair material||share of product mass per repair,circularity,land use,-0.06118258704231976,0.014572689571900596,0.012388456819025832,0.01712347258284914,raw_cfw,2050
raw_cfw|repair|repair material||share of product mass per repair,circularity,material resources: metals/minerals,-0.05058169952466408,0.011136877076666935,0.009360518987643977,0.013244817618750007,raw_cfw,2050
raw_cfw|repair|repair material||share of product mass per repair,circularity,ozone depletion,-0.05435224470557375,0.012572817171956381,0.010648826678116214,0.014540169562086926,raw_cfw,2050
raw_cfw|repair|repair material||share of product mass per repair,circularity,particulate matter formation,-0.0620403144443054,0.014529965488473611,0.012311773754573029,0.017009816734489005,raw_cfw,2050
raw_cfw|repair|repair material||share of product mass per repair,circularity,photochemical oxidant formation: human health,-0.06070771601787185,0.014377088401613518,0.012231252033113212,0.016853141440050387,raw_cfw,2050
raw_cfw|repair|repair material||share of product mass per repair,circularity,water use,-0.0477075381693031,0.01297483922176653,0.011004059624980024,0.01485742412211766,raw_cfw,2050
raw_cfw|end-of-life|waste|recycled_closed|share of waste,circularity,acidification,-0.0006856761642925548,1.732542784790763e-05,1.5094416198366559e-05,1.986150546266168e-05,raw_cfw,2050
raw_cfw|end-of-life|waste|recycled_closed|share of waste,circularity,climate change,-0.0010201241058150384,5.523849741457786e-05,4.889357064624965e-05,6.285650279836846e-05,raw_cfw,2050
raw_cfw|end-of-life|waste|recycled_closed|share of waste,circularity,climate change: biogenic,-0.00040956071013058764,4.233438661119514e-06,3.6579142412561326e-06,4.871243039823804e-06,raw_cfw,2050
raw_cfw|end-of-life|waste|recycled_closed|share of waste,circularity,climate change: fossil,-0.0009301533459939074,3.384619752382385e-05,2.970512582582675e-05,3.889046163906947e-05,raw_cfw,2050
raw_cfw|end-of-life|waste|recycled_closed|share of waste,circularity,climate change: land use and land use change,-0.006774825370903353,0.000888094539756548,0.0007741333808626061,0.0010354359927508743,raw_cfw,2050
raw_cfw|end-of-life|waste|recycled_closed|share of waste,circularity,ecotoxicity: freshwater,-5.166687568517392e-05,2.024361787514076e-07,1.7636307698356837e-07,2.3406156304955693e-07,raw_cfw,2050
raw_cfw|end-of-life|waste|recycled_closed|share of waste,circularity,"ecotoxicity: freshwater, inorganics",-5.6862189864677446e-05,2.5903892578984153e-07,2.2497885183563393e-07,3.0062914209204196e-07,raw_cfw,2050
raw_cfw|end-of-life|waste|recycled_closed|share of waste,circularity,"ecotoxicity: freshwater, organics",-2.2946017998481507e-05,2.113735989867553e-08,1.844938396984752e-08,2.4135997386360276e-08,raw_cfw,2050
raw_cfw|end-of-life|waste|recycled_closed|share of waste,circularity,energy resources: non-renewable,-0.0009126576566266555,3.341519517437519e-05,2.9203749825775633e-05,3.825502019562777e-05,raw_cfw,2050
raw_cfw|end-of-life|waste|recycled_closed|share of waste,circularity,eutrophication: freshwater,-0.00041031759262437893,1.0889904327178324e-05,9.523853281713499e-06,1.249142146169922e-05,raw_cfw,2050
raw_cfw|end-of-life|waste|recycled_closed|share of waste,circularity,eutrophication: marine,-0.00011432386615689612,4.7008713587003855e-07,4.1115355690799916e-07,5.385194648077539e-07,raw_cfw,2050
raw_cfw|end-of-life|waste|recycled_closed|share of waste,circularity,eutrophication: terrestrial,-0.0002940922881186681,2.839527219994604e-06,2.4674165770926732e-06,3.263664996358158e-06,raw_cfw,2050
raw_cfw|end-of-life|waste|recycled_closed|share of waste,circularity,human toxicity: carcinogenic,-0.00017208360117323908,3.007207166036989e-06,2.6161497067601857e-06,3.4782649163838995e-06,raw_cfw,2050
raw_cfw|end-of-life|waste|recycled_closed|share of waste,circularity,"human toxicity: carcinogenic, inorganics",1.978654371608889e-05,1.0957483981322979e-05,8.702795480911125e-06,1.3781829257123141e-05,raw_cfw,2050
raw_cfw|end-of-life|waste|recycled_closed|share of waste,circularity,"human toxicity: carcinogenic, organics",-0.00017921011505250709,2.5553669390607612e-06,2.2326088828506704e-06,2.939717890151711e-06,raw_cfw,2050
raw_cfw|end-of-life|waste|recycled_closed|share of waste,circularity,human toxicity: non-carcinogenic,-4.1085727658656925e-05,0.00028139228694221195,0.00024238106663586334,0.00032695677178432015,raw_cfw,2050
raw_cfw|end-of-life|waste|recycled_closed|share of waste,circularity,"human toxicity: non-carcinogenic, inorganics",0.00013308233144139866,0.0002797632814473659,0.00024058477755741064,0.00032657527035594755,raw_cfw,2050
raw_cfw|end-of-life|waste|recycled_closed|share of waste,circularity,"human toxicity: non-carcinogenic, organics",-0.0015518535210161204,0.00022380742285791795,0.00019406775203022872,0.00025714781611726654,raw_cfw,2050
raw_cfw|end-of-life|waste|recycled_closed|share of waste,circularity,ionising radiation: human health,-0.005529279340944429,0.0008519080777868619,0.0007437161357865338,0.000983849419176269,raw_cfw,2050
raw_cfw|end-of-life|waste|recycled_closed|share of waste,circularity,land use,-0.0011469344463987214,4.714212739400917e-05,4.080550211840869e-05,5.395958808374216e-05,raw_cfw,2050
raw_cfw|end-of-life|waste|recycled_closed|share of waste,circularity,material resources: metals/minerals,0.00025859158630718424,0.00045738111089194323,0.00038734662243530545,0.000539896865233268,raw_cfw,2050
raw_cfw|end-of-life|waste|recycled_closed|share of waste,circularity,ozone depletion,-0.001682228533464532,0.0002092658087457084,0.00018224326148943767,0.000240518399969659,raw_cfw,2050
raw_cfw|end-of-life|waste|recycled_closed|share of waste,circularity,particulate matter formation,-0.001205768782469408,6.801842241564241e-05,5.9327361949103023e-05,7.789624775684149e-05,raw_cfw,2050
raw_cfw|end-of-life|waste|recycled_closed|share of waste,circularity,photochemical oxidant formation: human health,-0.0007222702908157192,2.2120500400154657e-05,1.9312194379256063e-05,2.527543880699578e-05,raw_cfw,2050
raw_cfw|end-of-life|waste|recycled_closed|share of waste,circularity,water use,-0.0029241438210440905,0.00017648569321008568,0.00015255805512687286,0.00020316152492546243,raw_cfw,2050
raw_cfw|end-of-life|waste|incinerated|share of waste,circularity,acidification,-0.002411700202375136,1.5867646109580506e-05,1.3380657065538522e-05,1.887419810595391e-05,raw_cfw,2050
raw_cfw|end-of-life|waste|incinerated|share of waste,circularity,climate change,-0.0030581331074075874,5.0126167089161125e-05,4.279047921110319e-05,5.8278080094759337e-05,raw_cfw,2050
raw_cfw|end-of-life|waste|incinerated|share of waste,circularity,climate change: biogenic,-0.0013898475949378438,3.7643979895537475e-06,3.145867701077281e-06,4.419941452530502e-06,raw_cfw,2050
raw_cfw|end-of-life|waste|incinerated|share of waste,circularity,climate change: fossil,-0.0032737138197375757,3.0736761088726525e-05,2.6171206488792652e-05,3.615808533373763e-05,raw_cfw,2050
raw_cfw|end-of-life|waste|incinerated|share of waste,circularity,climate change: land use and land use change,-0.017051126764764578,0.000766006670676388,0.0006396315219947975,0.0008856427433155181,raw_cfw,2050
raw_cfw|end-of-life|waste|incinerated|share of waste,circularity,ecotoxicity: freshwater,-0.00014043100054315295,2.0077871558678096e-07,1.6493199082284772e-07,2.441773265471814e-07,raw_cfw,2050
raw_cfw|end-of-life|waste|incinerated|share of waste,circularity,"ecotoxicity: freshwater, inorganics",-0.00015365862099527935,2.57935242534173e-07,2.1163415738065387e-07,3.14877092771696e-07,raw_cfw,2050
raw_cfw|end-of-life|waste|incinerated|share of waste,circularity,"ecotoxicity: freshwater, organics",-7.207465059824755e-05,1.9560659973523606e-08,1.6568514624366704e-08,2.295971011334999e-08,raw_cfw,2050
raw_cfw|end-of-life|waste|incinerated|share of waste,circularity,energy resources: non-renewable,-0.0031845448533225074,3.0258795565365363e-05,2.5703383162212504e-05,3.529916378291818e-05,raw_cfw,2050
raw_cfw|end-of-life|waste|incinerated|share of waste,circularity,eutrophication: freshwater,-0.0015109827292186589,1.037430624704257e-05,8.707429408108829e-06,1.25959212274931e-05,raw_cfw,2050
raw_cfw|end-of-life|waste|incinerated|share of waste,circularity,eutrophication: marine,-0.00037745165135420934,4.354390175606863e-07,3.638215959373665e-07,5.203479633053355e-07,raw_cfw,2050
raw_cfw|end-of-life|waste|incinerated|share of waste,circularity,eutrophication: terrestrial,-0.0009930609423799692,2.594988934055088e-06,2.166869735988593e-06,3.092049093880589e-06,raw_cfw,2050
raw_cfw|end-of-life|waste|incinerated|share of waste,circularity,human toxicity: carcinogenic,-0.0005155049222631906,2.9905799709350987e-06,2.448456085032499e-06,3.6587751644402265e-06,raw_cfw,2050
raw_cfw|end-of-life|waste|incinerated|share of waste,circularity,"human toxicity: carcinogenic, inorganics",-0.00021633518189128655,1.1839713067122531e-05,8.891837017349936e-06,1.559959721650354e-05,raw_cfw,2050
raw_cfw|end-of-life|waste|incinerated|share of waste,circularity,"human toxicity: carcinogenic, organics",-0.0005387715274303696,2.504127428015781e-06,2.05906011495461e-06,3.0272014708176147e-06,raw_cfw,2050
raw_cfw|end-of-life|waste|incinerated|share of waste,circularity,human toxicity: non-carcinogenic,-0.004833202706397149,0.0002641262683086428,0.00022173608882604384,0.0003141822293692392,raw_cfw,2050
raw_cfw|end-of-life|waste|incinerated|share of waste,circularity,"human toxicity: non-carcinogenic, inorganics",-0.00440651066864993,0.0002631117834490613,0.0002210405022732102,0.0003128590699430924,raw_cfw,2050
raw_cfw|end-of-life|waste|incinerated|share of waste,circularity,"human toxicity: non-carcinogenic, organics",-0.007467592695790132,0.00020598963015427125,0.0001756537112459612,0.00024268720926261616,raw_cfw,2050
raw_cfw|end-of-life|waste|incinerated|share of waste,circularity,ionising radiation: human health,-0.017459767259206997,0.000748326800203901,0.0006317450238576601,0.0008708515290040362,raw_cfw,2050
raw_cfw|end-of-life|waste|incinerated|share of waste,circularity,land use,-0.00411964473123388,4.283098971734542e-05,3.5907391512067293e-05,5.090147557096477e-05,raw_cfw,2050
raw_cfw|end-of-life|waste|incinerated|share of waste,circularity,material resources: metals/minerals,-0.007645440451018748,0.00043804486052760833,0.0003620167019893175,0.0005295751828600206,raw_cfw,2050
raw_cfw|end-of-life|waste|incinerated|share of waste,circularity,ozone depletion,-0.007123008389067268,0.00019192311877233123,0.00016234742558183694,0.0002245872528496387,raw_cfw,2050
raw_cfw|end-of-life|waste|incinerated|share of waste,circularity,particulate matter formation,-0.004607246962123049,6.254351346819665e-05,5.3211646854769865e-05,7.437162712573887e-05,raw_cfw,2050
raw_cfw|end-of-life|waste|incinerated|share of waste,circularity,photochemical oxidant formation: human health,-0.002547946896476698,2.035196136648782e-05,1.7349397775542447e-05,2.4114626363784742e-05,raw_cfw,2050
raw_cfw|end-of-life|waste|incinerated|share of waste,circularity,water use,-0.009264184326030638,0.00015277560865782885,0.00012829710909210564,0.00017803257354382477,raw_cfw,2050
raw_cfw|production|Rope production||electricity location,location,acidification,0.0011495437407395938,4.650071982734509e-06,3.8118156500459493e-06,5.567968599528942e-06,raw_cfw,2050
raw_cfw|production|Rope production||electricity location,location,climate change,0.0006294595865197154,3.3526015646118018e-06,2.7760714703530773e-06,3.960461255270538e-06,raw_cfw,2050
raw_cfw|production|Rope production||electricity location,location,climate change: biogenic,-0.0004387640921827341,6.856410549804996e-07,5.616594512634505e-07,8.179468835834034e-07,raw_cfw,2050
raw_cfw|production|Rope production||electricity location,location,climate change: fossil,0.0007930980151555909,2.4471057831201713e-06,2.0317465410972005e-06,2.928563555663276e-06,raw_cfw,2050
raw_cfw|production|Rope production||electricity location,location,climate change: land use and land use change,-0.015567486953943919,0.002360232110184244,0.001914668481133504,0.002840643751061157,raw_cfw,2050
raw_cfw|production|Rope production||electricity location,location,ecotoxicity: freshwater,0.0005704470998145073,1.3378125830508952e-06,1.1148416788160672e-06,1.6039077807847003e-06,raw_cfw,2050
raw_cfw|production|Rope production||electricity location,location,"ecotoxicity: freshwater, inorganics",0.0006697052259132683,1.8394756872567786e-06,1.533199027605149e-06,2.2051294534414857e-06,raw_cfw,2050
raw_cfw|production|Rope production||electricity location,location,"ecotoxicity: freshwater, organics",5.7777429205261175e-05,1.3907792162654565e-08,1.1577376446370583e-08,1.6684385613578272e-08,raw_cfw,2050
raw_cfw|production|Rope production||electricity location,location,energy resources: non-renewable,0.0005172312491588954,1.1139885276998305e-06,9.277882912106493e-07,1.3360063869488216e-06,raw_cfw,2050
raw_cfw|production|Rope production||electricity location,location,eutrophication: freshwater,0.0027769293686704163,2.719876338215393e-05,2.2462652158012224e-05,3.270239713747839e-05,raw_cfw,2050
raw_cfw|production|Rope production||electricity location,location,eutrophication: marine,0.000304385656906198,3.298517150330217e-07,2.700352302120886e-07,3.9404183838822675e-07,raw_cfw,2050
raw_cfw|production|Rope production||electricity location,location,eutrophication: terrestrial,0.00040716196757148497,5.888736555495809e-07,4.818137066719812e-07,7.045426929652812e-07,raw_cfw,2050
raw_cfw|production|Rope production||electricity location,location,human toxicity: carcinogenic,0.0022362751907227143,2.0871687900078416e-05,1.7450018708436514e-05,2.50969118079456e-05,raw_cfw,2050
raw_cfw|production|Rope production||electricity location,location,"human toxicity: carcinogenic, inorganics",0.006781455691869354,0.0002283612724727443,0.00018840064953034558,0.0002785418205430209,raw_cfw,2050
raw_cfw|production|Rope production||electricity location,location,"human toxicity: carcinogenic, organics",0.0017883976694791632,1.3300190344644595e-05,1.1102313394451664e-05,1.5990590807163406e-05,raw_cfw,2050
raw_cfw|production|Rope production||electricity location,location,human toxicity: non-carcinogenic,0.007218074398528971,0.0004021710705077624,0.00032881618799553977,0.0004858661232311249,raw_cfw,2050
raw_cfw|production|Rope production||electricity location,location,"human toxicity: non-carcinogenic, inorganics",0.007081021161486802,0.0004351743334086756,0.0003536939859575195,0.0005248041104918681,raw_cfw,2050
raw_cfw|production|Rope production||electricity location,location,"human toxicity: non-carcinogenic, organics",0.004931327380532145,9.717959307862775e-05,8.090806455435548e-05,0.00011751251185236583,raw_cfw,2050
raw_cfw|production|Rope production||electricity location,location,ionising radiation: human health,-0.010308908677929813,0.0006041793132658403,0.0004982934169744028,0.0007133490835724501,raw_cfw,2050
raw_cfw|production|Rope production||electricity location,location,land use,0.0010298862444963746,3.7684922556297076e-06,3.0913084342070723e-06,4.515010443608671e-06,raw_cfw,2050
raw_cfw|production|Rope production||electricity location,location,material resources: metals/minerals,0.018316210516862465,0.0013452576555557927,0.0011033128119355754,0.0016329111714435216,raw_cfw,2050
raw_cfw|production|Rope production||electricity location,location,ozone depletion,0.0039434336564305545,6.51213701822682e-05,5.441579582709745e-05,7.806155169840129e-05,raw_cfw,2050
raw_cfw|production|Rope production||electricity location,location,particulate matter formation,0.0027870282115439486,2.7156637213518434e-05,2.229293295396542e-05,3.2617005398065434e-05,raw_cfw,2050
raw_cfw|production|Rope production||electricity location,location,photochemical oxidant formation: human health,0.0015878862356193465,9.304291803318478e-06,7.694855536198004e-06,1.1112360564929006e-05,raw_cfw,2050
raw_cfw|production|Rope production||electricity location,location,water use,-0.008780769857782884,0.00037372728712701603,0.0003085656421323094,0.00044159426482422127,raw_cfw,2050
raw_cfw|production|Coreless filament winding||electricity location,location,acidification,-0.004577779486218038,0.00030942115630639805,0.0002469869850192089,0.0003689572703521256,raw_cfw,2050
raw_cfw|production|Coreless filament winding||electricity location,location,climate change,-0.0028895097546002713,0.00022308597729422104,0.00017973832904765152,0.00026420662345087774,raw_cfw,2050
raw_cfw|production|Coreless filament winding||electricity location,location,climate change: biogenic,0.0019138954311737316,4.5623347086004394e-05,3.647411854125374e-05,5.430707141138355e-05,raw_cfw,2050
raw_cfw|production|Coreless filament winding||electricity location,location,climate change: fossil,-0.003232221103713789,0.00016283324297527662,0.00013173651119706761,0.00019346697362526897,raw_cfw,2050
raw_cfw|production|Coreless filament winding||electricity location,location,climate change: land use and land use change,0.23398507341042998,0.15705256851857308,0.1298282324013343,0.18652923661586493,raw_cfw,2050
raw_cfw|production|Coreless filament winding||electricity location,location,ecotoxicity: freshwater,-0.0023491173028970585,8.901959322475282e-05,7.199126786228584e-05,0.00010507948994840829,raw_cfw,2050
raw_cfw|production|Coreless filament winding||electricity location,location,"ecotoxicity: freshwater, inorganics",-0.002740182504329318,0.00012240083514015093,9.905558078365215e-05,0.00014451714314988218,raw_cfw,2050
raw_cfw|production|Coreless filament winding||electricity location,location,"ecotoxicity: freshwater, organics",-0.0002459253430985292,9.254405412681966e-07,7.458081243272098e-07,1.0926864575873863e-06,raw_cfw,2050
raw_cfw|production|Coreless filament winding||electricity location,location,energy resources: non-renewable,-0.0021431476356300705,7.41260822698576e-05,5.993927694147864e-05,8.760872482891633e-05,raw_cfw,2050
raw_cfw|production|Coreless filament winding||electricity location,location,eutrophication: freshwater,-0.010049210156268931,0.0018098371051153519,0.0014613143037974017,0.002155438661480299,raw_cfw,2050
raw_cfw|production|Coreless filament winding||electricity location,location,eutrophication: marine,-0.0012687072165819433,2.1948713794995916e-05,1.7621531628811048e-05,2.6178452345930386e-05,raw_cfw,2050
raw_cfw|production|Coreless filament winding||electricity location,location,eutrophication: terrestrial,-0.0016886862651371336,3.918433265013435e-05,3.14218040620517e-05,4.672587670568359e-05,raw_cfw,2050
raw_cfw|production|Coreless filament winding||electricity location,location,human toxicity: carcinogenic,-0.008150884539133894,0.0013888262005593707,0.0011259997818962978,0.0016432922683297243,raw_cfw,2050
raw_cfw|production|Coreless filament winding||electricity location,location,"human toxicity: carcinogenic, inorganics",-0.014128339861285925,0.015195422618504461,0.012426234999762175,0.017862999720352813,raw_cfw,2050
raw_cfw|production|Coreless filament winding||electricity location,location,"human toxicity: carcinogenic, organics",-0.006735991955856482,0.0008850100150740182,0.0007151007900949864,0.0010470529559251961,raw_cfw,2050
raw_cfw|production|Coreless filament winding||electricity location,location,human toxicity: non-carcinogenic,-0.0049633588108045764,0.026760927170920393,0.02209378264380595,0.031467348224203974,raw_cfw,2050
raw_cfw|production|Coreless filament winding||electricity location,location,"human toxicity: non-carcinogenic, inorganics",-0.0022695056701594117,0.028957002372895873,0.023950640646341517,0.034099293549152476,raw_cfw,2050
raw_cfw|production|Coreless filament winding||electricity location,location,"human toxicity: non-carcinogenic, organics",-0.01475031247165338,0.0064664422768983335,0.005292066250629214,0.007700756624266879,raw_cfw,2050
raw_cfw|production|Coreless filament winding||electricity location,location,ionising radiation: human health,0.08754940566354898,0.040202788778591986,0.033003185795567665,0.04779564775436683,raw_cfw,2050
raw_cfw|production|Coreless filament winding||electricity location,location,land use,-0.004132080514322183,0.00025075982384749974,0.00020047168558347126,0.0002990680347473838,raw_cfw,2050
raw_cfw|production|Coreless filament winding||electricity location,location,material resources: metals/minerals,0.0135503021009984,0.08951499694147384,0.07466383554915348,0.10686285722825246,raw_cfw,2050
raw_cfw|production|Coreless filament winding||electricity location,location,ozone depletion,-0.012457701393101117,0.004333251127481558,0.003496739391695643,0.005140623145547052,raw_cfw,2050
raw_cfw|production|Coreless filament winding||electricity location,location,particulate matter formation,-0.010031404345261258,0.0018070339812372028,0.0014459010808128496,0.002159235306254899,raw_cfw,2050
raw_cfw|production|Coreless filament winding||electricity location,location,photochemical oxidant formation: human health,-0.006154032946788714,0.0006191183145302665,0.0005002683292670086,0.0007375374004192888,raw_cfw,2050
raw_cfw|production|Coreless filament winding||electricity location,location,water use,0.06425910808713298,0.024868244998240554,0.020386939251216964,0.029441287990072663,raw_cfw,2050
raw_cfw|repair|Rope production||electricity location,location,acidification,0.00021173825038194038,4.153585949356764e-07,3.3832949275632805e-07,5.039730024051504e-07,raw_cfw,2050
raw_cfw|repair|Rope production||electricity location,location,climate change,0.00012607461632761291,2.9946458472613764e-07,2.422253774123439e-07,3.5233557128444655e-07,raw_cfw,2050
raw_cfw|repair|Rope production||electricity location,location,climate change: biogenic,-8.169053589076304e-05,6.124354768793714e-08,4.996680269274787e-08,7.44598892706747e-08,raw_cfw,2050
raw_cfw|repair|Rope production||electricity location,location,climate change: fossil,0.0001393408649909282,2.185829431264158e-07,1.80887172352949e-07,2.593480252328815e-07,raw_cfw,2050
raw_cfw|repair|Rope production||electricity location,location,climate change: land use and land use change,-0.004203506775086308,0.0002108231220179419,0.00017326412107737657,0.00025488852380125345,raw_cfw,2050
raw_cfw|repair|Rope production||electricity location,location,ecotoxicity: freshwater,9.876606729905311e-05,1.194974952745661e-07,9.919702319942372e-08,1.407238627314254e-07,raw_cfw,2050
raw_cfw|repair|Rope production||electricity location,location,"ecotoxicity: freshwater, inorganics",0.00011597723124934342,1.6430757195034256e-07,1.3635823507033932e-07,1.934877731674255e-07,raw_cfw,2050
raw_cfw|repair|Rope production||electricity location,location,"ecotoxicity: freshwater, organics",9.991796257415988e-06,1.2422863630467533e-09,1.0326010208513003e-09,1.463588595085387e-09,raw_cfw,2050
raw_cfw|repair|Rope production||electricity location,location,energy resources: non-renewable,8.984283483897283e-05,9.950484881905683e-08,8.278106178899907e-08,1.1741449177087279e-07,raw_cfw,2050
raw_cfw|repair|Rope production||electricity location,location,eutrophication: freshwater,0.0005021664951719689,2.4294764004399016e-06,1.9774507122352656e-06,2.9080325383112867e-06,raw_cfw,2050
raw_cfw|repair|Rope production||electricity location,location,eutrophication: marine,5.670322781869314e-05,2.9463360008607545e-08,2.395052989294018e-08,3.558169583170565e-08,raw_cfw,2050
raw_cfw|repair|Rope production||electricity location,location,eutrophication: terrestrial,7.572600049557678e-05,5.259998878981447e-08,4.274722557986208e-08,6.366335031975133e-08,raw_cfw,2050
raw_cfw|repair|Rope production||electricity location,location,human toxicity: carcinogenic,0.0003792747813043122,1.8643227443148362e-06,1.5452514333584596e-06,2.1984918872518213e-06,raw_cfw,2050
raw_cfw|repair|Rope production||electricity location,location,"human toxicity: carcinogenic, inorganics",0.001145858402226993,2.039792451045629e-05,1.6881567125335375e-05,2.387502344923611e-05,raw_cfw,2050
raw_cfw|repair|Rope production||electricity location,location,"human toxicity: carcinogenic, organics",0.000303402268422533,1.1880135177349069e-06,9.857394027667513e-07,1.4008320613551958e-06,raw_cfw,2050
raw_cfw|repair|Rope production||electricity location,location,human toxicity: non-carcinogenic,0.0011503999404661848,3.592314514487499e-05,2.9598578295512114e-05,4.3183166922547565e-05,raw_cfw,2050
raw_cfw|repair|Rope production||electricity location,location,"human toxicity: non-carcinogenic, inorganics",0.0011114615130416287,3.8871097124482116e-05,3.226142185542841e-05,4.7021079729531634e-05,raw_cfw,2050
raw_cfw|repair|Rope production||electricity location,location,"human toxicity: non-carcinogenic, organics",0.000860643527282097,8.680377290380109e-06,7.158946426949599e-06,1.0216873293499127e-05,raw_cfw,2050
raw_cfw|repair|Rope production||electricity location,location,ionising radiation: human health,-0.002256286701857964,5.396713676241643e-05,4.439860190229334e-05,6.414291911276731e-05,raw_cfw,2050
raw_cfw|repair|Rope production||electricity location,location,land use,0.00019069298688631942,3.3661320816885854e-07,2.7456230181785576e-07,4.07888443142664e-07,raw_cfw,2050
raw_cfw|repair|Rope production||electricity location,location,material resources: metals/minerals,0.002775087606380008,0.00012016251183052826,9.989087159427061e-05,0.0001439819244595319,raw_cfw,2050
raw_cfw|repair|Rope production||electricity location,location,ozone depletion,0.0006555213880791985,5.816839162839887e-06,4.849776195241844e-06,6.86690975434593e-06,raw_cfw,2050
raw_cfw|repair|Rope production||electricity location,location,particulate matter formation,0.0005038970276677884,2.4257135627290343e-06,1.9773451635787553e-06,2.924051579172055e-06,raw_cfw,2050
raw_cfw|repair|Rope production||electricity location,location,photochemical oxidant formation: human health,0.0002807038281522123,8.310876873836289e-07,6.857615745556776e-07,9.92220932549455e-07,raw_cfw,2050
raw_cfw|repair|Rope production||electricity location,location,water use,-0.0018146225275998636,3.338245976547752e-05,2.7469228016120763e-05,3.954965903690849e-05,raw_cfw,2050
raw_cfw|repair|Coreless filament winding||electricity location,location,acidification,0.0018495741118527515,2.90298994100445e-05,2.3597921757762164e-05,3.481543214817722e-05,raw_cfw,2050
raw_cfw|repair|Coreless filament winding||electricity location,location,climate change,0.001233900266575897,2.0929931094400852e-05,1.700477340873895e-05,2.522609147628778e-05,raw_cfw,2050
raw_cfw|repair|Coreless filament winding||electricity location,location,climate change: biogenic,-0.0007040332516703,4.280383385759044e-06,3.4723235322004537e-06,5.145126552985069e-06,raw_cfw,2050
raw_cfw|repair|Coreless filament winding||electricity location,location,climate change: fossil,0.0013282809360115344,1.5277018289928223e-05,1.2255935969744092e-05,1.8547655123593022e-05,raw_cfw,2050
raw_cfw|repair|Coreless filament winding||electricity location,location,climate change: land use and land use change,-0.025521377902171096,0.01473467529049177,0.011881949360880063,0.017950881254659636,raw_cfw,2050
raw_cfw|repair|Coreless filament winding||electricity location,location,ecotoxicity: freshwater,0.0009739046335148592,8.351820113679011e-06,6.712713086865953e-06,1.010763787276151e-05,raw_cfw,2050
raw_cfw|repair|Coreless filament winding||electricity location,location,"ecotoxicity: freshwater, inorganics",0.001143386565302787,1.148364893415835e-05,9.231570079813852e-06,1.3901590297230738e-05,raw_cfw,2050
raw_cfw|repair|Coreless filament winding||electricity location,location,"ecotoxicity: freshwater, organics",9.863147861157378e-05,8.682485109839771e-08,6.972346000575277e-08,1.0492515670089652e-07,raw_cfw,2050
raw_cfw|repair|Coreless filament winding||electricity location,location,energy resources: non-renewable,0.0008817902821111464,6.954510601801689e-06,5.592563114007363e-06,8.414807322194413e-06,raw_cfw,2050
raw_cfw|repair|Coreless filament winding||electricity location,location,eutrophication: freshwater,0.00454642158041672,0.0001697989553695494,0.00013746016963799652,0.00020595643359368516,raw_cfw,2050
raw_cfw|repair|Coreless filament winding||electricity location,location,eutrophication: marine,0.00048343581146889826,2.0592287911226348e-06,1.6626964934672135e-06,2.463264898402566e-06,raw_cfw,2050
raw_cfw|repair|Coreless filament winding||electricity location,location,eutrophication: terrestrial,0.0006487359296616656,3.676274915593403e-06,2.9728547690942723e-06,4.399331701226329e-06,raw_cfw,2050
raw_cfw|repair|Coreless filament winding||electricity location,location,human toxicity: carcinogenic,0.0038437062348620652,0.00013029970342541452,0.00010504019089242631,0.00015711265365488098,raw_cfw,2050
raw_cfw|repair|Coreless filament winding||electricity location,location,"human toxicity: carcinogenic, inorganics",0.012011452105540709,0.0014256348705241255,0.0011599414549610153,0.0017349900801609441,raw_cfw,2050
raw_cfw|repair|Coreless filament winding||electricity location,location,"human toxicity: carcinogenic, organics",0.0030665913360171954,8.303165827820735e-05,6.675980370060948e-05,0.00010019034674856045,raw_cfw,2050
raw_cfw|repair|Coreless filament winding||electricity location,location,human toxicity: non-carcinogenic,0.013403977733953236,0.0025107107515365407,0.0020441641291492206,0.0030234220689087385,raw_cfw,2050
raw_cfw|repair|Coreless filament winding||electricity location,location,"human toxicity: non-carcinogenic, inorganics",0.013312008689734716,0.0027167465732988736,0.002201328686501261,0.0032719435932673613,raw_cfw,2050
raw_cfw|repair|Coreless filament winding||electricity location,location,"human toxicity: non-carcinogenic, organics",0.008447245599154128,0.0006066817507893056,0.0004884178520504873,0.0007393655576960538,raw_cfw,2050
raw_cfw|repair|Coreless filament winding||electricity location,location,ionising radiation: human health,-0.017620151769089872,0.0037718264910435043,0.003060395916030782,0.0045760267793170635,raw_cfw,2050
raw_cfw|repair|Coreless filament winding||electricity location,location,land use,0.0016633410472753874,2.3526291961642452e-05,1.9114050214072023e-05,2.819346795235103e-05,raw_cfw,2050
raw_cfw|repair|Coreless filament winding||electricity location,location,material resources: metals/minerals,0.03283030009378261,0.0083982989008295,0.0068190205612890815,0.009927307108886577,raw_cfw,2050
raw_cfw|repair|Coreless filament winding||electricity location,location,ozone depletion,0.0067983188510724315,0.00040654571216418826,0.00032585940424063,0.0004905703800854072,raw_cfw,2050
raw_cfw|repair|Coreless filament winding||electricity location,location,particulate matter formation,0.0045032943583814345,0.00016953596622818707,0.0001382845016539322,0.0002040030045366682,raw_cfw,2050
raw_cfw|repair|Coreless filament winding||electricity location,location,photochemical oxidant formation: human health,0.002651309965745975,5.8085693325806276e-05,4.6868122171273904e-05,7.03563827361269e-05,raw_cfw,2050
raw_cfw|repair|Coreless filament winding||electricity location,location,water use,-0.014723944347760885,0.0023331392701809706,0.0018971452992064578,0.002840924888445619,raw_cfw,2050
raw_cfw|end-of-life|waste||disposal grid location,location,acidification,-0.00028257225469745657,0.00018155430387620708,0.00014937619895703344,0.00021894626308278426,raw_cfw,2050
raw_cfw|end-of-life|waste||disposal grid location,location,climate change,-0.00037258781221376626,0.00013089673568438716,0.00010902661007318978,0.0001562490454002139,raw_cfw,2050
raw_cfw|end-of-life|waste||disposal grid location,location,climate change: biogenic,0.00022902127083360236,2.676971128793798e-05,2.2083815894673432e-05,3.2206368198410945e-05,raw_cfw,2050
raw_cfw|end-of-life|waste||disposal grid location,location,climate change: fossil,-0.00036694516624743637,9.554316333498362e-05,7.895518137257957e-05,0.00011346211834236803,raw_cfw,2050
raw_cfw|end-of-life|waste||disposal grid location,location,climate change: land use and land use change,0.10752927223552508,0.0921513256873907,0.07782761815016573,0.10877598468233547,raw_cfw,2050
raw_cfw|end-of-life|waste||disposal grid location,location,ecotoxicity: freshwater,-0.0003455160835915935,5.22326607275012e-05,4.340576135969898e-05,6.163139207549862e-05,raw_cfw,2050
raw_cfw|end-of-life|waste||disposal grid location,location,"ecotoxicity: freshwater, inorganics",-0.00039124073489352136,7.181925981729371e-05,5.96664567976346e-05,8.48023864089326e-05,raw_cfw,2050
raw_cfw|end-of-life|waste||disposal grid location,location,"ecotoxicity: freshwater, organics",-4.150514701159453e-05,5.430065456880968e-07,4.515459837414604e-07,6.382824378947198e-07,raw_cfw,2050
raw_cfw|end-of-life|waste||disposal grid location,location,energy resources: non-renewable,-0.00029073179004884846,4.3493823842633265e-05,3.607997533231001e-05,5.131107015067467e-05,raw_cfw,2050
raw_cfw|end-of-life|waste||disposal grid location,location,eutrophication: freshwater,-9.931841722590705e-05,0.0010619303465570897,0.0008722694750449902,0.0012799109479544437,raw_cfw,2050
raw_cfw|end-of-life|waste||disposal grid location,location,eutrophication: marine,-0.00011470969652206638,1.2878509994587027e-05,1.0627629809164156e-05,1.5514363317500333e-05,raw_cfw,2050
raw_cfw|end-of-life|waste||disposal grid location,location,eutrophication: terrestrial,-0.00014630588404542503,2.2991589592872822e-05,1.8961872046422087e-05,2.770106182616787e-05,raw_cfw,2050
raw_cfw|end-of-life|waste||disposal grid location,location,human toxicity: carcinogenic,-0.0006544087751496797,0.0008149002384242616,0.0006767151831895687,0.0009615808633008333,raw_cfw,2050
raw_cfw|end-of-life|waste||disposal grid location,location,"human toxicity: carcinogenic, inorganics",0.00608419401164251,0.008915984958945447,0.0074260977870671254,0.01071316158487456,raw_cfw,2050
raw_cfw|end-of-life|waste||disposal grid location,location,"human toxicity: carcinogenic, organics",-0.0006891168141150768,0.0005192837462320378,0.00043116411141420734,0.0006119027046505715,raw_cfw,2050
raw_cfw|end-of-life|waste||disposal grid location,location,human toxicity: non-carcinogenic,0.014275775603062792,0.015702098594665072,0.013184086774338284,0.01863474959107538,raw_cfw,2050
raw_cfw|end-of-life|waste||disposal grid location,location,"human toxicity: non-carcinogenic, inorganics",0.01576280157719836,0.016990655942565457,0.014290951497736652,0.020139428539366296,raw_cfw,2050
raw_cfw|end-of-life|waste||disposal grid location,location,"human toxicity: non-carcinogenic, organics",0.002070865380319608,0.0037942151084698725,0.003134367329749274,0.004549005854597723,raw_cfw,2050
raw_cfw|end-of-life|waste||disposal grid location,location,ionising radiation: human health,0.029791636416977872,0.02358917346734944,0.019497525441922476,0.027978821534524984,raw_cfw,2050
raw_cfw|end-of-life|waste||disposal grid location,location,land use,-0.00024197271113377225,0.0001471344939764608,0.00012113503072136585,0.00017761212240562067,raw_cfw,2050
raw_cfw|end-of-life|waste||disposal grid location,location,material resources: metals/minerals,0.05314702360801029,0.05252334116448416,0.043595098782440375,0.06314427818083375,raw_cfw,2050
raw_cfw|end-of-life|waste||disposal grid location,location,ozone depletion,0.0005586215230758557,0.0025425552711452965,0.0021180086267784267,0.003008516191541805,raw_cfw,2050
raw_cfw|end-of-life|waste||disposal grid location,location,particulate matter formation,7.542627649486777e-05,0.001060285600572514,0.0008690922060704394,0.0012847754564986062,raw_cfw,2050
raw_cfw|end-of-life|waste||disposal grid location,location,photochemical oxidant formation: human health,-0.00048530833386109713,0.00036327055316233084,0.0002996532575776131,0.0004337281665476997,raw_cfw,2050
raw_cfw|end-of-life|waste||disposal grid location,location,water use,0.020712885369924786,0.014591558519055199,0.01206463029555729,0.017151306045919554,raw_cfw,2050
